12:09:00,-7,-11,-223
12:09:00,6,-7,-209
12:09:00,11,-6,-210
12:09:00,-1,6,-204
12:09:00,-10,-3,-198
12:09:00,-10,-5,-208
12:09:00,6,-1,-208
12:09:00,7,1,-208
12:09:00,-6,-3,-217
12:09:00,-4,-4,-196
12:09:00,-2,-2,-207
12:09:00,-1,-7,-200
12:09:00,-4,2,-184
12:09:00,6,-6,-190
12:09:00,9,-5,-213
12:09:00,15,-13,-192
12:09:00,11,-19,-190
12:09:00,1,-3,-188
12:09:00,3,-2,-190
12:09:01,2,4,-192
12:09:01,1,-2,-203
12:09:01,-4,4,-207
12:09:01,3,-11,-195
12:09:01,7,-8,-215
12:09:01,0,-8,-225
12:09:01,3,4,-204
12:09:01,-5,0,-212
12:09:01,5,-3,-213
12:09:01,3,-4,-208
12:09:01,0,-7,-214
12:09:01,2,-7,-207
12:09:01,3,-3,-195
12:09:01,-4,-6,-212
12:09:01,6,-4,-202
12:09:01,10,-7,-215
12:09:01,3,10,-219
12:09:01,3,0,-199
12:09:01,-7,0,-193
12:09:01,3,9,-203
12:09:02,0,2,-184
12:09:02,-2,5,-187
12:09:02,1,5,-207
12:09:02,-6,4,-215
12:09:02,-2,1,-214
12:09:02,-3,5,-219
12:09:02,2,-10,-204
12:09:02,6,-2,-209
12:09:02,-1,4,-224
12:09:02,7,-4,-213
12:09:02,-4,8,-211
12:09:02,3,-6,-214
12:09:02,5,0,-209
12:09:02,5,-6,-209
12:09:02,1,-5,-215
12:09:02,11,-7,-203
12:09:02,-1,9,-205
12:09:02,-5,6,-202
12:09:02,-10,6,-201
12:09:02,-8,1,-198
12:09:03,4,-1,-220
12:09:03,0,-5,-190
12:09:03,8,6,-214
12:09:03,3,15,-222
12:09:03,-7,16,-207
12:09:03,6,-6,-204
12:09:03,8,-3,-204
12:09:03,-2,10,-198
12:09:03,0,-9,-200
12:09:03,-3,-5,-212
12:09:03,6,-4,-214
12:09:03,-4,1,-216
12:09:03,5,-3,-204
12:09:03,-6,-9,-191
12:09:03,2,-11,-208
12:09:03,7,3,-200
12:09:03,-4,3,-213
12:09:03,8,-7,-204
12:09:03,-6,9,-210
12:09:03,3,8,-206
12:09:04,-2,0,-199
12:09:04,4,-7,-216
12:09:04,4,-1,-201
12:09:04,4,6,-195
12:09:04,5,1,-221
12:09:04,-3,3,-207
12:09:04,10,-3,-203
12:09:04,4,-5,-201
12:09:04,5,-4,-205
12:09:04,2,10,-223
12:09:04,-5,-3,-209
12:09:04,-14,3,-206
12:09:04,-5,11,-211
12:09:04,3,-5,-201
12:09:04,-3,4,-201
12:09:04,-4,-11,-209
12:09:04,-7,-2,-201
12:09:04,2,-9,-195
12:09:04,0,10,-205
12:09:05,-1,-1,-213
12:09:05,4,2,-210
12:09:05,-7,-2,-196
12:09:05,-3,1,-208
12:09:05,9,-11,-220
12:09:05,-4,4,-203
12:09:05,-6,2,-199
12:09:05,-6,9,-206
12:09:05,8,10,-208
12:09:05,14,11,-208
12:09:05,10,-5,-214
12:09:05,1,9,-211
12:09:05,-7,3,-203
12:09:05,10,-7,-206
12:09:05,5,-14,-208
12:09:05,-2,-4,-219
12:09:05,0,-8,-217
12:09:05,-3,-4,-205
12:09:05,-4,9,-205
12:09:05,-3,-2,-207
12:09:06,-10,4,-213
12:09:06,-2,9,-205
12:09:06,4,-21,-211
12:09:06,2,4,-213
12:09:06,1,2,-198
12:09:06,4,3,-196
12:09:06,-9,11,-216
12:09:06,7,2,-208
12:09:06,5,-5,-211
12:09:06,-3,7,-204
12:09:06,1,-4,-198
12:09:06,5,8,-181
12:09:06,7,3,-214
12:09:06,7,3,-184
12:09:06,-10,6,-219
12:09:06,1,8,-213
12:09:06,3,1,-207
12:09:06,-2,5,-214
12:09:06,0,9,-206
12:09:06,-6,-9,-221
12:09:07,-9,-1,-207
12:09:07,0,1,-203
12:09:07,-3,-11,-202
12:09:07,5,-4,-197
12:09:07,4,4,-206
12:09:07,-8,-8,-203
12:09:07,1,4,-202
12:09:07,5,-9,-222
12:09:07,3,-1,-215
12:09:07,2,-1,-208
12:09:07,-1,-4,-213
12:09:07,5,-4,-215
12:09:07,-2,-2,-193
12:09:07,6,3,-207
12:09:07,-2,8,-215
12:09:07,-10,13,-204
12:09:07,-1,3,-198
12:09:07,2,1,-217
12:09:07,6,-1,-205
12:09:07,-5,4,-195
12:09:08,0,-18,-214
12:09:08,-4,-3,-216
12:09:08,-2,1,-218
12:09:08,0,2,-211
12:09:08,1,-5,-206
12:09:08,1,-10,-212
12:09:08,-7,9,-216
12:09:08,-1,-18,-203
12:09:08,0,-10,-200
12:09:08,-4,5,-202
12:09:08,3,-5,-197
12:09:08,6,11,-205
12:09:08,11,-13,-210
12:09:08,-3,-2,-210
12:09:08,-2,-15,-195
12:09:08,4,2,-218
12:09:08,-2,14,-190
12:09:08,6,8,-193
12:09:08,5,3,-219
12:09:09,9,5,-190
12:09:09,-3,5,-180
12:09:09,-6,-2,-206
12:09:09,-5,14,-197
12:09:09,-1,-3,-201
12:09:09,1,-4,-218
12:09:09,-3,-3,-206
12:09:09,6,-13,-209
12:09:09,-4,10,-199
12:09:09,8,-7,-201
12:09:09,-11,15,-219
12:09:09,-1,-10,-200
12:09:09,-6,3,-220
12:09:09,-2,-4,-214
12:09:09,-7,5,-192
12:09:09,2,2,-195
12:09:09,-1,4,-220
12:09:09,1,-15,-203
12:09:09,-5,10,-212
12:09:09,-6,-6,-213
12:09:10,4,3,-197
12:09:10,-4,-1,-198
12:09:10,-7,2,-208
12:09:10,14,-1,-196
12:09:10,16,0,-215
12:09:10,3,9,-214
12:09:10,-6,7,-209
12:09:10,-5,-8,-205
12:09:10,1,-14,-220
12:09:10,-7,-6,-203
12:09:10,2,8,-196
12:09:10,5,-6,-220
12:09:10,5,-6,-219
12:09:10,-2,-4,-197
12:09:10,-2,3,-204
12:09:10,-11,0,-204
12:09:10,6,-4,-217
12:09:10,8,1,-201
12:09:10,1,7,-202
12:09:10,6,5,-219
12:09:11,-15,-2,-207
12:09:11,-10,1,-210
12:09:11,2,4,-216
12:09:11,4,5,-196
12:09:11,1,3,-210
12:09:11,12,10,-215
12:09:11,-1,-6,-201
12:09:11,10,8,-226
12:09:11,-2,9,-212
12:09:11,6,-2,-207
12:09:11,-1,17,-194
12:09:11,2,-3,-215
12:09:11,-1,-11,-212
12:09:11,-1,-4,-204
12:09:11,5,-17,-206
12:09:11,1,13,-215
12:09:11,2,-3,-204
12:09:11,-1,-11,-201
12:09:11,1,0,-203
12:09:12,-5,4,-211
12:09:12,-1,3,-218
12:09:12,-3,-2,-207
12:09:12,6,9,-203
12:09:12,3,-3,-202
12:09:12,11,-17,-214
12:09:12,-10,-2,-202
12:09:12,2,5,-201
12:09:12,2,5,-212
12:09:12,3,-1,-212
12:09:12,12,-7,-210
12:09:12,4,-2,-190
12:09:12,5,2,-216
12:09:12,-1,7,-209
12:09:12,4,-1,-196
12:09:12,2,1,-208
12:09:12,1,4,-209
12:09:12,-7,-7,-213
12:09:12,-4,-4,-216
12:09:12,-7,15,-215
12:09:13,6,-4,-208
12:09:13,1,-4,-209
12:09:13,-10,0,-212
12:09:13,13,-7,-209
12:09:13,-1,-12,-197
12:09:13,12,-16,-194
12:09:13,-2,-1,-204
12:09:13,4,5,-211
12:09:13,-4,-5,-199
12:09:13,-6,16,-210
12:09:13,6,16,-214
12:09:13,4,8,-208
12:09:13,6,-5,-205
12:09:13,2,5,-196
12:09:13,3,-2,-215
12:09:13,3,-1,-199
12:09:13,4,0,-190
12:09:13,1,-2,-198
12:09:13,9,-11,-208
12:09:13,0,2,-226
12:09:14,1,-3,-215
12:09:14,1,-2,-221
12:09:14,-1,4,-208
12:09:14,0,3,-210
12:09:14,-1,-6,-206
12:09:14,6,2,-224
12:09:14,-4,2,-214
12:09:14,5,-3,-201
12:09:14,5,2,-212
12:09:14,-5,-6,-227
12:09:14,1,1,-201
12:09:14,3,-8,-210
12:09:14,6,-2,-210
12:09:14,2,1,-212
12:09:14,-4,4,-207
12:09:14,2,7,-219
12:09:14,-1,10,-216
12:09:14,1,-2,-186
12:09:14,5,1,-179
12:09:14,2,4,-203
12:09:15,8,-2,-203
12:09:15,1,8,-209
12:09:15,-7,-15,-214
12:09:15,-4,2,-210
12:09:15,3,0,-208
12:09:15,-10,-3,-218
12:09:15,1,4,-212
12:09:15,0,4,-209
12:09:15,4,-5,-220
12:09:15,9,13,-208
12:09:15,18,-14,-196
12:09:15,-7,-2,-224
12:09:15,-2,0,-213
12:09:15,1,11,-203
12:09:15,-5,0,-209
12:09:15,-4,12,-195
12:09:15,-2,16,-209
12:09:15,10,4,-208
12:09:15,-3,3,-199
12:09:16,12,9,-211
12:09:16,7,8,-204
12:09:16,4,-15,-198
12:09:16,-2,-5,-214
12:09:16,-3,6,-206
12:09:16,-3,3,-207
12:09:16,-4,-4,-202
12:09:16,4,0,-213
12:09:16,-2,0,-213
12:09:16,-2,3,-198
12:09:16,-3,-8,-207
12:09:16,-2,-2,-207
12:09:16,-8,3,-208
12:09:16,0,-12,-222
12:09:16,5,5,-206
12:09:16,6,-7,-206
12:09:16,-3,-3,-205
12:09:16,5,-5,-195
12:09:16,-3,1,-214
12:09:16,0,11,-216
12:09:17,2,5,-204
12:09:17,6,5,-210
12:09:17,-4,4,-205
12:09:17,-4,8,-208
12:09:17,7,-11,-206
12:09:17,3,-8,-209
12:09:17,-1,-17,-202
12:09:17,2,5,-208
12:09:17,0,0,-205
12:09:17,-1,-8,-202
12:09:17,-5,-4,-199
12:09:17,0,12,-207
12:09:17,-5,-1,-225
12:09:17,-1,4,-197
12:09:17,-7,-2,-210
12:09:17,2,-6,-197
12:09:17,-1,-7,-203
12:09:17,-6,-8,-213
12:09:17,-11,2,-192
12:09:17,5,5,-221
12:09:18,-1,4,-201
12:09:18,4,-6,-210
12:09:18,-9,-6,-205
12:09:18,11,-4,-206
12:09:18,-1,3,-195
12:09:18,2,-1,-207
12:09:18,7,-1,-219
12:09:18,-1,-2,-198
12:09:18,7,-5,-199
12:09:18,3,-4,-211
12:09:18,12,2,-207
12:09:18,4,1,-194
12:09:18,10,-5,-199
12:09:18,-4,3,-203
12:09:18,1,-14,-198
12:09:18,10,-16,-219
12:09:18,2,-9,-215
12:09:18,0,-1,-196
12:09:18,2,-9,-201
12:09:18,-1,3,-198
12:09:19,-11,-16,-220
12:09:19,0,-9,-217
12:09:19,-8,-4,-200
12:09:19,-5,-12,-206
12:09:19,-9,7,-209
12:09:19,6,8,-209
12:09:19,-3,-3,-207
12:09:19,-6,0,-212
12:09:19,-3,-2,-195
12:09:19,4,-7,-205
12:09:19,-3,-1,-217
12:09:19,4,5,-200
12:09:19,5,-2,-200
12:09:19,6,0,-204
12:09:19,2,3,-206
12:09:19,1,5,-197
12:09:19,-2,5,-205
12:09:19,-2,8,-211
12:09:19,3,6,-200
12:09:20,3,0,-208
12:09:20,5,-5,-201
12:09:20,-5,6,-210
12:09:20,-5,1,-198
12:09:20,1,0,-203
12:09:20,-10,-7,-199
12:09:20,-11,-7,-207
12:09:20,-4,5,-191
12:09:20,-9,-3,-199
12:09:20,11,-8,-213
12:09:20,6,7,-199
12:09:20,4,4,-214
12:09:20,8,-5,-202
12:09:20,4,16,-193
12:09:20,0,2,-192
12:09:20,0,4,-190
12:09:20,0,-2,-209
12:09:20,1,9,-214
12:09:20,8,-3,-206
12:09:20,5,6,-193
12:09:21,10,-1,-198
12:09:21,10,-2,-200
12:09:21,0,5,-203
12:09:21,12,-1,-189
12:09:21,3,-4,-210
12:09:21,-3,-2,-195
12:09:21,-5,3,-201
12:09:21,2,1,-199
12:09:21,-2,9,-201
12:09:21,3,-12,-204
12:09:21,-6,3,-211
12:09:21,1,1,-201
12:09:21,1,1,-186
12:09:21,0,-8,-210
12:09:21,2,-2,-216
12:09:21,-8,4,-204
12:09:21,-4,3,-211
12:09:21,-4,13,-204
12:09:21,3,-2,-208
12:09:21,4,1,-208
12:09:22,-6,-5,-200
12:09:22,4,3,-200
12:09:22,10,-1,-204
12:09:22,1,2,-193
12:09:22,3,17,-216
12:09:22,12,0,-195
12:09:22,0,-1,-207
12:09:22,-6,-3,-202
12:09:22,3,4,-204
12:09:22,3,1,-206
12:09:22,-1,8,-198
12:09:22,-7,2,-212
12:09:22,2,-5,-204
12:09:22,4,-3,-207
12:09:22,3,-3,-211
12:09:22,3,5,-205
12:09:22,3,2,-191
12:09:22,-6,-1,-208
12:09:22,5,-9,-220
12:09:22,2,-2,-198
12:09:23,-3,2,-212
12:09:23,0,-8,-217
12:09:23,-6,6,-198
12:09:23,-1,14,-207
12:09:23,4,1,-215
12:09:23,0,2,-212
12:09:23,-2,4,-206
12:09:23,1,14,-218
12:09:23,-5,-1,-204
12:09:23,7,1,-194
12:09:23,11,3,-201
12:09:23,2,-2,-204
12:09:23,2,12,-186
12:09:23,15,-13,-210
12:09:23,-6,6,-210
12:09:23,0,6,-214
12:09:23,4,-8,-212
12:09:23,-2,-7,-213
12:09:23,-3,-3,-206
12:09:24,6,3,-207
12:09:24,-4,-7,-225
12:09:24,6,6,-210
12:09:24,-16,5,-213
12:09:24,-5,2,-218
12:09:24,7,0,-198
12:09:24,0,-8,-207
12:09:24,4,-1,-219
12:09:24,1,2,-194
12:09:24,-5,2,-200
12:09:24,3,-2,-207
12:09:24,5,1,-209
12:09:24,-4,4,-214
12:09:24,1,13,-211
12:09:24,12,6,-200
12:09:24,9,0,-214
12:09:24,11,0,-208
12:09:24,-1,5,-204
12:09:24,-4,-3,-200
12:09:24,8,3,-221
12:09:25,-3,8,-225
12:09:25,-4,2,-210
12:09:25,6,3,-203
12:09:25,-1,-7,-217
12:09:25,-4,-1,-217
12:09:25,-3,11,-209
12:09:25,1,4,-208
12:09:25,-6,0,-220
12:09:25,2,-1,-200
12:09:25,-6,-2,-213
12:09:25,-9,-2,-209
12:09:25,-1,10,-202
12:09:25,5,-1,-203
12:09:25,0,6,-199
12:09:25,-4,9,-193
12:09:25,3,5,-195
12:09:25,9,-4,-205
12:09:25,5,-1,-212
12:09:25,10,-1,-215
12:09:25,8,7,-190
12:09:26,2,6,-189
12:09:26,7,-14,-212
12:09:26,-1,14,-194
12:09:26,5,0,-192
12:09:26,0,-2,-207
12:09:26,3,-7,-225
12:09:26,1,-7,-195
12:09:26,-4,-15,-205
12:09:26,-5,-10,-200
12:09:26,-1,3,-209
12:09:26,-5,4,-202
12:09:26,-5,3,-189
12:09:26,-2,-4,-205
12:09:26,-10,7,-210
12:09:26,9,2,-210
12:09:26,0,-1,-209
12:09:26,-5,5,-203
12:09:26,-1,5,-215
12:09:26,-7,-3,-211
12:09:27,-4,-3,-187
12:09:27,-3,-1,-217
12:09:27,-8,-1,-200
12:09:27,5,8,-199
12:09:27,-3,6,-187
12:09:27,5,4,-212
12:09:27,10,3,-199
12:09:27,1,4,-210
12:09:27,-4,10,-199
12:09:27,3,0,-207
12:09:27,-3,7,-211
12:09:27,-7,-1,-220
12:09:27,-4,-2,-206
12:09:27,5,-10,-224
12:09:27,-5,-4,-211
12:09:27,-1,-7,-213
12:09:27,8,-2,-205
12:09:27,2,-4,-213
12:09:27,10,-13,-226
12:09:27,-1,4,-203
12:09:28,6,8,-209
12:09:28,-3,-6,-200
12:09:28,8,1,-209
12:09:28,1,-5,-204
12:09:28,6,2,-210
12:09:28,-12,6,-211
12:09:28,-1,-10,-223
12:09:28,-11,5,-210
12:09:28,-4,11,-193
12:09:28,5,3,-199
12:09:28,-7,6,-198
12:09:28,4,2,-205
12:09:28,-7,0,-205
12:09:28,11,-1,-198
12:09:28,0,10,-202
12:09:28,6,3,-219
12:09:28,-1,-15,-213
12:09:28,3,-5,-213
12:09:28,-3,-2,-216
12:09:28,3,-10,-213
12:09:29,7,-21,-209
12:09:29,7,-4,-207
12:09:29,8,-9,-204
12:09:29,2,-4,-218
12:09:29,2,-10,-196
12:09:29,-1,2,-188
12:09:29,-1,3,-200
12:09:29,1,-14,-201
12:09:29,1,-10,-207
12:09:29,9,-3,-210
12:09:29,-3,10,-206
12:09:29,0,3,-206
12:09:29,-2,7,-212
12:09:29,-5,-2,-209
12:09:29,13,-10,-195
12:09:29,3,-2,-219
12:09:29,9,0,-198
12:09:29,8,-7,-193
12:09:29,2,-6,-217
12:09:29,0,8,-208
12:09:30,-3,10,-192
12:09:30,-3,3,-203
12:09:30,-2,-8,-211
12:09:30,-9,6,-216
12:09:30,-5,-7,-201
12:09:30,5,0,-203
12:09:30,-2,-4,-196
12:09:30,-12,4,-216
12:09:30,3,-5,-202
12:09:30,-2,-3,-199
12:09:30,-9,5,-196
12:09:30,7,-3,-201
12:09:30,1,-6,-217
12:09:30,-2,-6,-208
12:09:30,-4,5,-212
12:09:30,1,3,-199
12:09:30,6,10,-203
12:09:30,5,-2,-189
12:09:30,-2,5,-210
12:09:31,11,-6,-200
12:09:31,1,5,-207
12:09:31,4,5,-225
12:09:31,17,-8,-202
12:09:31,-2,-8,-212
12:09:31,-1,3,-196
12:09:31,0,0,-203
12:09:31,-8,3,-215
12:09:31,-2,-1,-227
12:09:31,3,-14,-221
12:09:31,-5,-1,-211
12:09:31,-2,-4,-203
12:09:31,-1,-3,-203
12:09:31,-4,1,-199
12:09:31,-12,8,-211
12:09:31,7,4,-184
12:09:31,-2,1,-212
12:09:31,-3,8,-222
12:09:31,-8,7,-208
12:09:31,3,1,-205
12:09:32,3,6,-207
12:09:32,6,-8,-219
12:09:32,4,3,-199
12:09:32,-4,12,-190
12:09:32,14,1,-203
12:09:32,7,9,-201
12:09:32,5,7,-196
12:09:32,-4,-2,-206
12:09:32,4,3,-194
12:09:32,-4,9,-206
12:09:32,4,-10,-208
12:09:32,-9,2,-207
12:09:32,2,-7,-209
12:09:32,-1,3,-207
12:09:32,-4,-4,-217
12:09:32,-4,-2,-214
12:09:32,2,-6,-210
12:09:32,0,5,-207
12:09:32,-7,-9,-198
12:09:32,8,-14,-223
12:09:33,3,-4,-205
12:09:33,10,0,-207
12:09:33,-1,2,-202
12:09:33,3,-5,-211
12:09:33,-4,-4,-219
12:09:33,2,6,-206
12:09:33,3,-10,-204
12:09:33,-2,10,-204
12:09:33,10,4,-209
12:09:33,1,11,-217
12:09:33,5,0,-199
12:09:33,12,-5,-195
12:09:33,-2,4,-207
12:09:33,1,1,-221
12:09:33,6,-7,-214
12:09:33,3,-9,-201
12:09:33,3,5,-211
12:09:33,5,-6,-204
12:09:33,2,-5,-202
12:09:33,0,2,-206
12:09:34,-2,-1,-217
12:09:34,2,6,-192
12:09:34,-2,7,-209
12:09:34,-2,1,-222
12:09:34,-2,13,-222
12:09:34,-11,11,-188
12:09:34,1,-6,-198
12:09:34,0,-5,-212
12:09:34,-2,4,-213
12:09:34,3,3,-208
12:09:34,2,-2,-212
12:09:34,6,-6,-201
12:09:34,-3,18,-209
12:09:34,2,4,-204
12:09:34,-9,6,-202
12:09:34,-7,15,-210
12:09:34,2,6,-205
12:09:34,0,-4,-197
12:09:34,0,-1,-208
12:09:35,1,1,-199
12:09:35,-9,3,-212
12:09:35,6,-9,-204
12:09:35,0,1,-211
12:09:35,4,3,-207
12:09:35,-5,10,-213
12:09:35,4,-13,-211
12:09:35,1,-2,-202
12:09:35,-6,-15,-200
12:09:35,6,2,-212
12:09:35,4,-3,-215
12:09:35,3,-7,-208
12:09:35,10,-10,-211
12:09:35,-2,16,-206
12:09:35,0,-10,-211
12:09:35,3,1,-208
12:09:35,3,-10,-206
12:09:35,-8,3,-213
12:09:35,5,5,-208
12:09:35,5,5,-191
12:09:36,1,12,-208
12:09:36,7,-4,-189
12:09:36,-2,0,-188
12:09:36,3,-3,-192
12:09:36,-1,-2,-192
12:09:36,-5,4,-210
12:09:36,2,8,-195
12:09:36,3,-3,-204
12:09:36,4,-4,-220
12:09:36,4,-3,-208
12:09:36,-6,9,-209
12:09:36,-1,-4,-203
12:09:36,6,4,-208
12:09:36,7,-19,-206
12:09:36,-10,4,-216
12:09:36,1,4,-205
12:09:36,5,-7,-213
12:09:36,4,2,-210
12:09:36,5,3,-202
12:09:36,-1,8,-202
12:09:37,2,0,-196
12:09:37,-6,13,-197
12:09:37,4,-10,-205
12:09:37,-12,10,-201
12:09:37,0,8,-193
12:09:37,2,1,-215
12:09:37,5,13,-205
12:09:37,-1,-6,-199
12:09:37,10,-5,-222
12:09:37,0,-5,-202
12:09:37,8,-5,-226
12:09:37,0,10,-211
12:09:37,-2,-4,-214
12:09:37,-9,-1,-209
12:09:37,-1,-1,-212
12:09:37,-2,-6,-210
12:09:37,1,-9,-225
12:09:37,-2,8,-218
12:09:37,6,2,-205
12:09:38,2,-16,-215
12:09:38,0,-9,-198
12:09:38,4,3,-206
12:09:38,-4,-1,-213
12:09:38,-4,3,-208
12:09:38,-5,2,-204
12:09:38,-1,3,-208
12:09:38,6,-12,-196
12:09:38,-2,-4,-191
12:09:38,7,-4,-212
12:09:38,9,1,-216
12:09:38,9,-17,-213
12:09:38,6,13,-201
12:09:38,-5,13,-187
12:09:38,-2,-2,-217
12:09:38,1,10,-196
12:09:38,3,-9,-209
12:09:38,2,7,-210
12:09:38,-9,-1,-212
12:09:38,1,2,-216
12:09:39,-5,-2,-215
12:09:39,0,-9,-213
12:09:39,-2,-8,-206
12:09:39,2,7,-195
12:09:39,-11,0,-221
12:09:39,8,-9,-208
12:09:39,2,7,-202
12:09:39,8,-14,-207
12:09:39,-4,3,-202
12:09:39,6,-4,-206
12:09:39,9,0,-209
12:09:39,7,-1,-197
12:09:39,-5,6,-206
12:09:39,5,3,-198
12:09:39,-1,1,-210
12:09:39,6,-3,-208
12:09:39,3,-4,-197
12:09:39,2,-1,-204
12:09:39,-4,-3,-200
12:09:39,2,5,-207
12:09:40,-3,6,-203
12:09:40,-4,0,-188
12:09:40,-2,-6,-215
12:09:40,7,2,-208
12:09:40,-3,3,-207
12:09:40,2,9,-207
12:09:40,5,-7,-210
12:09:40,-1,-14,-210
12:09:40,2,1,-213
12:09:40,-3,6,-209
12:09:40,7,-1,-215
12:09:40,-3,10,-217
12:09:40,6,-16,-213
12:09:40,2,5,-212
12:09:40,-10,5,-203
12:09:40,3,0,-209
12:09:40,0,1,-202
12:09:40,1,-8,-216
12:09:40,2,-11,-208
12:09:40,2,-2,-212
12:09:41,17,-4,-207
12:09:41,5,-2,-212
12:09:41,-8,10,-206
12:09:41,1,1,-188
12:09:41,-4,1,-205
12:09:41,-1,-11,-213
12:09:41,-9,5,-214
12:09:41,-13,-5,-219
12:09:41,7,6,-210
12:09:41,0,4,-213
12:09:41,7,-17,-206
12:09:41,-2,2,-211
12:09:41,-1,14,-218
12:09:41,-15,-12,-216
12:09:41,8,0,-202
12:09:41,3,0,-213
12:09:41,1,7,-209
12:09:41,1,-3,-203
12:09:41,-5,8,-209
12:09:42,-1,6,-209
12:09:42,2,-4,-199
12:09:42,4,6,-211
12:09:42,6,5,-204
12:09:42,2,10,-211
12:09:42,-4,6,-185
12:09:42,6,0,-215
12:09:42,-11,2,-203
12:09:42,-1,8,-186
12:09:42,2,-14,-211
12:09:42,8,-10,-216
12:09:42,-3,9,-197
12:09:42,3,0,-199
12:09:42,-12,6,-208
12:09:42,-1,-3,-208
12:09:42,2,-13,-204
12:09:42,-5,5,-201
12:09:42,4,6,-193
12:09:42,-7,-6,-181
12:09:42,0,2,-198
12:09:43,-10,11,-194
12:09:43,3,-5,-214
12:09:43,6,6,-212
12:09:43,2,-7,-196
12:09:43,4,7,-214
12:09:43,4,0,-205
12:09:43,-5,9,-216
12:09:43,-5,8,-187
12:09:43,6,-8,-206
12:09:43,5,1,-187
12:09:43,-7,3,-206
12:09:43,6,10,-215
12:09:43,2,3,-195
12:09:43,-6,3,-195
12:09:43,-2,-2,-215
12:09:43,2,-4,-212
12:09:43,2,-3,-198
12:09:43,3,-13,-219
12:09:43,-3,8,-201
12:09:43,-7,-8,-196
12:09:44,3,4,-211
12:09:44,-9,-6,-195
12:09:44,2,1,-206
12:09:44,-8,16,-215
12:09:44,-12,5,-202
12:09:44,3,-6,-213
12:09:44,0,4,-207
12:09:44,-12,2,-197
12:09:44,-4,5,-213
12:09:44,-8,9,-195
12:09:44,-3,7,-209
12:09:44,6,4,-200
12:09:44,14,3,-206
12:09:44,2,13,-208
12:09:44,-5,13,-207
12:09:44,-3,4,-211
12:09:44,-4,7,-206
12:09:44,1,1,-203
12:09:44,-6,-4,-203
12:09:44,-2,-14,-200
12:09:45,-9,7,-191
12:09:45,-2,-6,-217
12:09:45,4,-9,-211
12:09:45,-5,-4,-205
12:09:45,-14,9,-219
12:09:45,3,-7,-200
12:09:45,-13,0,-193
12:09:45,0,0,-223
12:09:45,-1,1,-217
12:09:45,2,-6,-205
12:09:45,-9,5,-201
12:09:45,-1,-2,-211
12:09:45,3,-1,-212
12:09:45,-1,12,-208
12:09:45,-5,16,-212
12:09:45,-4,7,-172
12:09:45,3,5,-193
12:09:45,-5,4,-198
12:09:45,5,-11,-210
12:09:46,-2,9,-199
12:09:46,4,-2,-213
12:09:46,-2,3,-208
12:09:46,-2,-8,-211
12:09:46,1,-5,-209
12:09:46,4,9,-214
12:09:46,5,-2,-204
12:09:46,4,-7,-206
12:09:46,-5,8,-208
12:09:46,-9,-2,-209
12:09:46,4,-9,-193
12:09:46,-7,-3,-212
12:09:46,-2,-4,-198
12:09:46,-3,-2,-214
12:09:46,-4,4,-198
12:09:46,2,15,-206
12:09:46,10,-10,-203
12:09:46,4,-3,-194
12:09:46,8,3,-203
12:09:46,-2,22,-199
12:09:47,4,-10,-222
12:09:47,-1,-1,-204
12:09:47,-8,14,-212
12:09:47,-10,1,-214
12:09:47,-2,-10,-223
12:09:47,-3,6,-223
12:09:47,2,0,-226
12:09:47,-6,-6,-213
12:09:47,2,-1,-198
12:09:47,5,-9,-206
12:09:47,7,4,-213
12:09:47,0,-5,-214
12:09:47,1,-1,-204
12:09:47,-4,-2,-214
12:09:47,0,6,-194
12:09:47,5,-3,-208
12:09:47,0,6,-206
12:09:47,4,-6,-210
12:09:47,4,4,-204
12:09:47,8,14,-204
12:09:48,13,-18,-211
12:09:48,-1,16,-202
12:09:48,-5,8,-199
12:09:48,1,-18,-212
12:09:48,-4,-9,-193
12:09:48,-2,-4,-201
12:09:48,0,12,-204
12:09:48,5,-4,-207
12:09:48,-13,-1,-208
12:09:48,-3,-18,-207
12:09:48,-3,4,-217
12:09:48,-9,9,-208
12:09:48,9,-3,-213
12:09:48,-3,0,-193
12:09:48,3,-12,-208
12:09:48,-9,8,-203
12:09:48,11,-2,-205
12:09:48,6,9,-216
12:09:48,6,8,-199
12:09:48,1,-2,-200
12:09:49,5,3,-211
12:09:49,3,10,-200
12:09:49,1,-2,-210
12:09:49,-6,18,-212
12:09:49,5,6,-209
12:09:49,2,8,-205
12:09:49,2,1,-211
12:09:49,3,7,-207
12:09:49,2,8,-198
12:09:49,8,-2,-208
12:09:49,-3,1,-203
12:09:49,5,-9,-210
12:09:49,-8,1,-210
12:09:49,1,-5,-235
12:09:49,-7,7,-206
12:09:49,-4,-9,-199
12:09:49,8,-13,-198
12:09:49,2,3,-194
12:09:49,0,5,-199
12:09:50,1,-5,-224
12:09:50,7,1,-199
12:09:50,4,-7,-199
12:09:50,-4,-9,-196
12:09:50,1,-14,-210
12:09:50,8,-10,-199
12:09:50,3,5,-196
12:09:50,-2,-1,-199
12:09:50,4,5,-209
12:09:50,5,-2,-204
12:09:50,-2,5,-200
12:09:50,-1,-2,-206
12:09:50,4,3,-220
12:09:50,3,-3,-208
12:09:50,7,-13,-193
12:09:50,-3,4,-210
12:09:50,7,8,-214
12:09:50,-6,-4,-218
12:09:50,-1,9,-211
12:09:50,4,-2,-209
12:09:51,-6,-3,-207
12:09:51,-13,13,-202
12:09:51,-1,7,-204
12:09:51,5,7,-211
12:09:51,5,-5,-206
12:09:51,-4,-2,-203
12:09:51,6,-4,-203
12:09:51,5,4,-208
12:09:51,8,3,-201
12:09:51,7,-4,-206
12:09:51,7,14,-208
12:09:51,4,-6,-196
12:09:51,2,2,-199
12:09:51,2,-2,-203
12:09:51,-4,14,-198
12:09:51,4,1,-214
12:09:51,-6,2,-209
12:09:51,-8,14,-211
12:09:51,-4,-7,-211
12:09:51,-3,-8,-186
12:09:52,3,-2,-200
12:09:52,8,-13,-211
12:09:52,-13,-7,-201
12:09:52,-2,0,-206
12:09:52,5,4,-201
12:09:52,-4,10,-197
12:09:52,-4,10,-200
12:09:52,13,-4,-212
12:09:52,-6,0,-203
12:09:52,-2,0,-210
12:09:52,-1,3,-203
12:09:52,13,-8,-204
12:09:52,13,-1,-197
12:09:52,0,7,-224
12:09:52,-11,5,-197
12:09:52,-2,14,-215
12:09:52,-7,-2,-195
12:09:52,-5,18,-204
12:09:52,2,-5,-187
12:09:52,2,-2,-209
12:09:53,-3,5,-205
12:09:53,3,1,-197
12:09:53,-8,11,-218
12:09:53,-5,15,-208
12:09:53,-8,7,-232
12:09:53,5,-17,-211
12:09:53,-6,5,-223
12:09:53,-3,-8,-232
12:09:53,3,5,-210
12:09:53,4,0,-206
12:09:53,0,14,-203
12:09:53,2,-6,-213
12:09:53,3,0,-216
12:09:53,-4,19,-203
12:09:53,-2,4,-213
12:09:53,8,0,-213
12:09:53,0,-10,-182
12:09:53,7,1,-199
12:09:53,0,2,-208
12:09:54,-2,0,-200
12:09:54,-3,-9,-196
12:09:54,0,-8,-226
12:09:54,-8,2,-203
12:09:54,-4,4,-210
12:09:54,5,-11,-201
12:09:54,7,-13,-215
12:09:54,4,-5,-210
12:09:54,-1,-15,-196
12:09:54,1,5,-216
12:09:54,-6,-8,-209
12:09:54,-3,-2,-220
12:09:54,7,0,-213
12:09:54,-2,8,-205
12:09:54,3,-10,-205
12:09:54,1,8,-211
12:09:54,2,8,-211
12:09:54,12,-8,-203
12:09:54,7,1,-214
12:09:54,6,-2,-203
12:09:55,15,-3,-203
12:09:55,-1,5,-198
12:09:55,7,2,-220
12:09:55,-3,18,-196
12:09:55,-5,9,-210
12:09:55,4,-4,-206
12:09:55,0,-6,-209
12:09:55,-7,7,-201
12:09:55,-3,2,-202
12:09:55,2,16,-220
12:09:55,-16,22,-206
12:09:55,-4,5,-213
12:09:55,4,1,-206
12:09:55,-6,12,-208
12:09:55,-6,5,-195
12:09:55,-5,4,-198
12:09:55,-1,0,-193
12:09:55,2,2,-210
12:09:55,6,-8,-212
12:09:55,-5,0,-201
12:09:56,-1,5,-219
12:09:56,-4,6,-204
12:09:56,-3,15,-200
12:09:56,-1,-6,-203
12:09:56,-2,2,-199
12:09:56,1,3,-193
12:09:56,6,-2,-206
12:09:56,15,-12,-220
12:09:56,-2,-8,-209
12:09:56,4,-4,-211
12:09:56,-1,-1,-222
12:09:56,7,-3,-208
12:09:56,1,-6,-191
12:09:56,-1,-4,-202
12:09:56,5,8,-210
12:09:56,-1,-6,-222
12:09:56,-3,1,-202
12:09:56,9,-10,-200
12:09:56,0,11,-209
12:09:57,3,-12,-200
12:09:57,4,2,-200
12:09:57,0,1,-200
12:09:57,7,2,-209
12:09:57,-6,7,-188
12:09:57,2,-4,-209
12:09:57,-3,10,-211
12:09:57,2,8,-188
12:09:57,-3,7,-204
12:09:57,12,-11,-217
12:09:57,-7,2,-211
12:09:57,3,-3,-200
12:09:57,1,4,-202
12:09:57,5,-14,-212
12:09:57,0,15,-214
12:09:57,-3,-3,-217
12:09:57,-4,5,-207
12:09:57,8,-6,-201
12:09:57,-10,10,-209
12:09:57,3,-1,-198
12:09:58,3,-2,-212
12:09:58,1,-9,-204
12:09:58,2,-2,-194
12:09:58,12,-5,-212
12:09:58,1,3,-205
12:09:58,4,3,-205
12:09:58,5,0,-187
12:09:58,2,12,-206
12:09:58,1,9,-216
12:09:58,-4,-1,-204
12:09:58,1,6,-197
12:09:58,2,2,-210
12:09:58,-6,-1,-209
12:09:58,-1,10,-209
12:09:58,-12,6,-208
12:09:58,2,-2,-222
12:09:58,-1,-3,-227
12:09:58,9,0,-211
12:09:58,5,-19,-202
12:09:58,7,-2,-202
12:09:59,2,0,-192
12:09:59,-4,3,-214
12:09:59,4,-12,-204
12:09:59,-9,2,-204
12:09:59,8,-6,-206
12:09:59,-7,-4,-203
12:09:59,-4,5,-202
12:09:59,2,-7,-206
12:09:59,-4,8,-204
12:09:59,0,0,-178
12:09:59,6,4,-207
12:09:59,4,1,-204
12:09:59,-5,2,-211
12:09:59,1,-2,-211
12:09:59,-14,9,-206
12:09:59,-4,4,-204
12:09:59,-11,4,-207
12:09:59,0,0,-209
12:09:59,0,-13,-195
12:09:59,-5,-8,-190
12:10:00,-5,-3,-199
12:10:00,-9,7,-207
12:10:00,-1,5,-213
12:10:00,2,6,-202
12:10:00,-9,0,-198
12:10:00,-4,6,-197
12:10:00,-13,13,-203
12:10:00,7,4,-202
12:10:00,-5,16,-210
12:10:00,4,1,-211
12:10:00,-8,9,-200
12:10:00,5,-2,-196
12:10:00,4,7,-195
12:10:00,3,5,-203
12:10:00,5,-14,-211
12:10:00,-14,4,-203
12:10:00,1,-11,-216
12:10:00,0,4,-212
12:10:00,-6,1,-214
12:10:01,1,0,-202
12:10:01,-11,5,-199
12:10:01,7,11,-216
12:10:01,-4,5,-192
12:10:01,4,-7,-215
12:10:01,3,5,-200
12:10:01,0,3,-212
12:10:01,0,6,-201
12:10:01,-16,3,-204
12:10:01,6,4,-202
12:10:01,-1,2,-205
12:10:01,-6,4,-205
12:10:01,16,-13,-208
12:10:01,4,-2,-197
12:10:01,14,-18,-194
12:10:01,-4,-1,-215
12:10:01,-6,9,-201
12:10:01,6,-3,-207
12:10:01,-4,6,-206
12:10:01,-8,7,-206
12:10:02,-2,4,-221
12:10:02,5,6,-208
12:10:02,6,-1,-209
12:10:02,0,0,-219
12:10:02,-2,1,-208
12:10:02,-8,-9,-219
12:10:02,10,1,-217
12:10:02,-5,14,-197
12:10:02,-11,1,-194
12:10:02,6,-7,-206
12:10:02,-8,5,-219
12:10:02,-1,0,-204
12:10:02,-6,6,-215
12:10:02,2,0,-208
12:10:02,1,-1,-205
12:10:02,-3,8,-194
12:10:02,8,-10,-215
12:10:02,0,-3,-215
12:10:02,7,10,-215
12:10:02,6,-5,-216
12:10:03,7,1,-200
12:10:03,0,-3,-207
12:10:03,0,1,-197
12:10:03,-6,1,-209
12:10:03,0,0,-208
12:10:03,-2,1,-204
12:10:03,-1,0,-217
12:10:03,9,0,-214
12:10:03,7,-4,-199
12:10:03,-1,0,-203
12:10:03,1,2,-201
12:10:03,1,0,-208
12:10:03,7,-3,-212
12:10:03,10,-3,-222
12:10:03,-2,5,-214
12:10:03,-3,0,-204
12:10:03,6,-3,-202
12:10:03,4,3,-189
12:10:03,13,-2,-208
12:10:03,-1,6,-211
12:10:04,-3,7,-197
12:10:04,-5,-5,-191
12:10:04,1,0,-200
12:10:04,0,1,-217
12:10:04,-7,3,-203
12:10:04,0,-10,-214
12:10:04,1,-2,-206
12:10:04,-5,14,-210
12:10:04,-9,3,-213
12:10:04,-3,8,-194
12:10:04,-2,-8,-195
12:10:04,2,-2,-184
12:10:04,2,2,-210
12:10:04,-8,2,-216
12:10:04,0,3,-190
12:10:04,5,-9,-215
12:10:04,-6,8,-223
12:10:04,0,-5,-199
12:10:04,2,4,-203
12:10:05,-1,6,-216
12:10:05,-2,-7,-213
12:10:05,-3,3,-208
12:10:05,-5,-9,-187
12:10:05,8,-18,-202
12:10:05,0,-7,-215
12:10:05,-1,-6,-206
12:10:05,1,-3,-199
12:10:05,10,4,-203
12:10:05,6,4,-211
12:10:05,-5,6,-190
12:10:05,10,-6,-205
12:10:05,-17,-1,-208
12:10:05,4,-1,-198
12:10:05,15,-12,-220
12:10:05,1,-1,-195
12:10:05,9,-6,-214
12:10:05,1,-1,-195
12:10:05,0,6,-211
12:10:05,-2,-2,-209
12:10:06,0,-8,-204
12:10:06,-2,12,-181
12:10:06,5,6,-223
12:10:06,-1,10,-218
12:10:06,-4,0,-215
12:10:06,2,-2,-218
12:10:06,-2,-1,-212
12:10:06,14,-1,-200
12:10:06,-13,0,-213
12:10:06,4,8,-203
12:10:06,-10,10,-220
12:10:06,-1,-2,-199
12:10:06,-2,-11,-203
12:10:06,-1,4,-217
12:10:06,-14,15,-199
12:10:06,1,-6,-198
12:10:06,2,6,-202
12:10:06,1,2,-204
12:10:06,5,-14,-204
12:10:06,1,2,-216
12:10:07,4,-1,-194
12:10:07,-3,10,-201
12:10:07,-6,10,-185
12:10:07,8,-5,-214
12:10:07,14,-2,-204
12:10:07,2,5,-201
12:10:07,-2,9,-206
12:10:07,-2,-2,-210
12:10:07,-5,11,-220
12:10:07,-2,1,-206
12:10:07,-1,-2,-216
12:10:07,-3,-2,-210
12:10:07,-7,5,-210
12:10:07,1,4,-221
12:10:07,-1,4,-196
12:10:07,-1,0,-203
12:10:07,11,-2,-221
12:10:07,-1,-3,-199
12:10:07,3,9,-195
12:10:07,0,3,-203
12:10:08,5,-14,-213
12:10:08,5,5,-211
12:10:08,6,-3,-196
12:10:08,-1,2,-197
12:10:08,9,-1,-192
12:10:08,10,3,-195
12:10:08,0,-2,-205
12:10:08,3,4,-207
12:10:08,-9,9,-204
12:10:08,5,3,-205
12:10:08,-3,1,-205
12:10:08,-4,1,-213
12:10:08,-2,6,-203
12:10:08,2,-3,-217
12:10:08,-6,6,-209
12:10:08,3,-6,-218
12:10:08,-2,-12,-190
12:10:08,-4,4,-204
12:10:08,5,-1,-210
12:10:09,7,-12,-210
12:10:09,0,6,-210
12:10:09,8,-20,-202
12:10:09,-4,-1,-197
12:10:09,1,4,-204
12:10:09,9,-4,-211
12:10:09,11,-5,-210
12:10:09,-9,23,-217
12:10:09,7,-9,-197
12:10:09,-5,10,-206
12:10:09,4,-2,-215
12:10:09,-4,12,-210
12:10:09,-5,7,-200
12:10:09,-6,-1,-211
12:10:09,2,-10,-209
12:10:09,-1,2,-208
12:10:09,3,-21,-218
12:10:09,-8,9,-198
12:10:09,0,-2,-198
12:10:09,9,-3,-217
12:10:10,2,-9,-207
12:10:10,-4,-3,-205
12:10:10,-12,-1,-206
12:10:10,3,-2,-211
12:10:10,0,5,-203
12:10:10,-5,4,-197
12:10:10,-3,9,-200
12:10:10,7,-2,-206
12:10:10,-6,2,-194
12:10:10,9,4,-210
12:10:10,1,-6,-193
12:10:10,2,-4,-200
12:10:10,-1,-1,-205
12:10:10,-3,-3,-208
12:10:10,0,-4,-206
12:10:10,4,-15,-218
12:10:10,2,-4,-215
12:10:10,0,-5,-207
12:10:10,5,1,-195
12:10:10,-5,-11,-202
12:10:11,1,-13,-188
12:10:11,-1,-10,-214
12:10:11,-2,9,-209
12:10:11,1,-9,-226
12:10:11,-14,11,-208
12:10:11,5,-3,-209
12:10:11,-4,-1,-186
12:10:11,-3,14,-212
12:10:11,4,-6,-210
12:10:11,0,7,-191
12:10:11,6,3,-190
12:10:11,2,3,-204
12:10:11,6,1,-196
12:10:11,0,5,-210
12:10:11,7,-3,-209
12:10:11,1,2,-207
12:10:11,2,-13,-208
12:10:11,-2,-16,-214
12:10:11,-3,7,-210
12:10:12,6,-12,-210
12:10:12,-2,-9,-207
12:10:12,1,0,-205
12:10:12,-3,-2,-215
12:10:12,4,5,-203
12:10:12,-7,6,-207
12:10:12,6,3,-205
12:10:12,-5,-2,-213
12:10:12,4,-6,-181
12:10:12,8,-2,-207
12:10:12,-2,3,-201
12:10:12,8,-18,-203
12:10:12,2,0,-201
12:10:12,8,8,-208
12:10:12,5,13,-195
12:10:12,4,6,-194
12:10:12,2,7,-203
12:10:12,-2,-3,-217
12:10:12,2,2,-207
12:10:12,-5,0,-195
12:10:13,-5,1,-209
12:10:13,3,-7,-201
12:10:13,-3,-1,-202
12:10:13,2,-7,-212
12:10:13,-13,12,-198
12:10:13,4,8,-212
12:10:13,0,10,-196
12:10:13,4,-4,-217
12:10:13,8,-2,-205
12:10:13,7,-1,-201
12:10:13,-7,0,-204
12:10:13,9,-9,-203
12:10:13,8,0,-196
12:10:13,-3,1,-216
12:10:13,8,-14,-196
12:10:13,14,-2,-198
12:10:13,1,-7,-198
12:10:13,3,5,-209
12:10:13,3,4,-208
12:10:13,2,-7,-208
12:10:14,-3,-4,-212
12:10:14,-1,-13,-207
12:10:14,1,-8,-203
12:10:14,4,-5,-203
12:10:14,-2,-4,-207
12:10:14,6,-1,-214
12:10:14,-1,0,-213
12:10:14,9,-4,-208
12:10:14,-7,5,-220
12:10:14,-12,4,-205
12:10:14,-4,12,-206
12:10:14,2,-8,-203
12:10:14,4,4,-205
12:10:14,2,-7,-198
12:10:14,7,4,-189
12:10:14,1,5,-206
12:10:14,-2,4,-203
12:10:14,2,3,-192
12:10:14,-2,3,-201
12:10:14,6,-10,-205
12:10:15,-8,-6,-207
12:10:15,5,-4,-213
12:10:15,0,-15,-211
12:10:15,4,-3,-207
12:10:15,1,-11,-201
12:10:15,-2,6,-207
12:10:15,5,-1,-208
12:10:15,6,-8,-204
12:10:15,2,6,-213
12:10:15,-3,0,-206
12:10:15,2,-3,-212
12:10:15,-1,6,-214
12:10:15,5,-2,-211
12:10:15,1,4,-195
12:10:15,2,0,-212
12:10:15,-7,9,-200
12:10:15,7,6,-218
12:10:15,7,1,-201
12:10:15,3,9,-216
12:10:16,-2,26,-199
12:10:16,8,-1,-196
12:10:16,-2,3,-202
12:10:16,2,4,-210
12:10:16,1,-2,-213
12:10:16,-5,7,-219
12:10:16,2,-2,-217
12:10:16,-6,10,-210
12:10:16,9,-9,-209
12:10:16,4,0,-207
12:10:16,1,-9,-200
12:10:16,8,0,-212
12:10:16,-4,6,-206
12:10:16,-4,-11,-204
12:10:16,-3,1,-204
12:10:16,0,0,-198
12:10:16,5,-12,-208
12:10:16,1,0,-190
12:10:16,5,2,-187
12:10:16,-7,3,-198
