10:49:23,19,-93,-122
10:49:23,17,-103,-116
10:49:23,18,-96,-119
10:49:23,28,-106,-121
10:49:23,22,-104,-124
10:49:24,13,-90,-127
10:49:24,15,-99,-133
10:49:24,22,-102,-111
10:49:24,26,-98,-128
10:49:24,25,-98,-116
10:49:24,14,-96,-118
10:49:24,15,-103,-117
10:49:24,23,-103,-122
10:49:24,30,-102,-122
10:49:24,28,-92,-109
10:49:24,16,-104,-112
10:49:24,24,-86,-115
10:49:24,25,-104,-117
10:49:24,21,-95,-135
10:49:24,14,-106,-126
10:49:24,23,-105,-118
10:49:24,29,-103,-125
10:49:24,19,-91,-114
10:49:24,19,-91,-124
10:49:24,13,-98,-114
10:49:25,22,-103,-116
10:49:25,19,-94,-116
10:49:25,18,-102,-128
10:49:25,7,-100,-117
10:49:25,30,-107,-120
10:49:25,31,-96,-126
10:49:25,19,-99,-138
10:49:25,20,-111,-130
10:49:25,24,-95,-113
10:49:25,27,-104,-121
10:49:25,14,-98,-127
10:49:25,14,-99,-122
10:49:25,13,-90,-111
10:49:25,34,-105,-124
10:49:25,21,-94,-118
10:49:25,19,-100,-120
10:49:25,16,-101,-114
10:49:25,22,-97,-109
10:49:25,30,-95,-109
10:49:26,28,-99,-114
10:49:26,21,-97,-122
10:49:26,20,-100,-120
10:49:26,28,-85,-103
10:49:26,9,-93,-107
10:49:26,25,-101,-121
10:49:26,23,-104,-130
10:49:26,20,-101,-123
10:49:26,20,-91,-118
10:49:26,17,-102,-120
10:49:26,9,-98,-122
10:49:26,21,-101,-106
10:49:26,25,-101,-112
10:49:26,15,-98,-116
10:49:26,12,-105,-122
10:49:26,-1,-87,-120
10:49:26,19,-97,-115
10:49:26,26,-97,-122
10:49:26,14,-94,-121
10:49:26,10,-88,-111
10:49:27,21,-94,-104
10:49:27,27,-99,-125
10:49:27,17,-90,-119
10:49:27,23,-99,-122
10:49:27,27,-98,-106
10:49:27,33,-101,-122
10:49:27,27,-106,-104
10:49:27,15,-98,-107
10:49:27,9,-103,-110
10:49:27,16,-94,-122
10:49:27,19,-100,-123
10:49:27,16,-99,-126
10:49:27,14,-98,-121
10:49:27,19,-83,-112
10:49:27,28,-98,-118
10:49:27,24,-95,-103
10:49:27,10,-92,-106
10:49:27,17,-105,-123
10:49:27,31,-92,-125
10:49:27,29,-88,-116
10:49:28,12,-95,-114
10:49:28,16,-102,-104
10:49:28,21,-101,-107
10:49:28,23,-106,-103
10:49:28,10,-90,-118
10:49:28,19,-97,-118
10:49:28,19,-101,-105
10:49:28,21,-97,-112
10:49:28,17,-100,-116
10:49:28,23,-99,-120
10:49:28,13,-98,-113
10:49:28,30,-99,-118
10:49:28,21,-103,-122
10:49:28,19,-102,-130
10:49:28,9,-97,-131
10:49:28,19,-108,-117
10:49:28,17,-90,-114
10:49:28,16,-107,-126
10:49:28,9,-93,-112
10:49:29,23,-104,-117
10:49:29,32,-86,-121
10:49:29,18,-100,-119
10:49:29,9,-103,-120
10:49:29,19,-104,-102
10:49:29,29,-103,-115
10:49:29,22,-101,-123
10:49:29,16,-91,-130
10:49:29,4,-95,-115
10:49:29,17,-99,-106
10:49:29,31,-100,-112
10:49:29,16,-102,-101
10:49:29,17,-97,-123
10:49:29,21,-89,-111
10:49:29,15,-89,-125
10:49:29,26,-98,-101
10:49:29,14,-91,-121
10:49:29,9,-100,-123
10:49:29,26,-115,-117
10:49:29,21,-88,-127
10:49:30,16,-98,-121
10:49:30,9,-93,-120
10:49:30,25,-104,-115
10:49:30,17,-103,-114
10:49:30,24,-106,-112
10:49:30,18,-100,-123
10:49:30,20,-102,-114
10:49:30,33,-107,-120
10:49:30,28,-104,-121
10:49:30,17,-97,-119
10:49:30,14,-101,-122
10:49:30,22,-107,-115
10:49:30,18,-100,-117
10:49:30,12,-92,-119
10:49:30,16,-95,-116
10:49:30,26,-101,-111
10:49:30,24,-106,-101
10:49:30,19,-102,-110
10:49:30,19,-99,-114
10:49:30,31,-107,-122
10:49:31,32,-105,-111
10:49:31,14,-92,-138
10:49:31,16,-107,-129
10:49:31,5,-102,-117
10:49:31,24,-105,-117
10:49:31,37,-95,-120
10:49:31,11,-89,-121
10:49:31,16,-92,-120
10:49:31,20,-107,-98
10:49:31,22,-92,-121
10:49:31,22,-99,-131
10:49:31,16,-100,-119
10:49:31,11,-95,-111
10:49:31,32,-92,-130
10:49:31,28,-100,-110
10:49:31,21,-99,-129
10:49:31,24,-108,-117
10:49:31,23,-95,-123
10:49:31,32,-100,-111
10:49:31,24,-95,-115
10:49:32,17,-101,-113
10:49:32,22,-102,-111
10:49:32,27,-101,-112
10:49:32,23,-97,-127
10:49:32,12,-99,-126
10:49:32,8,-103,-113
10:49:32,24,-102,-119
10:49:32,23,-91,-124
10:49:32,12,-101,-130
10:49:32,11,-110,-132
10:49:32,22,-111,-116
10:49:32,28,-104,-120
10:49:32,17,-89,-146
10:49:32,8,-94,-113
10:49:32,14,-101,-115
10:49:32,32,-96,-123
10:49:32,24,-93,-113
10:49:32,14,-90,-125
10:49:32,14,-102,-129
10:49:33,29,-89,-113
10:49:33,29,-102,-132
10:49:33,17,-90,-125
10:49:33,16,-94,-125
10:49:33,27,-102,-103
10:49:33,28,-95,-130
10:49:33,10,-101,-140
10:49:33,15,-99,-104
10:49:33,22,-99,-105
10:49:33,42,-105,-118
10:49:33,24,-114,-128
10:49:33,11,-93,-136
10:49:33,15,-103,-123
10:49:33,19,-99,-115
10:49:33,17,-111,-108
10:49:33,8,-88,-125
10:49:33,17,-96,-119
10:49:33,25,-97,-112
10:49:33,16,-92,-118
10:49:33,13,-88,-128
10:49:34,3,-105,-114
10:49:34,27,-90,-127
10:49:34,22,-100,-114
10:49:34,24,-88,-114
10:49:34,21,-96,-115
10:49:34,15,-103,-108
10:49:34,25,-105,-101
10:49:34,28,-100,-123
10:49:34,27,-91,-116
10:49:34,15,-103,-120
10:49:34,21,-93,-112
10:49:34,15,-105,-115
10:49:34,17,-102,-108
10:49:34,8,-97,-120
10:49:34,23,-102,-117
10:49:34,41,-98,-119
10:49:34,17,-106,-117
10:49:34,6,-99,-119
10:49:34,8,-108,-122
10:49:34,24,-106,-126
10:49:35,18,-98,-110
10:49:35,12,-95,-118
10:49:35,19,-97,-117
10:49:35,35,-106,-125
10:49:35,23,-97,-110
10:49:35,20,-107,-121
10:49:35,16,-103,-110
10:49:35,16,-95,-121
10:49:35,31,-105,-120
10:49:35,32,-95,-108
10:49:35,23,-86,-113
10:49:35,8,-104,-112
10:49:35,29,-96,-123
10:49:35,30,-83,-115
10:49:35,13,-91,-121
10:49:35,11,-100,-100
10:49:35,24,-102,-112
10:49:35,27,-98,-119
10:49:35,15,-105,-108
10:49:36,12,-102,-115
10:49:36,11,-85,-113
10:49:36,30,-105,-126
10:49:36,35,-111,-111
10:49:36,32,-96,-117
10:49:36,13,-93,-114
10:49:36,28,-101,-114
10:49:36,25,-97,-108
10:49:36,18,-104,-133
10:49:36,15,-97,-102
10:49:36,31,-96,-101
10:49:36,31,-93,-119
10:49:36,19,-90,-99
10:49:36,12,-99,-132
10:49:36,6,-96,-106
10:49:36,21,-105,-123
10:49:36,27,-92,-108
10:49:36,19,-98,-120
10:49:36,5,-108,-118
10:49:36,24,-102,-139
10:49:37,27,-107,-108
10:49:37,14,-93,-123
10:49:37,12,-91,-117
10:49:37,15,-97,-119
10:49:37,29,-103,-125
10:49:37,20,-92,-125
10:49:37,12,-96,-112
10:49:37,22,-105,-111
10:49:37,29,-96,-94
10:49:37,24,-97,-119
10:49:37,14,-93,-116
10:49:37,9,-97,-120
10:49:37,20,-92,-113
10:49:37,25,-95,-127
10:49:37,15,-89,-115
10:49:37,14,-101,-120
10:49:37,18,-96,-113
10:49:37,24,-89,-116
10:49:37,30,-102,-111
10:49:37,12,-90,-128
10:49:38,17,-101,-115
10:49:38,22,-101,-114
10:49:38,19,-102,-127
10:49:38,5,-97,-132
10:49:38,11,-93,-109
10:49:38,32,-111,-124
10:49:38,26,-96,-120
10:49:38,18,-108,-124
10:49:38,14,-100,-135
10:49:38,19,-101,-102
10:49:38,20,-94,-107
10:49:38,23,-106,-118
10:49:38,18,-92,-128
10:49:38,16,-102,-114
10:49:38,30,-96,-118
10:49:38,24,-99,-117
10:49:38,18,-93,-119
10:49:38,15,-92,-114
10:49:38,31,-105,-105
10:49:38,23,-98,-115
10:49:39,17,-91,-112
10:49:39,5,-94,-119
10:49:39,15,-100,-116
10:49:39,23,-105,-119
10:49:39,23,-99,-130
10:49:39,5,-89,-118
10:49:39,18,-117,-127
10:49:39,21,-98,-110
10:49:39,24,-108,-121
10:49:39,27,-101,-110
10:49:39,19,-87,-106
10:49:39,22,-98,-116
10:49:39,21,-99,-127
10:49:39,14,-100,-123
10:49:39,19,-83,-144
10:49:39,11,-91,-119
10:49:39,34,-107,-109
10:49:39,26,-103,-115
10:49:39,20,-105,-117
10:49:40,15,-99,-110
10:49:40,28,-100,-115
10:49:40,28,-100,-110
10:49:40,17,-95,-118
10:49:40,12,-102,-115
10:49:40,33,-107,-130
10:49:40,29,-106,-109
10:49:40,14,-111,-121
10:49:40,17,-100,-122
10:49:40,7,-104,-122
10:49:40,23,-82,-111
10:49:40,21,-112,-116
10:49:40,15,-95,-124
10:49:40,20,-99,-121
10:49:40,22,-98,-126
10:49:40,29,-99,-116
10:49:40,8,-94,-127
10:49:40,18,-93,-115
10:49:40,24,-97,-108
10:49:40,20,-86,-117
10:49:41,23,-98,-111
10:49:41,14,-97,-127
10:49:41,10,-103,-118
10:49:41,26,-107,-101
10:49:41,29,-86,-119
10:49:41,21,-105,-122
10:49:41,7,-105,-127
10:49:41,20,-102,-122
10:49:41,24,-111,-119
10:49:41,11,-102,-127
10:49:41,10,-103,-119
10:49:41,20,-104,-132
10:49:41,26,-103,-114
10:49:41,17,-96,-123
10:49:41,14,-90,-132
10:49:41,16,-95,-108
10:49:41,23,-97,-135
10:49:41,17,-97,-109
10:49:41,16,-97,-133
10:49:41,22,-105,-113
10:49:42,22,-96,-116
10:49:42,33,-94,-116
10:49:42,24,-95,-121
10:49:42,7,-101,-127
10:49:42,12,-101,-120
10:49:42,32,-99,-126
10:49:42,22,-95,-114
10:49:42,17,-93,-115
10:49:42,12,-99,-111
10:49:42,22,-111,-120
10:49:42,17,-101,-121
10:49:42,18,-97,-133
10:49:42,12,-97,-137
10:49:42,33,-94,-115
10:49:42,22,-109,-128
10:49:42,20,-91,-116
10:49:42,18,-101,-120
10:49:42,21,-109,-107
10:49:42,29,-82,-126
10:49:43,21,-101,-139
10:49:43,17,-99,-134
10:49:43,10,-98,-133
10:49:43,27,-105,-107
10:49:43,27,-95,-102
10:49:43,13,-95,-110
10:49:43,17,-88,-122
10:49:43,21,-85,-119
10:49:43,31,-104,-118
10:49:43,21,-103,-115
10:49:43,19,-98,-119
10:49:43,15,-96,-110
10:49:43,26,-100,-118
10:49:43,13,-102,-118
10:49:43,15,-94,-123
10:49:43,19,-101,-102
10:49:43,30,-101,-112
10:49:43,30,-103,-99
10:49:43,11,-92,-117
10:49:43,3,-94,-111
10:49:44,16,-103,-111
10:49:44,28,-106,-117
10:49:44,26,-106,-115
10:49:44,12,-98,-124
10:49:44,25,-100,-124
10:49:44,29,-92,-117
10:49:44,24,-100,-123
10:49:44,20,-87,-125
10:49:44,19,-94,-104
10:49:44,25,-98,-105
10:49:44,31,-102,-100
10:49:44,16,-105,-125
10:49:44,4,-95,-126
10:49:44,20,-102,-128
10:49:44,33,-97,-117
10:49:44,15,-95,-130
10:49:44,9,-96,-134
10:49:44,7,-97,-125
10:49:44,33,-104,-118
10:49:44,17,-87,-119
10:49:45,13,-92,-109
10:49:45,11,-101,-116
10:49:45,28,-97,-121
10:49:45,28,-108,-118
10:49:45,16,-100,-121
10:49:45,15,-92,-122
10:49:45,30,-108,-110
10:49:45,28,-99,-113
10:49:45,32,-91,-125
10:49:45,26,-92,-129
10:49:45,16,-97,-110
10:49:45,27,-104,-124
10:49:45,23,-100,-125
10:49:45,9,-94,-110
10:49:45,23,-100,-132
10:49:45,21,-100,-108
10:49:45,24,-102,-122
10:49:45,22,-107,-115
10:49:45,13,-101,-123
10:49:45,8,-104,-116
10:49:46,18,-108,-121
10:49:46,32,-105,-112
10:49:46,23,-91,-119
10:49:46,18,-94,-112
10:49:46,34,-95,-106
10:49:46,25,-100,-132
10:49:46,18,-104,-118
10:49:46,13,-94,-111
10:49:46,29,-101,-119
10:49:46,30,-103,-107
10:49:46,19,-86,-115
10:49:46,17,-88,-124
10:49:46,21,-115,-118
10:49:46,32,-111,-99
10:49:46,23,-92,-113
10:49:46,19,-93,-130
10:49:46,21,-101,-137
10:49:46,17,-97,-118
10:49:46,19,-94,-119
10:49:47,11,-90,-112
10:49:47,8,-94,-111
10:49:47,25,-103,-113
10:49:47,28,-91,-112
10:49:47,15,-100,-114
10:49:47,15,-107,-120
10:49:47,17,-103,-104
10:49:47,24,-101,-120
10:49:47,22,-101,-111
10:49:47,19,-101,-123
10:49:47,10,-97,-112
10:49:47,14,-90,-120
10:49:47,15,-95,-115
10:49:47,16,-96,-105
10:49:47,11,-103,-123
10:49:47,25,-101,-119
10:49:47,27,-96,-120
10:49:47,20,-99,-122
10:49:47,17,-100,-121
10:49:47,4,-103,-113
10:49:48,30,-108,-133
10:49:48,19,-84,-124
10:49:48,8,-92,-115
10:49:48,9,-88,-133
10:49:48,32,-104,-113
10:49:48,23,-99,-131
10:49:48,13,-91,-122
10:49:48,11,-101,-131
10:49:48,20,-102,-118
10:49:48,26,-102,-116
10:49:48,26,-99,-113
10:49:48,14,-97,-116
10:49:48,16,-97,-125
10:49:48,25,-90,-114
10:49:48,27,-99,-111
10:49:48,17,-99,-112
10:49:48,20,-94,-111
10:49:48,22,-113,-112
10:49:48,18,-89,-130
10:49:48,18,-108,-116
10:49:49,12,-92,-130
10:49:49,17,-99,-130
10:49:49,29,-99,-114
10:49:49,26,-92,-142
10:49:49,20,-110,-111
10:49:49,16,-103,-115
10:49:49,34,-107,-109
10:49:49,19,-99,-120
10:49:49,29,-100,-115
10:49:49,21,-98,-118
10:49:49,20,-88,-121
10:49:49,33,-102,-120
10:49:49,24,-92,-136
10:49:49,14,-102,-113
10:49:49,11,-92,-105
10:49:49,29,-92,-119
10:49:49,25,-91,-121
10:49:49,16,-102,-130
10:49:49,17,-112,-104
10:49:50,22,-101,-103
10:49:50,28,-106,-112
10:49:50,9,-85,-123
10:49:50,6,-109,-120
10:49:50,19,-103,-111
10:49:50,30,-94,-122
10:49:50,13,-95,-132
10:49:50,8,-90,-116
10:49:50,21,-98,-104
10:49:50,17,-100,-119
10:49:50,18,-95,-109
10:49:50,17,-96,-121
10:49:50,17,-98,-121
10:49:50,22,-95,-118
10:49:50,29,-100,-111
10:49:50,20,-91,-115
10:49:50,10,-100,-127
10:49:50,30,-100,-109
10:49:50,25,-93,-112
10:49:50,25,-91,-123
10:49:51,15,-106,-122
10:49:51,15,-99,-121
10:49:51,22,-113,-113
10:49:51,23,-108,-129
10:49:51,7,-88,-119
10:49:51,20,-102,-121
10:49:51,19,-103,-134
10:49:51,20,-86,-122
10:49:51,11,-85,-129
10:49:51,15,-95,-119
10:49:51,19,-93,-117
10:49:51,38,-99,-116
10:49:51,18,-99,-120
10:49:51,13,-96,-121
10:49:51,6,-94,-119
10:49:51,24,-99,-118
10:49:51,25,-89,-111
10:49:51,17,-102,-111
10:49:51,14,-104,-123
10:49:51,36,-95,-116
10:49:52,21,-108,-109
10:49:52,17,-99,-113
10:49:52,19,-97,-125
10:49:52,20,-93,-126
10:49:52,13,-95,-109
10:49:52,24,-98,-122
10:49:52,14,-102,-128
10:49:52,17,-101,-119
10:49:52,15,-105,-131
10:49:52,18,-103,-107
10:49:52,19,-115,-118
10:49:52,18,-103,-115
10:49:52,28,-105,-120
10:49:52,33,-95,-114
10:49:52,16,-88,-119
10:49:52,8,-101,-113
10:49:52,21,-101,-105
10:49:52,27,-89,-124
10:49:52,18,-96,-112
10:49:52,15,-100,-122
10:49:53,15,-107,-122
10:49:53,12,-98,-107
10:49:53,21,-100,-106
10:49:53,14,-94,-116
10:49:53,18,-92,-119
10:49:53,26,-99,-134
10:49:53,15,-104,-125
10:49:53,16,-95,-123
10:49:53,7,-105,-117
10:49:53,24,-99,-115
10:49:53,27,-95,-116
10:49:53,25,-94,-123
10:49:53,14,-91,-112
10:49:53,18,-94,-116
10:49:53,17,-97,-113
10:49:53,17,-97,-118
10:49:53,22,-103,-123
10:49:53,16,-87,-131
10:49:53,31,-99,-119
10:49:54,36,-105,-111
10:49:54,18,-92,-126
10:49:54,15,-86,-102
10:49:54,26,-110,-127
10:49:54,23,-88,-118
10:49:54,22,-104,-109
10:49:54,16,-102,-139
10:49:54,17,-107,-118
10:49:54,29,-99,-128
10:49:54,22,-100,-122
10:49:54,23,-101,-116
10:49:54,15,-102,-120
10:49:54,30,-97,-136
10:49:54,19,-101,-106
10:49:54,18,-87,-115
10:49:54,10,-99,-132
10:49:54,17,-102,-123
10:49:54,32,-107,-109
10:49:54,18,-109,-115
10:49:54,16,-102,-124
10:49:55,19,-98,-135
10:49:55,24,-98,-114
10:49:55,16,-90,-113
10:49:55,19,-107,-126
10:49:55,19,-97,-132
10:49:55,21,-103,-110
10:49:55,31,-111,-111
10:49:55,22,-89,-134
10:49:55,16,-101,-120
10:49:55,10,-87,-116
10:49:55,23,-91,-105
10:49:55,23,-92,-125
10:49:55,14,-98,-118
10:49:55,13,-110,-122
10:49:55,9,-84,-117
10:49:55,20,-96,-107
10:49:55,29,-89,-123
10:49:55,12,-91,-122
10:49:55,22,-106,-103
10:49:55,22,-94,-123
10:49:56,19,-100,-121
10:49:56,10,-97,-109
10:49:56,19,-102,-115
10:49:56,25,-95,-123
10:49:56,23,-95,-129
10:49:56,23,-105,-139
10:49:56,11,-116,-129
10:49:56,25,-115,-112
10:49:56,14,-91,-127
10:49:56,19,-96,-124
10:49:56,16,-99,-106
10:49:56,19,-95,-115
10:49:56,35,-102,-130
10:49:56,25,-107,-114
10:49:56,25,-93,-129
10:49:56,4,-88,-115
10:49:56,23,-96,-114
10:49:56,23,-92,-124
10:49:56,21,-88,-106
10:49:57,20,-99,-116
10:49:57,26,-99,-110
10:49:57,26,-94,-119
10:49:57,24,-92,-129
10:49:57,9,-102,-133
10:49:57,20,-109,-117
10:49:57,31,-99,-108
10:49:57,24,-92,-108
10:49:57,16,-90,-126
10:49:57,14,-104,-111
10:49:57,14,-100,-119
10:49:57,25,-102,-113
10:49:57,27,-97,-125
10:49:57,20,-108,-125
10:49:57,18,-93,-112
10:49:57,26,-98,-111
10:49:57,24,-104,-124
10:49:57,12,-91,-125
10:49:57,21,-96,-109
10:49:57,23,-97,-118
10:49:58,25,-91,-107
10:49:58,20,-87,-117
10:49:58,14,-96,-121
10:49:58,23,-97,-122
10:49:58,26,-97,-111
10:49:58,17,-99,-113
10:49:58,18,-110,-124
10:49:58,15,-94,-102
10:49:58,25,-93,-104
10:49:58,29,-107,-125
10:49:58,9,-95,-123
10:49:58,21,-106,-106
10:49:58,26,-95,-123
10:49:58,28,-100,-131
10:49:58,13,-90,-121
10:49:58,18,-105,-106
10:49:58,16,-93,-122
10:49:58,18,-94,-112
10:49:58,23,-99,-120
10:49:58,12,-100,-127
10:49:59,7,-98,-107
10:49:59,24,-88,-117
10:49:59,34,-94,-115
10:49:59,21,-94,-103
10:49:59,22,-107,-99
10:49:59,32,-103,-117
10:49:59,23,-97,-120
10:49:59,20,-87,-120
10:49:59,1,-101,-119
10:49:59,17,-97,-114
10:49:59,17,-93,-122
10:49:59,21,-106,-106
10:49:59,18,-99,-122
10:49:59,17,-99,-106
10:49:59,25,-96,-128
10:49:59,22,-100,-125
10:49:59,12,-94,-135
10:49:59,13,-107,-119
10:49:59,18,-109,-116
10:49:59,25,-98,-125
10:50:00,23,-90,-121
10:50:00,16,-104,-113
10:50:00,20,-97,-121
10:50:00,32,-105,-119
10:50:00,21,-101,-106
10:50:00,16,-94,-132
10:50:00,19,-94,-115
10:50:00,29,-99,-116
10:50:00,31,-104,-117
10:50:00,9,-101,-120
10:50:00,7,-95,-132
10:50:00,22,-103,-123
10:50:00,22,-103,-128
10:50:00,21,-106,-124
10:50:00,3,-88,-116
10:50:00,23,-101,-115
10:50:00,34,-105,-125
10:50:00,10,-96,-108
10:50:00,10,-88,-138
10:50:01,15,-107,-128
10:50:01,36,-104,-115
10:50:01,30,-101,-116
10:50:01,15,-94,-128
10:50:01,17,-103,-107
10:50:01,40,-101,-117
10:50:01,18,-99,-118
10:50:01,17,-90,-124
10:50:01,8,-104,-117
10:50:01,19,-93,-130
10:50:01,31,-90,-121
10:50:01,22,-104,-116
10:50:01,15,-89,-131
10:50:01,20,-92,-125
10:50:01,19,-107,-107
10:50:01,27,-104,-115
10:50:01,14,-94,-133
10:50:01,23,-104,-112
10:50:01,31,-109,-122
10:50:01,30,-107,-107
10:50:02,18,-102,-115
10:50:02,12,-91,-128
10:50:02,17,-92,-136
10:50:02,22,-99,-114
10:50:02,23,-88,-117
10:50:02,13,-96,-106
10:50:02,18,-95,-111
10:50:02,30,-90,-105
10:50:02,32,-93,-114
10:50:02,17,-97,-113
10:50:02,15,-91,-114
10:50:02,21,-99,-116
10:50:02,28,-103,-123
10:50:02,22,-94,-121
10:50:02,7,-98,-118
10:50:02,14,-102,-121
10:50:02,29,-108,-125
10:50:02,26,-88,-121
10:50:02,17,-103,-116
10:50:02,18,-112,-121
10:50:03,32,-98,-114
10:50:03,17,-99,-122
10:50:03,17,-97,-126
10:50:03,9,-100,-121
10:50:03,24,-109,-129
10:50:03,28,-104,-113
10:50:03,25,-98,-122
10:50:03,20,-87,-125
10:50:03,10,-92,-109
10:50:03,20,-98,-131
10:50:03,22,-99,-104
10:50:03,21,-93,-114
10:50:03,14,-100,-126
10:50:03,21,-102,-116
10:50:03,12,-103,-114
10:50:03,24,-103,-128
10:50:03,13,-92,-135
10:50:03,27,-101,-118
10:50:03,28,-105,-128
10:50:04,25,-95,-124
10:50:04,4,-95,-126
10:50:04,20,-108,-114
10:50:04,29,-102,-110
10:50:04,25,-98,-112
10:50:04,13,-86,-133
10:50:04,12,-96,-117
10:50:04,25,-102,-110
10:50:04,27,-101,-115
10:50:04,26,-95,-122
10:50:04,16,-91,-119
10:50:04,14,-98,-110
10:50:04,28,-100,-114
10:50:04,20,-93,-114
10:50:04,9,-99,-119
10:50:04,16,-95,-118
10:50:04,32,-104,-111
10:50:04,18,-101,-126
10:50:04,22,-103,-124
10:50:04,10,-96,-117
10:50:05,24,-98,-115
10:50:05,22,-103,-110
10:50:05,11,-109,-121
10:50:05,17,-97,-127
10:50:05,34,-103,-118
10:50:05,22,-94,-124
10:50:05,23,-95,-120
10:50:05,4,-92,-127
10:50:05,5,-96,-116
10:50:05,20,-94,-112
10:50:05,26,-104,-103
10:50:05,27,-93,-117
10:50:05,12,-87,-122
10:50:05,25,-94,-99
10:50:05,30,-95,-115
10:50:05,7,-95,-134
10:50:05,18,-88,-102
10:50:05,28,-104,-115
10:50:05,35,-94,-118
10:50:05,21,-105,-121
10:50:06,20,-106,-141
10:50:06,16,-103,-120
10:50:06,28,-108,-112
10:50:06,26,-109,-127
10:50:06,14,-93,-123
10:50:06,11,-105,-119
10:50:06,32,-105,-93
10:50:06,25,-100,-124
10:50:06,20,-107,-114
10:50:06,16,-98,-114
10:50:06,18,-89,-111
10:50:06,28,-103,-110
10:50:06,21,-91,-109
10:50:06,19,-95,-126
10:50:06,18,-105,-122
10:50:06,25,-106,-111
10:50:06,28,-107,-108
10:50:06,23,-83,-121
10:50:06,13,-85,-128
10:50:06,25,-99,-123
10:50:07,23,-94,-118
10:50:07,20,-104,-113
10:50:07,15,-109,-127
10:50:07,20,-98,-124
10:50:07,26,-84,-107
10:50:07,33,-104,-118
10:50:07,22,-101,-131
10:50:07,18,-95,-116
10:50:07,19,-102,-122
10:50:07,19,-99,-109
10:50:07,19,-87,-124
10:50:07,14,-91,-137
10:50:07,27,-94,-118
10:50:07,28,-108,-115
10:50:07,26,-101,-125
10:50:07,16,-104,-119
10:50:07,15,-95,-110
10:50:07,33,-101,-96
10:50:07,29,-95,-116
10:50:08,25,-99,-125
10:50:08,13,-94,-124
10:50:08,21,-108,-107
10:50:08,22,-104,-122
10:50:08,18,-104,-131
10:50:08,9,-110,-127
10:50:08,19,-104,-109
10:50:08,27,-104,-122
10:50:08,26,-101,-121
10:50:08,20,-101,-136
10:50:08,16,-107,-122
10:50:08,23,-103,-124
10:50:08,14,-98,-119
10:50:08,14,-98,-115
10:50:08,22,-95,-125
10:50:08,32,-107,-122
10:50:08,32,-92,-132
10:50:08,21,-97,-112
10:50:08,17,-99,-107
10:50:08,16,-89,-113
10:50:09,36,-97,-120
10:50:09,18,-98,-111
10:50:09,15,-103,-110
10:50:09,18,-93,-122
10:50:09,19,-97,-104
10:50:09,15,-86,-111
10:50:09,10,-93,-126
10:50:09,11,-98,-121
10:50:09,26,-104,-128
10:50:09,24,-110,-116
10:50:09,10,-86,-126
10:50:09,9,-104,-127
10:50:09,16,-94,-114
10:50:09,28,-99,-132
10:50:09,20,-93,-124
10:50:09,15,-92,-139
10:50:09,14,-100,-116
10:50:09,20,-99,-116
10:50:09,27,-91,-128
10:50:09,17,-91,-107
10:50:10,16,-99,-98
10:50:10,18,-92,-110
10:50:10,26,-95,-103
10:50:10,12,-97,-125
10:50:10,18,-99,-127
10:50:10,15,-91,-107
10:50:10,28,-106,-122
10:50:10,26,-102,-127
10:50:10,23,-104,-116
10:50:10,12,-109,-123
10:50:10,23,-103,-125
10:50:10,15,-103,-121
10:50:10,7,-99,-108
10:50:10,13,-92,-136
10:50:10,18,-100,-127
10:50:10,33,-92,-122
10:50:10,22,-105,-122
10:50:10,12,-103,-137
10:50:10,22,-100,-126
10:50:11,26,-102,-113
10:50:11,30,-97,-102
10:50:11,21,-96,-119
10:50:11,14,-104,-126
10:50:11,30,-94,-120
10:50:11,24,-92,-113
10:50:11,17,-91,-113
10:50:11,21,-99,-119
10:50:11,34,-104,-111
10:50:11,30,-97,-109
10:50:11,25,-92,-122
10:50:11,10,-106,-115
10:50:11,17,-110,-118
10:50:11,23,-105,-106
10:50:11,26,-96,-127
10:50:11,21,-98,-123
10:50:11,16,-108,-116
10:50:11,23,-99,-106
10:50:11,19,-94,-108
10:50:11,25,-100,-121
10:50:12,5,-92,-125
10:50:12,32,-104,-127
10:50:12,28,-95,-116
10:50:12,29,-111,-119
10:50:12,8,-95,-120
10:50:12,16,-98,-122
10:50:12,25,-96,-131
10:50:12,26,-98,-111
10:50:12,19,-93,-141
10:50:12,8,-96,-98
10:50:12,22,-94,-93
10:50:12,21,-96,-115
10:50:12,26,-98,-109
10:50:12,17,-90,-119
10:50:12,27,-106,-109
10:50:12,21,-91,-110
10:50:12,23,-106,-117
10:50:12,10,-101,-99
10:50:12,14,-104,-131
10:50:12,21,-99,-117
10:50:13,28,-100,-119
10:50:13,20,-98,-121
10:50:13,16,-100,-125
10:50:13,18,-100,-114
10:50:13,25,-108,-127
10:50:13,18,-100,-125
10:50:13,11,-102,-115
10:50:13,10,-95,-116
10:50:13,22,-99,-132
10:50:13,23,-101,-122
10:50:13,19,-105,-103
10:50:13,22,-103,-102
10:50:13,24,-110,-106
10:50:13,28,-92,-110
10:50:13,18,-106,-116
10:50:13,24,-98,-119
10:50:13,19,-103,-107
10:50:13,18,-103,-122
10:50:13,22,-103,-143
10:50:13,9,-99,-120
10:50:14,17,-98,-125
10:50:14,26,-96,-123
10:50:14,20,-114,-120
10:50:14,5,-91,-131
10:50:14,18,-111,-131
10:50:14,21,-101,-120
10:50:14,29,-109,-119
10:50:14,18,-105,-123
10:50:14,16,-104,-125
10:50:14,29,-106,-132
10:50:14,28,-97,-125
10:50:14,22,-93,-111
10:50:14,20,-91,-115
10:50:14,24,-100,-122
10:50:14,21,-100,-94
10:50:14,20,-90,-117
10:50:14,12,-87,-121
10:50:14,17,-95,-103
10:50:14,25,-94,-112
10:50:15,30,-96,-115
10:50:15,19,-104,-118
10:50:15,10,-98,-122
10:50:15,22,-93,-113
10:50:15,28,-100,-126
10:50:15,27,-98,-119
10:50:15,1,-95,-117
10:50:15,23,-107,-122
10:50:15,33,-107,-119
10:50:15,25,-99,-110
10:50:15,12,-94,-126
10:50:15,22,-102,-118
10:50:15,25,-90,-121
10:50:15,17,-103,-114
10:50:15,17,-96,-127
10:50:15,9,-95,-113
10:50:15,25,-105,-127
10:50:15,33,-105,-129
10:50:15,28,-74,-114
10:50:15,12,-104,-119
10:50:16,19,-106,-120
10:50:16,30,-99,-118
10:50:16,24,-94,-114
10:50:16,16,-95,-104
10:50:16,10,-89,-112
10:50:16,18,-96,-117
10:50:16,29,-101,-123
10:50:16,6,-96,-112
10:50:16,13,-102,-126
10:50:16,25,-101,-143
10:50:16,34,-94,-107
10:50:16,30,-96,-111
10:50:16,16,-90,-118
10:50:16,6,-102,-125
10:50:16,24,-106,-123
10:50:16,23,-112,-130
10:50:16,23,-100,-113
10:50:16,15,-100,-116
10:50:16,30,-103,-127
10:50:16,22,-107,-118
10:50:17,18,-92,-111
10:50:17,7,-96,-123
10:50:17,20,-94,-115
10:50:17,25,-93,-130
10:50:17,27,-85,-109
10:50:17,7,-101,-115
10:50:17,23,-98,-107
10:50:17,32,-109,-115
10:50:17,23,-98,-121
10:50:17,15,-104,-136
10:50:17,17,-95,-108
10:50:17,19,-98,-111
10:50:17,27,-97,-118
10:50:17,10,-91,-110
10:50:17,13,-100,-120
10:50:17,20,-113,-122
10:50:17,37,-103,-120
10:50:17,23,-91,-110
10:50:17,19,-99,-127
10:50:18,16,-105,-131
10:50:18,15,-93,-122
10:50:18,19,-101,-119
10:50:18,21,-95,-108
10:50:18,8,-99,-133
10:50:18,32,-103,-115
10:50:18,21,-83,-111
10:50:18,25,-100,-123
10:50:18,12,-98,-124
10:50:18,20,-107,-107
10:50:18,29,-99,-106
10:50:18,30,-104,-116
10:50:18,21,-101,-118
10:50:18,16,-107,-126
10:50:18,20,-103,-127
10:50:18,26,-92,-115
10:50:18,24,-101,-134
10:50:18,11,-93,-126
10:50:18,15,-97,-118
10:50:18,30,-102,-113
10:50:19,19,-106,-112
10:50:19,2,-92,-126
10:50:19,13,-90,-116
10:50:19,24,-92,-108
10:50:19,28,-98,-115
10:50:19,21,-99,-112
10:50:19,2,-99,-125
10:50:19,18,-98,-121
10:50:19,28,-90,-118
10:50:19,19,-100,-116
10:50:19,14,-96,-117
10:50:19,20,-99,-111
10:50:19,32,-95,-97
10:50:19,23,-92,-115
10:50:19,12,-104,-122
10:50:19,9,-97,-115
10:50:19,21,-92,-112
10:50:19,26,-94,-113
10:50:19,7,-104,-129
10:50:19,18,-97,-114
10:50:20,23,-99,-112
10:50:20,18,-95,-130
10:50:20,25,-104,-113
10:50:20,21,-102,-116
10:50:20,5,-87,-117
10:50:20,28,-100,-112
10:50:20,29,-98,-109
10:50:20,12,-90,-133
10:50:20,12,-93,-121
10:50:20,19,-94,-104
10:50:20,24,-96,-126
10:50:20,16,-98,-125
10:50:20,11,-96,-106
10:50:20,35,-100,-123
10:50:20,27,-95,-111
10:50:20,15,-85,-123
10:50:20,15,-97,-101
10:50:20,19,-96,-96
10:50:20,32,-101,-108
10:50:20,29,-101,-107
10:50:21,16,-99,-120
10:50:21,12,-101,-125
10:50:21,21,-91,-121
10:50:21,21,-100,-110
10:50:21,11,-97,-119
10:50:21,10,-101,-123
10:50:21,18,-96,-106
10:50:21,25,-101,-118
10:50:21,25,-100,-129
10:50:21,14,-95,-119
10:50:21,20,-95,-125
10:50:21,20,-98,-103
10:50:21,20,-104,-133
10:50:21,13,-98,-119
10:50:21,19,-106,-125
10:50:21,21,-101,-126
10:50:21,22,-108,-113
10:50:21,13,-97,-117
10:50:21,11,-102,-123
10:50:22,35,-103,-118
10:50:22,29,-94,-103
10:50:22,22,-102,-128
10:50:22,5,-92,-126
10:50:22,16,-102,-115
10:50:22,29,-92,-110
10:50:22,38,-96,-113
10:50:22,12,-104,-115
10:50:22,23,-106,-122
10:50:22,18,-91,-111
10:50:22,28,-107,-119
10:50:22,10,-101,-121
10:50:22,8,-88,-121
10:50:22,23,-100,-99
10:50:22,27,-94,-115
10:50:22,22,-99,-118
10:50:22,10,-94,-128
10:50:22,14,-107,-115
10:50:22,29,-105,-118
10:50:22,24,-98,-113
10:50:23,16,-101,-133
10:50:23,7,-102,-115
10:50:23,15,-100,-112
10:50:23,19,-97,-108
10:50:23,30,-105,-104
10:50:23,13,-95,-122
10:50:23,23,-95,-117
10:50:23,26,-94,-123
10:50:23,22,-89,-120
10:50:23,19,-95,-121
10:50:23,23,-104,-130
10:50:23,23,-93,-113
10:50:23,18,-91,-107
10:50:23,13,-100,-121
10:50:23,15,-103,-119
10:50:23,23,-103,-116
10:50:23,30,-98,-109
10:50:23,21,-100,-119
10:50:23,13,-105,-117
10:50:23,20,-105,-126
10:50:24,33,-104,-105
10:50:24,19,-99,-118
10:50:24,17,-99,-134
10:50:24,14,-113,-131
10:50:24,33,-107,-125
10:50:24,21,-98,-127
10:50:24,19,-97,-132
10:50:24,16,-97,-118
10:50:24,23,-96,-111
10:50:24,19,-88,-112
10:50:24,21,-108,-114
10:50:24,19,-93,-109
10:50:24,21,-99,-115
10:50:24,23,-92,-107
10:50:24,25,-86,-97
10:50:24,10,-96,-123
10:50:24,11,-98,-134
10:50:24,21,-92,-105
10:50:24,38,-109,-117
10:50:25,17,-95,-133
10:50:25,9,-102,-120
10:50:25,14,-96,-117
10:50:25,26,-96,-113
10:50:25,24,-102,-117
10:50:25,18,-99,-116
10:50:25,20,-98,-123
10:50:25,27,-96,-114
10:50:25,27,-94,-120
10:50:25,10,-89,-121
10:50:25,19,-105,-118
10:50:25,21,-95,-125
10:50:25,27,-99,-119
10:50:25,10,-83,-117
10:50:25,10,-100,-128
10:50:25,20,-89,-103
10:50:25,29,-91,-119
10:50:25,31,-102,-117
10:50:25,19,-97,-120
10:50:25,16,-100,-110
10:50:26,19,-89,-119
10:50:26,21,-102,-137
10:50:26,22,-106,-107
10:50:26,18,-99,-116
10:50:26,20,-98,-124
10:50:26,25,-106,-107
10:50:26,24,-96,-123
10:50:26,5,-94,-121
10:50:26,14,-96,-119
10:50:26,28,-94,-115
10:50:26,27,-104,-119
10:50:26,19,-104,-112
10:50:26,17,-111,-130
10:50:26,27,-99,-113
10:50:26,27,-108,-117
10:50:26,21,-97,-129
10:50:26,16,-99,-125
10:50:26,17,-92,-119
10:50:26,27,-85,-102
10:50:26,24,-94,-122
10:50:27,13,-103,-98
10:50:27,33,-108,-111
10:50:27,29,-96,-120
10:50:27,20,-102,-114
10:50:27,13,-88,-111
10:50:27,2,-93,-109
10:50:27,22,-95,-128
10:50:27,14,-106,-128
10:50:27,14,-99,-126
10:50:27,14,-103,-116
10:50:27,22,-100,-128
10:50:27,31,-94,-118
10:50:27,11,-109,-141
10:50:27,12,-100,-132
10:50:27,29,-113,-119
10:50:27,29,-113,-129
10:50:27,24,-92,-104
10:50:27,20,-95,-115
10:50:27,19,-100,-115
10:50:28,24,-103,-125
10:50:28,22,-99,-127
10:50:28,27,-99,-120
10:50:28,13,-97,-124
10:50:28,29,-102,-103
10:50:28,26,-95,-119
10:50:28,19,-84,-110
10:50:28,20,-86,-119
10:50:28,15,-77,-111
10:50:28,19,-97,-120
10:50:28,29,-98,-109
10:50:28,18,-91,-117
10:50:28,20,-95,-115
10:50:28,17,-97,-117
10:50:28,19,-100,-121
10:50:28,18,-96,-123
10:50:28,11,-97,-105
10:50:28,24,-99,-115
10:50:28,25,-97,-128
10:50:28,23,-95,-126
10:50:29,13,-98,-124
10:50:29,20,-101,-110
10:50:29,25,-102,-114
10:50:29,25,-108,-121
10:50:29,19,-101,-113
10:50:29,23,-93,-122
10:50:29,20,-98,-100
10:50:29,20,-97,-119
10:50:29,17,-97,-114
10:50:29,14,-96,-122
10:50:29,27,-100,-121
10:50:29,23,-96,-104
10:50:29,29,-95,-118
10:50:29,10,-88,-133
10:50:29,14,-106,-119
10:50:29,22,-98,-116
10:50:29,31,-99,-111
10:50:29,12,-93,-120
10:50:29,21,-93,-120
10:50:29,24,-107,-110
10:50:30,17,-102,-107
10:50:30,20,-104,-114
10:50:30,19,-89,-124
10:50:30,16,-103,-107
10:50:30,19,-94,-111
10:50:30,25,-96,-114
10:50:30,11,-97,-124
10:50:30,15,-112,-113
10:50:30,22,-102,-121
10:50:30,23,-101,-106
10:50:30,24,-110,-116
10:50:30,16,-95,-119
10:50:30,28,-95,-123
10:50:30,33,-101,-122
10:50:30,13,-98,-126
10:50:30,13,-93,-114
10:50:30,17,-101,-105
10:50:30,37,-94,-114
10:50:30,17,-98,-122
10:50:30,13,-101,-128
10:50:31,12,-94,-116
10:50:31,12,-97,-126
10:50:31,21,-96,-131
10:50:31,19,-105,-111
10:50:31,20,-99,-119
10:50:31,16,-96,-116
10:50:31,25,-95,-105
10:50:31,27,-100,-117
10:50:31,19,-107,-135
10:50:31,18,-99,-123
10:50:31,23,-93,-123
10:50:31,25,-98,-129
10:50:31,14,-99,-126
10:50:31,13,-100,-121
10:50:31,27,-85,-113
10:50:31,37,-101,-125
10:50:31,12,-103,-109
10:50:31,12,-102,-126
10:50:31,32,-98,-120
10:50:32,33,-91,-115
10:50:32,31,-103,-110
10:50:32,13,-88,-124
10:50:32,18,-96,-116
10:50:32,15,-93,-110
10:50:32,21,-96,-123
10:50:32,14,-89,-138
10:50:32,19,-104,-113
10:50:32,18,-92,-123
10:50:32,24,-99,-131
10:50:32,9,-102,-134
10:50:32,15,-105,-114
10:50:32,25,-96,-115
10:50:32,33,-103,-128
10:50:32,27,-107,-123
10:50:32,16,-108,-123
10:50:32,10,-94,-106
10:50:32,14,-92,-119
10:50:32,28,-95,-116
10:50:32,13,-96,-132
10:50:33,19,-87,-109
10:50:33,28,-98,-123
10:50:33,13,-95,-122
10:50:33,18,-89,-113
10:50:33,26,-118,-105
10:50:33,14,-91,-108
10:50:33,33,-88,-128
10:50:33,23,-107,-115
10:50:33,18,-98,-122
10:50:33,21,-106,-127
10:50:33,29,-100,-137
10:50:33,24,-106,-125
10:50:33,15,-105,-133
10:50:33,12,-102,-116
10:50:33,25,-100,-113
10:50:33,32,-94,-105
10:50:33,17,-105,-125
10:50:33,3,-106,-99
10:50:33,13,-104,-133
10:50:33,28,-94,-123
10:50:34,21,-100,-124
10:50:34,20,-111,-119
10:50:34,7,-108,-118
10:50:34,21,-88,-117
10:50:34,20,-101,-118
10:50:34,21,-104,-114
10:50:34,14,-93,-115
10:50:34,21,-100,-118
10:50:34,29,-104,-122
10:50:34,23,-104,-109
10:50:34,15,-99,-116
10:50:34,25,-91,-127
10:50:34,32,-102,-130
10:50:34,21,-99,-112
10:50:34,23,-101,-129
10:50:34,17,-101,-125
10:50:34,21,-104,-119
10:50:34,19,-89,-129
10:50:34,13,-105,-129
10:50:34,9,-100,-125
10:50:35,24,-102,-120
10:50:35,29,-108,-122
10:50:35,25,-98,-115
10:50:35,12,-99,-123
10:50:35,23,-101,-115
10:50:35,33,-90,-116
10:50:35,27,-99,-111
10:50:35,16,-97,-113
10:50:35,17,-93,-130
10:50:35,17,-96,-122
10:50:35,25,-104,-123
10:50:35,22,-97,-109
10:50:35,9,-93,-114
10:50:35,31,-93,-126
10:50:35,39,-91,-116
10:50:35,26,-86,-124
10:50:35,10,-104,-113
10:50:35,18,-98,-123
10:50:35,25,-95,-127
10:50:36,20,-89,-128
10:50:36,27,-105,-120
10:50:36,19,-98,-115
10:50:36,23,-107,-118
10:50:36,23,-98,-115
10:50:36,8,-89,-131
10:50:36,10,-101,-130
10:50:36,18,-93,-120
10:50:36,27,-99,-129
10:50:36,24,-96,-117
10:50:36,11,-93,-125
10:50:36,21,-106,-117
10:50:36,25,-97,-133
10:50:36,25,-102,-120
10:50:36,12,-96,-129
10:50:36,21,-99,-118
10:50:36,29,-96,-123
10:50:36,34,-100,-111
10:50:36,20,-100,-125
10:50:36,7,-90,-113
10:50:37,13,-78,-100
10:50:37,30,-99,-114
10:50:37,24,-99,-117
10:50:37,15,-111,-130
10:50:37,20,-98,-107
10:50:37,31,-113,-116
10:50:37,18,-95,-124
10:50:37,16,-103,-115
10:50:37,21,-103,-120
10:50:37,32,-100,-117
10:50:37,24,-106,-109
10:50:37,27,-103,-130
10:50:37,14,-98,-119
10:50:37,22,-99,-107
10:50:37,25,-104,-111
10:50:37,22,-101,-112
10:50:37,14,-98,-121
10:50:37,19,-100,-112
10:50:37,19,-92,-125
10:50:37,29,-99,-119
10:50:38,15,-104,-125
10:50:38,19,-87,-126
10:50:38,23,-103,-117
10:50:38,33,-99,-109
10:50:38,21,-92,-131
10:50:38,3,-95,-114
10:50:38,14,-104,-121
10:50:38,23,-95,-125
10:50:38,28,-96,-125
10:50:38,13,-101,-133
10:50:38,15,-101,-116
10:50:38,29,-114,-113
10:50:38,14,-94,-117
10:50:38,13,-89,-133
10:50:38,20,-98,-115
10:50:38,24,-105,-124
10:50:38,30,-86,-129
10:50:38,24,-94,-114
10:50:38,14,-104,-108
10:50:39,8,-92,-119
10:50:39,15,-94,-102
10:50:39,26,-107,-117
10:50:39,33,-97,-125
10:50:39,7,-82,-110
10:50:39,24,-96,-109
10:50:39,22,-100,-118
10:50:39,17,-89,-104
10:50:39,9,-93,-112
10:50:39,22,-93,-122
10:50:39,29,-98,-96
10:50:39,22,-93,-130
10:50:39,9,-90,-119
10:50:39,13,-105,-130
10:50:39,32,-104,-131
10:50:39,22,-100,-111
10:50:39,6,-86,-127
10:50:39,12,-103,-116
10:50:39,11,-91,-131
10:50:39,19,-98,-127
10:50:40,18,-106,-119
10:50:40,16,-103,-128
10:50:40,29,-99,-126
10:50:40,20,-88,-127
10:50:40,21,-85,-110
10:50:40,18,-92,-120
10:50:40,-1,-96,-128
10:50:40,18,-104,-116
10:50:40,36,-99,-111
10:50:40,27,-91,-113
10:50:40,21,-95,-112
10:50:40,26,-87,-116
10:50:40,28,-92,-110
10:50:40,25,-100,-130
10:50:40,15,-96,-123
10:50:40,18,-105,-118
10:50:40,24,-99,-110
10:50:40,27,-102,-121
10:50:40,20,-94,-119
10:50:40,14,-112,-113
10:50:41,15,-104,-131
10:50:41,31,-107,-116
10:50:41,15,-105,-129
10:50:41,19,-96,-121
10:50:41,24,-99,-111
10:50:41,16,-96,-125
10:50:41,22,-99,-118
10:50:41,8,-100,-119
10:50:41,26,-105,-128
10:50:41,28,-100,-133
10:50:41,28,-99,-117
10:50:41,4,-84,-121
10:50:41,9,-105,-118
10:50:41,28,-102,-114
10:50:41,18,-104,-117
10:50:41,31,-102,-120
10:50:41,8,-99,-118
10:50:41,29,-90,-114
10:50:41,36,-103,-112
10:50:41,21,-100,-114
10:50:42,8,-94,-130
10:50:42,22,-104,-104
10:50:42,26,-97,-118
10:50:42,18,-99,-126
10:50:42,18,-88,-125
10:50:42,13,-106,-136
10:50:42,22,-99,-132
10:50:42,21,-106,-112
10:50:42,16,-91,-125
10:50:42,9,-111,-128
10:50:42,28,-94,-123
10:50:42,20,-93,-125
10:50:42,18,-103,-106
10:50:42,13,-96,-135
10:50:42,23,-99,-109
10:50:42,31,-100,-110
10:50:42,39,-97,-120
10:50:42,11,-91,-128
10:50:42,18,-102,-108
10:50:43,18,-101,-120
10:50:43,25,-92,-112
10:50:43,24,-100,-110
10:50:43,12,-105,-124
10:50:43,27,-97,-110
10:50:43,14,-83,-116
10:50:43,24,-101,-108
10:50:43,22,-112,-136
10:50:43,10,-103,-123
10:50:43,22,-102,-127
10:50:43,28,-105,-131
10:50:43,21,-89,-114
10:50:43,6,-101,-120
10:50:43,20,-94,-115
10:50:43,27,-99,-115
10:50:43,23,-98,-126
10:50:43,9,-109,-115
10:50:43,18,-79,-110
10:50:43,20,-101,-122
10:50:43,15,-97,-118
10:50:44,14,-100,-116
10:50:44,25,-109,-123
10:50:44,25,-100,-111
10:50:44,20,-88,-109
10:50:44,20,-92,-110
10:50:44,13,-91,-104
10:50:44,30,-100,-109
10:50:44,27,-93,-126
10:50:44,14,-95,-111
10:50:44,12,-104,-120
10:50:44,17,-101,-121
10:50:44,27,-101,-125
10:50:44,25,-110,-116
10:50:44,18,-111,-124
10:50:44,9,-103,-108
10:50:44,24,-91,-115
10:50:44,25,-95,-114
10:50:44,3,-86,-115
10:50:44,14,-89,-112
10:50:44,30,-98,-110
10:50:45,40,-112,-112
10:50:45,16,-97,-120
10:50:45,11,-108,-118
10:50:45,17,-93,-107
10:50:45,29,-94,-113
10:50:45,33,-94,-116
10:50:45,21,-101,-104
10:50:45,19,-103,-117
10:50:45,14,-102,-121
10:50:45,29,-98,-115
10:50:45,23,-93,-115
10:50:45,3,-93,-130
10:50:45,16,-103,-127
10:50:45,15,-91,-122
10:50:45,19,-94,-114
10:50:45,10,-92,-124
10:50:45,15,-105,-120
10:50:45,23,-96,-128
10:50:45,10,-91,-119
10:50:46,16,-95,-133
10:50:46,15,-91,-124
10:50:46,16,-91,-122
10:50:46,25,-100,-120
10:50:46,25,-103,-126
10:50:46,9,-89,-116
10:50:46,26,-97,-115
10:50:46,19,-102,-113
10:50:46,25,-101,-112
10:50:46,12,-85,-111
10:50:46,15,-101,-107
10:50:46,29,-106,-110
10:50:46,23,-93,-115
10:50:46,18,-90,-118
10:50:46,25,-105,-122
10:50:46,25,-106,-119
10:50:46,13,-94,-118
10:50:46,21,-97,-108
10:50:46,12,-107,-112
10:50:46,24,-96,-111
10:50:47,21,-89,-121
10:50:47,14,-91,-120
10:50:47,16,-109,-123
10:50:47,14,-107,-116
10:50:47,26,-93,-119
10:50:47,29,-99,-100
10:50:47,26,-102,-124
10:50:47,19,-97,-112
10:50:47,25,-105,-111
10:50:47,25,-99,-117
10:50:47,21,-102,-124
10:50:47,9,-88,-111
10:50:47,18,-109,-125
10:50:47,22,-101,-114
10:50:47,30,-103,-117
10:50:47,16,-98,-113
10:50:47,15,-98,-116
10:50:47,25,-99,-128
10:50:47,22,-93,-127
10:50:47,16,-92,-131
10:50:48,10,-99,-125
10:50:48,19,-94,-108
10:50:48,24,-90,-112
10:50:48,24,-100,-119
10:50:48,12,-105,-120
10:50:48,15,-100,-101
10:50:48,23,-98,-102
10:50:48,26,-99,-112
10:50:48,14,-83,-130
10:50:48,9,-98,-127
10:50:48,24,-98,-110
10:50:48,32,-104,-124
10:50:48,13,-97,-136
10:50:48,10,-96,-127
10:50:48,34,-96,-111
10:50:48,29,-90,-117
10:50:48,21,-93,-103
10:50:48,9,-96,-123
10:50:48,13,-103,-111
10:50:48,21,-104,-132
10:50:49,14,-100,-114
10:50:49,19,-100,-123
10:50:49,15,-108,-134
10:50:49,17,-102,-106
10:50:49,25,-105,-114
10:50:49,19,-99,-120
10:50:49,11,-90,-130
10:50:49,20,-98,-114
10:50:49,30,-99,-109
10:50:49,24,-106,-110
10:50:49,10,-91,-117
10:50:49,10,-105,-113
10:50:49,29,-96,-115
10:50:49,19,-85,-114
10:50:49,12,-99,-132
10:50:49,9,-98,-119
10:50:49,26,-97,-120
10:50:49,30,-105,-112
10:50:49,25,-91,-116
10:50:50,17,-90,-123
10:50:50,17,-93,-121
10:50:50,25,-96,-124
10:50:50,24,-95,-124
10:50:50,22,-96,-131
10:50:50,20,-107,-118
10:50:50,15,-98,-121
10:50:50,21,-105,-112
10:50:50,8,-107,-140
10:50:50,8,-89,-111
10:50:50,22,-95,-117
10:50:50,30,-103,-120
10:50:50,27,-103,-123
10:50:50,12,-108,-122
10:50:50,20,-104,-128
10:50:50,33,-104,-139
10:50:50,37,-109,-128
10:50:50,23,-97,-118
10:50:50,9,-94,-122
10:50:50,21,-110,-112
10:50:51,14,-100,-125
10:50:51,25,-100,-128
10:50:51,12,-97,-114
10:50:51,29,-101,-111
10:50:51,25,-101,-112
10:50:51,8,-97,-120
10:50:51,19,-97,-120
10:50:51,27,-104,-115
10:50:51,29,-103,-125
10:50:51,27,-89,-124
10:50:51,13,-97,-129
10:50:51,11,-98,-125
10:50:51,26,-103,-122
10:50:51,30,-97,-120
10:50:51,16,-115,-110
10:50:51,15,-91,-127
10:50:51,22,-97,-113
10:50:51,29,-95,-109
10:50:51,21,-105,-116
10:50:51,16,-99,-131
10:50:52,20,-93,-107
10:50:52,25,-96,-118
10:50:52,25,-98,-115
10:50:52,23,-88,-118
10:50:52,24,-101,-118
10:50:52,25,-106,-126
10:50:52,16,-87,-126
10:50:52,16,-86,-121
10:50:52,17,-94,-133
10:50:52,35,-90,-121
10:50:52,29,-103,-138
10:50:52,26,-107,-126
10:50:52,15,-108,-115
10:50:52,10,-103,-121
10:50:52,24,-101,-113
10:50:52,15,-89,-133
10:50:52,24,-93,-125
10:50:52,24,-101,-136
10:50:52,22,-102,-112
10:50:53,18,-101,-121
10:50:53,22,-102,-125
10:50:53,12,-93,-110
10:50:53,22,-101,-109
10:50:53,30,-102,-122
10:50:53,16,-96,-121
10:50:53,3,-97,-140
10:50:53,20,-101,-112
10:50:53,23,-91,-122
10:50:53,34,-92,-119
10:50:53,26,-104,-114
10:50:53,9,-91,-132
10:50:53,22,-94,-124
10:50:53,20,-100,-118
10:50:53,22,-103,-121
10:50:53,17,-84,-128
10:50:53,27,-110,-114
10:50:53,26,-95,-127
10:50:53,14,-98,-119
10:50:53,3,-96,-128
10:50:54,21,-105,-115
10:50:54,26,-91,-134
10:50:54,21,-99,-116
10:50:54,14,-86,-123
10:50:54,13,-99,-119
10:50:54,18,-95,-113
10:50:54,24,-88,-105
10:50:54,24,-96,-121
10:50:54,12,-91,-125
10:50:54,8,-104,-119
10:50:54,27,-85,-117
10:50:54,21,-90,-109
10:50:54,20,-110,-130
10:50:54,20,-106,-125
10:50:54,26,-103,-103
10:50:54,20,-96,-114
10:50:54,12,-93,-121
10:50:54,7,-104,-110
10:50:54,14,-102,-134
10:50:54,29,-103,-123
10:50:55,21,-94,-140
10:50:55,12,-93,-116
10:50:55,21,-98,-106
10:50:55,26,-89,-126
10:50:55,21,-105,-119
10:50:55,24,-105,-121
10:50:55,8,-102,-118
10:50:55,29,-102,-109
10:50:55,22,-102,-119
10:50:55,10,-95,-130
10:50:55,20,-109,-109
10:50:55,23,-101,-102
10:50:55,39,-97,-114
10:50:55,15,-88,-103
10:50:55,9,-91,-123
10:50:55,26,-104,-108
10:50:55,29,-92,-117
10:50:55,23,-100,-122
10:50:55,17,-109,-125
10:50:55,9,-100,-122
10:50:56,19,-106,-126
10:50:56,19,-96,-129
10:50:56,25,-105,-121
10:50:56,7,-98,-125
10:50:56,10,-102,-119
10:50:56,32,-109,-133
10:50:56,23,-102,-122
10:50:56,10,-99,-125
10:50:56,13,-112,-111
10:50:56,30,-100,-113
10:50:56,18,-91,-117
10:50:56,21,-84,-122
10:50:56,16,-87,-108
10:50:56,23,-100,-110
10:50:56,28,-101,-111
10:50:56,23,-100,-106
10:50:56,8,-101,-118
10:50:56,20,-101,-112
10:50:56,32,-98,-124
10:50:57,13,-96,-127
10:50:57,9,-100,-131
10:50:57,11,-106,-120
10:50:57,14,-105,-127
10:50:57,28,-101,-121
10:50:57,16,-96,-116
10:50:57,6,-111,-121
10:50:57,15,-91,-105
10:50:57,27,-103,-119
10:50:57,13,-99,-110
10:50:57,8,-87,-106
10:50:57,22,-87,-117
10:50:57,32,-94,-123
10:50:57,20,-95,-129
10:50:57,9,-97,-134
10:50:57,15,-102,-132
10:50:57,31,-101,-106
10:50:57,30,-106,-112
10:50:57,10,-92,-123
10:50:57,7,-103,-126
10:50:58,25,-103,-129
10:50:58,23,-96,-111
10:50:58,13,-95,-123
10:50:58,12,-94,-134
10:50:58,13,-103,-123
10:50:58,23,-107,-123
10:50:58,27,-100,-96
10:50:58,16,-93,-119
10:50:58,19,-99,-122
10:50:58,23,-101,-103
10:50:58,20,-110,-112
10:50:58,13,-101,-123
10:50:58,28,-105,-118
10:50:58,19,-98,-130
10:50:58,24,-104,-111
10:50:58,18,-96,-125
10:50:58,15,-100,-114
10:50:58,21,-95,-112
10:50:58,28,-95,-114
10:50:58,25,-110,-115
10:50:59,19,-85,-119
10:50:59,10,-102,-108
10:50:59,23,-102,-116
10:50:59,25,-105,-117
10:50:59,28,-95,-126
10:50:59,18,-102,-126
10:50:59,19,-103,-114
10:50:59,18,-109,-113
10:50:59,14,-95,-119
10:50:59,18,-113,-121
10:50:59,21,-100,-116
10:50:59,13,-86,-109
10:50:59,28,-100,-111
10:50:59,18,-84,-126
10:50:59,12,-100,-137
10:50:59,22,-110,-101
10:50:59,20,-99,-104
10:50:59,13,-94,-118
10:50:59,10,-93,-107
10:51:00,33,-92,-112
10:51:00,29,-98,-115
10:51:00,16,-82,-107
10:51:00,12,-110,-113
10:51:00,34,-88,-120
10:51:00,26,-92,-100
10:51:00,23,-94,-115
10:51:00,18,-96,-122
10:51:00,15,-98,-135
10:51:00,20,-100,-124
10:51:00,28,-97,-120
10:51:00,18,-106,-128
10:51:00,14,-97,-114
10:51:00,27,-102,-110
10:51:00,16,-97,-114
10:51:00,23,-95,-118
10:51:00,9,-116,-126
10:51:00,13,-97,-112
10:51:00,35,-109,-127
10:51:00,27,-99,-106
10:51:01,11,-88,-111
10:51:01,20,-104,-115
10:51:01,32,-97,-115
10:51:01,29,-103,-122
10:51:01,19,-94,-134
10:51:01,12,-83,-121
10:51:01,29,-104,-124
10:51:01,27,-87,-123
10:51:01,25,-99,-119
10:51:01,19,-103,-128
10:51:01,16,-92,-116
10:51:01,23,-98,-124
10:51:01,29,-106,-118
10:51:01,12,-99,-124
10:51:01,9,-97,-133
10:51:01,28,-90,-122
10:51:01,22,-97,-129
10:51:01,24,-106,-115
10:51:01,14,-90,-104
10:51:01,18,-98,-128
10:51:02,20,-87,-119
10:51:02,18,-104,-105
10:51:02,23,-101,-113
10:51:02,16,-98,-110
10:51:02,22,-102,-101
10:51:02,32,-93,-115
10:51:02,15,-92,-121
10:51:02,17,-91,-115
10:51:02,23,-104,-101
10:51:02,33,-96,-120
10:51:02,26,-106,-127
10:51:02,17,-94,-118
10:51:02,5,-98,-122
10:51:02,19,-99,-126
10:51:02,15,-105,-107
10:51:02,13,-95,-116
10:51:02,18,-105,-136
10:51:02,17,-101,-145
10:51:02,29,-100,-127
10:51:02,20,-101,-112
10:51:03,17,-108,-132
10:51:03,28,-109,-116
10:51:03,26,-102,-117
10:51:03,16,-95,-123
10:51:03,8,-100,-138
10:51:03,21,-106,-114
10:51:03,30,-89,-121
10:51:03,30,-107,-115
10:51:03,17,-96,-121
10:51:03,20,-100,-106
10:51:03,23,-97,-118
10:51:03,30,-100,-117
10:51:03,20,-97,-120
10:51:03,11,-93,-126
10:51:03,22,-95,-118
10:51:03,26,-101,-102
10:51:03,13,-100,-120
10:51:03,11,-96,-125
10:51:03,19,-96,-121
10:51:04,30,-94,-119
10:51:04,32,-113,-117
10:51:04,18,-105,-124
10:51:04,12,-102,-131
10:51:04,23,-105,-129
10:51:04,25,-103,-125
10:51:04,17,-105,-125
10:51:04,3,-100,-117
10:51:04,23,-98,-110
10:51:04,33,-91,-122
10:51:04,21,-106,-132
10:51:04,24,-110,-125
10:51:04,12,-103,-107
10:51:04,21,-103,-111
10:51:04,26,-99,-120
10:51:04,22,-98,-125
10:51:04,19,-108,-116
10:51:04,19,-96,-115
10:51:04,17,-103,-126
10:51:04,5,-96,-136
10:51:05,10,-101,-122
10:51:05,22,-100,-113
10:51:05,33,-103,-116
10:51:05,30,-113,-127
10:51:05,14,-108,-116
10:51:05,21,-96,-128
10:51:05,27,-108,-116
10:51:05,33,-96,-118
10:51:05,21,-107,-130
10:51:05,19,-104,-119
10:51:05,27,-94,-118
10:51:05,19,-89,-113
10:51:05,20,-91,-111
10:51:05,17,-98,-118
10:51:05,20,-99,-123
10:51:05,34,-108,-118
10:51:05,26,-100,-111
10:51:05,11,-99,-124
10:51:05,14,-106,-117
10:51:05,32,-106,-121
10:51:06,24,-96,-116
10:51:06,18,-104,-114
10:51:06,13,-94,-114
10:51:06,14,-96,-123
10:51:06,30,-99,-128
10:51:06,9,-101,-137
10:51:06,20,-103,-112
10:51:06,20,-104,-106
10:51:06,21,-104,-111
10:51:06,17,-96,-113
10:51:06,13,-93,-126
10:51:06,22,-113,-124
10:51:06,26,-100,-122
10:51:06,28,-93,-102
10:51:06,23,-88,-117
10:51:06,22,-97,-125
10:51:06,33,-108,-111
10:51:06,28,-107,-129
10:51:06,24,-105,-116
10:51:07,6,-97,-125
10:51:07,17,-97,-125
10:51:07,21,-97,-114
10:51:07,26,-95,-114
10:51:07,2,-92,-120
10:51:07,15,-104,-115
10:51:07,5,-94,-116
10:51:07,18,-87,-113
10:51:07,12,-90,-115
10:51:07,14,-97,-125
10:51:07,27,-91,-126
10:51:07,31,-100,-124
10:51:07,31,-100,-124
10:51:07,13,-85,-131
10:51:07,21,-89,-115
10:51:07,28,-102,-114
10:51:07,27,-91,-108
10:51:07,11,-81,-121
10:51:07,12,-105,-108
10:51:07,24,-99,-118
10:51:08,32,-91,-133
10:51:08,9,-94,-110
10:51:08,18,-103,-108
10:51:08,20,-90,-117
10:51:08,26,-94,-123
10:51:08,23,-106,-116
10:51:08,14,-85,-123
10:51:08,26,-93,-121
10:51:08,15,-99,-105
10:51:08,21,-98,-125
10:51:08,10,-90,-115
10:51:08,22,-96,-130
10:51:08,23,-91,-127
10:51:08,22,-97,-137
10:51:08,19,-100,-126
10:51:08,19,-93,-114
10:51:08,28,-95,-113
10:51:08,25,-88,-103
10:51:08,25,-91,-112
10:51:08,12,-82,-130
10:51:09,22,-106,-130
10:51:09,29,-99,-106
10:51:09,25,-87,-111
10:51:09,19,-88,-119
10:51:09,11,-102,-117
10:51:09,26,-108,-119
10:51:09,23,-100,-122
10:51:09,15,-95,-122
10:51:09,8,-96,-122
10:51:09,19,-91,-128
10:51:09,32,-112,-118
10:51:09,24,-95,-126
10:51:09,7,-98,-112
10:51:09,20,-102,-111
10:51:09,26,-103,-123
10:51:09,26,-103,-115
10:51:09,17,-104,-112
10:51:09,22,-100,-107
10:51:09,25,-96,-110
10:51:09,26,-97,-121
10:51:10,26,-105,-108
10:51:10,11,-89,-111
10:51:10,22,-105,-118
10:51:10,19,-92,-118
10:51:10,21,-97,-120
10:51:10,16,-87,-121
10:51:10,14,-104,-122
10:51:10,22,-99,-119
10:51:10,24,-106,-133
10:51:10,20,-112,-129
10:51:10,7,-102,-115
10:51:10,17,-96,-131
10:51:10,25,-104,-115
10:51:10,20,-95,-116
10:51:10,20,-96,-119
10:51:10,21,-102,-113
10:51:10,23,-89,-106
10:51:10,22,-100,-115
10:51:10,17,-91,-111
10:51:11,23,-103,-119
10:51:11,25,-100,-108
10:51:11,21,-86,-101
10:51:11,30,-102,-104
10:51:11,17,-96,-113
10:51:11,27,-92,-113
10:51:11,31,-108,-112
10:51:11,25,-101,-115
10:51:11,2,-102,-125
10:51:11,20,-114,-105
10:51:11,28,-109,-115
10:51:11,30,-97,-118
10:51:11,7,-93,-109
10:51:11,14,-100,-108
10:51:11,16,-102,-133
10:51:11,23,-101,-116
10:51:11,23,-90,-117
10:51:11,9,-88,-119
10:51:11,26,-102,-124
10:51:11,24,-98,-108
10:51:12,25,-100,-125
10:51:12,5,-93,-123
10:51:12,7,-101,-122
10:51:12,29,-103,-125
10:51:12,21,-98,-117
10:51:12,22,-98,-124
10:51:12,17,-99,-117
10:51:12,32,-116,-106
10:51:12,26,-92,-111
10:51:12,26,-105,-108
10:51:12,11,-87,-120
10:51:12,19,-95,-124
10:51:12,20,-95,-123
10:51:12,10,-96,-122
10:51:12,13,-98,-117
10:51:12,13,-99,-131
10:51:12,23,-98,-114
10:51:12,29,-89,-122
10:51:12,18,-100,-128
10:51:12,21,-100,-122
10:51:13,26,-95,-115
10:51:13,24,-100,-119
10:51:13,29,-101,-123
10:51:13,14,-98,-131
10:51:13,23,-98,-97
10:51:13,28,-93,-115
10:51:13,20,-104,-122
10:51:13,18,-95,-119
10:51:13,23,-96,-109
10:51:13,23,-92,-119
10:51:13,24,-97,-113
10:51:13,21,-97,-130
10:51:13,11,-103,-128
10:51:13,26,-101,-137
10:51:13,17,-99,-129
10:51:13,15,-106,-125
10:51:13,6,-102,-121
10:51:13,13,-104,-116
10:51:13,21,-96,-107
10:51:14,21,-81,-129
10:51:14,15,-93,-136
10:51:14,9,-84,-128
10:51:14,21,-102,-119
10:51:14,29,-97,-111
10:51:14,23,-103,-130
10:51:14,10,-91,-109
10:51:14,24,-98,-116
10:51:14,33,-92,-120
10:51:14,20,-106,-117
10:51:14,21,-108,-109
10:51:14,16,-103,-104
10:51:14,34,-97,-117
10:51:14,20,-92,-141
10:51:14,19,-96,-129
10:51:14,16,-101,-123
10:51:14,19,-107,-116
10:51:14,18,-100,-122
10:51:14,18,-97,-124
10:51:14,10,-98,-123
10:51:15,14,-102,-103
10:51:15,22,-101,-119
10:51:15,15,-100,-121
10:51:15,21,-106,-116
10:51:15,16,-104,-111
10:51:15,22,-92,-123
10:51:15,28,-95,-116
10:51:15,11,-102,-122
10:51:15,11,-94,-128
10:51:15,33,-100,-133
10:51:15,38,-99,-102
10:51:15,14,-94,-121
10:51:15,6,-87,-114
10:51:15,32,-100,-124
10:51:15,35,-105,-121
10:51:15,25,-95,-118
10:51:15,16,-90,-133
10:51:15,10,-104,-130
10:51:15,27,-101,-119
10:51:15,32,-110,-117
10:51:16,18,-96,-112
10:51:16,18,-112,-121
10:51:16,14,-98,-117
10:51:16,24,-94,-122
10:51:16,18,-107,-114
10:51:16,1,-103,-122
10:51:16,23,-94,-105
10:51:16,16,-101,-109
10:51:16,25,-98,-105
10:51:16,15,-81,-127
10:51:16,24,-101,-127
10:51:16,21,-95,-118
10:51:16,21,-96,-136
10:51:16,28,-95,-113
10:51:16,16,-95,-118
10:51:16,34,-91,-117
10:51:16,33,-91,-112
10:51:16,25,-103,-114
10:51:16,9,-94,-126
10:51:16,13,-104,-116
10:51:17,29,-106,-113
10:51:17,20,-82,-138
10:51:17,25,-103,-121
10:51:17,4,-112,-122
10:51:17,8,-101,-116
10:51:17,29,-101,-107
10:51:17,13,-98,-103
10:51:17,18,-97,-123
10:51:17,25,-95,-103
10:51:17,35,-111,-117
10:51:17,12,-103,-119
10:51:17,4,-84,-124
10:51:17,24,-107,-134
10:51:17,28,-102,-107
10:51:17,19,-89,-116
10:51:17,16,-92,-124
10:51:17,12,-93,-100
10:51:17,19,-103,-120
10:51:17,37,-94,-108
10:51:18,19,-92,-120
10:51:18,13,-93,-115
10:51:18,7,-102,-124
10:51:18,25,-90,-118
10:51:18,6,-97,-118
10:51:18,12,-104,-116
10:51:18,14,-99,-120
10:51:18,21,-92,-117
10:51:18,15,-102,-110
10:51:18,19,-91,-126
10:51:18,16,-103,-112
10:51:18,23,-94,-128
10:51:18,27,-117,-121
10:51:18,23,-100,-128
10:51:18,10,-100,-126
10:51:18,16,-93,-118
10:51:18,35,-95,-125
10:51:18,26,-91,-115
10:51:18,12,-97,-116
10:51:18,19,-108,-101
10:51:19,25,-87,-118
10:51:19,25,-93,-127
10:51:19,26,-96,-124
10:51:19,25,-104,-107
10:51:19,27,-106,-114
10:51:19,14,-95,-119
10:51:19,15,-106,-105
10:51:19,15,-105,-120
10:51:19,19,-98,-117
10:51:19,19,-104,-112
10:51:19,12,-100,-117
10:51:19,3,-95,-113
10:51:19,20,-102,-126
10:51:19,35,-102,-113
10:51:19,27,-101,-116
10:51:19,22,-95,-133
10:51:19,12,-101,-125
10:51:19,28,-103,-113
10:51:19,19,-92,-131
10:51:19,16,-100,-120
10:51:20,14,-99,-109
10:51:20,25,-97,-120
10:51:20,33,-107,-105
10:51:20,18,-108,-123
10:51:20,18,-93,-108
10:51:20,16,-98,-114
10:51:20,23,-99,-106
10:51:20,26,-87,-121
10:51:20,16,-100,-117
10:51:20,24,-92,-139
10:51:20,25,-105,-127
10:51:20,28,-111,-119
10:51:20,20,-96,-125
10:51:20,5,-113,-130
10:51:20,28,-100,-111
10:51:20,33,-101,-125
10:51:20,25,-101,-112
10:51:20,6,-96,-123
10:51:20,14,-103,-110
10:51:21,15,-83,-131
10:51:21,23,-100,-102
10:51:21,18,-90,-126
10:51:21,13,-104,-127
10:51:21,30,-110,-108
10:51:21,31,-91,-109
10:51:21,29,-104,-122
10:51:21,13,-92,-107
10:51:21,26,-101,-113
10:51:21,34,-98,-133
10:51:21,25,-104,-125
10:51:21,12,-103,-130
10:51:21,14,-104,-122
10:51:21,25,-94,-121
10:51:21,27,-98,-114
10:51:21,18,-94,-129
10:51:21,14,-100,-112
10:51:21,19,-103,-109
10:51:21,18,-106,-125
10:51:21,19,-100,-122
10:51:22,13,-98,-125
10:51:22,14,-100,-112
10:51:22,21,-92,-120
10:51:22,25,-108,-109
10:51:22,10,-90,-117
10:51:22,16,-99,-127
10:51:22,26,-97,-110
10:51:22,33,-85,-126
10:51:22,19,-102,-121
10:51:22,11,-104,-124
10:51:22,18,-97,-130
10:51:22,37,-115,-114
10:51:22,23,-100,-125
10:51:22,11,-118,-126
10:51:22,18,-111,-120
10:51:22,16,-90,-122
10:51:22,27,-99,-119
10:51:22,17,-96,-114
10:51:22,24,-96,-122
10:51:22,25,-98,-118
10:51:23,19,-90,-106
10:51:23,17,-102,-102
10:51:23,17,-89,-122
10:51:23,24,-102,-113
10:51:23,24,-101,-110
10:51:23,22,-96,-120
10:51:23,14,-104,-123
10:51:23,26,-102,-112
10:51:23,29,-88,-120
10:51:23,19,-89,-117
10:51:23,28,-94,-98
10:51:23,18,-100,-118
10:51:23,30,-105,-125
10:51:23,24,-111,-121
10:51:23,18,-107,-106
10:51:23,20,-97,-126
10:51:23,20,-105,-133
10:51:23,25,-94,-113
10:51:23,15,-105,-117
10:51:23,21,-92,-147
10:51:24,13,-94,-101
10:51:24,21,-98,-124
10:51:24,21,-99,-119
10:51:24,12,-94,-126
10:51:24,19,-100,-116
10:51:24,16,-88,-125
10:51:24,14,-94,-113
10:51:24,21,-108,-130
10:51:24,17,-99,-107
10:51:24,31,-96,-117
10:51:24,20,-90,-108
10:51:24,28,-101,-113
10:51:24,27,-97,-133
10:51:24,17,-104,-104
10:51:24,26,-101,-129
10:51:24,19,-103,-119
10:51:24,13,-93,-121
10:51:24,15,-98,-124
10:51:24,27,-100,-111
10:51:25,26,-97,-98
10:51:25,27,-107,-122
10:51:25,19,-98,-111
10:51:25,20,-109,-110
10:51:25,26,-88,-107
10:51:25,19,-92,-118
10:51:25,24,-98,-124
10:51:25,19,-116,-108
10:51:25,32,-94,-115
10:51:25,24,-92,-122
10:51:25,29,-101,-126
10:51:25,14,-104,-108
10:51:25,22,-92,-118
10:51:25,19,-85,-135
10:51:25,23,-101,-111
10:51:25,6,-85,-104
10:51:25,8,-101,-112
10:51:25,23,-96,-135
10:51:25,22,-92,-142
10:51:25,19,-96,-120
10:51:26,16,-98,-133
10:51:26,14,-99,-123
10:51:26,19,-92,-117
10:51:26,18,-111,-130
10:51:26,5,-94,-128
10:51:26,17,-99,-117
10:51:26,29,-97,-117
10:51:26,15,-112,-119
10:51:26,17,-93,-120
10:51:26,12,-90,-125
10:51:26,28,-96,-121
10:51:26,24,-103,-115
10:51:26,20,-100,-99
10:51:26,16,-90,-117
10:51:26,26,-102,-111
10:51:26,25,-94,-115
10:51:26,24,-95,-122
10:51:26,7,-103,-123
10:51:26,21,-99,-95
10:51:26,23,-103,-114
10:51:27,25,-90,-120
10:51:27,12,-96,-122
10:51:27,15,-107,-112
10:51:27,18,-99,-119
10:51:27,23,-107,-116
10:51:27,21,-87,-140
10:51:27,18,-104,-122
10:51:27,28,-99,-134
10:51:27,28,-98,-123
10:51:27,15,-83,-133
10:51:27,11,-96,-123
10:51:27,23,-91,-117
10:51:27,33,-106,-108
10:51:27,15,-89,-117
10:51:27,7,-96,-112
10:51:27,12,-91,-117
10:51:27,26,-99,-105
10:51:27,24,-106,-108
10:51:27,20,-86,-131
10:51:28,21,-100,-132
10:51:28,33,-100,-121
10:51:28,21,-99,-120
10:51:28,21,-102,-118
10:51:28,14,-89,-127
10:51:28,19,-97,-101
10:51:28,23,-97,-118
10:51:28,27,-96,-122
10:51:28,16,-87,-137
10:51:28,12,-103,-114
10:51:28,26,-111,-105
10:51:28,25,-103,-118
10:51:28,20,-92,-130
10:51:28,10,-100,-121
10:51:28,14,-97,-112
10:51:28,21,-103,-112
10:51:28,27,-104,-120
10:51:28,19,-105,-117
10:51:28,14,-106,-106
10:51:28,38,-103,-102
10:51:29,31,-93,-122
10:51:29,25,-100,-113
10:51:29,19,-95,-115
10:51:29,27,-94,-116
10:51:29,21,-100,-114
10:51:29,25,-102,-125
10:51:29,9,-101,-108
10:51:29,27,-98,-110
10:51:29,28,-98,-111
10:51:29,18,-96,-124
10:51:29,0,-88,-122
10:51:29,24,-104,-123
10:51:29,30,-95,-128
10:51:29,19,-89,-128
10:51:29,17,-95,-133
10:51:29,14,-99,-130
10:51:29,24,-98,-101
10:51:29,30,-96,-121
10:51:29,16,-95,-127
10:51:29,17,-106,-116
10:51:30,22,-97,-120
10:51:30,31,-96,-111
10:51:30,28,-101,-120
10:51:30,21,-100,-109
10:51:30,21,-94,-113
10:51:30,30,-99,-117
10:51:30,16,-95,-116
10:51:30,16,-96,-124
10:51:30,7,-94,-121
10:51:30,20,-91,-118
10:51:30,21,-96,-121
10:51:30,18,-95,-125
10:51:30,9,-98,-126
10:51:30,20,-105,-114
10:51:30,30,-114,-117
10:51:30,30,-95,-128
10:51:30,18,-100,-108
10:51:30,19,-105,-122
10:51:30,26,-99,-130
10:51:31,32,-104,-104
10:51:31,20,-102,-124
10:51:31,13,-91,-121
10:51:31,27,-95,-112
10:51:31,28,-95,-130
10:51:31,22,-90,-121
10:51:31,22,-100,-112
10:51:31,23,-97,-109
10:51:31,31,-103,-114
10:51:31,22,-104,-119
10:51:31,14,-102,-115
10:51:31,16,-105,-126
10:51:31,12,-103,-131
10:51:31,25,-102,-123
10:51:31,18,-101,-130
10:51:31,24,-109,-123
10:51:31,28,-84,-101
10:51:31,25,-102,-114
10:51:31,25,-112,-124
10:51:31,17,-101,-123
10:51:32,22,-97,-126
10:51:32,27,-101,-105
10:51:32,27,-97,-123
10:51:32,12,-99,-131
10:51:32,15,-101,-122
10:51:32,16,-101,-113
10:51:32,30,-91,-101
10:51:32,21,-101,-118
10:51:32,12,-96,-122
10:51:32,16,-93,-127
10:51:32,19,-105,-111
10:51:32,24,-103,-100
10:51:32,19,-102,-111
10:51:32,30,-109,-124
10:51:32,27,-95,-121
10:51:32,16,-95,-115
10:51:32,17,-101,-113
10:51:32,10,-98,-113
10:51:32,36,-109,-116
10:51:32,30,-92,-128
10:51:33,23,-91,-125
10:51:33,16,-106,-117
10:51:33,25,-97,-117
10:51:33,20,-82,-113
10:51:33,20,-98,-112
10:51:33,6,-94,-107
10:51:33,17,-99,-117
10:51:33,25,-96,-105
10:51:33,32,-103,-112
10:51:33,13,-92,-109
10:51:33,19,-110,-110
10:51:33,27,-98,-103
10:51:33,29,-98,-122
10:51:33,16,-96,-123
10:51:33,11,-106,-119
10:51:33,22,-101,-135
10:51:33,34,-104,-120
10:51:33,16,-101,-131
10:51:33,18,-97,-124
10:51:33,16,-98,-101
10:51:34,31,-93,-102
10:51:34,23,-100,-128
10:51:34,13,-98,-113
10:51:34,16,-95,-118
10:51:34,24,-95,-128
10:51:34,21,-112,-121
10:51:34,17,-97,-127
10:51:34,8,-91,-124
10:51:34,16,-99,-118
10:51:34,22,-97,-114
10:51:34,24,-100,-111
10:51:34,25,-97,-129
10:51:34,21,-98,-119
10:51:34,25,-95,-120
10:51:34,18,-90,-124
10:51:34,16,-96,-123
10:51:34,10,-97,-109
10:51:34,26,-102,-115
10:51:34,34,-100,-116
10:51:35,19,-94,-116
10:51:35,10,-104,-127
10:51:35,23,-106,-124
10:51:35,28,-98,-118
10:51:35,29,-87,-113
10:51:35,20,-94,-124
10:51:35,17,-111,-111
10:51:35,21,-102,-126
10:51:35,24,-98,-101
10:51:35,23,-103,-122
10:51:35,18,-103,-129
10:51:35,23,-101,-107
10:51:35,23,-89,-120
10:51:35,20,-107,-133
10:51:35,11,-86,-128
10:51:35,20,-100,-118
10:51:35,43,-92,-122
10:51:35,26,-103,-116
10:51:35,16,-96,-110
10:51:35,14,-105,-119
10:51:36,15,-94,-115
10:51:36,13,-105,-119
10:51:36,16,-99,-124
10:51:36,7,-109,-114
10:51:36,24,-113,-121
10:51:36,33,-115,-104
10:51:36,22,-101,-125
10:51:36,13,-93,-117
10:51:36,19,-99,-128
10:51:36,28,-100,-110
10:51:36,22,-93,-137
10:51:36,8,-86,-112
10:51:36,6,-100,-111
10:51:36,22,-106,-124
10:51:36,23,-101,-111
10:51:36,20,-94,-124
10:51:36,14,-92,-113
10:51:36,23,-103,-107
10:51:36,27,-95,-107
10:51:36,22,-102,-128
10:51:37,12,-89,-118
10:51:37,7,-102,-104
10:51:37,26,-104,-133
10:51:37,15,-103,-113
10:51:37,15,-99,-118
10:51:37,8,-97,-131
10:51:37,20,-98,-126
10:51:37,16,-94,-109
10:51:37,24,-105,-124
10:51:37,20,-92,-113
10:51:37,22,-96,-111
10:51:37,35,-103,-107
10:51:37,13,-83,-112
10:51:37,13,-99,-129
10:51:37,7,-104,-111
10:51:37,17,-97,-115
10:51:37,21,-94,-116
10:51:37,25,-106,-107
10:51:37,9,-92,-113
10:51:38,25,-96,-116
10:51:38,24,-100,-96
10:51:38,21,-102,-118
10:51:38,20,-94,-142
10:51:38,29,-101,-121
10:51:38,23,-98,-114
10:51:38,21,-93,-116
10:51:38,11,-97,-120
10:51:38,18,-93,-127
10:51:38,23,-103,-115
10:51:38,21,-103,-115
10:51:38,17,-103,-115
10:51:38,24,-105,-108
10:51:38,20,-99,-122
10:51:38,20,-100,-120
10:51:38,24,-101,-126
10:51:38,11,-94,-114
10:51:38,19,-104,-111
10:51:38,28,-89,-122
10:51:38,20,-90,-119
10:51:39,14,-103,-133
10:51:39,25,-102,-121
10:51:39,32,-93,-113
10:51:39,26,-106,-124
10:51:39,17,-95,-109
10:51:39,20,-89,-101
10:51:39,23,-93,-114
10:51:39,27,-99,-117
10:51:39,15,-89,-115
10:51:39,23,-112,-108
10:51:39,21,-107,-121
10:51:39,24,-105,-113
10:51:39,28,-112,-115
10:51:39,16,-94,-125
10:51:39,11,-103,-130
10:51:39,24,-103,-114
10:51:39,16,-97,-121
10:51:39,25,-107,-117
10:51:39,18,-94,-122
10:51:39,14,-95,-114
10:51:40,17,-99,-121
10:51:40,13,-89,-111
10:51:40,12,-99,-120
10:51:40,18,-100,-114
10:51:40,26,-104,-122
10:51:40,30,-102,-111
10:51:40,16,-104,-131
10:51:40,14,-97,-105
10:51:40,17,-91,-109
10:51:40,27,-108,-120
10:51:40,21,-104,-118
10:51:40,11,-104,-122
10:51:40,11,-94,-119
10:51:40,34,-109,-107
10:51:40,12,-92,-123
10:51:40,14,-98,-133
10:51:40,13,-97,-106
10:51:40,27,-102,-129
10:51:40,12,-88,-111
10:51:40,15,-99,-125
10:51:41,16,-94,-125
10:51:41,32,-95,-117
10:51:41,29,-106,-125
10:51:41,19,-103,-123
10:51:41,15,-88,-123
10:51:41,31,-96,-123
10:51:41,28,-99,-121
10:51:41,24,-98,-119
10:51:41,15,-87,-126
10:51:41,12,-84,-112
10:51:41,25,-99,-110
10:51:41,19,-87,-98
10:51:41,15,-103,-111
10:51:41,13,-99,-120
10:51:41,25,-96,-129
10:51:41,22,-99,-129
10:51:41,20,-94,-116
10:51:41,5,-92,-127
10:51:41,18,-106,-118
10:51:42,23,-94,-111
10:51:42,27,-100,-123
10:51:42,13,-106,-130
10:51:42,-2,-98,-118
10:51:42,25,-99,-118
10:51:42,14,-100,-137
10:51:42,13,-99,-106
10:51:42,16,-93,-99
10:51:42,27,-101,-115
10:51:42,23,-109,-108
10:51:42,25,-98,-106
10:51:42,25,-90,-118
10:51:42,18,-86,-112
10:51:42,27,-106,-116
10:51:42,30,-107,-123
10:51:42,16,-90,-130
10:51:42,16,-102,-106
10:51:42,23,-101,-123
10:51:42,8,-97,-124
10:51:42,19,-98,-120
10:51:43,14,-92,-128
10:51:43,23,-100,-118
10:51:43,27,-103,-130
10:51:43,18,-103,-129
10:51:43,9,-100,-113
10:51:43,12,-99,-118
10:51:43,16,-93,-129
10:51:43,34,-104,-116
10:51:43,19,-103,-108
10:51:43,10,-97,-126
10:51:43,25,-101,-111
10:51:43,14,-95,-132
10:51:43,17,-102,-115
10:51:43,17,-98,-115
10:51:43,27,-102,-125
10:51:43,28,-91,-129
10:51:43,25,-98,-118
10:51:43,6,-107,-125
10:51:43,22,-96,-113
10:51:43,29,-97,-128
10:51:44,31,-100,-128
10:51:44,17,-99,-113
10:51:44,20,-111,-115
10:51:44,20,-96,-109
10:51:44,19,-105,-115
10:51:44,19,-93,-106
10:51:44,24,-88,-137
10:51:44,16,-101,-113
10:51:44,32,-90,-103
10:51:44,24,-102,-128
10:51:44,14,-92,-111
10:51:44,12,-98,-106
10:51:44,30,-100,-114
10:51:44,21,-90,-115
10:51:44,14,-97,-101
10:51:44,17,-94,-116
10:51:44,22,-100,-115
10:51:44,15,-93,-111
10:51:44,18,-94,-121
10:51:45,12,-99,-125
10:51:45,25,-88,-116
10:51:45,25,-102,-114
10:51:45,18,-101,-118
10:51:45,18,-99,-106
10:51:45,16,-100,-121
10:51:45,10,-85,-115
10:51:45,19,-105,-120
10:51:45,17,-87,-125
10:51:45,26,-111,-102
10:51:45,22,-101,-103
10:51:45,33,-104,-129
10:51:45,19,-93,-133
10:51:45,14,-102,-125
10:51:45,20,-94,-100
10:51:45,37,-90,-113
10:51:45,20,-91,-121
10:51:45,3,-105,-121
10:51:45,20,-103,-116
10:51:45,33,-103,-109
10:51:46,24,-93,-114
10:51:46,21,-85,-124
10:51:46,12,-103,-117
10:51:46,33,-91,-111
10:51:46,25,-94,-123
10:51:46,21,-104,-119
10:51:46,17,-97,-122
10:51:46,17,-98,-117
10:51:46,14,-86,-130
10:51:46,24,-90,-119
10:51:46,23,-102,-113
10:51:46,13,-91,-120
10:51:46,28,-107,-128
10:51:46,23,-91,-110
10:51:46,13,-103,-119
10:51:46,15,-96,-112
10:51:46,19,-98,-116
10:51:46,23,-112,-107
10:51:46,18,-102,-108
10:51:46,13,-89,-130
10:51:47,16,-95,-116
10:51:47,26,-99,-122
10:51:47,21,-93,-109
10:51:47,17,-92,-123
10:51:47,21,-102,-122
10:51:47,24,-99,-112
10:51:47,23,-104,-118
10:51:47,24,-110,-119
10:51:47,5,-99,-119
10:51:47,30,-104,-113
10:51:47,28,-95,-115
10:51:47,30,-108,-129
10:51:47,5,-97,-124
10:51:47,14,-107,-114
10:51:47,24,-99,-102
10:51:47,27,-99,-125
10:51:47,15,-108,-126
10:51:47,26,-97,-129
10:51:47,26,-92,-125
10:51:47,23,-97,-108
10:51:48,12,-88,-144
10:51:48,13,-101,-107
10:51:48,18,-99,-112
10:51:48,31,-90,-109
10:51:48,23,-89,-130
10:51:48,11,-100,-123
10:51:48,13,-86,-122
10:51:48,32,-108,-117
10:51:48,31,-105,-119
10:51:48,23,-92,-119
10:51:48,21,-102,-116
10:51:48,25,-104,-112
10:51:48,16,-94,-124
10:51:48,24,-110,-123
10:51:48,10,-111,-119
10:51:48,26,-96,-116
10:51:48,28,-109,-110
10:51:48,22,-91,-132
10:51:48,21,-94,-106
10:51:49,18,-97,-113
10:51:49,25,-104,-115
10:51:49,25,-104,-120
10:51:49,23,-96,-119
10:51:49,26,-102,-125
10:51:49,33,-97,-119
10:51:49,19,-92,-109
10:51:49,22,-97,-137
10:51:49,10,-96,-121
10:51:49,20,-84,-103
10:51:49,36,-104,-130
10:51:49,26,-100,-126
10:51:49,21,-102,-124
10:51:49,-1,-101,-135
10:51:49,17,-97,-123
10:51:49,24,-99,-121
10:51:49,13,-88,-130
10:51:49,9,-100,-112
10:51:49,42,-105,-127
10:51:49,27,-98,-113
10:51:50,22,-103,-114
10:51:50,7,-88,-122
10:51:50,19,-102,-114
10:51:50,28,-100,-114
10:51:50,27,-97,-119
10:51:50,12,-98,-119
10:51:50,12,-99,-116
10:51:50,21,-93,-112
10:51:50,27,-99,-123
10:51:50,18,-86,-122
10:51:50,21,-95,-119
10:51:50,31,-93,-119
10:51:50,26,-99,-103
10:51:50,20,-102,-112
10:51:50,19,-98,-133
10:51:50,20,-107,-114
10:51:50,25,-95,-130
10:51:50,14,-89,-111
10:51:50,12,-104,-124
10:51:50,19,-107,-119
10:51:51,18,-105,-129
10:51:51,20,-95,-93
10:51:51,14,-111,-107
10:51:51,8,-94,-117
10:51:51,17,-92,-112
10:51:51,32,-100,-133
10:51:51,17,-99,-132
10:51:51,10,-110,-120
10:51:51,17,-109,-108
10:51:51,30,-96,-110
10:51:51,29,-91,-112
10:51:51,20,-94,-111
10:51:51,13,-103,-124
10:51:51,23,-101,-127
10:51:51,24,-113,-117
10:51:51,16,-94,-128
10:51:51,15,-89,-116
10:51:51,24,-99,-134
10:51:51,36,-107,-122
10:51:52,25,-92,-130
10:51:52,13,-86,-128
10:51:52,22,-108,-125
10:51:52,20,-97,-123
10:51:52,30,-99,-130
10:51:52,7,-92,-123
10:51:52,9,-101,-118
10:51:52,26,-106,-118
10:51:52,22,-103,-121
10:51:52,16,-98,-124
10:51:52,15,-104,-120
10:51:52,19,-98,-116
10:51:52,34,-103,-107
10:51:52,21,-108,-113
10:51:52,14,-94,-119
10:51:52,20,-103,-124
10:51:52,24,-97,-122
10:51:52,26,-99,-116
10:51:52,20,-100,-117
10:51:52,10,-100,-115
10:51:53,18,-105,-100
10:51:53,19,-110,-128
10:51:53,15,-98,-126
10:51:53,22,-103,-128
10:51:53,15,-85,-136
10:51:53,19,-85,-125
10:51:53,17,-95,-125
10:51:53,15,-85,-123
10:51:53,19,-104,-123
10:51:53,27,-111,-119
10:51:53,24,-102,-117
10:51:53,17,-97,-118
10:51:53,11,-88,-119
10:51:53,24,-102,-129
10:51:53,31,-105,-105
10:51:53,16,-95,-109
10:51:53,19,-94,-114
10:51:53,22,-103,-120
10:51:53,23,-97,-128
10:51:53,36,-94,-114
10:51:54,17,-90,-126
10:51:54,15,-111,-127
10:51:54,25,-101,-122
10:51:54,19,-102,-117
10:51:54,12,-84,-121
10:51:54,18,-109,-118
10:51:54,14,-89,-111
10:51:54,34,-99,-120
10:51:54,20,-101,-132
10:51:54,4,-105,-124
10:51:54,8,-92,-116
10:51:54,28,-102,-116
10:51:54,21,-90,-132
10:51:54,15,-96,-129
10:51:54,21,-88,-118
10:51:54,18,-97,-110
10:51:54,23,-97,-119
10:51:54,20,-101,-119
10:51:54,16,-81,-119
10:51:54,28,-98,-99
10:51:55,33,-94,-103
10:51:55,29,-97,-119
10:51:55,7,-100,-126
10:51:55,13,-106,-112
10:51:55,18,-94,-123
10:51:55,19,-100,-121
10:51:55,19,-97,-112
10:51:55,16,-90,-108
10:51:55,24,-103,-116
10:51:55,21,-98,-118
10:51:55,16,-103,-123
10:51:55,15,-93,-121
10:51:55,26,-102,-109
10:51:55,18,-102,-115
10:51:55,23,-106,-114
10:51:55,4,-100,-128
10:51:55,11,-110,-111
10:51:55,26,-101,-116
10:51:55,17,-93,-126
10:51:56,17,-86,-121
10:51:56,27,-106,-110
10:51:56,26,-90,-102
10:51:56,17,-95,-110
10:51:56,17,-97,-129
10:51:56,25,-99,-121
10:51:56,19,-88,-125
10:51:56,24,-104,-107
10:51:56,22,-92,-127
10:51:56,14,-100,-130
10:51:56,17,-100,-109
10:51:56,20,-100,-136
10:51:56,17,-99,-128
10:51:56,5,-93,-106
10:51:56,7,-99,-119
10:51:56,27,-105,-126
10:51:56,20,-100,-112
10:51:56,21,-107,-117
10:51:56,21,-99,-135
10:51:56,22,-97,-123
10:51:57,31,-94,-116
10:51:57,18,-93,-126
10:51:57,16,-96,-117
10:51:57,20,-109,-112
10:51:57,27,-100,-103
10:51:57,24,-94,-126
10:51:57,12,-100,-126
10:51:57,16,-100,-103
10:51:57,22,-112,-100
10:51:57,19,-105,-117
10:51:57,19,-110,-121
10:51:57,5,-94,-126
10:51:57,19,-95,-126
10:51:57,33,-98,-113
10:51:57,28,-89,-123
10:51:57,18,-98,-130
10:51:57,13,-97,-113
10:51:57,25,-111,-124
10:51:57,17,-99,-127
10:51:57,10,-87,-117
10:51:58,19,-96,-123
10:51:58,31,-101,-125
10:51:58,37,-105,-109
10:51:58,24,-107,-122
10:51:58,14,-104,-127
10:51:58,29,-96,-108
10:51:58,28,-101,-109
10:51:58,30,-99,-116
10:51:58,19,-91,-119
10:51:58,14,-93,-119
10:51:58,24,-101,-120
10:51:58,23,-92,-111
10:51:58,25,-108,-113
10:51:58,20,-97,-130
10:51:58,13,-109,-132
10:51:58,23,-99,-122
10:51:58,31,-107,-113
10:51:58,9,-97,-115
10:51:58,17,-102,-126
10:51:59,28,-98,-125
10:51:59,17,-97,-105
10:51:59,25,-99,-125
10:51:59,7,-97,-124
10:51:59,22,-99,-114
10:51:59,21,-101,-106
10:51:59,25,-109,-134
10:51:59,15,-101,-120
10:51:59,16,-105,-116
10:51:59,35,-105,-105
10:51:59,27,-88,-116
10:51:59,25,-99,-134
10:51:59,18,-94,-121
10:51:59,20,-93,-114
10:51:59,20,-89,-117
10:51:59,22,-110,-116
10:51:59,17,-104,-115
10:51:59,31,-104,-116
10:51:59,27,-106,-132
10:51:59,15,-104,-121
10:52:00,14,-106,-119
10:52:00,12,-91,-114
10:52:00,25,-95,-106
10:52:00,19,-96,-115
10:52:00,24,-111,-130
10:52:00,10,-106,-124
10:52:00,24,-100,-127
10:52:00,17,-98,-128
10:52:00,20,-103,-119
10:52:00,5,-95,-102
10:52:00,22,-96,-114
10:52:00,21,-95,-117
10:52:00,15,-99,-119
10:52:00,14,-99,-117
10:52:00,21,-93,-121
10:52:00,28,-97,-119
10:52:00,28,-91,-104
10:52:00,19,-95,-126
10:52:00,21,-94,-118
10:52:00,20,-95,-121
10:52:01,22,-107,-117
10:52:01,9,-89,-128
10:52:01,11,-92,-117
10:52:01,28,-97,-129
10:52:01,30,-98,-118
10:52:01,21,-95,-126
10:52:01,13,-89,-117
10:52:01,25,-110,-126
10:52:01,24,-102,-115
10:52:01,19,-105,-106
10:52:01,22,-106,-119
10:52:01,15,-108,-124
10:52:01,20,-95,-113
10:52:01,26,-108,-111
10:52:01,21,-93,-132
10:52:01,17,-92,-115
10:52:01,21,-89,-118
10:52:01,25,-95,-116
10:52:01,17,-94,-108
10:52:01,11,-94,-112
10:52:02,33,-114,-121
10:52:02,25,-102,-116
10:52:02,25,-103,-136
10:52:02,20,-91,-119
10:52:02,20,-106,-133
10:52:02,18,-112,-121
10:52:02,21,-88,-131
10:52:02,21,-118,-124
10:52:02,15,-90,-118
10:52:02,27,-103,-114
10:52:02,29,-91,-128
10:52:02,27,-96,-132
10:52:02,15,-106,-116
10:52:02,15,-94,-119
10:52:02,33,-98,-116
10:52:02,25,-97,-122
10:52:02,16,-85,-116
10:52:02,22,-96,-132
10:52:02,31,-95,-112
10:52:03,25,-101,-105
10:52:03,13,-105,-120
10:52:03,28,-103,-132
10:52:03,23,-100,-117
10:52:03,23,-99,-127
10:52:03,9,-96,-122
10:52:03,9,-106,-110
10:52:03,3,-94,-136
10:52:03,27,-105,-105
10:52:03,19,-105,-140
10:52:03,25,-98,-111
10:52:03,11,-105,-126
10:52:03,22,-99,-113
10:52:03,25,-104,-105
10:52:03,17,-99,-119
10:52:03,18,-88,-121
10:52:03,23,-98,-107
10:52:03,31,-107,-122
10:52:03,22,-110,-127
10:52:03,16,-91,-129
10:52:04,27,-109,-107
10:52:04,29,-100,-112
10:52:04,26,-99,-110
10:52:04,20,-93,-115
10:52:04,18,-98,-116
10:52:04,18,-92,-109
10:52:04,24,-97,-123
10:52:04,24,-105,-136
10:52:04,10,-104,-124
10:52:04,17,-105,-118
10:52:04,27,-98,-105
10:52:04,26,-104,-134
10:52:04,12,-103,-132
10:52:04,21,-100,-110
10:52:04,23,-112,-112
10:52:04,25,-98,-107
10:52:04,37,-98,-122
10:52:04,14,-90,-116
10:52:04,22,-104,-110
10:52:04,26,-104,-101
10:52:05,27,-98,-120
10:52:05,18,-103,-115
10:52:05,14,-90,-119
10:52:05,21,-105,-95
10:52:05,18,-102,-114
10:52:05,21,-94,-116
10:52:05,8,-111,-116
10:52:05,26,-89,-111
10:52:05,21,-101,-123
10:52:05,13,-99,-130
10:52:05,9,-100,-116
10:52:05,24,-105,-104
10:52:05,29,-91,-118
10:52:05,28,-96,-116
10:52:05,11,-104,-122
10:52:05,8,-100,-120
10:52:05,23,-82,-123
10:52:05,14,-91,-122
10:52:05,12,-100,-128
10:52:06,21,-101,-114
10:52:06,21,-101,-121
10:52:06,22,-106,-117
10:52:06,11,-88,-115
10:52:06,16,-94,-123
10:52:06,19,-99,-126
10:52:06,34,-95,-110
10:52:06,27,-95,-119
10:52:06,15,-89,-107
10:52:06,17,-102,-118
10:52:06,27,-96,-120
10:52:06,24,-100,-100
10:52:06,16,-99,-116
10:52:06,16,-105,-112
10:52:06,23,-92,-123
10:52:06,18,-99,-114
10:52:06,17,-107,-110
10:52:06,10,-98,-120
10:52:06,17,-92,-131
10:52:06,29,-95,-115
10:52:07,25,-96,-120
10:52:07,12,-94,-128
10:52:07,11,-96,-114
10:52:07,23,-115,-114
10:52:07,27,-102,-120
10:52:07,10,-95,-128
10:52:07,13,-92,-108
10:52:07,23,-95,-119
10:52:07,22,-98,-106
10:52:07,23,-105,-125
10:52:07,5,-83,-120
10:52:07,12,-92,-114
10:52:08,36,-96,-114
10:52:08,22,-89,-121
10:52:08,24,-97,-119
10:52:08,17,-106,-121
10:52:08,11,-98,-115
10:52:08,25,-96,-121
10:52:08,13,-97,-131
10:52:08,12,-102,-119
10:52:08,33,-100,-107
10:52:08,24,-107,-125
10:52:08,17,-104,-118
10:52:08,8,-93,-114
10:52:08,24,-107,-105
10:52:08,27,-102,-116
10:52:08,29,-111,-118
10:52:08,22,-94,-126
10:52:08,21,-106,-118
10:52:08,19,-100,-112
10:52:08,23,-96,-119
10:52:08,21,-100,-121
10:52:08,17,-92,-118
10:52:08,23,-99,-118
10:52:08,29,-99,-116
10:52:08,18,-104,-119
10:52:08,15,-93,-115
10:52:08,13,-102,-116
10:52:08,24,-100,-125
10:52:08,21,-98,-120
10:52:09,11,-90,-130
10:52:09,12,-98,-124
10:52:09,26,-92,-117
10:52:09,21,-110,-125
10:52:09,20,-105,-116
10:52:09,12,-100,-129
10:52:09,21,-105,-122
10:52:09,19,-99,-112
10:52:09,18,-96,-131
10:52:09,5,-93,-116
10:52:09,13,-99,-107
10:52:09,26,-106,-117
10:52:09,25,-98,-105
10:52:09,21,-101,-123
10:52:09,14,-95,-121
10:52:09,29,-106,-113
10:52:09,26,-92,-127
10:52:09,24,-101,-110
10:52:09,17,-88,-112
10:52:10,25,-113,-112
10:52:10,29,-93,-127
10:52:10,21,-98,-136
10:52:10,15,-113,-118
10:52:10,7,-92,-112
10:52:10,28,-100,-125
10:52:10,29,-102,-126
10:52:10,19,-93,-121
10:52:10,10,-100,-104
10:52:10,32,-99,-110
10:52:10,23,-101,-136
10:52:12,24,-103,-128
10:52:12,14,-116,-117
10:52:12,23,-96,-124
10:52:12,28,-101,-130
10:52:12,27,-91,-110
10:52:12,12,-98,-125
10:52:12,13,-100,-108
10:52:12,26,-98,-118
10:52:12,22,-98,-108
10:52:12,16,-93,-116
10:52:12,11,-105,-125
10:52:12,24,-99,-118
10:52:12,34,-102,-123
10:52:12,20,-93,-131
10:52:12,13,-99,-123
10:52:12,18,-104,-124
10:52:12,18,-101,-104
10:52:12,21,-101,-127
10:52:12,15,-110,-101
10:52:12,11,-106,-125
10:52:12,26,-93,-121
10:52:12,32,-103,-116
10:52:12,12,-99,-111
10:52:12,12,-95,-120
10:52:12,24,-102,-119
10:52:12,33,-99,-121
10:52:12,17,-100,-124
10:52:12,-4,-78,-102
10:52:12,20,-98,-114
10:52:12,23,-84,-116
10:52:12,32,-100,-131
10:52:12,23,-90,-120
10:52:12,20,-111,-107
10:52:12,25,-96,-117
10:52:12,22,-95,-109
10:52:12,15,-94,-119
10:52:12,11,-96,-103
10:52:12,16,-96,-117
10:52:12,32,-108,-110
10:52:12,19,-90,-131
10:52:12,6,-103,-115
10:52:12,12,-105,-112
10:52:12,23,-95,-120
10:52:12,26,-94,-127
10:52:12,17,-94,-122
10:52:12,12,-100,-120
10:52:12,19,-95,-117
10:52:12,26,-94,-126
10:52:13,21,-93,-125
10:52:13,8,-101,-111
10:52:13,21,-102,-114
10:52:13,28,-92,-115
10:52:13,25,-106,-124
10:52:13,5,-99,-130
10:52:13,18,-104,-108
10:52:13,23,-94,-116
10:52:13,15,-93,-110
10:52:13,10,-100,-121
10:52:13,18,-99,-124
10:52:13,25,-98,-120
10:52:13,19,-102,-114
10:52:13,17,-97,-112
10:52:13,9,-97,-117
10:52:13,20,-108,-103
10:52:13,32,-94,-115
10:52:13,31,-95,-113
10:52:13,22,-106,-119
10:52:13,9,-96,-114
10:52:14,19,-94,-114
10:52:14,13,-105,-110
10:52:14,10,-94,-124
10:52:14,21,-100,-114
10:52:14,24,-95,-108
10:52:14,33,-99,-107
10:52:14,19,-97,-118
10:52:14,12,-90,-109
10:52:14,22,-105,-118
10:52:14,31,-90,-105
10:52:14,24,-99,-117
10:52:14,16,-84,-130
10:52:14,10,-114,-117
10:52:14,28,-99,-117
10:52:14,29,-98,-103
10:52:14,23,-103,-129
10:52:14,19,-102,-141
10:52:14,25,-107,-120
10:52:14,28,-113,-117
10:52:14,14,-97,-127
10:52:15,17,-89,-130
10:52:15,18,-96,-118
10:52:15,31,-83,-118
10:52:15,24,-101,-121
10:52:15,-1,-103,-132
10:52:15,11,-107,-130
10:52:15,25,-96,-114
10:52:15,24,-99,-122
10:52:15,27,-105,-111
10:52:15,14,-90,-135
10:52:15,29,-98,-107
10:52:15,20,-103,-118
10:52:15,23,-90,-116
10:52:15,16,-93,-119
10:52:15,22,-100,-111
10:52:15,24,-90,-122
10:52:15,19,-110,-128
10:52:15,15,-110,-126
10:52:15,18,-111,-106
10:52:15,19,-107,-116
10:52:16,24,-110,-121
10:52:16,20,-100,-117
10:52:16,17,-111,-115
10:52:16,20,-94,-119
10:52:16,41,-102,-115
10:52:16,8,-98,-130
10:52:16,16,-106,-113
10:52:16,20,-101,-109
10:52:16,32,-107,-138
10:52:16,24,-100,-121
10:52:16,20,-92,-127
10:52:16,0,-96,-120
10:52:16,29,-93,-106
10:52:16,29,-109,-110
10:52:16,29,-98,-117
10:52:16,6,-89,-133
10:52:16,23,-106,-109
10:52:16,32,-101,-110
10:52:16,24,-96,-112
10:52:17,12,-93,-122
10:52:17,11,-99,-99
10:52:17,23,-97,-128
10:52:17,24,-92,-110
10:52:17,15,-111,-133
10:52:17,9,-106,-95
10:52:17,18,-94,-117
10:52:17,30,-99,-120
10:52:17,30,-96,-112
10:52:17,12,-100,-119
10:52:17,31,-103,-106
10:52:17,28,-102,-114
10:52:17,19,-97,-128
10:52:17,10,-92,-115
10:52:17,33,-112,-117
10:52:17,16,-100,-107
10:52:17,24,-99,-121
10:52:17,16,-91,-105
10:52:17,18,-90,-114
10:52:17,33,-100,-118
10:52:18,24,-91,-110
10:52:18,24,-110,-126
10:52:18,14,-103,-119
10:52:18,18,-96,-103
10:52:18,29,-99,-111
10:52:18,26,-90,-122
10:52:18,20,-100,-117
10:52:18,13,-105,-130
10:52:18,17,-84,-121
10:52:18,22,-107,-108
10:52:18,16,-93,-130
10:52:18,20,-103,-143
10:52:18,7,-94,-117
10:52:18,24,-96,-106
10:52:18,18,-99,-114
10:52:18,19,-99,-118
10:52:18,19,-96,-114
10:52:18,31,-104,-107
10:52:18,17,-94,-108
10:52:18,21,-101,-106
10:52:19,18,-96,-117
10:52:19,23,-97,-116
10:52:19,26,-89,-117
10:52:19,19,-97,-124
10:52:19,17,-101,-135
10:52:19,23,-94,-109
10:52:19,29,-94,-126
10:52:19,15,-103,-120
10:52:19,11,-101,-114
10:52:19,12,-105,-116
10:52:19,19,-95,-113
10:52:19,27,-98,-124
10:52:19,15,-97,-114
10:52:19,14,-102,-120
10:52:19,29,-103,-117
10:52:19,19,-103,-120
10:52:19,18,-111,-125
10:52:19,15,-91,-124
10:52:19,22,-102,-115
10:52:20,35,-93,-121
10:52:20,20,-92,-121
10:52:20,12,-95,-113
10:52:20,27,-109,-115
10:52:20,31,-93,-111
10:52:20,24,-99,-111
10:52:20,20,-90,-120
10:52:20,13,-86,-113
10:52:20,13,-98,-127
10:52:20,25,-114,-116
10:52:20,11,-96,-126
10:52:20,8,-104,-123
10:52:20,30,-115,-130
10:52:20,37,-100,-111
10:52:20,22,-102,-127
10:52:20,8,-101,-128
10:52:20,17,-103,-118
10:52:20,30,-92,-123
10:52:20,25,-103,-115
10:52:20,5,-97,-129
10:52:21,10,-95,-127
10:52:21,21,-98,-112
10:52:21,26,-106,-112
10:52:21,16,-109,-116
10:52:21,15,-93,-121
10:52:21,26,-91,-113
10:52:21,28,-97,-129
10:52:21,30,-103,-114
10:52:21,10,-97,-136
10:52:21,16,-96,-124
10:52:21,20,-112,-123
10:52:21,28,-100,-128
10:52:21,14,-101,-118
10:52:21,13,-99,-115
10:52:21,21,-95,-124
10:52:21,22,-105,-115
10:52:21,14,-101,-115
10:52:21,17,-97,-123
10:52:21,27,-106,-108
10:52:21,27,-95,-124
10:52:22,16,-95,-109
10:52:22,9,-92,-124
10:52:22,18,-105,-131
10:52:22,32,-109,-119
10:52:22,18,-91,-116
10:52:22,26,-93,-121
10:52:22,21,-94,-119
10:52:22,23,-93,-112
10:52:22,26,-88,-135
10:52:22,22,-114,-124
10:52:22,18,-100,-107
10:52:22,13,-91,-114
10:52:22,25,-101,-100
10:52:22,27,-103,-108
10:52:22,17,-99,-113
10:52:22,11,-92,-113
10:52:22,19,-111,-121
10:52:22,20,-100,-115
10:52:22,16,-104,-107
10:52:22,12,-101,-120
10:52:23,23,-106,-116
10:52:23,24,-88,-115
10:52:23,15,-108,-116
10:52:23,15,-99,-123
10:52:23,23,-108,-122
10:52:23,27,-98,-124
10:52:23,25,-108,-123
10:52:23,12,-93,-116
10:52:23,-4,-87,-134
10:52:23,24,-103,-109
10:52:23,22,-97,-111
10:52:23,24,-94,-126
10:52:23,16,-92,-116
10:52:23,22,-105,-112
10:52:23,32,-100,-117
10:52:23,25,-102,-126
10:52:23,20,-106,-123
10:52:23,10,-101,-117
10:52:23,26,-104,-104
10:52:24,14,-101,-130
10:52:24,14,-92,-130
10:52:24,18,-105,-119
10:52:24,20,-89,-130
10:52:24,30,-97,-126
10:52:24,24,-102,-123
10:52:24,16,-110,-117
10:52:24,24,-104,-126
10:52:24,27,-93,-113
10:52:24,23,-98,-109
10:52:24,12,-88,-119
10:52:24,24,-101,-117
10:52:24,28,-99,-117
10:52:24,23,-91,-119
10:52:24,21,-96,-117
10:52:24,22,-107,-112
10:52:24,25,-110,-124
10:52:24,21,-102,-107
10:52:24,11,-88,-119
10:52:24,15,-94,-120
10:52:25,21,-89,-106
10:52:25,26,-92,-121
10:52:25,14,-95,-115
10:52:25,10,-97,-134
10:52:25,24,-109,-123
10:52:25,29,-103,-107
10:52:25,23,-96,-114
10:52:25,11,-96,-123
10:52:25,8,-97,-126
10:52:25,10,-96,-123
10:52:25,20,-103,-104
10:52:25,21,-102,-103
10:52:25,4,-104,-126
10:52:25,10,-99,-107
10:52:25,24,-94,-119
10:52:25,26,-92,-126
10:52:25,12,-96,-112
10:52:25,10,-95,-123
10:52:25,19,-107,-112
10:52:25,23,-98,-110
10:52:26,22,-101,-116
10:52:26,22,-103,-113
10:52:26,34,-97,-110
10:52:26,31,-106,-110
10:52:26,18,-103,-112
10:52:26,14,-99,-124
10:52:26,14,-100,-122
10:52:26,22,-92,-112
10:52:26,15,-91,-123
10:52:26,14,-86,-118
