gap_value,recorded_time
15.61754315134299,2 min
15.61754315134299,2 min
15.61754315134299,2 min
15.61754315134299,2 min
15.595645685769878,2 min
15.595645685769878,2 min
15.595645685769878,2 min
15.595645685769878,2 min
15.595645685769878,2 min
15.441673076828117,2 min
15.441673076828117,2 min
15.441673076828117,2 min
15.441673076828117,2 min
15.441673076828117,2 min
15.559362648372915,2 min
15.559362648372915,2 min
15.559362648372915,2 min
15.963382956534767,2 min
15.943452272240975,2 min
15.943452272240975,2 min
15.943452272240975,2 min
15.943452272240975,2 min
15.96286016588577,2 min
15.96286016588577,2 min
15.96286016588577,2 min
15.847660166269293,2 min
15.847660166269293,2 min
15.847660166269293,2 min
16.06813094688604,2 min
16.06813094688604,2 min
16.314317330608866,2 min
16.314317330608866,2 min
16.441653136463216,2 min
16.441653136463216,2 min
16.441653136463216,2 min
16.423406249142094,2 min
16.423406249142094,2 min
16.423406249142094,2 min
15.972295662950048,2 min
15.972295662950048,2 min
15.972295662950048,2 min
15.417881077037054,2 min
15.417881077037054,2 min
15.757087010496589,2 min
15.602308626599182,2 min
15.776211919834733,2 min
15.776211919834733,2 min
15.776211919834733,2 min
15.715897076304364,2 min
15.715897076304364,2 min
15.715897076304364,2 min
15.715897076304364,2 min
15.715897076304364,2 min
15.715897076304364,2 min
15.715897076304364,2 min
15.715897076304364,2 min
15.715897076304364,2 min
15.830814091614188,2 min
15.830814091614188,2 min
16.001139053659116,2 min
16.001139053659116,2 min
16.001139053659116,2 min
15.741089888761444,2 min
15.741089888761444,2 min
15.741089888761444,2 min
15.741089888761444,2 min
15.741089888761444,2 min
15.7643159199392,2 min
15.7643159199392,2 min
15.688977288910305,2 min
15.831336882263184,2 min
15.831336882263184,2 min
15.831336882263184,2 min
15.843755672807713,2 min
15.843755672807713,2 min
15.843755672807713,2 min
15.714975876323033,2 min
15.714975876323033,2 min
15.891651725793555,2 min
15.891651725793555,2 min
15.891651725793555,2 min
15.891651725793555,2 min
15.891651725793555,2 min
15.891651725793555,2 min
15.891651725793555,2 min
15.891651725793555,2 min
15.891651725793555,2 min
15.891651725793555,2 min
15.561286251687928,2 min
15.561286251687928,2 min
15.561286251687928,2 min
15.87333259141106,2 min
15.87333259141106,2 min
15.87333259141106,2 min
16.037589650337054,2 min
16.037589650337054,2 min
16.037589650337054,2 min
15.646793907675375,2 min
15.646793907675375,2 min
15.646793907675375,2 min
15.726871876218564,2 min
15.761188132336205,2 min
15.761188132336205,2 min
15.767539019761795,2 min
15.767539019761795,2 min
15.767539019761795,2 min
15.767539019761795,2 min
15.767539019761795,2 min
15.767539019761795,2 min
15.767539019761795,2 min
15.767539019761795,2 min
15.767539019761795,2 min
15.809889960277694,2 min
15.809889960277694,2 min
15.809889960277694,2 min
15.5326826673212,2 min
15.5326826673212,2 min
15.5326826673212,2 min
15.5326826673212,2 min
15.5326826673212,2 min
15.659567929587928,2 min
15.659567929587928,2 min
15.659567929587928,2 min
15.724622110632591,2 min
15.724622110632591,2 min
15.940070569428393,2 min
15.861959382164525,2 min
15.861959382164525,2 min
15.933364450634777,2 min
15.933364450634777,2 min
15.710759329457737,2 min
15.710759329457737,2 min
15.710759329457737,2 min
15.558398270427276,2 min
15.558398270427276,2 min
15.739813457412088,2 min
15.739813457412088,2 min
15.739813457412088,2 min
15.739813457412088,2 min
15.739813457412088,2 min
15.739813457412088,2 min
15.54545668923375,2 min
15.54545668923375,2 min
15.467345501969886,2 min
15.467345501969886,2 min
15.467345501969886,2 min
15.405869652115843,2 min
15.763677704264524,2 min
15.763677704264524,2 min
15.882695841413963,2 min
15.882695841413963,2 min
15.882695841413963,2 min
15.882695841413963,2 min
15.882695841413963,2 min
15.882695841413963,2 min
16.31548729322352,2 min
16.31548729322352,2 min
16.275625924635936,2 min
16.275625924635936,2 min
16.275625924635936,2 min
16.124425871929148,2 min
16.124425871929148,2 min
16.216116856061213,2 min
16.216116856061213,2 min
16.216116856061213,2 min
16.15106267501655,2 min
16.15106267501655,2 min
16.15106267501655,2 min
16.83558562301887,2 min
16.83558562301887,2 min
16.83558562301887,2 min
17.079282434813372,2 min
17.079282434813372,2 min
17.079282434813372,2 min
17.05212284107697,2 min
17.058190744195905,2 min
16.79323468250297,2 min
16.79323468250297,2 min
16.79323468250297,2 min
17.189743096915556,2 min
17.189743096915556,2 min
17.189743096915556,2 min
17.858551907489378,2 min
17.858551907489378,2 min
18.082318034990088,2 min
18.082318034990088,2 min
18.082318034990088,2 min
18.082318034990088,2 min
18.082318034990088,2 min
17.789919395254095,2 min
17.789919395254095,2 min
17.789919395254095,2 min
17.876871041871873,2 min
17.876871041871873,2 min
18.352651649872,2 min
18.352651649872,2 min
18.352651649872,2 min
18.352651649872,2 min
18.20751950028415,2 min
18.152111553549048,2 min
18.389457477917958,2 min
18.348790334374726,2 min
18.348790334374726,2 min
18.348790334374726,2 min
18.348790334374726,2 min
18.348790334374726,2 min
18.348790334374726,2 min
18.348790334374726,2 min
18.348790334374726,2 min
18.348790334374726,2 min
18.54234132759742,2 min
18.54234132759742,2 min
18.54234132759742,2 min
18.546557874462717,2 min
19.691953067992316,2 min
19.828935108156227,2 min
19.828935108156227,2 min
19.828935108156227,2 min
19.648441121152743,2 min
19.65005267106404,2 min
19.65005267106404,2 min
19.550682233901735,2 min
19.550682233901735,2 min
19.474820812223847,2 min
19.474820812223847,2 min
19.474820812223847,2 min
19.109856097693925,2 min
19.109856097693925,2 min
19.109856097693925,2 min
19.323620759517055,2 min
19.323620759517055,2 min
19.323620759517055,2 min
19.323620759517055,2 min
19.168842375619647,2 min
19.26463448159133,2 min
19.26463448159133,2 min
19.26463448159133,2 min
19.26463448159133,2 min
19.26463448159133,2 min
19.26463448159133,2 min
19.27740850350388,2 min
19.27740850350388,2 min
19.27740850350388,2 min
19.27740850350388,2 min
19.27740850350388,2 min
19.015675541633534,2 min
19.015675541633534,2 min
18.902725307603035,2 min
18.902725307603035,2 min
18.902725307603035,2 min
18.902725307603035,2 min
18.902725307603035,2 min
18.90746464511733,2 min
18.42364935271894,2 min
18.42364935271894,2 min
18.42364935271894,2 min
18.654927373968917,2 min
18.654927373968917,2 min
18.654927373968917,2 min
18.654927373968917,2 min
18.64544869894033,2 min
18.64544869894033,2 min
18.64544869894033,2 min
18.64544869894033,2 min
18.837671126558376,2 min
18.837671126558376,2 min
18.20739511896749,2 min
18.20739511896749,2 min
18.504888327585803,2 min
18.12714959114333,2 min
18.12714959114333,2 min
18.12714959114333,2 min
18.360394393672628,2 min
18.3495871530394,2 min
18.3495871530394,2 min
18.3495871530394,2 min
18.3495871530394,2 min
18.456992274599962,2 min
18.456992274599962,2 min
18.456992274599962,2 min
17.804013026480316,2 min
17.804013026480316,2 min
17.662459208083085,2 min
17.662459208083085,2 min
17.662459208083085,2 min
17.662459208083085,2 min
17.662459208083085,2 min
17.662459208083085,2 min
17.662459208083085,2 min
17.662459208083085,2 min
17.330721990408506,2 min
17.330721990408506,2 min
16.937153691511853,2 min
17.14681723149537,2 min
17.14681723149537,2 min
17.14681723149537,2 min
17.14681723149537,2 min
17.17201004395245,2 min
16.965402044510558,2 min
16.965402044510558,2 min
16.965402044510558,2 min
17.10579485658412,2 min
17.10579485658412,2 min
17.054320472407653,2 min
17.34868589342297,2 min
17.34868589342297,2 min
17.34868589342297,2 min
17.34868589342297,2 min
16.844134141775143,2 min
17.38283459025964,2 min
17.452628108818594,2 min
17.238225231320786,2 min
16.216870496761572,2 min
15.849133225996683,2 min
16.411059705658936,2 min
16.411059705658936,2 min
16.411059705658936,2 min
16.567804870835666,2 min
16.567804870835666,2 min
16.567804870835666,2 min
16.567804870835666,2 min
16.567804870835666,2 min
16.567804870835666,2 min
16.567804870835666,2 min
16.567804870835666,2 min
16.745641726629863,2 min
16.829820817012667,2 min
16.80462800455559,2 min
16.80462800455559,2 min
16.80462800455559,2 min
16.80462800455559,2 min
16.80462800455559,2 min
17.11141221611543,2 min
17.11141221611543,2 min
17.11141221611543,2 min
17.458413027630883,2 min
17.458413027630883,2 min
17.699337283190417,2 min
17.699337283190417,2 min
17.699337283190417,2 min
17.699337283190417,2 min
17.699337283190417,2 min
17.699337283190417,2 min
17.8917995171508,2 min
17.8917995171508,2 min
17.8917995171508,2 min
18.38947759072404,2 min
18.38947759072404,2 min
18.9948437701645,2 min
18.9948437701645,2 min
18.9948437701645,2 min
18.9948437701645,2 min
18.9948437701645,2 min
18.9948437701645,2 min
18.867392539284467,2 min
18.867392539284467,2 min
18.867392539284467,2 min
19.20474711649036,2 min
19.20474711649036,2 min
19.20474711649036,2 min
19.20474711649036,2 min
19.20474711649036,2 min
19.03916149195972,2 min
19.471147168813623,2 min
19.471147168813623,2 min
19.471147168813623,2 min
19.200290763282716,2 min
19.200290763282716,2 min
19.200290763282716,2 min
19.200290763282716,2 min
19.096986763561773,2 min
19.096986763561773,2 min
19.096986763561773,2 min
19.096986763561773,2 min
19.096986763561773,2 min
19.01645825143096,2 min
19.01645825143096,2 min
19.01645825143096,2 min
19.219132688314208,2 min
19.219132688314208,2 min
19.219132688314208,2 min
19.219132688314208,2 min
19.286321209919166,2 min
19.286321209919166,2 min
19.286321209919166,2 min
19.286321209919166,2 min
19.286321209919166,2 min
19.500724087416973,2 min
19.500724087416973,2 min
19.500724087416973,2 min
19.500724087416973,2 min
19.471952943769274,2 min
19.471952943769274,2 min
19.471952943769274,2 min
19.705365305579544,2 min
19.705365305579544,2 min
19.705365305579544,2 min
19.705365305579544,2 min
19.705365305579544,2 min
19.63806135894891,2 min
19.63806135894891,2 min
19.63806135894891,2 min
19.884530726978383,2 min
19.962641914242248,2 min
19.962641914242248,2 min
19.962641914242248,2 min
19.962641914242248,2 min
19.577914074699507,2 min
19.577914074699507,2 min
19.577914074699507,2 min
19.577914074699507,2 min
19.692025315053684,2 min
19.2348468257427,2 min
19.2348468257427,2 min
19.2348468257427,2 min
19.2348468257427,2 min
19.2348468257427,2 min
19.2348468257427,2 min
19.2348468257427,2 min
19.2348468257427,2 min
19.2348468257427,2 min
19.2348468257427,2 min
19.2348468257427,2 min
19.0465579606833,2 min
19.0465579606833,2 min
19.0465579606833,2 min
19.0465579606833,2 min
19.0465579606833,2 min
19.1794388790076,2 min
19.1794388790076,2 min
18.986410676433906,2 min
18.986410676433906,2 min
18.986410676433906,2 min
18.693489246048912,2 min
18.693489246048912,2 min
18.556674765165976,2 min
18.556674765165976,2 min
18.556674765165976,2 min
18.556674765165976,2 min
18.556674765165976,2 min
18.556674765165976,2 min
18.35508908754503,2 min
18.779040080000673,2 min
19.02550944803015,2 min
18.581910755587366,2 min
18.581910755587366,2 min
18.02114528224878,2 min
18.187536681735068,2 min
18.187536681735068,2 min
18.187536681735068,2 min
18.187536681735068,2 min
18.354566296896035,2 min
18.806482658043727,2 min
18.806482658043727,2 min
18.806482658043727,2 min
18.549206049381027,2 min
18.549206049381027,2 min
18.549206049381027,2 min
18.549206049381027,2 min
18.549206049381027,2 min
18.549206049381027,2 min
18.129639163071648,2 min
18.129639163071648,2 min
18.178340991013137,2 min
18.178340991013137,2 min
18.178340991013137,2 min
18.178340991013137,2 min
18.153670969205052,2 min
18.245884743986117,2 min
18.245884743986117,2 min
18.245884743986117,2 min
18.245884743986117,2 min
18.245884743986117,2 min
18.041526510130197,2 min
18.041526510130197,2 min
18.041526510130197,2 min
17.864850660659677,2 min
17.864850660659677,2 min
17.864850660659677,2 min
17.864850660659677,2 min
17.6921083737478,2 min
17.6921083737478,2 min
17.6921083737478,2 min
17.6921083737478,2 min
17.6921083737478,2 min
17.437321337013415,2 min
17.437321337013415,2 min
17.437321337013415,2 min
17.437321337013415,2 min
17.437321337013415,2 min
17.437321337013415,2 min
17.437321337013415,2 min
17.151441143983984,2 min
17.151441143983984,2 min
17.151441143983984,2 min
17.47128236176303,2 min
17.47128236176303,2 min
17.307663518511717,2 min
17.307663518511717,2 min
17.319914749775272,2 min
16.95049368203771,2 min
16.695989629609976,2 min
16.695989629609976,2 min
16.695989629609976,2 min
16.695989629609976,2 min
16.595980976773,2 min
16.595980976773,2 min
16.799293629330926,2 min
16.799293629330926,2 min
16.573560720550887,2 min
16.573560720550887,2 min
17.015025072433378,2 min
17.015025072433378,2 min
17.015025072433378,2 min
17.015025072433378,2 min
17.015025072433378,2 min
17.050147103506667,2 min
17.050147103506667,2 min
17.374727658800012,2 min
17.374727658800012,2 min
17.374727658800012,2 min
17.374727658800012,2 min
17.374727658800012,2 min
17.3658871994461,2 min
17.3658871994461,2 min
17.3658871994461,2 min
17.105838034548423,2 min
17.105838034548423,2 min
17.016113831695677,2 min
17.016113831695677,2 min
17.016113831695677,2 min
17.016113831695677,2 min
17.444804161665616,2 min
17.444804161665616,2 min
17.885630297873426,2 min
17.885630297873426,2 min
17.885630297873426,2 min
17.78071474824118,2 min
17.78071474824118,2 min
17.78071474824118,2 min
17.293038140345523,2 min
16.859891457167944,2 min
16.86122002277259,2 min
16.86122002277259,2 min
16.86122002277259,2 min
16.759599820024313,2 min
16.759599820024313,2 min
16.759599820024313,2 min
16.759599820024313,2 min
16.407504439626543,2 min
16.114017040628248,2 min
16.114017040628248,2 min
16.114017040628248,2 min
16.114017040628248,2 min
16.114017040628248,2 min
16.114017040628248,2 min
16.49810666449631,2 min
16.49810666449631,2 min
16.49810666449631,2 min
16.49810666449631,2 min
16.5646048361713,2 min
16.41340478346451,2 min
16.41340478346451,2 min
16.41340478346451,2 min
16.720544226392377,2 min
16.720544226392377,2 min
16.6964401731976,2 min
16.6964401731976,2 min
16.6964401731976,2 min
16.6964401731976,2 min
16.6964401731976,2 min
16.6964401731976,2 min
16.6964401731976,2 min
16.6964401731976,2 min
16.6964401731976,2 min
16.6964401731976,2 min
16.6964401731976,2 min
16.6964401731976,2 min
16.6964401731976,2 min
16.6964401731976,2 min
16.6964401731976,2 min
16.604749189065533,2 min
16.87034346643315,2 min
16.87034346643315,2 min
17.161936331213496,2 min
17.161936331213496,2 min
17.161936331213496,2 min
17.161936331213496,2 min
17.161936331213496,2 min
17.161936331213496,2 min
17.096076375213187,2 min
17.096076375213187,2 min
17.096076375213187,2 min
16.692056067051332,2 min
16.692056067051332,2 min
16.692056067051332,2 min
17.03431754105249,2 min
17.053610009671605,2 min
16.982204941201353,2 min
16.982204941201353,2 min
16.982204941201353,2 min
16.982204941201353,2 min
16.982204941201353,2 min
16.982204941201353,2 min
16.982204941201353,2 min
16.79801719798157,2 min
16.897387635143872,2 min
16.897387635143872,2 min
16.897387635143872,2 min
16.38451821479113,2 min
16.38451821479113,2 min
16.38451821479113,2 min
16.56754495168724,2 min
16.56754495168724,2 min
16.448243830231146,2 min
16.448243830231146,2 min
16.020359275216858,2 min
16.020359275216858,2 min
16.020359275216858,2 min
16.020359275216858,2 min
16.020359275216858,2 min
16.020359275216858,2 min
16.01758671898189,2 min
16.01758671898189,2 min
15.907931831835352,2 min
16.562355070585326,2 min
16.562355070585326,2 min
16.562355070585326,2 min
16.562355070585326,2 min
16.836267016657853,2 min
16.11678959686322,2 min
16.11678959686322,2 min
15.721086957406278,2 min
15.721086957406278,2 min
15.721086957406278,2 min
15.690349032479258,2 min
15.690349032479258,2 min
15.690349032479258,2 min
15.690349032479258,2 min
15.690349032479258,2 min
15.569364114050494,2 min
15.569364114050494,2 min
15.569364114050494,2 min
15.668284007625173,2 min
15.668284007625173,2 min
15.668284007625173,2 min
15.668284007625173,2 min
15.527891195551616,2 min
15.332373421049606,2 min
15.332373421049606,2 min
15.332373421049606,2 min
15.332373421049606,2 min
15.304930843006552,2 min
15.304930843006552,2 min
15.456769111388018,2 min
15.456769111388018,2 min
15.456769111388018,2 min
15.456769111388018,2 min
15.290377711901732,2 min
15.290377711901732,2 min
15.290377711901732,2 min
15.290377711901732,2 min
14.782415188344254,2 min
14.782415188344254,2 min
14.505730686036754,2 min
14.721462129139208,2 min
14.721462129139208,2 min
14.721462129139208,2 min
14.855787038093828,2 min
14.855787038093828,2 min
14.855787038093828,2 min
14.855787038093828,2 min
14.855787038093828,2 min
15.711440723096723,2 min
15.721725173080957,2 min
15.721725173080957,2 min
16.232344827847726,2 min
16.232344827847726,2 min
16.232344827847726,2 min
16.232344827847726,2 min
15.825029172801905,2 min
16.10749859392169,2 min
15.785167804214321,2 min
15.785167804214321,2 min
15.785167804214321,2 min
15.785167804214321,2 min
15.785167804214321,2 min
15.785167804214321,2 min
15.977557791113334,2 min
15.933240069318114,2 min
15.933240069318114,2 min
15.933240069318114,2 min
16.08524589698055,2 min
16.08524589698055,2 min
15.7681049883751,2 min
15.708312935493726,2 min
15.993315106506138,2 min
16.073915865698325,2 min
16.073915865698325,2 min
16.093846549992115,2 min
16.093846549992115,2 min
16.093846549992115,2 min
16.085811865593854,2 min
16.085811865593854,2 min
15.94212370663633,2 min
15.94212370663633,2 min
16.504050186298585,2 min
16.593774389151335,2 min
16.593774389151335,2 min
16.593774389151335,2 min
16.36642993046,2 min
16.514334636282822,2 min
16.637286335990908,2 min
16.637286335990908,2 min
16.637286335990908,2 min
16.951937672668038,2 min
16.951937672668038,2 min
17.218620709297955,2 min
17.218620709297955,2 min
17.44238683679867,2 min
17.44238683679867,2 min
17.44238683679867,2 min
17.44238683679867,2 min
16.9322899726809,2 min
16.9322899726809,2 min
16.9322899726809,2 min
16.9322899726809,2 min
16.6702740265039,2 min
16.6702740265039,2 min
16.6702740265039,2 min
16.6702740265039,2 min
16.6702740265039,2 min
16.6702740265039,2 min
16.6702740265039,2 min
16.6702740265039,2 min
16.6702740265039,2 min
16.6702740265039,2 min
16.6702740265039,2 min
16.700489160781927,2 min
16.700489160781927,2 min
16.700489160781927,2 min
16.63981908588353,2 min
16.63981908588353,2 min
16.63981908588353,2 min
16.884038688327035,2 min
16.884038688327035,2 min
16.884038688327035,2 min
16.884038688327035,2 min
16.884038688327035,2 min
16.884038688327035,2 min
16.884038688327035,2 min
16.93418450689885,2 min
16.51710719251779,2 min
16.901196816385855,2 min
16.901196816385855,2 min
16.901196816385855,2 min
16.901196816385855,2 min
16.901196816385855,2 min
17.27206187475374,2 min
17.27206187475374,2 min
17.27206187475374,2 min
17.27206187475374,2 min
17.27206187475374,2 min
17.125601159561242,2 min
17.125601159561242,2 min
17.125601159561242,2 min
17.125601159561242,2 min
17.125601159561242,2 min
17.125601159561242,2 min
17.125601159561242,2 min
17.125601159561242,2 min
16.42686019901605,2 min
16.59360682987036,2 min
16.59360682987036,2 min
16.133655784324407,2 min
16.133655784324407,2 min
16.133655784324407,2 min
16.133655784324407,2 min
16.28959517454549,2 min
16.05172645952758,2 min
16.369956127395326,2 min
16.369956127395326,2 min
16.369956127395326,2 min
16.40595618048564,2 min
16.40595618048564,2 min
16.40595618048564,2 min
16.370478918044327,2 min
16.370478918044327,2 min
16.370478918044327,2 min
16.370478918044327,2 min
16.269141699602702,2 min
16.269141699602702,2 min
16.243143112189976,2 min
16.23482544348506,2 min
15.966458609882473,2 min
15.990490416015879,2 min
15.990490416015879,2 min
15.963686053647503,2 min
15.963686053647503,2 min
15.963686053647503,2 min
15.963686053647503,2 min
16.396194521150402,2 min
16.396194521150402,2 min
16.396194521150402,2 min
15.827394363413562,2 min
15.85784930403393,2 min
15.85784930403393,2 min
15.85784930403393,2 min
15.85784930403393,2 min
15.727457957637954,2 min
15.641312085975828,2 min
15.641312085975828,2 min
15.641312085975828,2 min
15.25774525275676,2 min
15.25774525275676,2 min
15.034857147273069,2 min
15.034857147273069,2 min
14.797228238597505,2 min
14.954256388080886,2 min
14.954256388080886,2 min
15.287154612079137,2 min
15.287154612079137,2 min
15.287154612079137,2 min
15.287154612079137,2 min
15.287154612079137,2 min
15.347824686977532,2 min
15.347824686977532,2 min
15.66240377659329,2 min
15.66240377659329,2 min
15.66240377659329,2 min
15.620292642419734,2 min
15.620292642419734,2 min
15.620292642419734,2 min
15.620292642419734,2 min
15.569907017505573,2 min
15.569907017505573,2 min
15.400104846109638,2 min
15.400104846109638,2 min
15.668471679712226,2 min
15.668471679712226,2 min
15.950418310183014,2 min
16.008598813153093,2 min
15.8003792637999,2 min
15.883397347859031,2 min
15.883397347859031,2 min
15.883397347859031,2 min
15.883397347859031,2 min
15.883397347859031,2 min
15.883397347859031,2 min
15.788933807491993,2 min
15.788933807491993,2 min
15.3929481837284,2 min
15.387403071258458,2 min
15.387403071258458,2 min
15.387403071258458,2 min
15.387403071258458,2 min
14.954611619448908,2 min
15.305190762154977,2 min
15.424491883611068,2 min
15.424491883611068,2 min
15.424491883611068,2 min
15.424491883611068,2 min
15.424491883611068,2 min
15.424491883611068,2 min
15.424491883611068,2 min
15.424491883611068,2 min
15.424491883611068,2 min
15.90939593527176,2 min
15.90939593527176,2 min
15.90939593527176,2 min
15.778649357507762,2 min
15.778649357507762,2 min
15.778649357507762,2 min
16.012344703624684,2 min
16.012344703624684,2 min
16.012344703624684,2 min
16.435489921124677,2 min
16.435489921124677,2 min
16.079365665948664,2 min
16.121193815815566,2 min
16.121193815815566,2 min
16.121193815815566,2 min
16.121193815815566,2 min
16.121193815815566,2 min
16.43970646798997,2 min
16.43970646798997,2 min
16.43970646798997,2 min
16.43970646798997,2 min
16.43970646798997,2 min
16.43970646798997,2 min
16.43970646798997,2 min
16.43970646798997,2 min
16.43970646798997,2 min
16.37268550566599,2 min
16.37268550566599,2 min
16.37268550566599,2 min
16.37268550566599,2 min
16.37268550566599,2 min
16.37268550566599,2 min
15.880029753913693,2 min
15.880029753913693,2 min
15.880029753913693,2 min
15.880029753913693,2 min
15.847325047707349,2 min
15.847325047707349,2 min
16.402022617926995,2 min
16.402022617926995,2 min
16.67842413592784,2 min
16.67842413592784,2 min
16.67842413592784,2 min
16.67842413592784,2 min
16.67842413592784,2 min
16.67842413592784,2 min
16.4574305646621,2 min
16.4574305646621,2 min
16.4574305646621,2 min
16.33829700248698,2 min
16.33829700248698,2 min
15.92370926003424,2 min
15.92370926003424,2 min
15.92370926003424,2 min
16.38591007116617,2 min
16.38591007116617,2 min
16.182074627959246,2 min
16.62157219856241,2 min
16.34488769625491,2 min
16.34488769625491,2 min
16.34488769625491,2 min
16.472861717783942,2 min
16.472861717783942,2 min
16.472861717783942,2 min
16.472861717783942,2 min
16.938357875799838,2 min
16.938357875799838,2 min
17.33879985277107,2 min
17.33879985277107,2 min
17.18286046254999,2 min
17.429329830579466,2 min
17.235663412331096,2 min
17.082496578344987,2 min
17.082496578344987,2 min
16.94845465369702,2 min
17.251943518372894,2 min
17.251943518372894,2 min
17.624137142345425,2 min
17.624137142345425,2 min
17.549081495623184,2 min
17.549081495623184,2 min
17.549081495623184,2 min
17.712249795286873,2 min
17.712249795286873,2 min
17.712249795286873,2 min
17.712249795286873,2 min
17.712249795286873,2 min
17.712249795286873,2 min
17.345318299477633,2 min
17.174993337432703,2 min
17.174993337432703,2 min
17.460518299094108,2 min
17.460518299094108,2 min
17.460518299094108,2 min
17.460518299094108,2 min
17.460518299094108,2 min
17.52557248013877,2 min
17.52557248013877,2 min
17.460235314787457,2 min
17.460235314787457,2 min
17.460235314787457,2 min
17.460235314787457,2 min
18.014932885007106,2 min
18.014932885007106,2 min
17.823065688757083,2 min
17.823065688757083,2 min
17.823065688757083,2 min
17.248437434243648,2 min
17.248437434243648,2 min
17.423146502434847,2 min
17.34254574324266,2 min
17.34254574324266,2 min
17.34254574324266,2 min
17.34254574324266,2 min
17.34254574324266,2 min
16.957012128744275,2 min
16.957012128744275,2 min
17.03235075977317,2 min
17.03235075977317,2 min
17.03235075977317,2 min
17.03235075977317,2 min
17.00884174428876,2 min
17.00884174428876,2 min
17.509815164745966,2 min
17.509815164745966,2 min
17.509815164745966,2 min
17.509815164745966,2 min
17.685968223567492,2 min
17.685968223567492,2 min
17.685968223567492,2 min
17.685968223567492,2 min
17.685968223567492,2 min
17.81590902637585,2 min
18.16926072531689,2 min
18.16926072531689,2 min
18.16926072531689,2 min
17.622880823802156,2 min
17.622880823802156,2 min
17.402410043185405,2 min
17.402410043185405,2 min
17.430375411877456,2 min
17.716706148494517,2 min
17.716706148494517,2 min
17.716706148494517,2 min
17.716706148494517,2 min
17.91724624481747,2 min
17.91724624481747,2 min
17.91724624481747,2 min
17.91724624481747,2 min
18.168454950361237,2 min
18.168454950361237,2 min
18.168454950361237,2 min
18.000619560244623,2 min
18.000619560244623,2 min
18.000619560244623,2 min
17.58856456768451,2 min
17.58856456768451,2 min
17.647267861303582,2 min
17.647267861303582,2 min
17.578112558419306,2 min
17.777208664111935,2 min
17.777208664111935,2 min
17.777208664111935,2 min
17.826433282702425,2 min
17.826433282702425,2 min
17.47371979943606,2 min
17.47371979943606,2 min
17.47371979943606,2 min
17.359325574775227,2 min
17.359325574775227,2 min
17.359325574775227,2 min
17.70106425812739,2 min
17.70106425812739,2 min
17.61873652399823,2 min
17.61873652399823,2 min
17.361292356054555,2 min
17.604989167849055,2 min
17.604989167849055,2 min
17.604989167849055,2 min
17.604989167849055,2 min
17.52519418361252,2 min
17.52519418361252,2 min
17.52519418361252,2 min
17.52519418361252,2 min
17.52519418361252,2 min
17.52519418361252,2 min
17.52519418361252,2 min
17.617690942700236,2 min
17.617690942700236,2 min
17.50526349931873,2 min
17.50526349931873,2 min
17.50526349931873,2 min
17.50526349931873,2 min
17.50526349931873,2 min
17.580602130347625,2 min
17.580602130347625,2 min
17.286236709332307,2 min
17.286236709332307,2 min
17.32609807791989,2 min
17.32609807791989,2 min
16.76666117018595,2 min
16.76666117018595,2 min
16.76666117018595,2 min
16.93859768214218,2 min
16.93859768214218,2 min
16.93859768214218,2 min
16.93859768214218,2 min
16.78185251696545,2 min
16.78185251696545,2 min
16.78185251696545,2 min
16.78185251696545,2 min
16.78185251696545,2 min
17.00429007886152,2 min
17.00429007886152,2 min
17.00429007886152,2 min
17.00429007886152,2 min
17.00429007886152,2 min
17.00429007886152,2 min
17.00429007886152,2 min
17.00429007886152,2 min
17.185705265846334,2 min
16.800454635654596,2 min
17.01421929747773,2 min
17.01421929747773,2 min
17.08320704108104,2 min
16.946915350847092,2 min
16.946915350847092,2 min
16.946915350847092,2 min
16.946915350847092,2 min
16.946915350847092,2 min
16.822519660508682,2 min
16.536994698847273,2 min
16.6378091266399,2 min
16.6378091266399,2 min
16.6378091266399,2 min
16.6378091266399,2 min
16.6378091266399,2 min
16.6378091266399,2 min
16.6378091266399,2 min
16.357023502492787,2 min
16.357023502492787,2 min
16.357023502492787,2 min
16.357023502492787,2 min
16.18444877486188,2 min
16.18444877486188,2 min
16.18444877486188,2 min
16.18444877486188,2 min
15.885344016332272,2 min
15.89972958815612,2 min
15.877832122583008,2 min
15.877832122583008,2 min
15.877832122583008,2 min
15.877832122583008,2 min
15.877832122583008,2 min
15.877832122583008,2 min
15.788390904036914,2 min
15.788390904036914,2 min
15.689188026155584,2 min
15.56981465763812,2 min
15.56981465763812,2 min
15.56981465763812,2 min
15.250256424165723,2 min
15.274120671018158,2 min
15.274120671018158,2 min
15.274120671018158,2 min
15.274120671018158,2 min
15.274120671018158,2 min
15.274120671018158,2 min
15.274120671018158,2 min
14.921574747032766,2 min
15.075547355974525,2 min
14.887258490915126,2 min
14.887258490915126,2 min
14.887258490915126,2 min
14.628370332341124,2 min
15.083059249723785,2 min
15.083059249723785,2 min
15.03712997801727,2 min
15.03712997801727,2 min
15.03712997801727,2 min
15.03712997801727,2 min
15.03712997801727,2 min
15.03712997801727,2 min
15.348130736442407,2 min
15.348130736442407,2 min
15.269213774222894,2 min
15.269213774222894,2 min
15.269213774222894,2 min
15.269213774222894,2 min
15.269213774222894,2 min
15.269213774222894,2 min
15.269213774222894,2 min
15.056254887355411,2 min
15.056254887355411,2 min
15.056254887355411,2 min
15.088321377887075,2 min
14.986178384489802,2 min
15.100855593457286,2 min
15.100855593457286,2 min
15.100855593457286,2 min
15.100855593457286,2 min
15.373678780267515,2 min
15.373678780267515,2 min
15.373678780267515,2 min
15.373678780267515,2 min
15.373678780267515,2 min
15.219989155632408,2 min
15.219989155632408,2 min
15.219989155632408,2 min
15.219989155632408,2 min
14.98871113438243,2 min
14.98871113438243,2 min
14.866637456691366,2 min
14.866637456691366,2 min
14.866637456691366,2 min
14.866637456691366,2 min
14.676904601001642,2 min
14.676904601001642,2 min
14.442854023516695,2 min
14.442854023516695,2 min
14.198351436766544,2 min
14.306394774001781,2 min
14.026414924810314,2 min
14.026414924810314,2 min
14.026414924810314,2 min
14.026414924810314,2 min
14.026414924810314,2 min
14.026414924810314,2 min
14.13855938388517,2 min
14.13855938388517,2 min
14.028904496738633,2 min
14.13498105269455,2 min
14.13498105269455,2 min
14.448994173697006,2 min
14.448994173697006,2 min
14.448994173697006,2 min
14.626475798123174,2 min
14.626475798123174,2 min
14.626475798123174,2 min
14.626475798123174,2 min
14.626475798123174,2 min
14.740064247828354,2 min
14.740064247828354,2 min
14.740064247828354,2 min
14.740064247828354,2 min
14.740064247828354,2 min
14.716838216650597,2 min
14.876072953755644,2 min
14.876072953755644,2 min
14.876072953755644,2 min
14.876072953755644,2 min
14.871050631934699,2 min
14.871050631934699,2 min
14.871050631934699,2 min
15.190369059064752,2 min
15.190369059064752,2 min
15.062112053229068,2 min
15.062112053229068,2 min
14.95157914406551,2 min
15.72120238243196,2 min
15.548627654801056,2 min
15.548627654801056,2 min
15.548627654801056,2 min
16.092235000080816,2 min
16.092235000080816,2 min
15.994998903478807,2 min
15.994998903478807,2 min
15.994998903478807,2 min
16.10240402503937,2 min
16.10240402503937,2 min
16.10240402503937,2 min
16.10240402503937,2 min
16.10240402503937,2 min
16.00078382229109,2 min
16.00078382229109,2 min
16.00078382229109,2 min
16.13563152189471,2 min
16.13563152189471,2 min
16.13563152189471,2 min
16.690329092114354,2 min
16.690329092114354,2 min
16.323920386954107,2 min
16.323920386954107,2 min
16.256093649674476,2 min
16.256093649674476,2 min
16.226161499703103,2 min
16.226161499703103,2 min
16.249670515187518,2 min
16.249670515187518,2 min
16.249670515187518,2 min
16.249670515187518,2 min
16.249670515187518,2 min
16.249670515187518,2 min
16.248341949582873,2 min
16.248341949582873,2 min
16.289887115143124,2 min
16.378805543040222,2 min
16.378805543040222,2 min
16.378805543040222,2 min
15.838776528951078,2 min
16.060575875172468,2 min
16.060575875172468,2 min
16.060575875172468,2 min
16.060575875172468,2 min
16.060575875172468,2 min
16.060575875172468,2 min
16.289531883775098,2 min
16.289531883775098,2 min
16.8099131978771,2 min
16.8099131978771,2 min
16.8099131978771,2 min
16.8099131978771,2 min
16.8099131978771,2 min
16.8099131978771,2 min
17.211966724759634,2 min
17.211966724759634,2 min
17.047259122246018,2 min
17.047259122246018,2 min
17.047259122246018,2 min
17.16852702498143,2 min
17.16852702498143,2 min
17.16852702498143,2 min
17.222251174743867,2 min
17.222251174743867,2 min
17.222251174743867,2 min
17.450756639758872,2 min
17.355770308742837,2 min
17.372928436801658,2 min
17.372928436801658,2 min
17.372928436801658,2 min
17.372928436801658,2 min
17.01431460969733,2 min
17.20457025603605,2 min
17.20457025603605,2 min
17.20457025603605,2 min
17.20457025603605,2 min
17.20457025603605,2 min
17.20457025603605,2 min
17.20457025603605,2 min
17.20457025603605,2 min
17.921275119595713,2 min
17.921275119595713,2 min
17.921275119595713,2 min
17.921275119595713,2 min
17.921275119595713,2 min
17.887241847784725,2 min
17.887241847784725,2 min
17.887241847784725,2 min
17.887241847784725,2 min
17.887241847784725,2 min
17.887241847784725,2 min
17.887241847784725,2 min
17.566594855050027,2 min
17.566594855050027,2 min
17.566594855050027,2 min
17.566594855050027,2 min
17.566594855050027,2 min
16.787608366680672,2 min
16.787608366680672,2 min
16.787608366680672,2 min
16.787608366680672,2 min
16.354816914871122,2 min
16.354816914871122,2 min
16.354816914871122,2 min
16.584933929797423,2 min
16.584933929797423,2 min
16.466438583296977,2 min
16.551423448635433,2 min
16.551423448635433,2 min
16.551423448635433,2 min
16.910843050695412,2 min
16.95741053807661,2 min
16.95741053807661,2 min
17.023625725444944,2 min
17.010045928576744,2 min
17.010045928576744,2 min
17.010045928576744,2 min
16.47724582393021,2 min
16.50243863638729,2 min
16.70591884822619,2 min
16.70591884822619,2 min
16.70591884822619,2 min
16.859891457167947,2 min
16.859891457167947,2 min
16.859891457167947,2 min
16.859891457167947,2 min
16.859891457167947,2 min
16.859891457167947,2 min
16.859891457167947,2 min
16.859891457167947,2 min
16.859891457167947,2 min
16.985898697417657,2 min
16.985898697417657,2 min
16.910037275739764,2 min
16.88813981016665,2 min
16.88813981016665,2 min
16.88813981016665,2 min
16.88813981016665,2 min
16.68269281704843,2 min
16.68269281704843,2 min
16.68269281704843,2 min
16.68269281704843,2 min
16.893684922636588,2 min
16.893684922636588,2 min
16.67911448585781,2 min
16.67911448585781,2 min
16.206629224741647,2 min
16.206629224741647,2 min
16.206629224741647,2 min
16.206629224741647,2 min
16.206629224741647,2 min
16.206629224741647,2 min
15.83005149462285,2 min
15.83005149462285,2 min
15.83005149462285,2 min
16.20305089355103,2 min
16.20305089355103,2 min
16.107258787579347,2 min
16.107258787579347,2 min
16.455065374050445,2 min
16.354250946257817,2 min
16.354250946257817,2 min
16.389205418050135,2 min
16.166767856154067,2 min
16.166767856154067,2 min
16.037182284713737,2 min
16.037182284713737,2 min
16.037182284713737,2 min
16.680160067155803,2 min
16.680160067155803,2 min
16.85031746991976,2 min
16.85031746991976,2 min
16.85031746991976,2 min
17.486944364936235,2 min
17.486944364936235,2 min
17.486944364936235,2 min
17.486944364936235,2 min
17.51358116802364,2 min
16.845578132405468,2 min
16.845578132405468,2 min
16.845578132405468,2 min
17.08927494419997,2 min
17.08927494419997,2 min
17.08927494419997,2 min
17.686846245584512,2 min
17.77986579532123,2 min
17.715617389232214,2 min
17.715617389232214,2 min
17.715617389232214,2 min
17.715617389232214,2 min
17.715617389232214,2 min
17.715617389232214,2 min
17.715617389232214,2 min
17.715617389232214,2 min
17.715617389232214,2 min
17.72445784858612,2 min
17.72445784858612,2 min
17.72445784858612,2 min
17.72445784858612,2 min
17.72445784858612,2 min
18.191920787881337,2 min
18.191920787881337,2 min
17.906395826219928,2 min
17.906395826219928,2 min
17.906395826219928,2 min
18.19388756916066,2 min
18.19388756916066,2 min
18.26223709708929,2 min
17.847409548294205,2 min
17.60174595522038,2 min
17.60174595522038,2 min
17.560723580309123,2 min
17.384330715145254,2 min
17.384330715145254,2 min
17.384330715145254,2 min
17.384330715145254,2 min
17.365205805807115,2 min
17.06396670671721,2 min
17.06396670671721,2 min
17.06396670671721,2 min
16.886768066597696,2 min
16.886768066597696,2 min
17.071761584773128,2 min
17.071761584773128,2 min
17.083374600362006,2 min
17.083374600362006,2 min
17.083374600362006,2 min
17.07927347852239,2 min
17.07927347852239,2 min
16.807328313729183,2 min
16.863542035419936,2 min
16.863542035419936,2 min
16.863542035419936,2 min
16.863542035419936,2 min
16.863542035419936,2 min
16.84325611975812,2 min
16.84325611975812,2 min
16.84325611975812,2 min
17.203836728141773,2 min
17.203836728141773,2 min
16.85764169158197,2 min
16.85764169158197,2 min
16.85764169158197,2 min
16.85764169158197,2 min
16.85764169158197,2 min
16.767634504422574,2 min
16.767634504422574,2 min
16.767634504422574,2 min
16.767634504422574,2 min
16.767634504422574,2 min
16.767634504422574,2 min
16.767634504422574,2 min
16.767634504422574,2 min
16.630820023539634,2 min
16.630820023539634,2 min
16.630820023539634,2 min
16.630820023539634,2 min
16.265049534054064,2 min
16.50239545842298,2 min
16.50239545842298,2 min
16.43589728674799,2 min
16.43589728674799,2 min
16.43589728674799,2 min
16.43589728674799,2 min
16.645277842424854,2 min
16.645277842424854,2 min
16.0111405193367,2 min
16.0111405193367,2 min
15.49381474577632,2 min
16.02384229418788,2 min
16.02384229418788,2 min
15.396055858525315,2 min
15.396055858525315,2 min
15.396055858525315,2 min
15.396055858525315,2 min
15.541470992419818,2 min
15.707056616950455,2 min
15.707056616950455,2 min
15.707056616950455,2 min
15.395010277227323,2 min
15.395010277227323,2 min
15.395010277227323,2 min
14.80627943519669,2 min
14.632376141961139,2 min
14.632376141961139,2 min
14.784381969623578,2 min
14.784381969623578,2 min
14.784381969623578,2 min
14.784381969623578,2 min
14.784381969623578,2 min
14.784381969623578,2 min
14.71065488850598,2 min
14.71065488850598,2 min
14.71065488850598,2 min
14.741392813433002,2 min
14.741392813433002,2 min
14.803151647593694,2 min
14.803151647593694,2 min
14.42870825803519,2 min
14.727813016564799,2 min
14.727813016564799,2 min
14.822276556931836,2 min
14.822276556931836,2 min
14.615385573183293,2 min
14.615385573183293,2 min
14.447027392417684,2 min
14.447027392417684,2 min
15.045519893783553,2 min
15.139983434150592,2 min
15.139983434150592,2 min
15.139983434150592,2 min
15.1064729529886,2 min
15.1064729529886,2 min
15.1064729529886,2 min
15.1064729529886,2 min
15.1064729529886,2 min
15.1064729529886,2 min
15.1064729529886,2 min
15.451223998918074,2 min
15.626288298477299,2 min
15.626288298477299,2 min
15.626288298477299,2 min
15.553722223683373,2 min
15.987151891167603,2 min
15.987151891167603,2 min
16.133089815711102,2 min
16.133089815711102,2 min
16.133089815711102,2 min
16.0159230348153,2 min
16.0159230348153,2 min
16.724310229670053,2 min
16.724310229670053,2 min
16.724310229670053,2 min
16.63458602681731,2 min
16.63458602681731,2 min
16.63458602681731,2 min
16.50580623033263,2 min
16.50580623033263,2 min
16.50580623033263,2 min
16.447625727362553,2 min
16.447625727362553,2 min
16.447625727362553,2 min
16.809012110701854,2 min
16.809012110701854,2 min
16.809012110701854,2 min
16.809012110701854,2 min
16.809012110701854,2 min
16.809012110701854,2 min
16.809012110701854,2 min
16.809012110701854,2 min
16.809012110701854,2 min
16.843683598187518,2 min
16.843683598187518,2 min
16.843683598187518,2 min
16.843683598187518,2 min
17.10240419748055,2 min
17.09685908501061,2 min
17.09685908501061,2 min
17.09685908501061,2 min
17.09685908501061,2 min
17.114655428744108,2 min
17.114655428744108,2 min
17.05728070072968,2 min
17.082756497493413,2 min
17.082756497493413,2 min
17.082756497493413,2 min
17.082756497493413,2 min
16.5247635803898,2 min
16.703856754727266,2 min
16.688665407947767,2 min
16.688665407947767,2 min
17.102164391138203,2 min
17.102164391138203,2 min
17.600010023992418,2 min
17.410915383977372,2 min
17.410915383977372,2 min
17.410915383977372,2 min
17.410915383977372,2 min
17.410915383977372,2 min
17.531022280389116,2 min
17.531022280389116,2 min
17.531022280389116,2 min
17.66032486752279,2 min
17.480353671168302,2 min
18.214739453435783,2 min
18.214739453435783,2 min
18.214739453435783,2 min
18.301691100053553,2 min
18.301691100053553,2 min
18.301691100053553,2 min
18.618759761597634,2 min
18.618759761597634,2 min
18.632339558465837,2 min
18.632339558465837,2 min
18.536547452494155,2 min
18.536547452494155,2 min
18.536547452494155,2 min
18.53984279937812,2 min
18.53984279937812,2 min
18.80230928914274,2 min
18.80230928914274,2 min
18.80230928914274,2 min
18.80230928914274,2 min
19.08228913833421,2 min
19.08228913833421,2 min
18.44976336515735,2 min
18.44976336515735,2 min
18.44976336515735,2 min
18.44976336515735,2 min
18.44976336515735,2 min
18.44976336515735,2 min
18.44976336515735,2 min
18.44976336515735,2 min
18.44976336515735,2 min
18.44976336515735,2 min
18.44976336515735,2 min
18.10750189115619,2 min
18.056478050567353,2 min
18.056478050567353,2 min
18.215995771979053,2 min
18.215995771979053,2 min
17.602594908140336,2 min
17.602594908140336,2 min
17.48213278036057,2 min
17.52645050215579,2 min
17.52645050215579,2 min
17.640561742509966,2 min
17.640561742509966,2 min
16.95765034441895,2 min
16.95765034441895,2 min
16.95765034441895,2 min
17.086952931552624,2 min
17.086952931552624,2 min
17.086952931552624,2 min
17.086952931552624,2 min
17.086952931552624,2 min
17.086952931552624,2 min
17.13484898453847,2 min
17.13484898453847,2 min
17.13484898453847,2 min
16.870060482126497,2 min
16.870060482126497,2 min
16.870060482126497,2 min
16.870060482126497,2 min
16.870060482126497,2 min
17.065861240935163,2 min
17.065861240935163,2 min
17.065861240935163,2 min
17.065861240935163,2 min
17.065861240935163,2 min
17.065861240935163,2 min
17.065861240935163,2 min
17.065861240935163,2 min
16.671487167082866,2 min
16.671487167082866,2 min
16.7554986981847,2 min
16.7554986981847,2 min
16.93771966012516,2 min
16.784269841832398,2 min
16.784269841832398,2 min
16.784269841832398,2 min
16.784269841832398,2 min
16.784269841832398,2 min
16.784269841832398,2 min
16.784269841832398,2 min
16.784269841832398,2 min
16.72528356390667,2 min
16.79865541365625,2 min
16.79865541365625,2 min
16.429474152261033,2 min
16.49758387384732,2 min
15.793936016506859,2 min
15.793936016506859,2 min
15.793936016506859,2 min
15.793936016506859,2 min
15.793936016506859,2 min
15.793936016506859,2 min
15.714213279331695,2 min
15.714213279331695,2 min
15.714213279331695,2 min
15.629228413993241,2 min
15.629228413993241,2 min
14.895648406681412,2 min
15.305213827313205,2 min
15.305213827313205,2 min
15.262579902490652,2 min
15.262579902490652,2 min
15.262579902490652,2 min
14.865433272403385,2 min
14.865433272403385,2 min
15.208332962079218,2 min
15.208332962079218,2 min
15.208332962079218,2 min
15.208332962079218,2 min
15.208332962079218,2 min
14.944182675341928,2 min
15.13970044984394,2 min
14.680555179253634,2 min
14.680555179253634,2 min
15.185106930901464,2 min
15.185106930901464,2 min
14.848913360019242,2 min
15.022010878299142,2 min
15.022010878299142,2 min
15.790190126035267,2 min
15.790190126035267,2 min
16.118349012519225,2 min
16.118349012519225,2 min
16.118349012519225,2 min
16.118349012519225,2 min
16.118349012519225,2 min
16.118349012519225,2 min
16.118349012519225,2 min
16.118349012519225,2 min
15.865528757064162,2 min
15.902617569416773,2 min
15.902617569416773,2 min
15.775804554211417,2 min
15.775804554211417,2 min
15.775804554211417,2 min
15.775804554211417,2 min
15.775804554211417,2 min
15.762224757343215,2 min
15.762224757343215,2 min
15.648919291944686,2 min
15.648919291944686,2 min
15.648919291944686,2 min
15.786894779151298,2 min
15.786894779151298,2 min
15.658397966973274,2 min
15.658397966973274,2 min
16.58251660493048,2 min
16.886883491623376,2 min
16.886883491623376,2 min
16.886883491623376,2 min
16.74122855138653,2 min
16.96383367256357,2 min
16.96383367256357,2 min
17.29090379978523,2 min
17.29090379978523,2 min
17.29090379978523,2 min
17.29090379978523,2 min
17.29090379978523,2 min
17.08349002538769,2 min
17.08349002538769,2 min
17.08349002538769,2 min
17.08349002538769,2 min
17.37733265575401,2 min
17.37733265575401,2 min
17.37733265575401,2 min
17.37733265575401,2 min
17.37733265575401,2 min
17.37733265575401,2 min
17.199495799959813,2 min
17.199495799959813,2 min
17.06846623788916,2 min
17.06846623788916,2 min
17.06846623788916,2 min
17.06846623788916,2 min
17.06846623788916,2 min
17.085907350254633,2 min
17.085907350254633,2 min
17.085907350254633,2 min
17.085907350254633,2 min
17.17418756247705,2 min
17.0892026971386,2 min
17.0892026971386,2 min
17.0892026971386,2 min
17.27114067477241,2 min
17.27114067477241,2 min
17.27114067477241,2 min
17.490167464758834,2 min
17.490167464758834,2 min
17.490167464758834,2 min
17.490167464758834,2 min
17.59733277997705,2 min
17.59733277997705,2 min
17.59733277997705,2 min
17.59733277997705,2 min
17.59733277997705,2 min
17.59733277997705,2 min
17.29742224649179,2 min
17.29742224649179,2 min
17.29742224649179,2 min
17.29742224649179,2 min
17.29742224649179,2 min
17.29742224649179,2 min
17.29742224649179,2 min
17.015475616021003,2 min
17.107689390802065,2 min
17.107689390802065,2 min
17.107689390802065,2 min
17.107689390802065,2 min
17.107689390802065,2 min
16.973647466154098,2 min
17.30268437465508,2 min
17.30268437465508,2 min
16.7989383979629,2 min
16.7989383979629,2 min
16.7989383979629,2 min
16.67542072964151,2 min
16.9573673601123,2 min
16.990355050625297,2 min
16.990355050625297,2 min
16.8020661855659,2 min
16.97239114761083,2 min
16.97239114761083,2 min
16.97239114761083,2 min
16.97239114761083,2 min
16.97239114761083,2 min
16.97239114761083,2 min
17.34764031212498,2 min
17.34764031212498,2 min
17.32770962783119,2 min
17.32770962783119,2 min
17.32770962783119,2 min
17.740047604697956,2 min
17.740047604697956,2 min
17.740047604697956,2 min
17.740047604697956,2 min
17.740047604697956,2 min
17.740047604697956,2 min
17.740047604697956,2 min
17.740047604697956,2 min
17.740047604697956,2 min
17.76934153899465,2 min
17.76934153899465,2 min
17.76934153899465,2 min
17.76934153899465,2 min
16.915822194552046,2 min
16.870698697801174,2 min
16.870698697801174,2 min
17.206892268683397,2 min
17.206892268683397,2 min
17.052919659741637,2 min
17.052919659741637,2 min
16.761326794961292,2 min
17.075622900270396,2 min
17.075622900270396,2 min
17.44781652424293,2 min
17.44781652424293,2 min
17.44781652424293,2 min
17.700636779697994,2 min
17.700636779697994,2 min
17.700636779697994,2 min
17.58704832999281,2 min
17.58704832999281,2 min
17.58704832999281,2 min
17.71028301400755,2 min
17.71028301400755,2 min
17.71028301400755,2 min
17.71028301400755,2 min
17.71028301400755,2 min
17.71028301400755,2 min
17.71028301400755,2 min
17.71028301400755,2 min
17.71028301400755,2 min
17.71028301400755,2 min
17.71028301400755,2 min
17.71028301400755,2 min
17.71028301400755,2 min
17.71028301400755,2 min
17.595365998697726,2 min
17.595365998697726,2 min
17.595365998697726,2 min
17.595365998697726,2 min
17.502869239610007,2 min
17.502869239610007,2 min
17.502869239610007,2 min
17.196085028050167,2 min
17.196085028050167,2 min
17.342022952593666,2 min
17.342022952593666,2 min
17.131836621961153,2 min
17.131836621961153,2 min
17.131836621961153,2 min
17.131836621961153,2 min
17.273557999639355,2 min
17.273557999639355,2 min
16.9595448786369,2 min
16.9595448786369,2 min
16.9595448786369,2 min
16.9595448786369,2 min
17.30377313391738,2 min
17.30377313391738,2 min
17.19001712493123,2 min
17.237390387268075,2 min
17.38662365869554,2 min
17.38662365869554,2 min
17.38662365869554,2 min
17.33237671828411,2 min
17.342661168268343,2 min
17.342661168268343,2 min
17.201107349871112,2 min
17.201107349871112,2 min
17.201107349871112,2 min
17.201107349871112,2 min
17.201107349871112,2 min
17.201107349871112,2 min
17.09832614079916,2 min
16.19610496841507,2 min
16.19610496841507,2 min
15.983146081547586,2 min
15.96286016588577,2 min
15.96286016588577,2 min
15.984757631458884,2 min
16.309055202445574,2 min
16.309055202445574,2 min
16.733006194901215,2 min
16.37652670835718,2 min
16.610744845123097,2 min
16.610744845123097,2 min
16.875533347535068,2 min
16.875533347535068,2 min
16.555692129756018,2 min
16.650961445078707,2 min
16.650961445078707,2 min
16.78026403221238,2 min
16.78026403221238,2 min
16.78026403221238,2 min
16.78026403221238,2 min
16.78026403221238,2 min
16.78026403221238,2 min
16.70359683557884,2 min
16.70359683557884,2 min
16.909043828697058,2 min
16.909043828697058,2 min
16.909043828697058,2 min
16.710470513653426,2 min
16.710470513653426,2 min
16.337188130418596,2 min
16.337188130418596,2 min
16.337188130418596,2 min
16.41252676144749,2 min
16.41252676144749,2 min
16.061141843785773,2 min
16.061141843785773,2 min
15.711368476035352,2 min
15.711368476035352,2 min
15.711368476035352,2 min
15.3209279647417,2 min
15.438094745637496,2 min
15.438094745637496,2 min
15.435322189402527,2 min
15.435322189402527,2 min
15.435322189402527,2 min
15.520307054740979,2 min
15.520307054740979,2 min
15.520307054740979,2 min
15.520307054740979,2 min
15.520307054740979,2 min
15.520307054740979,2 min
15.520307054740979,2 min
15.520307054740979,2 min
15.520307054740979,2 min
15.7252312572102,2 min
15.7252312572102,2 min
15.7252312572102,2 min
15.7252312572102,2 min
16.249713693151822,2 min
16.249713693151822,2 min
16.249713693151822,2 min
16.249713693151822,2 min
16.249713693151822,2 min
16.249713693151822,2 min
16.249713693151822,2 min
16.360812570928687,2 min
16.360812570928687,2 min
16.360812570928687,2 min
16.325052324180717,2 min
16.325052324180717,2 min
16.325052324180717,2 min
16.503694954930562,2 min
16.503694954930562,2 min
16.503694954930562,2 min
16.47215125504789,2 min
16.95151019423864,2 min
16.95151019423864,2 min
16.95151019423864,2 min
16.95151019423864,2 min
16.95151019423864,2 min
16.692266804296615,2 min
16.692266804296615,2 min
16.692266804296615,2 min
16.58261191715008,2 min
16.518080526754414,2 min
16.518080526754414,2 min
16.518080526754414,2 min
16.528364976738647,2 min
16.363302142857005,2 min
16.363302142857005,2 min
16.363302142857005,2 min
17.440870599106972,2 min
17.440870599106972,2 min
17.440870599106972,2 min
17.525049689489776,2 min
17.525049689489776,2 min
17.525049689489776,2 min
17.525049689489776,2 min
17.668215057798307,2 min
17.668215057798307,2 min
17.653023711018808,2 min
17.653023711018808,2 min
17.653023711018808,2 min
17.316307349487587,2 min
17.316307349487587,2 min
16.96850076301649,2 min
16.96850076301649,2 min
16.797087041709258,2 min
16.799336807295234,2 min
16.513006070678177,2 min
16.675819138973843,2 min
16.565003245503632,2 min
16.444541117723865,2 min
16.444541117723865,2 min
16.20165008088501,2 min
16.20165008088501,2 min
16.20165008088501,2 min
16.514857426931815,2 min
16.514857426931815,2 min
16.496538292549324,2 min
16.60012527657692,2 min
16.60012527657692,2 min
16.36642993046,2 min
16.43345089278398,2 min
16.43345089278398,2 min
16.43345089278398,2 min
16.442051545795547,2 min
16.442051545795547,2 min
16.877970785208095,2 min
16.877970785208095,2 min
16.769927447972858,2 min
16.769927447972858,2 min
16.769927447972858,2 min
16.769927447972858,2 min
16.769927447972858,2 min
16.884844463282683,2 min
16.884844463282683,2 min
16.884844463282683,2 min
16.744451651209125,2 min
16.744451651209125,2 min
16.744451651209125,2 min
16.744451651209125,2 min
16.744451651209125,2 min
16.354816914871122,2 min
16.354816914871122,2 min
16.354816914871122,2 min
16.354816914871122,2 min
16.466438583296984,2 min
16.57661626109251,2 min
16.57661626109251,2 min
16.976252463108096,2 min
16.976252463108096,2 min
16.768032913754908,2 min
16.768032913754908,2 min
16.768032913754908,2 min
16.768032913754908,2 min
16.210845771606948,2 min
16.210845771606948,2 min
16.210845771606948,2 min
16.210845771606948,2 min
16.210845771606948,2 min
16.210845771606948,2 min
16.210845771606948,2 min
16.06426963138877,2 min
16.06426963138877,2 min
16.265332518360722,2 min
16.265332518360722,2 min
16.265332518360722,2 min
16.317329693186178,2 min
16.115461031258576,2 min
16.115461031258576,2 min
16.115461031258576,2 min
16.115461031258576,2 min
15.493742498714948,2 min
15.493742498714948,2 min
15.74021186674442,2 min
15.74021186674442,2 min
15.74021186674442,2 min
15.705895610626781,2 min
15.705895610626781,2 min
15.705895610626781,2 min
15.756564219847593,2 min
15.756564219847593,2 min
16.066476219010433,2 min
16.066476219010433,2 min
16.05844153461217,2 min
16.05844153461217,2 min
16.2905253308178,2 min
16.51232467703919,2 min
15.39927895834791,2 min
15.39927895834791,2 min
15.39927895834791,2 min
15.317066649244428,2 min
15.317066649244428,2 min
15.328679664833306,2 min
15.328679664833306,2 min
15.177479612126518,2 min
15.177479612126518,2 min
15.177479612126518,2 min
15.145935912243848,2 min
15.145935912243848,2 min
15.145935912243848,2 min
15.297418949257288,2 min
15.297418949257288,2 min
15.297418949257288,2 min
15.297418949257288,2 min
15.406790852097172,2 min
15.406790852097172,2 min
15.202149633934601,2 min
15.202149633934601,2 min
15.202149633934601,2 min
15.254785024434735,2 min
15.254785024434735,2 min
15.254785024434735,2 min
15.254785024434735,2 min
15.122426896759437,2 min
15.122426896759437,2 min
15.122426896759437,2 min
15.027440565743404,2 min
15.744145429303066,2 min
15.744145429303066,2 min
15.645580767096412,2 min
15.645580767096412,2 min
15.645580767096412,2 min
15.638591663996143,2 min
15.638591663996143,2 min
15.168356168465955,2 min
15.19660452146466,2 min
15.19660452146466,2 min
15.692032829451927,2 min
15.692032829451927,2 min
15.692032829451927,2 min
15.692032829451927,2 min
15.54002700178949,2 min
15.54002700178949,2 min
15.673546135788461,2 min
15.673546135788461,2 min
15.756564219847592,2 min
15.756564219847592,2 min
15.756564219847592,2 min
15.756564219847592,2 min
15.756564219847592,2 min
15.756564219847592,2 min
15.756564219847592,2 min
15.756564219847592,2 min
15.623683301523297,2 min
15.522346083081672,2 min
15.522346083081672,2 min
15.239238446287212,2 min
15.239238446287212,2 min
15.239238446287212,2 min
15.488197386245004,2 min
15.836881994733124,2 min
15.836881994733124,2 min
15.836881994733124,2 min
15.836881994733124,2 min
15.856006904071267,2 min
15.856006904071267,2 min
15.856006904071267,2 min
15.856006904071267,2 min
15.856006904071267,2 min
15.856006904071267,2 min
15.856006904071267,2 min
15.666557032688194,2 min
15.980047363041653,2 min
15.980047363041653,2 min
15.90944806952705,2 min
15.970401128732096,2 min
15.970401128732096,2 min
15.970401128732096,2 min
15.970401128732096,2 min
15.970401128732096,2 min
16.554225073967466,2 min
16.358424315158803,2 min
16.358424315158803,2 min
16.358424315158803,2 min
16.358424315158803,2 min
16.358424315158803,2 min
16.358424315158803,2 min
16.35091242140954,2 min
16.58790311441043,2 min
16.2868315746015,2 min
16.2868315746015,2 min
16.56467708323267,2 min
16.56467708323267,2 min
16.344206302615923,2 min
16.10686037824701,2 min
16.10686037824701,2 min
16.10686037824701,2 min
16.10686037824701,2 min
16.25090376857256,2 min
16.25090376857256,2 min
16.223744174836156,2 min
16.74938761710145,2 min
16.74938761710145,2 min
16.74938761710145,2 min
16.84276239820619,2 min
16.84276239820619,2 min
16.857953744985686,2 min
16.857953744985686,2 min
16.768752332781936,2 min
16.768752332781936,2 min
16.768752332781936,2 min
17.10136757247354,2 min
16.97644909148613,2 min
16.97644909148613,2 min
16.97644909148613,2 min
17.24453294078207,2 min
17.289133646883943,2 min
17.264746609382513,2 min
17.264746609382513,2 min
17.264746609382513,2 min
17.264746609382513,2 min
17.008631007043476,2 min
17.008631007043476,2 min
17.008631007043476,2 min
17.008631007043476,2 min
16.369399115073005,2 min
16.369399115073005,2 min
16.369399115073005,2 min
16.72865115785201,2 min
16.72865115785201,2 min
16.72865115785201,2 min
16.72865115785201,2 min
16.72865115785201,2 min
17.086459210000694,2 min
17.086459210000694,2 min
16.69514067669002,2 min
16.701208579808956,2 min
16.688434557896404,2 min
16.688434557896404,2 min
16.688434557896404,2 min
16.688434557896404,2 min
16.589231680015075,2 min
16.589231680015075,2 min
16.48789446157345,2 min
16.967891616438877,2 min
16.967891616438877,2 min
16.967891616438877,2 min
16.967891616438877,2 min
16.967891616438877,2 min
17.08558118798367,2 min
17.08558118798367,2 min
17.08558118798367,2 min
17.291383412469916,2 min
17.291383412469916,2 min
17.103094547410517,2 min
17.103094547410517,2 min
17.103094547410517,2 min
16.952700269659378,2 min
16.94466558526112,2 min
17.04600280370274,2 min
17.04600280370274,2 min
17.04600280370274,2 min
17.04600280370274,2 min
17.406583412086395,2 min
17.406583412086395,2 min
17.406583412086395,2 min
17.406583412086395,2 min
17.406583412086395,2 min
17.406583412086395,2 min
17.406583412086395,2 min
17.028844675643924,2 min
17.028844675643924,2 min
17.028844675643924,2 min
17.028844675643924,2 min
17.030005681967594,2 min
17.030005681967594,2 min
17.030005681967594,2 min
17.030005681967594,2 min
16.472986099100606,2 min
16.472986099100606,2 min
16.472986099100606,2 min
