11:39:00,8,13,-211
11:39:00,7,11,-210
11:39:00,9,14,-211
11:39:00,9,11,-211
11:39:00,9,14,-208
11:39:00,11,13,-214
11:39:00,10,15,-210
11:39:00,8,14,-210
11:39:00,10,14,-209
11:39:00,11,12,-209
11:39:00,10,12,-208
11:39:00,11,13,-208
11:39:00,8,13,-208
11:39:00,10,12,-209
11:39:00,10,13,-209
11:39:00,11,15,-206
11:39:00,12,13,-208
11:39:00,11,13,-208
11:39:00,10,13,-208
11:39:00,10,13,-206
11:39:01,9,14,-210
11:39:01,9,14,-209
11:39:01,8,11,-209
11:39:01,8,9,-212
11:39:01,9,10,-210
11:39:01,9,14,-211
11:39:01,9,12,-210
11:39:01,10,14,-210
11:39:01,9,13,-209
11:39:01,10,13,-210
11:39:01,10,10,-209
11:39:01,10,13,-210
11:39:01,9,14,-210
11:39:01,10,12,-209
11:39:01,8,15,-209
11:39:01,9,14,-209
11:39:01,9,10,-211
11:39:01,10,12,-208
11:39:01,10,13,-208
11:39:01,9,15,-211
11:39:02,9,14,-209
11:39:02,10,13,-210
11:39:02,8,13,-208
11:39:02,8,12,-210
11:39:02,10,11,-207
11:39:02,10,12,-209
11:39:02,12,9,-210
11:39:02,9,13,-212
11:39:02,10,9,-209
11:39:02,10,12,-208
11:39:02,9,11,-208
11:39:02,8,14,-210
11:39:02,10,14,-212
11:39:02,9,14,-209
11:39:02,9,12,-210
11:39:02,9,12,-207
11:39:02,8,12,-210
11:39:02,9,12,-210
11:39:02,10,15,-209
11:39:03,10,12,-209
11:39:03,9,13,-207
11:39:03,11,13,-210
11:39:03,10,13,-209
11:39:03,11,11,-207
11:39:03,9,13,-208
11:39:03,10,14,-209
11:39:03,10,12,-211
11:39:03,10,11,-208
11:39:03,9,11,-211
11:39:03,9,15,-214
11:39:03,10,12,-208
11:39:03,10,12,-211
11:39:03,10,13,-211
11:39:03,8,13,-212
11:39:03,8,12,-212
11:39:03,10,13,-208
11:39:03,10,12,-210
11:39:03,9,12,-208
11:39:03,7,13,-208
11:39:04,10,12,-205
11:39:04,10,12,-208
11:39:04,11,13,-209
11:39:04,11,11,-205
11:39:04,11,15,-206
11:39:04,10,13,-208
11:39:04,10,12,-207
11:39:04,10,13,-208
11:39:04,9,12,-208
11:39:04,9,13,-212
11:39:04,9,12,-210
11:39:04,9,14,-209
11:39:04,9,8,-209
11:39:04,10,9,-210
11:39:04,8,14,-211
11:39:04,11,12,-209
11:39:04,8,13,-210
11:39:04,9,14,-209
11:39:04,10,13,-210
11:39:04,8,14,-208
11:39:05,9,10,-207
11:39:05,10,12,-209
11:39:05,9,13,-212
11:39:05,10,13,-207
11:39:05,12,13,-209
11:39:05,9,14,-208
11:39:05,10,12,-208
11:39:05,9,13,-209
11:39:05,8,14,-209
11:39:05,9,15,-211
11:39:05,10,14,-209
11:39:05,11,14,-210
11:39:05,9,12,-209
11:39:05,9,13,-212
11:39:05,9,10,-209
11:39:05,10,10,-210
11:39:05,8,12,-213
11:39:05,11,13,-209
11:39:05,10,13,-208
11:39:05,8,12,-211
11:39:06,10,12,-208
11:39:06,10,11,-209
11:39:06,8,12,-208
11:39:06,10,13,-208
11:39:06,10,14,-211
11:39:06,9,13,-209
11:39:06,10,13,-208
11:39:06,9,15,-208
11:39:06,9,13,-207
11:39:06,10,15,-208
11:39:06,10,13,-208
11:39:06,9,14,-210
11:39:06,8,13,-208
11:39:06,10,10,-208
11:39:06,10,12,-210
11:39:06,9,10,-209
11:39:06,9,11,-211
11:39:06,9,15,-207
11:39:06,10,13,-210
11:39:07,8,13,-209
11:39:07,8,11,-208
11:39:07,9,12,-210
11:39:07,8,13,-211
11:39:07,9,15,-209
11:39:07,8,14,-210
11:39:07,11,12,-211
11:39:07,9,12,-212
11:39:07,9,14,-210
11:39:07,9,14,-210
11:39:07,10,18,-207
11:39:07,10,13,-211
11:39:07,10,13,-208
11:39:07,9,11,-212
11:39:07,9,12,-212
11:39:07,9,12,-212
11:39:07,6,13,-210
11:39:07,8,12,-208
11:39:07,10,10,-209
11:39:07,9,10,-208
11:39:08,7,12,-212
11:39:08,10,13,-211
11:39:08,8,14,-209
11:39:08,10,14,-205
11:39:08,10,13,-211
11:39:08,9,13,-208
11:39:08,9,12,-209
11:39:08,10,13,-211
11:39:08,10,11,-206
11:39:08,9,14,-209
11:39:08,8,13,-210
11:39:08,10,13,-208
11:39:08,9,14,-209
11:39:08,10,15,-210
11:39:08,9,15,-212
11:39:08,9,13,-209
11:39:08,10,13,-209
11:39:08,10,10,-212
11:39:08,9,12,-208
11:39:08,9,10,-212
11:39:09,10,14,-210
11:39:09,9,11,-211
11:39:09,8,14,-208
11:39:09,9,14,-209
11:39:09,9,14,-210
11:39:09,9,13,-208
11:39:09,9,14,-209
11:39:09,10,15,-212
11:39:09,9,11,-209
11:39:09,9,12,-211
11:39:09,10,11,-209
11:39:09,8,15,-208
11:39:09,11,15,-208
11:39:09,10,13,-207
11:39:09,9,15,-210
11:39:09,10,13,-208
11:39:09,10,14,-209
11:39:09,9,14,-208
11:39:09,8,12,-211
11:39:09,10,12,-210
11:39:10,9,12,-211
11:39:10,10,12,-210
11:39:10,9,13,-210
11:39:10,10,12,-208
11:39:10,9,13,-210
11:39:10,10,11,-210
11:39:10,11,12,-207
11:39:10,9,14,-210
11:39:10,9,14,-210
11:39:10,8,14,-211
11:39:10,10,14,-208
11:39:10,9,11,-210
11:39:10,8,14,-208
11:39:10,9,13,-208
11:39:10,10,13,-207
11:39:10,10,11,-208
11:39:10,10,17,-209
11:39:10,9,15,-207
11:39:10,9,13,-209
11:39:11,9,16,-211
11:39:11,9,15,-210
11:39:11,10,13,-209
11:39:11,9,14,-210
11:39:11,8,12,-211
11:39:11,10,12,-209
11:39:11,10,10,-208
11:39:11,10,12,-211
11:39:11,9,10,-209
11:39:11,10,9,-210
11:39:11,9,13,-209
11:39:11,10,11,-211
11:39:11,9,12,-209
11:39:11,9,13,-209
11:39:11,10,10,-209
11:39:11,8,12,-209
11:39:11,10,13,-207
11:39:11,11,14,-209
11:39:11,10,14,-210
11:39:11,10,12,-209
11:39:12,10,13,-209
11:39:12,9,13,-208
11:39:12,10,12,-210
11:39:12,8,12,-212
11:39:12,9,13,-211
11:39:12,8,13,-210
11:39:12,10,11,-208
11:39:12,9,12,-210
11:39:12,8,12,-207
11:39:12,9,13,-206
11:39:12,10,14,-211
11:39:12,11,13,-210
11:39:12,10,13,-211
11:39:12,8,14,-211
11:39:12,9,14,-210
11:39:12,9,12,-207
11:39:12,9,10,-210
11:39:12,9,14,-210
11:39:12,10,12,-210
11:39:12,8,12,-209
11:39:13,12,10,-207
11:39:13,10,14,-212
11:39:13,12,13,-210
11:39:13,10,11,-210
11:39:13,7,14,-209
11:39:13,8,14,-209
11:39:13,8,14,-212
11:39:13,9,10,-211
11:39:13,10,13,-208
11:39:13,9,10,-212
11:39:13,10,11,-209
11:39:13,8,14,-208
11:39:13,11,12,-209
11:39:13,10,12,-210
11:39:13,9,12,-209
11:39:13,10,14,-208
11:39:13,9,13,-208
11:39:13,9,14,-208
11:39:13,10,13,-209
11:39:13,8,13,-207
11:39:14,10,11,-209
11:39:14,11,12,-206
11:39:14,11,14,-208
11:39:14,10,12,-209
11:39:14,12,14,-208
11:39:14,9,10,-207
11:39:14,11,11,-207
11:39:14,9,12,-212
11:39:14,10,13,-212
11:39:14,8,12,-209
11:39:14,8,12,-209
11:39:14,8,14,-212
11:39:14,9,12,-210
11:39:14,9,11,-212
11:39:14,9,11,-208
11:39:14,8,14,-208
11:39:14,10,13,-209
11:39:14,9,14,-208
11:39:14,11,11,-209
11:39:15,9,13,-210
11:39:15,10,13,-211
11:39:15,11,12,-209
11:39:15,11,15,-209
11:39:15,10,12,-208
11:39:15,9,13,-207
11:39:15,9,11,-208
11:39:15,9,11,-209
11:39:15,9,11,-208
11:39:15,9,14,-213
11:39:15,9,13,-210
11:39:15,9,12,-207
11:39:15,10,10,-209
11:39:15,8,12,-213
11:39:15,8,13,-212
11:39:15,8,12,-212
11:39:15,9,15,-212
11:39:15,8,14,-210
11:39:15,9,11,-212
11:39:15,9,14,-210
11:39:16,10,15,-207
11:39:16,9,11,-210
11:39:16,9,12,-209
11:39:16,9,12,-211
11:39:16,10,13,-211
11:39:16,11,13,-209
11:39:16,8,13,-207
11:39:16,10,15,-212
11:39:16,9,12,-208
11:39:16,10,12,-208
11:39:16,10,13,-208
11:39:16,9,12,-211
11:39:16,8,12,-211
11:39:16,10,13,-210
11:39:16,7,14,-210
11:39:16,9,14,-210
11:39:16,9,11,-212
11:39:16,7,13,-207
11:39:16,11,15,-210
11:39:16,9,12,-211
11:39:17,8,11,-211
11:39:17,10,13,-208
11:39:17,8,14,-209
11:39:17,9,16,-210
11:39:17,9,12,-209
11:39:17,9,13,-209
11:39:17,9,13,-209
11:39:17,9,12,-209
11:39:17,9,15,-210
11:39:17,10,14,-209
11:39:17,11,13,-208
11:39:17,8,13,-211
11:39:17,10,13,-211
11:39:17,10,13,-212
11:39:17,10,12,-209
11:39:17,8,13,-211
11:39:17,8,11,-212
11:39:17,8,12,-208
11:39:17,8,11,-212
11:39:18,9,12,-211
11:39:18,8,13,-213
11:39:18,6,12,-209
11:39:18,9,16,-211
11:39:18,9,15,-208
11:39:18,8,13,-212
11:39:18,9,13,-211
11:39:18,8,13,-210
11:39:18,9,12,-210
11:39:18,10,17,-209
11:39:18,10,15,-209
11:39:18,7,15,-207
11:39:18,10,12,-210
11:39:18,11,13,-208
11:39:18,9,14,-210
11:39:18,10,15,-211
11:39:18,9,13,-211
11:39:18,7,11,-211
11:39:18,9,11,-209
11:39:18,8,12,-211
11:39:19,9,13,-212
11:39:19,8,15,-209
11:39:19,7,13,-212
11:39:19,9,12,-211
11:39:19,9,15,-208
11:39:19,9,14,-212
11:39:19,9,13,-211
11:39:19,9,14,-208
11:39:19,10,15,-209
11:39:19,10,12,-210
11:39:19,8,12,-209
11:39:19,11,15,-210
11:39:19,9,14,-206
11:39:19,10,14,-209
11:39:19,10,16,-208
11:39:19,9,14,-206
11:39:19,9,12,-209
11:39:19,10,11,-209
11:39:19,9,11,-213
11:39:19,9,11,-212
11:39:20,10,12,-211
11:39:20,9,13,-208
11:39:20,9,13,-209
11:39:20,8,11,-208
11:39:20,8,11,-208
11:39:20,7,13,-209
11:39:20,9,12,-210
11:39:20,8,12,-211
11:39:20,9,14,-210
11:39:20,10,12,-209
11:39:20,8,14,-212
11:39:20,10,13,-208
11:39:20,9,14,-210
11:39:20,10,14,-207
11:39:20,9,13,-208
11:39:20,10,13,-208
11:39:20,9,15,-207
11:39:20,11,12,-208
11:39:20,8,14,-209
11:39:20,10,11,-209
11:39:21,10,12,-211
11:39:21,10,11,-211
11:39:21,9,13,-212
11:39:21,9,14,-208
11:39:21,8,13,-210
11:39:21,9,12,-210
11:39:21,9,13,-211
11:39:21,9,14,-209
11:39:21,9,12,-209
11:39:21,9,12,-208
11:39:21,10,11,-211
11:39:21,10,12,-210
11:39:21,9,13,-211
11:39:21,10,13,-210
11:39:21,10,13,-209
11:39:21,9,12,-209
11:39:21,9,13,-209
11:39:21,10,12,-206
11:39:21,10,12,-209
11:39:22,10,12,-209
11:39:22,11,14,-209
11:39:22,9,14,-211
11:39:22,10,11,-210
11:39:22,10,12,-211
11:39:22,9,12,-210
11:39:22,9,14,-208
11:39:22,9,13,-210
11:39:22,8,11,-211
11:39:22,9,12,-209
11:39:22,9,12,-210
11:39:22,9,14,-208
11:39:22,10,12,-211
11:39:22,9,16,-208
11:39:22,9,13,-206
11:39:22,11,12,-208
11:39:22,9,12,-210
11:39:22,9,13,-209
11:39:22,10,12,-207
11:39:22,10,12,-208
11:39:23,10,14,-207
11:39:23,11,14,-209
11:39:23,11,10,-205
11:39:23,11,12,-209
11:39:23,10,10,-211
11:39:23,9,12,-210
11:39:23,9,12,-211
11:39:23,9,11,-207
11:39:23,9,10,-209
11:39:23,8,12,-210
11:39:23,8,12,-210
11:39:23,10,13,-213
11:39:23,9,13,-209
11:39:23,10,13,-209
11:39:23,10,12,-209
11:39:23,9,13,-209
11:39:23,10,12,-210
11:39:23,10,11,-210
11:39:23,10,15,-208
11:39:23,9,14,-211
11:39:24,10,13,-206
11:39:24,11,13,-209
11:39:24,11,10,-205
11:39:24,10,12,-209
11:39:24,9,14,-211
11:39:24,9,14,-209
11:39:24,8,13,-209
11:39:24,11,12,-212
11:39:24,8,10,-213
11:39:24,8,13,-208
11:39:24,10,10,-209
11:39:24,9,12,-209
11:39:24,10,11,-210
11:39:24,9,10,-208
11:39:24,9,11,-210
11:39:24,11,12,-209
11:39:24,10,14,-209
11:39:24,11,14,-211
11:39:24,9,13,-208
11:39:24,9,12,-210
11:39:25,8,12,-210
11:39:25,8,15,-209
11:39:25,9,14,-210
11:39:25,11,13,-207
11:39:25,9,13,-208
11:39:25,9,14,-208
11:39:25,9,12,-210
11:39:25,9,12,-211
11:39:25,10,13,-209
11:39:25,8,14,-208
11:39:25,9,13,-212
11:39:25,9,12,-210
11:39:25,10,11,-210
11:39:25,9,11,-212
11:39:25,9,12,-212
11:39:25,9,15,-210
11:39:25,10,11,-212
11:39:25,9,14,-210
11:39:25,10,13,-210
11:39:26,8,13,-210
11:39:26,7,14,-211
11:39:26,9,14,-208
11:39:26,9,13,-210
11:39:26,10,14,-211
11:39:26,9,13,-207
11:39:26,11,13,-208
11:39:26,9,12,-208
11:39:26,10,14,-209
11:39:26,10,13,-207
11:39:26,9,14,-211
11:39:26,8,12,-206
11:39:26,9,14,-210
11:39:26,10,10,-210
11:39:26,9,12,-210
11:39:26,10,11,-212
11:39:26,10,12,-211
11:39:26,9,12,-213
11:39:26,9,11,-211
11:39:26,9,12,-212
11:39:27,9,13,-209
11:39:27,9,15,-211
11:39:27,9,15,-210
11:39:27,8,13,-209
11:39:27,9,12,-210
11:39:27,9,12,-208
11:39:27,11,12,-211
11:39:27,9,12,-209
11:39:27,9,16,-208
11:39:27,9,14,-210
11:39:27,9,12,-208
11:39:27,8,13,-208
11:39:27,8,13,-210
11:39:27,7,14,-208
11:39:27,9,12,-211
11:39:27,9,14,-209
11:39:27,8,13,-213
11:39:27,8,13,-209
11:39:27,9,11,-209
11:39:27,9,12,-210
11:39:28,8,14,-210
11:39:28,8,14,-211
11:39:28,8,12,-209
11:39:28,9,13,-210
11:39:28,10,12,-207
11:39:28,9,12,-210
11:39:28,9,13,-209
11:39:28,8,14,-211
11:39:28,8,14,-209
11:39:28,10,13,-207
11:39:28,8,16,-208
11:39:28,9,11,-207
11:39:28,10,12,-210
11:39:28,9,14,-210
11:39:28,8,15,-211
11:39:28,7,15,-209
11:39:28,10,13,-209
11:39:28,11,11,-210
11:39:28,7,13,-212
11:39:28,8,14,-208
11:39:29,10,12,-208
11:39:29,9,12,-208
11:39:29,10,12,-209
11:39:29,8,10,-209
11:39:29,7,12,-211
11:39:29,9,14,-210
11:39:29,9,13,-210
11:39:29,10,14,-209
11:39:29,7,14,-209
11:39:29,8,12,-209
11:39:29,10,12,-210
11:39:29,9,14,-209
11:39:29,10,16,-208
11:39:29,11,14,-209
11:39:29,8,15,-208
11:39:29,8,13,-209
11:39:29,9,14,-209
11:39:29,8,11,-208
11:39:29,7,13,-209
11:39:30,8,11,-211
11:39:30,8,12,-210
11:39:30,10,11,-211
11:39:30,8,12,-211
11:39:30,8,15,-209
11:39:30,10,13,-208
11:39:30,10,13,-207
11:39:30,9,14,-210
11:39:30,8,14,-207
11:39:30,9,14,-208
11:39:30,10,12,-207
11:39:30,9,11,-211
11:39:30,8,14,-211
11:39:30,10,15,-210
11:39:30,11,13,-209
11:39:30,9,14,-207
11:39:30,9,11,-208
11:39:30,10,13,-209
11:39:30,10,13,-206
11:39:30,8,14,-211
11:39:31,9,12,-210
11:39:31,9,12,-211
11:39:31,8,14,-211
11:39:31,8,13,-210
11:39:31,9,13,-210
11:39:31,9,14,-210
11:39:31,8,16,-210
11:39:31,8,14,-210
11:39:31,8,13,-208
11:39:31,7,12,-208
11:39:31,10,11,-208
11:39:31,9,12,-209
11:39:31,8,15,-210
11:39:31,10,13,-210
11:39:31,10,12,-210
11:39:31,10,14,-208
11:39:31,10,15,-209
11:39:31,10,15,-207
11:39:31,8,15,-207
11:39:31,9,14,-209
11:39:32,10,13,-208
11:39:32,10,14,-209
11:39:32,9,11,-211
11:39:32,9,11,-211
11:39:32,8,12,-211
11:39:32,8,14,-208
11:39:32,10,10,-211
11:39:32,7,14,-210
11:39:32,10,13,-209
11:39:32,9,11,-210
11:39:32,9,12,-212
11:39:32,9,13,-209
11:39:32,8,12,-210
11:39:32,9,13,-208
11:39:32,9,13,-208
11:39:32,10,10,-211
11:39:32,11,13,-208
11:39:32,11,13,-209
11:39:32,10,13,-209
11:39:32,11,11,-207
11:39:33,10,13,-208
11:39:33,9,12,-209
11:39:33,10,12,-211
11:39:33,9,11,-213
11:39:33,9,14,-212
11:39:33,8,13,-210
11:39:33,9,12,-210
11:39:33,9,11,-210
11:39:33,9,12,-209
11:39:33,8,10,-207
11:39:33,9,14,-209
11:39:33,9,13,-208
11:39:33,11,10,-210
11:39:33,10,13,-208
11:39:33,10,12,-210
11:39:33,10,13,-211
11:39:33,10,13,-207
11:39:33,11,13,-210
11:39:33,10,16,-207
11:39:34,11,13,-209
11:39:34,9,15,-209
11:39:34,11,12,-207
11:39:34,11,13,-210
11:39:34,10,12,-210
11:39:34,10,12,-211
11:39:34,9,12,-207
11:39:34,12,11,-210
11:39:34,9,10,-209
11:39:34,9,14,-210
11:39:34,9,11,-209
11:39:34,9,12,-210
11:39:34,10,13,-209
11:39:34,8,14,-210
11:39:34,10,12,-208
11:39:34,8,9,-209
11:39:34,9,13,-209
11:39:34,9,14,-210
11:39:34,11,13,-209
11:39:34,11,12,-209
11:39:35,10,12,-206
11:39:35,11,10,-208
11:39:35,11,12,-210
11:39:35,10,12,-207
11:39:35,12,13,-208
11:39:35,10,12,-208
11:39:35,9,16,-208
11:39:35,9,11,-208
11:39:35,9,12,-209
11:39:35,9,13,-212
11:39:35,8,14,-210
11:39:35,11,11,-211
11:39:35,8,11,-212
11:39:35,8,13,-210
11:39:35,8,12,-211
11:39:35,10,12,-210
11:39:35,9,13,-208
11:39:35,9,13,-210
11:39:35,10,12,-209
11:39:35,9,12,-211
11:39:36,10,13,-209
11:39:36,11,12,-206
11:39:36,9,11,-209
11:39:36,10,14,-208
11:39:36,10,12,-211
11:39:36,10,12,-208
11:39:36,9,13,-210
11:39:36,10,13,-208
11:39:36,10,13,-207
11:39:36,8,14,-209
11:39:36,9,12,-208
11:39:36,9,13,-210
11:39:36,9,10,-210
11:39:36,8,12,-210
11:39:36,9,14,-210
11:39:36,8,13,-214
11:39:36,9,14,-210
11:39:36,9,12,-210
11:39:36,9,12,-209
11:39:36,8,11,-210
11:39:37,8,12,-213
11:39:37,10,11,-206
11:39:37,9,13,-210
11:39:37,10,13,-208
11:39:37,9,13,-210
11:39:37,9,13,-208
11:39:37,10,13,-213
11:39:37,8,14,-208
11:39:37,9,14,-209
11:39:37,13,12,-207
11:39:37,10,12,-208
11:39:37,10,12,-210
11:39:37,9,12,-210
11:39:37,9,11,-210
11:39:37,10,12,-211
11:39:37,10,11,-210
11:39:37,10,12,-210
11:39:37,9,13,-212
11:39:37,10,12,-211
11:39:38,8,13,-208
11:39:38,9,12,-209
11:39:38,10,14,-209
11:39:38,10,13,-209
11:39:38,7,13,-212
11:39:38,10,12,-209
11:39:38,8,13,-209
11:39:38,10,13,-208
11:39:38,9,13,-208
11:39:38,10,16,-208
11:39:38,10,15,-210
11:39:38,8,13,-209
11:39:38,10,13,-208
11:39:38,10,12,-209
11:39:38,10,11,-209
11:39:38,9,11,-212
11:39:38,10,13,-212
11:39:38,8,12,-210
11:39:38,7,13,-210
11:39:38,8,11,-211
11:39:39,9,13,-211
11:39:39,9,13,-207
11:39:39,8,14,-210
11:39:39,10,13,-212
11:39:39,10,12,-208
11:39:39,7,13,-210
11:39:39,8,13,-211
11:39:39,10,14,-211
11:39:39,8,14,-208
11:39:39,9,15,-209
11:39:39,9,13,-209
11:39:39,9,14,-209
11:39:39,11,14,-209
11:39:39,10,15,-209
11:39:39,10,13,-209
11:39:39,10,14,-209
11:39:39,10,13,-211
11:39:39,10,12,-208
11:39:39,9,12,-210
11:39:39,7,13,-210
11:39:40,9,13,-210
11:39:40,9,14,-207
11:39:40,7,14,-212
11:39:40,8,12,-211
11:39:40,9,12,-209
11:39:40,9,12,-210
11:39:40,9,13,-210
11:39:40,9,12,-210
11:39:40,9,14,-211
11:39:40,8,14,-207
11:39:40,8,13,-208
11:39:40,9,14,-212
11:39:40,9,15,-210
11:39:40,10,13,-208
11:39:40,9,13,-208
11:39:40,10,13,-207
11:39:40,8,13,-210
11:39:40,10,13,-209
11:39:40,9,15,-211
11:39:40,10,12,-211
11:39:41,9,13,-213
11:39:41,9,12,-212
11:39:41,8,11,-211
11:39:41,9,12,-210
11:39:41,8,12,-209
11:39:41,8,11,-209
11:39:41,10,14,-212
11:39:41,9,11,-210
11:39:41,10,10,-209
11:39:41,9,15,-209
11:39:41,9,14,-211
11:39:41,10,12,-209
11:39:41,9,14,-209
11:39:41,9,13,-211
11:39:41,10,14,-206
11:39:41,9,14,-210
11:39:41,10,13,-211
11:39:41,11,14,-209
11:39:41,10,14,-205
11:39:42,10,13,-208
11:39:42,9,13,-207
11:39:42,10,12,-211
11:39:42,9,11,-211
11:39:42,8,12,-207
11:39:42,11,9,-209
11:39:42,10,14,-209
11:39:42,9,12,-210
11:39:42,10,12,-211
11:39:42,11,11,-209
11:39:42,9,12,-207
11:39:42,9,13,-208
11:39:42,11,13,-207
11:39:42,7,14,-210
11:39:42,11,12,-209
11:39:42,10,12,-209
11:39:42,8,13,-208
11:39:42,9,14,-209
11:39:42,9,13,-209
11:39:42,11,14,-209
11:39:43,10,13,-209
11:39:43,10,14,-207
11:39:43,10,13,-208
11:39:43,9,14,-210
11:39:43,8,14,-211
11:39:43,11,11,-212
11:39:43,9,13,-210
11:39:43,8,13,-211
11:39:43,9,13,-211
11:39:43,10,12,-210
11:39:43,10,11,-209
11:39:43,9,14,-207
11:39:43,10,12,-210
11:39:43,9,12,-210
11:39:43,10,14,-209
11:39:43,10,11,-211
11:39:43,10,12,-207
11:39:43,8,14,-210
11:39:43,9,13,-210
11:39:43,9,13,-207
11:39:44,9,13,-208
11:39:44,10,13,-208
11:39:44,10,13,-209
11:39:44,9,11,-210
11:39:44,9,14,-211
11:39:44,10,14,-209
11:39:44,10,11,-210
11:39:44,8,12,-208
11:39:44,8,12,-210
11:39:44,10,11,-211
11:39:44,10,12,-210
11:39:44,9,12,-209
11:39:44,10,12,-211
11:39:44,8,12,-212
11:39:44,8,12,-213
11:39:44,10,10,-208
11:39:44,11,13,-209
11:39:44,10,14,-210
11:39:44,8,14,-212
11:39:45,10,12,-209
11:39:45,9,12,-207
11:39:45,9,13,-209
11:39:45,10,12,-208
11:39:45,11,14,-209
11:39:45,10,13,-210
11:39:45,10,11,-207
11:39:45,10,12,-209
11:39:45,9,14,-208
11:39:45,10,12,-209
11:39:45,10,13,-207
11:39:45,10,13,-210
11:39:45,10,13,-209
11:39:45,10,11,-210
11:39:45,9,10,-211
11:39:45,8,13,-211
11:39:45,10,13,-213
11:39:45,8,13,-207
11:39:45,10,12,-208
11:39:45,9,12,-209
11:39:46,9,13,-211
11:39:46,10,11,-208
11:39:46,9,12,-210
11:39:46,8,13,-210
11:39:46,9,15,-209
11:39:46,9,13,-207
11:39:46,9,12,-208
11:39:46,9,11,-212
11:39:46,9,13,-209
11:39:46,10,15,-208
11:39:46,10,13,-210
11:39:46,9,12,-211
11:39:46,9,10,-207
11:39:46,10,13,-209
11:39:46,9,10,-212
11:39:46,7,14,-211
11:39:46,10,12,-209
11:39:46,10,11,-211
11:39:46,9,13,-210
11:39:46,8,13,-210
11:39:47,8,12,-211
11:39:47,9,14,-208
11:39:47,8,14,-210
11:39:47,11,14,-210
11:39:47,8,15,-209
11:39:47,9,12,-208
11:39:47,8,12,-210
11:39:47,10,12,-208
11:39:47,10,15,-206
11:39:47,8,14,-209
11:39:47,9,14,-210
11:39:47,11,11,-210
11:39:47,10,13,-210
11:39:47,10,13,-210
11:39:47,9,15,-208
11:39:47,8,11,-209
11:39:48,9,12,-211
11:39:48,8,15,-212
11:39:48,9,11,-209
11:39:48,9,11,-209
11:39:48,9,12,-214
11:39:48,9,14,-206
11:39:48,8,12,-210
11:39:48,9,12,-210
11:39:48,9,13,-210
11:39:48,8,14,-211
11:39:48,8,14,-211
11:39:48,9,13,-212
11:39:48,9,12,-214
11:39:48,8,14,-208
11:39:48,10,13,-208
11:39:48,10,14,-209
11:39:48,9,13,-208
11:39:48,9,15,-208
11:39:48,9,13,-209
11:39:48,10,14,-208
11:39:48,8,13,-210
11:39:48,9,13,-209
11:39:48,9,13,-208
11:39:49,8,10,-212
11:39:49,8,14,-211
11:39:49,10,11,-210
11:39:49,9,13,-210
11:39:49,9,13,-211
11:39:49,8,14,-210
11:39:49,10,12,-210
11:39:49,9,12,-209
11:39:49,11,14,-210
11:39:49,10,12,-209
11:39:49,10,11,-209
11:39:49,9,14,-206
11:39:49,8,13,-211
11:39:49,10,13,-209
11:39:49,10,15,-210
11:39:49,9,14,-207
11:39:49,9,14,-208
11:39:49,9,13,-208
11:39:49,10,13,-209
11:39:49,9,12,-208
11:39:50,8,14,-208
11:39:50,10,12,-209
11:39:50,8,12,-211
11:39:50,10,11,-211
11:39:50,9,12,-211
11:39:50,8,11,-211
11:39:50,8,14,-211
11:39:50,9,13,-210
11:39:50,11,11,-210
11:39:50,10,14,-210
11:39:50,9,13,-211
11:39:50,6,14,-210
11:39:50,11,13,-209
11:39:50,10,13,-211
11:39:50,9,15,-207
11:39:50,9,12,-208
11:39:50,9,14,-207
11:39:50,10,13,-208
11:39:50,12,12,-211
11:39:50,9,16,-210
11:39:51,10,16,-208
11:39:51,10,14,-211
11:39:51,10,11,-209
11:39:51,8,11,-209
11:39:51,9,12,-212
11:39:51,8,13,-210
11:39:51,10,15,-210
11:39:51,9,11,-212
11:39:51,8,13,-207
11:39:51,9,13,-210
11:39:51,10,10,-209
11:39:51,9,11,-207
11:39:51,10,13,-210
11:39:51,10,13,-210
11:39:51,9,12,-209
11:39:51,8,13,-210
11:39:51,9,12,-210
11:39:51,10,12,-209
11:39:51,11,12,-208
11:39:51,10,14,-209
11:39:52,10,13,-206
11:39:52,9,10,-209
11:39:52,9,12,-209
11:39:52,11,12,-210
11:39:52,9,14,-210
11:39:52,9,12,-212
11:39:52,8,14,-210
11:39:52,9,12,-208
11:39:52,8,11,-212
11:39:52,9,11,-211
11:39:52,10,12,-210
11:39:52,9,13,-211
11:39:52,10,15,-211
11:39:52,10,12,-209
11:39:52,8,12,-209
11:39:52,9,11,-210
11:39:52,9,13,-210
11:39:52,8,13,-212
11:39:52,9,12,-208
11:39:53,10,16,-208
11:39:53,9,12,-208
11:39:53,9,13,-208
11:39:53,11,14,-208
11:39:53,12,13,-209
11:39:53,10,13,-208
11:39:53,10,13,-209
11:39:53,10,13,-206
11:39:53,9,13,-210
11:39:53,9,12,-211
11:39:53,10,12,-208
11:39:53,8,15,-208
11:39:53,9,12,-209
11:39:53,9,13,-208
11:39:53,10,13,-208
11:39:53,8,12,-210
11:39:53,9,14,-212
11:39:53,9,14,-210
11:39:53,9,16,-209
11:39:53,10,12,-210
11:39:54,10,11,-208
11:39:54,8,12,-211
11:39:54,8,13,-212
11:39:54,10,14,-207
11:39:54,10,12,-210
11:39:54,10,11,-207
11:39:54,10,13,-207
11:39:54,10,13,-210
11:39:54,9,13,-212
11:39:54,9,11,-210
11:39:54,9,13,-210
11:39:54,7,13,-209
11:39:54,9,12,-211
11:39:54,9,11,-213
11:39:54,9,11,-208
11:39:54,8,11,-210
11:39:54,8,11,-210
11:39:54,9,11,-209
11:39:54,9,12,-208
11:39:54,10,10,-209
11:39:55,9,13,-212
11:39:55,10,12,-210
11:39:55,10,13,-210
11:39:55,9,12,-211
11:39:55,9,13,-209
11:39:55,10,16,-208
11:39:55,10,14,-207
11:39:55,10,11,-210
11:39:55,10,13,-209
11:39:55,10,13,-209
11:39:55,10,13,-208
11:39:55,9,13,-207
11:39:55,10,11,-208
11:39:55,10,10,-209
11:39:55,9,12,-209
11:39:55,8,11,-207
11:39:55,9,12,-209
11:39:55,9,11,-209
11:39:55,10,11,-212
11:39:55,10,10,-210
11:39:56,8,14,-209
11:39:56,8,15,-211
11:39:56,11,13,-209
11:39:56,10,13,-210
11:39:56,9,12,-209
11:39:56,10,12,-207
11:39:56,10,10,-207
11:39:56,9,12,-210
11:39:56,9,14,-210
11:39:56,9,14,-208
11:39:56,9,15,-211
11:39:56,9,13,-208
11:39:56,10,12,-207
11:39:56,8,13,-211
11:39:56,8,12,-209
11:39:56,8,14,-213
11:39:56,9,12,-211
11:39:56,7,12,-213
11:39:56,8,15,-210
11:39:57,8,13,-211
11:39:57,9,12,-212
11:39:57,9,14,-212
11:39:57,10,13,-211
11:39:57,7,14,-208
11:39:57,8,13,-210
11:39:57,10,13,-210
11:39:57,10,11,-209
11:39:57,8,14,-210
11:39:57,10,12,-208
11:39:57,9,14,-209
11:39:57,10,11,-211
11:39:57,10,12,-207
11:39:57,8,14,-208
11:39:57,11,11,-211
11:39:57,9,15,-209
11:39:57,9,13,-209
11:39:57,9,13,-210
11:39:57,8,13,-209
11:39:57,9,12,-213
11:39:58,10,11,-210
11:39:58,9,14,-209
11:39:58,9,12,-209
11:39:58,9,12,-210
11:39:58,9,13,-212
11:39:58,8,14,-212
11:39:58,8,13,-210
11:39:58,11,13,-212
11:39:58,9,14,-209
11:39:58,10,13,-208
11:39:58,9,13,-210
11:39:58,9,10,-211
11:39:58,9,13,-209
11:39:58,9,12,-211
11:39:58,9,17,-206
11:39:58,10,12,-209
11:39:58,9,15,-210
11:39:58,9,13,-209
11:39:58,9,14,-207
11:39:58,9,13,-209
11:39:59,8,12,-209
11:39:59,8,13,-210
11:39:59,9,12,-208
11:39:59,9,13,-212
11:39:59,8,14,-208
11:39:59,7,14,-210
11:39:59,6,13,-209
11:39:59,9,12,-210
11:39:59,9,15,-210
11:39:59,8,13,-211
11:39:59,10,13,-210
11:39:59,10,13,-210
11:39:59,9,13,-209
11:39:59,10,11,-210
11:39:59,9,15,-209
11:39:59,9,14,-207
11:39:59,10,14,-206
11:39:59,10,12,-207
11:39:59,9,13,-210
11:39:59,8,13,-207
11:40:00,10,13,-209
11:40:00,10,12,-209
11:40:00,9,15,-210
11:40:00,7,12,-213
11:40:00,9,12,-208
11:40:00,9,13,-210
11:40:00,8,14,-209
11:40:00,8,12,-209
11:40:00,9,11,-209
11:40:00,9,12,-208
11:40:00,10,12,-209
11:40:00,7,12,-210
11:40:00,10,13,-208
11:40:00,12,12,-211
11:40:00,9,14,-211
11:40:00,10,13,-208
11:40:00,10,13,-208
11:40:00,9,13,-208
11:40:00,9,12,-207
11:40:01,10,14,-211
11:40:01,8,13,-207
11:40:01,10,14,-210
11:40:01,11,14,-208
11:40:01,10,11,-212
11:40:01,9,12,-212
11:40:01,9,14,-210
11:40:01,9,13,-211
11:40:01,8,11,-210
11:40:01,8,13,-209
11:40:01,8,12,-210
11:40:01,8,13,-209
11:40:01,9,14,-208
11:40:01,10,14,-209
11:40:01,9,14,-211
11:40:01,8,14,-214
11:40:01,10,12,-207
11:40:01,9,10,-212
11:40:01,9,15,-209
11:40:01,9,15,-208
11:40:02,10,15,-209
11:40:02,10,14,-208
11:40:02,11,14,-207
11:40:02,11,12,-207
11:40:02,11,12,-208
11:40:02,11,13,-210
11:40:02,10,13,-209
11:40:02,9,12,-211
11:40:02,9,12,-209
11:40:02,8,12,-211
11:40:02,8,13,-210
11:40:02,10,12,-211
11:40:02,9,12,-210
11:40:02,10,14,-209
11:40:02,9,10,-211
11:40:02,10,12,-211
11:40:02,9,13,-210
11:40:02,10,12,-208
11:40:02,10,12,-209
11:40:02,9,13,-208
11:40:03,10,11,-209
11:40:03,10,13,-209
11:40:03,10,12,-208
11:40:03,10,14,-208
11:40:03,11,13,-211
11:40:03,10,15,-210
11:40:03,12,12,-208
11:40:03,9,12,-210
11:40:03,8,12,-209
11:40:03,10,12,-210
11:40:03,10,14,-210
11:40:03,9,14,-210
11:40:03,9,14,-210
11:40:03,8,12,-207
11:40:03,9,12,-210
11:40:03,9,14,-206
11:40:03,10,11,-210
11:40:03,8,14,-209
11:40:03,10,13,-210
11:40:03,9,12,-209
11:40:04,9,12,-211
11:40:04,9,13,-211
11:40:04,9,12,-208
11:40:04,10,13,-210
11:40:04,8,13,-210
11:40:04,9,13,-207
11:40:04,10,12,-209
11:40:04,9,13,-210
11:40:04,10,13,-208
11:40:04,11,12,-208
11:40:04,9,13,-207
11:40:04,10,13,-210
11:40:04,10,12,-209
11:40:04,8,12,-211
11:40:04,9,11,-210
11:40:04,8,12,-211
11:40:04,10,12,-208
11:40:04,7,12,-209
11:40:04,9,13,-211
11:40:05,9,12,-211
11:40:05,10,11,-209
11:40:05,7,12,-211
11:40:05,9,12,-211
11:40:05,9,14,-210
11:40:05,8,13,-211
11:40:05,10,12,-210
11:40:05,8,12,-211
11:40:05,10,13,-208
11:40:05,10,12,-209
11:40:05,10,14,-208
11:40:05,10,14,-208
11:40:05,10,15,-212
11:40:05,10,13,-207
11:40:05,9,12,-210
11:40:05,9,12,-210
11:40:05,10,12,-211
11:40:05,8,13,-213
11:40:05,7,14,-208
11:40:05,8,12,-210
11:40:06,9,10,-208
11:40:06,8,11,-210
11:40:06,8,13,-209
11:40:06,10,14,-211
11:40:06,10,14,-209
11:40:06,8,13,-210
11:40:06,8,13,-211
11:40:06,9,12,-209
11:40:06,10,13,-209
11:40:06,10,14,-209
11:40:06,10,12,-209
11:40:06,10,12,-206
11:40:06,9,14,-209
11:40:06,8,13,-208
11:40:06,11,13,-210
11:40:06,10,13,-210
11:40:06,9,14,-208
11:40:06,10,14,-206
11:40:06,8,14,-211
11:40:06,9,14,-211
11:40:07,9,11,-210
11:40:07,9,13,-212
11:40:07,10,11,-211
11:40:07,8,13,-209
11:40:07,9,13,-210
11:40:07,9,15,-212
11:40:07,10,12,-209
11:40:07,8,13,-210
11:40:07,9,12,-211
11:40:07,9,13,-207
11:40:07,9,13,-206
11:40:07,8,12,-210
11:40:07,9,14,-210
11:40:07,11,12,-210
11:40:07,8,15,-211
11:40:07,10,14,-209
11:40:07,9,13,-209
11:40:07,8,14,-209
11:40:07,10,14,-207
11:40:08,9,14,-207
11:40:08,9,13,-207
11:40:08,9,12,-210
11:40:08,10,12,-208
11:40:08,8,12,-212
11:40:08,9,11,-210
11:40:08,8,13,-211
11:40:08,8,14,-210
11:40:08,8,14,-208
11:40:08,9,11,-210
11:40:08,9,12,-213
11:40:08,8,14,-207
11:40:08,9,13,-208
11:40:08,11,12,-211
11:40:08,9,15,-208
11:40:08,8,13,-210
11:40:08,9,11,-209
11:40:08,9,13,-209
11:40:08,10,13,-211
11:40:08,9,14,-210
11:40:09,8,16,-208
11:40:09,10,12,-207
11:40:09,9,14,-210
11:40:09,9,14,-207
11:40:09,9,12,-209
11:40:09,11,13,-209
11:40:09,9,12,-208
11:40:09,10,12,-212
11:40:09,9,11,-211
11:40:09,7,14,-209
11:40:09,9,14,-210
11:40:09,9,13,-210
11:40:09,9,12,-209
11:40:09,9,13,-209
11:40:09,9,11,-210
11:40:09,10,12,-210
11:40:09,8,12,-210
11:40:09,9,13,-211
11:40:09,10,13,-209
11:40:09,9,13,-208
11:40:10,8,15,-208
11:40:10,9,13,-211
11:40:10,10,13,-209
11:40:10,10,13,-208
11:40:10,11,11,-209
11:40:10,12,14,-210
11:40:10,9,13,-211
11:40:10,10,13,-207
11:40:10,9,12,-211
11:40:10,10,12,-208
11:40:10,8,13,-208
11:40:10,9,11,-208
11:40:10,9,12,-210
11:40:10,9,10,-211
11:40:10,10,12,-209
11:40:10,8,13,-212
11:40:10,10,13,-207
11:40:10,10,11,-212
11:40:10,9,12,-212
11:40:10,8,13,-210
11:40:11,10,12,-211
11:40:11,9,15,-208
11:40:11,10,11,-213
11:40:11,11,12,-208
11:40:11,9,12,-208
11:40:11,10,13,-207
11:40:11,10,11,-209
11:40:11,10,13,-207
11:40:11,9,14,-209
11:40:11,10,13,-208
11:40:11,10,12,-210
11:40:11,9,13,-209
11:40:11,8,14,-210
11:40:11,9,12,-210
11:40:11,9,14,-211
11:40:11,8,11,-211
11:40:11,9,12,-210
11:40:11,8,13,-212
11:40:11,10,10,-211
11:40:12,9,13,-208
11:40:12,10,14,-210
11:40:12,11,14,-210
11:40:12,9,12,-206
11:40:12,9,11,-209
11:40:12,10,10,-208
11:40:12,9,12,-212
11:40:12,11,13,-210
11:40:12,9,13,-211
11:40:12,9,14,-208
11:40:12,10,12,-210
11:40:12,9,13,-210
11:40:12,10,14,-209
11:40:12,9,14,-209
11:40:12,8,13,-209
11:40:12,9,12,-210
11:40:12,8,11,-208
11:40:12,8,11,-212
11:40:12,9,13,-210
11:40:12,10,13,-206
11:40:13,9,13,-211
11:40:13,9,13,-208
11:40:13,10,12,-209
11:40:13,8,14,-211
11:40:13,8,13,-212
11:40:13,8,11,-210
11:40:13,9,12,-210
11:40:13,8,14,-211
11:40:13,9,14,-207
11:40:13,10,13,-206
11:40:13,9,14,-208
11:40:13,9,13,-210
11:40:13,11,13,-208
11:40:13,9,13,-211
11:40:13,8,14,-210
11:40:13,10,14,-211
11:40:13,8,14,-209
11:40:13,10,13,-209
11:40:13,9,14,-210
11:40:13,9,12,-213
11:40:14,9,13,-210
11:40:14,10,12,-209
11:40:14,10,10,-210
11:40:14,9,13,-210
11:40:14,9,12,-213
11:40:14,8,13,-211
11:40:14,9,13,-210
11:40:14,9,12,-208
11:40:14,8,13,-208
11:40:14,9,14,-213
11:40:14,8,14,-212
11:40:14,9,14,-209
11:40:14,9,14,-211
11:40:14,9,13,-210
11:40:14,9,12,-210
11:40:14,9,13,-207
11:40:14,10,13,-207
11:40:14,9,14,-207
11:40:14,11,13,-208
11:40:14,10,13,-208
11:40:15,10,13,-206
11:40:15,9,13,-210
11:40:15,10,14,-210
11:40:15,10,13,-212
11:40:15,7,14,-210
11:40:15,9,12,-210
11:40:15,9,13,-209
11:40:15,10,10,-211
11:40:15,8,12,-210
11:40:15,10,14,-211
11:40:15,8,12,-210
11:40:15,8,13,-208
11:40:15,9,12,-209
11:40:15,9,11,-210
11:40:15,10,12,-210
11:40:15,9,13,-210
11:40:15,9,14,-210
11:40:15,9,13,-208
11:40:15,8,15,-207
11:40:16,9,13,-210
11:40:16,10,13,-208
11:40:16,11,12,-207
11:40:16,10,14,-207
11:40:16,10,14,-207
11:40:16,11,12,-210
11:40:16,11,13,-210
11:40:16,9,12,-208
11:40:16,10,12,-213
11:40:16,10,12,-211
11:40:16,9,12,-213
11:40:16,8,13,-211
11:40:16,9,12,-211
11:40:16,10,11,-211
11:40:16,9,12,-210
11:40:16,10,11,-208
11:40:16,9,13,-212
11:40:16,10,14,-208
11:40:16,10,12,-209
11:40:16,10,11,-210
11:40:17,9,13,-207
11:40:17,9,12,-212
11:40:17,8,13,-210
11:40:17,9,13,-210
11:40:17,11,12,-210
11:40:17,10,13,-208
11:40:17,10,12,-210
11:40:17,9,11,-208
11:40:17,9,12,-209
11:40:17,10,14,-208
11:40:17,10,12,-207
11:40:17,10,12,-208
11:40:17,9,13,-210
11:40:17,10,12,-211
11:40:17,8,12,-212
11:40:17,8,11,-212
11:40:17,8,13,-211
11:40:17,8,12,-211
11:40:17,9,13,-213
11:40:17,10,13,-210
11:40:18,10,11,-211
11:40:18,8,13,-211
11:40:18,9,13,-209
11:40:18,9,10,-210
11:40:18,10,12,-209
11:40:18,8,14,-206
11:40:18,9,13,-211
11:40:18,11,13,-209
11:40:18,9,12,-210
11:40:18,10,11,-211
11:40:18,8,16,-208
11:40:18,10,12,-208
11:40:18,9,15,-210
11:40:18,10,14,-209
11:40:18,10,14,-209
11:40:18,8,14,-208
11:40:18,9,13,-210
11:40:18,8,13,-210
11:40:18,8,14,-213
11:40:18,10,11,-212
11:40:19,7,11,-213
11:40:19,8,13,-209
11:40:19,10,13,-210
11:40:19,10,13,-209
11:40:19,10,10,-209
11:40:19,9,12,-207
11:40:19,9,12,-211
11:40:19,9,10,-209
11:40:19,9,12,-209
11:40:19,10,11,-209
11:40:19,10,12,-208
11:40:19,8,12,-211
11:40:19,10,14,-210
11:40:19,9,15,-208
11:40:19,9,16,-207
11:40:19,9,15,-208
11:40:19,8,14,-208
11:40:19,8,14,-210
11:40:19,9,15,-208
11:40:20,9,13,-208
11:40:20,9,13,-209
11:40:20,9,13,-210
11:40:20,9,12,-209
11:40:20,8,13,-212
11:40:20,7,13,-210
11:40:20,9,13,-207
11:40:20,7,14,-210
11:40:20,9,13,-209
11:40:20,10,16,-211
11:40:20,9,14,-209
11:40:20,10,14,-210
11:40:20,10,13,-213
11:40:20,7,14,-210
11:40:20,9,13,-208
11:40:20,10,13,-208
11:40:20,11,12,-208
11:40:20,10,13,-208
11:40:20,10,11,-210
11:40:20,9,12,-210
11:40:21,8,13,-209
11:40:21,11,14,-211
11:40:21,10,16,-210
11:40:21,10,13,-210
11:40:21,10,13,-208
11:40:21,10,13,-208
11:40:21,10,13,-208
11:40:21,9,13,-210
11:40:21,9,12,-214
11:40:21,8,12,-212
11:40:21,9,12,-209
11:40:21,8,12,-209
11:40:21,10,11,-210
11:40:21,10,13,-210
11:40:21,8,15,-211
11:40:21,10,13,-208
11:40:21,8,13,-208
11:40:21,8,12,-208
11:40:21,9,13,-209
11:40:21,9,13,-208
11:40:22,10,12,-210
11:40:22,9,13,-207
11:40:22,11,13,-211
11:40:22,10,15,-209
11:40:22,10,13,-211
11:40:22,10,12,-206
11:40:22,10,13,-209
11:40:22,10,12,-209
11:40:22,10,13,-208
11:40:22,10,12,-206
11:40:22,9,12,-214
11:40:22,9,12,-213
11:40:22,11,10,-210
11:40:22,9,11,-210
11:40:22,8,13,-211
11:40:22,9,11,-210
11:40:22,8,11,-213
11:40:22,9,13,-210
11:40:22,11,11,-209
11:40:22,10,12,-208
11:40:23,8,14,-210
11:40:23,9,12,-209
11:40:23,10,12,-210
11:40:23,9,12,-211
11:40:23,10,13,-210
11:40:23,8,13,-209
11:40:23,9,14,-211
11:40:23,9,15,-209
11:40:23,10,11,-207
11:40:23,9,15,-207
11:40:23,9,15,-207
11:40:23,10,13,-208
11:40:23,9,14,-212
11:40:23,10,14,-210
11:40:23,11,12,-209
11:40:23,10,13,-208
11:40:23,8,12,-209
11:40:23,8,10,-209
11:40:23,9,11,-213
11:40:24,9,12,-212
11:40:24,10,13,-210
11:40:24,10,13,-211
11:40:24,8,14,-213
11:40:24,8,13,-211
11:40:24,9,13,-208
11:40:24,10,12,-209
11:40:24,9,14,-210
11:40:24,9,12,-208
11:40:24,8,13,-208
11:40:24,8,13,-212
11:40:24,9,13,-211
11:40:24,10,13,-211
11:40:24,9,13,-208
11:40:24,9,13,-209
11:40:24,10,12,-205
11:40:24,10,11,-206
11:40:24,9,15,-208
11:40:24,10,15,-208
11:40:24,8,13,-210
11:40:25,8,12,-213
11:40:25,8,15,-208
11:40:25,7,13,-211
11:40:25,9,12,-210
11:40:25,7,14,-209
11:40:25,6,13,-210
11:40:25,8,13,-213
11:40:25,9,11,-210
11:40:25,10,14,-209
11:40:25,8,13,-209
11:40:25,9,12,-209
11:40:25,8,12,-210
11:40:25,9,11,-211
11:40:25,8,13,-208
11:40:25,9,13,-209
11:40:25,11,13,-209
11:40:25,10,11,-207
11:40:25,10,14,-209
11:40:25,10,13,-210
11:40:25,10,12,-207
11:40:26,10,14,-211
11:40:26,7,12,-206
11:40:26,10,14,-208
11:40:26,9,13,-211
11:40:26,10,13,-209
11:40:26,9,14,-211
11:40:26,8,14,-211
11:40:26,9,14,-210
11:40:26,8,13,-210
11:40:26,9,11,-213
11:40:26,8,12,-209
11:40:26,8,15,-207
11:40:26,8,14,-212
11:40:26,9,16,-208
11:40:26,10,11,-210
11:40:26,8,14,-208
11:40:26,9,12,-209
11:40:26,8,11,-209
11:40:26,9,10,-208
11:40:26,10,12,-209
11:40:27,9,13,-210
11:40:27,9,13,-211
11:40:27,11,14,-209
11:40:27,10,13,-206
11:40:27,9,12,-209
11:40:27,9,13,-208
11:40:27,10,13,-209
11:40:27,10,13,-211
11:40:27,10,12,-208
11:40:27,10,12,-208
11:40:27,10,12,-209
11:40:27,9,14,-210
11:40:27,9,11,-210
11:40:27,9,12,-208
11:40:27,8,12,-209
11:40:27,9,11,-210
11:40:27,9,11,-208
11:40:27,9,12,-207
11:40:27,10,13,-211
11:40:28,10,14,-209
11:40:28,10,13,-210
11:40:28,10,12,-210
11:40:28,10,13,-209
11:40:28,10,13,-210
11:40:28,10,13,-210
11:40:28,9,13,-213
11:40:28,9,13,-209
11:40:28,10,14,-208
11:40:28,11,12,-208
11:40:28,10,12,-209
11:40:28,10,13,-206
11:40:28,8,14,-209
11:40:28,9,14,-210
11:40:28,9,12,-210
11:40:28,10,14,-213
11:40:28,9,13,-210
11:40:28,9,12,-211
11:40:28,9,14,-210
11:40:28,9,11,-211
11:40:29,9,11,-207
11:40:29,9,12,-212
11:40:29,8,12,-211
11:40:29,7,13,-211
11:40:29,10,12,-210
11:40:29,9,13,-211
11:40:29,10,13,-208
11:40:29,9,14,-213
11:40:29,9,11,-210
11:40:29,9,12,-211
11:40:29,8,13,-209
11:40:29,8,12,-210
11:40:29,8,13,-206
11:40:29,9,15,-209
11:40:29,10,14,-209
11:40:29,9,14,-208
11:40:29,9,13,-208
11:40:29,8,13,-211
11:40:29,9,15,-206
11:40:29,9,16,-209
11:40:30,9,13,-210
11:40:30,8,12,-208
11:40:30,8,12,-212
11:40:30,7,13,-209
11:40:30,9,12,-211
11:40:30,9,12,-212
11:40:30,9,14,-212
11:40:30,9,12,-211
11:40:30,9,12,-207
11:40:30,8,14,-211
11:40:30,8,13,-210
11:40:30,8,14,-209
11:40:30,8,14,-210
11:40:30,9,13,-210
11:40:30,9,13,-208
11:40:30,10,12,-209
11:40:30,8,12,-208
11:40:30,10,12,-208
11:40:30,8,17,-207
11:40:30,11,16,-208
11:40:31,9,15,-208
11:40:31,9,15,-208
11:40:31,10,13,-210
11:40:31,8,10,-209
11:40:31,9,12,-210
11:40:31,10,13,-211
11:40:31,10,12,-209
11:40:31,9,12,-212
11:40:31,10,13,-209
11:40:31,8,13,-214
11:40:31,9,12,-209
11:40:31,9,12,-212
11:40:31,10,12,-210
11:40:31,10,12,-213
11:40:31,10,12,-208
11:40:31,8,11,-212
11:40:31,10,13,-210
11:40:31,9,14,-210
11:40:31,9,13,-210
11:40:32,11,11,-211
11:40:32,9,14,-208
11:40:32,8,16,-207
11:40:32,10,13,-208
11:40:32,11,13,-210
11:40:32,10,13,-211
11:40:32,11,14,-208
11:40:32,11,13,-207
11:40:32,9,12,-209
11:40:32,10,11,-210
11:40:32,10,13,-209
11:40:32,10,12,-211
11:40:32,8,14,-211
11:40:32,9,12,-209
11:40:32,8,12,-209
11:40:32,9,13,-209
11:40:32,8,10,-211
11:40:32,9,14,-209
11:40:32,9,12,-210
11:40:32,11,13,-207
11:40:33,9,14,-209
11:40:33,8,13,-212
11:40:33,11,13,-207
11:40:33,9,13,-210
11:40:33,9,14,-209
11:40:33,11,12,-206
11:40:33,10,12,-210
11:40:33,10,13,-210
11:40:33,10,15,-208
11:40:33,11,14,-208
11:40:33,10,14,-209
11:40:33,9,14,-209
11:40:33,9,14,-209
11:40:33,9,15,-208
11:40:33,9,12,-211
11:40:33,9,11,-211
11:40:33,8,12,-211
11:40:33,8,12,-211
11:40:33,8,14,-211
11:40:33,9,12,-211
11:40:34,10,11,-212
11:40:34,8,12,-210
11:40:34,11,11,-209
11:40:34,7,14,-207
11:40:34,9,13,-208
11:40:34,8,13,-208
11:40:34,9,12,-209
11:40:34,7,17,-209
11:40:34,9,13,-209
11:40:34,10,14,-208
11:40:34,8,14,-209
11:40:34,9,14,-209
11:40:34,8,13,-208
11:40:34,10,14,-210
11:40:34,10,14,-209
11:40:34,9,15,-212
11:40:34,10,12,-209
11:40:34,9,12,-211
11:40:34,8,11,-208
11:40:35,9,14,-209
11:40:35,10,13,-212
11:40:35,9,13,-211
11:40:35,9,15,-210
11:40:35,8,14,-209
11:40:35,10,11,-211
11:40:35,9,13,-210
11:40:35,8,13,-209
11:40:35,8,12,-209
11:40:35,7,12,-208
11:40:35,9,13,-208
11:40:35,9,12,-210
11:40:35,9,13,-209
11:40:35,10,14,-212
11:40:35,9,14,-207
11:40:35,8,12,-208
11:40:35,8,14,-209
11:40:35,8,14,-212
11:40:35,8,14,-209
11:40:35,8,14,-206
11:40:36,9,14,-209
11:40:36,9,16,-209
11:40:36,8,17,-209
11:40:36,8,14,-211
11:40:36,9,12,-209
11:40:36,10,13,-211
11:40:36,9,13,-210
11:40:36,9,13,-210
11:40:36,8,13,-210
11:40:36,9,11,-211
11:40:36,10,12,-208
11:40:36,8,13,-211
11:40:36,9,12,-211
11:40:36,8,13,-210
11:40:36,9,12,-209
11:40:36,11,12,-209
11:40:36,10,13,-210
11:40:36,9,12,-210
11:40:36,9,14,-210
11:40:36,8,14,-211
11:40:37,9,13,-209
11:40:37,10,13,-209
11:40:37,11,13,-208
11:40:37,9,13,-211
11:40:37,11,13,-208
11:40:37,11,14,-208
11:40:37,10,12,-207
11:40:37,10,12,-211
11:40:37,10,13,-210
11:40:37,11,12,-210
11:40:37,10,13,-210
11:40:37,8,13,-211
11:40:37,10,11,-211
11:40:37,10,11,-211
11:40:37,10,12,-207
11:40:37,10,11,-211
11:40:37,9,12,-210
11:40:37,9,12,-212
11:40:37,9,11,-208
11:40:37,11,11,-209
11:40:38,9,11,-211
11:40:38,8,12,-208
11:40:38,8,14,-212
11:40:38,9,14,-210
11:40:38,9,13,-209
11:40:38,10,15,-208
11:40:38,10,13,-210
11:40:38,10,13,-210
11:40:38,10,12,-208
11:40:38,11,11,-206
11:40:38,11,12,-208
11:40:38,10,12,-207
11:40:38,11,13,-208
11:40:38,10,13,-212
11:40:38,10,13,-207
11:40:38,8,12,-210
11:40:38,9,12,-211
11:40:38,10,11,-212
11:40:38,8,13,-210
11:40:39,10,10,-210
11:40:39,9,13,-209
11:40:39,8,11,-208
11:40:39,8,13,-209
11:40:39,9,12,-210
11:40:39,9,13,-209
11:40:39,10,13,-211
11:40:39,9,13,-211
11:40:39,9,12,-210
11:40:39,10,12,-210
11:40:39,9,13,-210
11:40:39,7,13,-210
11:40:39,10,12,-209
11:40:39,10,13,-210
11:40:39,10,13,-209
11:40:39,11,16,-208
11:40:39,10,13,-207
11:40:39,10,12,-210
11:40:39,10,12,-209
11:40:39,9,11,-210
11:40:40,10,12,-210
11:40:40,8,13,-210
11:40:40,9,11,-211
11:40:40,7,12,-211
11:40:40,9,11,-207
11:40:40,10,11,-211
11:40:40,9,13,-212
11:40:40,9,14,-212
11:40:40,9,14,-209
11:40:40,8,12,-209
11:40:40,9,12,-209
11:40:40,9,11,-211
11:40:40,9,11,-210
11:40:40,9,13,-212
11:40:40,8,14,-208
11:40:40,8,16,-210
11:40:40,9,14,-208
11:40:40,9,13,-208
11:40:40,10,12,-209
11:40:40,11,14,-209
11:40:41,10,12,-209
11:40:41,10,12,-209
11:40:41,10,14,-210
11:40:41,9,13,-210
11:40:41,10,12,-209
11:40:41,9,14,-210
11:40:41,8,13,-211
11:40:41,8,11,-214
11:40:41,9,16,-210
11:40:41,8,15,-208
11:40:41,10,13,-209
11:40:41,10,12,-211
11:40:41,9,11,-209
11:40:41,10,11,-210
11:40:41,9,11,-210
11:40:41,9,12,-211
11:40:41,10,13,-209
11:40:41,9,15,-209
11:40:41,9,12,-209
11:40:41,9,15,-209
11:40:42,8,14,-209
11:40:42,9,13,-211
11:40:42,9,12,-206
11:40:42,10,14,-211
11:40:42,10,14,-206
11:40:42,9,14,-208
11:40:42,8,13,-208
11:40:42,8,14,-207
11:40:42,8,14,-209
11:40:42,8,12,-208
11:40:42,10,12,-208
11:40:42,9,14,-210
11:40:42,9,11,-212
11:40:42,10,12,-211
11:40:42,8,15,-211
11:40:42,9,13,-209
11:40:42,9,16,-213
11:40:42,9,10,-210
11:40:42,9,14,-208
11:40:43,8,13,-208
11:40:43,9,13,-211
11:40:43,10,10,-208
11:40:43,9,13,-212
11:40:43,9,12,-215
11:40:43,10,14,-209
11:40:43,10,15,-210
11:40:43,9,14,-212
11:40:43,9,12,-206
11:40:43,10,14,-209
11:40:43,10,12,-206
11:40:43,9,13,-209
11:40:43,9,12,-209
11:40:43,9,13,-212
11:40:43,10,13,-208
11:40:43,8,12,-212
11:40:43,8,13,-210
11:40:43,8,13,-210
11:40:43,9,12,-209
11:40:43,10,10,-208
11:40:44,9,12,-209
11:40:44,9,12,-212
11:40:44,10,10,-207
11:40:44,9,14,-210
11:40:44,8,13,-211
11:40:44,10,12,-209
11:40:44,9,13,-208
11:40:44,9,12,-212
11:40:44,9,12,-209
11:40:44,10,13,-212
11:40:44,9,15,-210
11:40:44,10,15,-211
11:40:44,9,14,-207
11:40:44,9,12,-209
11:40:44,10,11,-208
11:40:44,11,13,-205
11:40:44,10,15,-210
11:40:44,9,12,-211
11:40:44,10,13,-207
11:40:44,9,12,-212
11:40:45,9,10,-209
11:40:45,8,10,-210
11:40:45,9,14,-210
11:40:45,8,11,-208
11:40:45,9,12,-214
11:40:45,8,12,-210
11:40:45,9,12,-211
11:40:45,9,13,-209
11:40:45,8,14,-212
11:40:45,9,13,-210
11:40:45,9,12,-208
11:40:45,8,11,-209
11:40:45,9,13,-209
11:40:45,9,12,-213
11:40:45,9,12,-209
11:40:45,7,14,-210
11:40:45,9,13,-209
11:40:45,10,14,-208
11:40:45,10,13,-211
11:40:45,9,13,-209
11:40:46,9,12,-212
11:40:46,9,11,-209
11:40:46,8,13,-210
11:40:46,7,11,-212
11:40:46,9,12,-209
11:40:46,9,10,-214
11:40:46,10,8,-211
11:40:46,9,13,-211
11:40:46,9,12,-210
11:40:46,9,11,-212
11:40:46,10,11,-212
11:40:46,10,13,-212
11:40:46,9,13,-209
11:40:46,9,13,-208
11:40:46,8,14,-209
11:40:46,9,11,-208
11:40:46,10,13,-210
11:40:46,9,13,-210
11:40:46,9,12,-210
11:40:47,11,14,-208
11:40:47,9,14,-211
11:40:47,10,13,-209
11:40:47,11,16,-210
11:40:47,11,11,-211
11:40:47,8,11,-205
11:40:47,10,12,-207
11:40:47,8,13,-209
11:40:47,7,14,-210
11:40:47,7,15,-209
11:40:47,9,13,-211
11:40:47,10,12,-211
11:40:47,9,12,-206
11:40:47,8,13,-208
11:40:47,8,14,-207
11:40:47,10,14,-209
11:40:47,9,12,-212
11:40:47,8,15,-208
11:40:47,10,12,-210
11:40:47,9,14,-209
11:40:48,8,14,-212
11:40:48,9,13,-210
11:40:48,11,14,-210
11:40:48,9,13,-209
11:40:48,10,12,-209
11:40:48,11,13,-208
11:40:48,9,13,-208
11:40:48,9,15,-210
11:40:48,12,14,-211
11:40:48,11,11,-209
11:40:48,9,12,-211
11:40:48,11,12,-211
11:40:48,10,13,-211
11:40:48,9,13,-210
11:40:48,8,14,-209
11:40:48,8,12,-209
11:40:48,10,11,-209
11:40:48,9,13,-206
11:40:48,7,11,-211
11:40:48,9,12,-209
11:40:49,9,13,-211
11:40:49,10,11,-209
11:40:49,9,13,-210
11:40:49,8,14,-211
11:40:49,11,13,-210
11:40:49,9,14,-209
11:40:49,10,13,-210
11:40:49,9,14,-208
11:40:49,10,14,-209
11:40:49,10,13,-207
11:40:49,10,14,-207
11:40:49,11,12,-210
11:40:49,11,13,-207
11:40:49,10,11,-211
11:40:49,9,13,-207
11:40:49,8,9,-209
11:40:49,10,13,-210
11:40:49,10,12,-206
11:40:49,9,12,-212
11:40:49,8,14,-211
11:40:50,8,15,-210
11:40:50,10,12,-211
11:40:50,9,14,-208
11:40:50,9,12,-210
11:40:50,9,12,-213
11:40:50,9,11,-209
11:40:50,9,13,-208
11:40:50,9,11,-210
11:40:50,8,14,-209
11:40:50,9,13,-211
11:40:50,9,14,-210
11:40:50,10,12,-209
11:40:50,10,14,-211
11:40:50,10,12,-210
11:40:50,11,12,-209
11:40:50,9,13,-210
11:40:50,11,14,-210
11:40:50,8,14,-210
11:40:50,9,13,-207
11:40:51,9,12,-212
11:40:51,9,12,-212
11:40:51,8,13,-210
11:40:51,9,13,-210
11:40:51,11,12,-211
11:40:51,8,12,-212
11:40:51,8,11,-209
11:40:51,8,12,-212
11:40:51,7,14,-211
11:40:51,7,13,-212
11:40:51,9,14,-209
11:40:51,7,11,-208
11:40:51,8,13,-210
11:40:51,8,14,-210
11:40:51,10,12,-209
11:40:51,9,14,-209
11:40:51,9,15,-209
11:40:51,11,12,-206
11:40:51,10,11,-208
11:40:51,9,13,-208
11:40:52,10,12,-209
11:40:52,10,16,-209
11:40:52,9,15,-210
11:40:52,10,15,-212
11:40:52,9,16,-211
11:40:52,10,11,-210
11:40:52,8,13,-211
11:40:52,8,14,-212
11:40:52,10,13,-212
11:40:52,9,14,-209
11:40:52,8,15,-211
11:40:52,9,13,-207
11:40:52,9,13,-211
11:40:52,9,15,-208
11:40:52,10,11,-212
11:40:52,9,13,-210
11:40:52,8,12,-210
11:40:52,9,14,-211
11:40:52,9,11,-211
11:40:52,7,13,-209
11:40:53,8,14,-209
11:40:53,10,14,-206
11:40:53,10,12,-208
11:40:53,9,15,-208
11:40:53,8,14,-210
11:40:53,10,13,-211
11:40:53,9,14,-208
11:40:53,10,14,-210
11:40:53,11,15,-212
11:40:53,8,12,-210
11:40:53,10,12,-209
11:40:53,10,12,-210
11:40:53,8,13,-208
11:40:53,10,12,-209
11:40:53,9,14,-210
11:40:53,9,15,-208
11:40:53,9,13,-212
11:40:53,9,15,-211
11:40:53,10,12,-209
11:40:53,9,13,-208
11:40:54,9,12,-206
11:40:54,10,13,-211
11:40:54,9,12,-210
11:40:54,7,15,-208
11:40:54,10,14,-208
11:40:54,8,13,-212
11:40:54,11,11,-210
11:40:54,11,12,-208
11:40:54,8,14,-208
11:40:54,9,13,-210
11:40:54,10,14,-209
11:40:54,10,13,-209
11:40:54,9,12,-209
11:40:54,9,15,-212
11:40:54,10,10,-209
11:40:54,10,11,-211
11:40:54,9,11,-210
11:40:54,9,12,-211
11:40:54,9,13,-211
11:40:55,9,12,-211
11:40:55,10,13,-210
11:40:55,8,12,-208
11:40:55,10,12,-209
11:40:55,11,15,-211
11:40:55,8,12,-209
11:40:55,9,12,-208
11:40:55,10,13,-212
11:40:55,8,12,-210
11:40:55,10,14,-210
11:40:55,10,13,-210
11:40:55,11,11,-211
11:40:55,10,11,-209
11:40:55,9,12,-209
11:40:55,10,12,-210
11:40:55,9,12,-207
11:40:55,9,15,-210
11:40:55,11,10,-211
11:40:55,9,13,-209
11:40:55,11,10,-208
11:40:56,9,13,-208
11:40:56,10,13,-210
11:40:56,8,12,-211
11:40:56,10,12,-209
11:40:56,8,12,-209
11:40:56,9,12,-210
11:40:56,9,12,-207
11:40:56,10,13,-209
11:40:56,10,12,-209
11:40:56,9,10,-212
11:40:56,8,12,-209
11:40:56,9,13,-209
11:40:56,9,15,-210
11:40:56,9,14,-208
11:40:56,9,15,-209
11:40:56,12,13,-206
11:40:56,9,15,-208
11:40:56,10,11,-211
11:40:56,9,13,-209
11:40:56,9,12,-208
11:40:57,9,12,-210
11:40:57,9,10,-211
11:40:57,10,13,-211
11:40:57,9,12,-211
11:40:57,9,12,-212
11:40:57,9,12,-211
11:40:57,8,11,-209
11:40:57,9,13,-212
11:40:57,9,11,-206
11:40:57,8,11,-208
11:40:57,11,12,-209
11:40:57,12,13,-211
11:40:57,9,13,-212
11:40:57,11,11,-210
11:40:57,9,11,-209
11:40:57,9,14,-209
11:40:57,11,13,-208
11:40:57,10,14,-212
11:40:57,9,14,-210
11:40:57,7,14,-207
11:40:58,10,13,-209
11:40:58,11,11,-209
11:40:58,9,11,-211
11:40:58,9,11,-211
11:40:58,8,15,-210
11:40:58,9,10,-212
11:40:58,10,13,-211
11:40:58,7,12,-210
11:40:58,10,13,-212
11:40:58,9,11,-207
11:40:58,7,14,-211
11:40:58,9,11,-209
11:40:58,7,14,-210
11:40:58,8,11,-210
11:40:58,8,14,-211
11:40:58,8,13,-210
11:40:58,8,14,-210
11:40:58,7,15,-208
11:40:58,9,14,-208
11:40:59,10,11,-208
11:40:59,8,13,-206
11:40:59,9,15,-210
11:40:59,11,13,-209
11:40:59,9,15,-210
11:40:59,10,13,-211
11:40:59,9,12,-209
11:40:59,8,12,-211
11:40:59,11,13,-209
11:40:59,7,12,-209
11:40:59,8,13,-211
11:40:59,9,14,-209
11:40:59,8,11,-210
11:40:59,10,13,-211
11:40:59,9,13,-210
11:40:59,10,14,-208
11:40:59,9,14,-210
11:40:59,8,13,-209
11:40:59,8,15,-209
11:40:59,8,13,-211
11:41:00,9,12,-210
11:41:00,10,12,-211
11:41:00,12,12,-209
11:41:00,9,15,-210
11:41:00,10,15,-209
11:41:00,8,13,-205
11:41:00,10,12,-210
11:41:00,11,12,-206
11:41:00,9,12,-207
11:41:00,9,13,-210
11:41:00,8,11,-209
11:41:00,8,13,-210
11:41:00,9,12,-209
11:41:00,9,13,-208
11:41:00,8,14,-209
11:41:00,9,11,-210
11:41:00,7,12,-211
11:41:00,8,9,-209
11:41:00,9,13,-212
11:41:00,8,12,-209
11:41:01,9,16,-209
11:41:01,8,17,-211
11:41:01,9,12,-210
11:41:01,9,16,-211
11:41:01,10,15,-209
11:41:01,8,13,-207
11:41:01,9,14,-207
11:41:01,10,13,-210
11:41:01,9,15,-208
11:41:01,9,13,-206
11:41:01,10,14,-207
11:41:01,10,15,-208
11:41:01,9,13,-210
11:41:01,11,10,-208
11:41:01,9,12,-211
11:41:01,8,13,-211
11:41:01,8,10,-210
11:41:01,10,12,-211
11:41:01,8,12,-207
11:41:02,9,13,-209
11:41:02,9,13,-210
11:41:02,10,13,-214
11:41:02,11,10,-209
11:41:02,9,11,-207
11:41:02,10,10,-208
11:41:02,9,11,-209
11:41:02,9,13,-210
11:41:02,11,13,-209
11:41:02,10,15,-212
11:41:02,10,16,-209
11:41:02,10,12,-210
11:41:02,9,13,-207
11:41:02,10,12,-212
11:41:02,12,12,-212
11:41:02,10,12,-210
11:41:02,9,10,-209
11:41:02,10,11,-210
11:41:02,9,11,-210
11:41:02,8,13,-211
11:41:03,8,13,-208
11:41:03,8,12,-212
11:41:03,9,10,-209
11:41:03,9,13,-213
11:41:03,9,13,-212
11:41:03,10,13,-206
11:41:03,10,11,-210
11:41:03,9,14,-209
11:41:03,9,15,-210
11:41:03,9,12,-210
11:41:03,8,13,-210
11:41:03,10,13,-207
11:41:03,11,13,-212
11:41:03,11,14,-207
11:41:03,14,13,-208
11:41:03,10,11,-209
11:41:03,8,13,-210
11:41:03,10,10,-210
11:41:03,8,11,-210
11:41:03,10,13,-210
11:41:04,9,8,-211
11:41:04,8,13,-208
11:41:04,10,13,-210
11:41:04,8,16,-210
11:41:04,9,12,-208
11:41:04,7,14,-208
11:41:04,9,13,-211
11:41:04,8,13,-208
11:41:04,9,11,-206
11:41:04,10,14,-211
11:41:04,8,15,-209
11:41:04,8,11,-211
11:41:04,8,13,-211
11:41:04,10,15,-205
11:41:04,10,13,-208
11:41:04,9,13,-208
11:41:04,9,13,-210
11:41:04,9,12,-209
11:41:04,8,12,-207
11:41:04,8,13,-210
11:41:05,9,12,-211
11:41:05,8,13,-210
11:41:05,10,11,-211
11:41:05,10,14,-213
11:41:05,9,11,-209
11:41:05,10,13,-209
11:41:05,8,12,-211
11:41:05,8,13,-212
11:41:05,10,12,-209
11:41:05,8,13,-211
11:41:05,11,12,-209
11:41:05,10,12,-213
11:41:05,11,12,-207
11:41:05,10,13,-210
11:41:05,9,16,-206
11:41:05,9,13,-212
11:41:05,10,12,-208
11:41:05,9,14,-207
11:41:05,9,13,-210
11:41:06,9,12,-205
11:41:06,10,11,-212
11:41:06,11,12,-207
11:41:06,10,15,-210
11:41:06,9,11,-207
11:41:06,9,10,-213
11:41:06,8,13,-211
11:41:06,9,11,-210
11:41:06,8,10,-210
11:41:06,10,15,-208
11:41:06,9,13,-209
11:41:06,11,12,-212
11:41:06,10,14,-212
11:41:06,9,12,-210
11:41:06,10,13,-212
11:41:06,9,12,-209
11:41:06,10,13,-211
11:41:06,8,16,-211
11:41:06,10,12,-208
11:41:06,11,12,-211
11:41:07,9,12,-208
11:41:07,8,10,-209
11:41:07,10,12,-210
11:41:07,10,13,-209
11:41:07,9,16,-209
11:41:07,9,12,-210
11:41:07,9,12,-212
11:41:07,9,9,-211
11:41:07,7,13,-211
11:41:07,8,11,-212
11:41:07,8,12,-205
11:41:07,9,13,-211
11:41:07,8,14,-211
11:41:07,9,11,-212
11:41:07,9,16,-207
11:41:07,9,14,-210
11:41:07,8,13,-208
11:41:07,9,13,-210
11:41:07,8,14,-211
11:41:07,7,13,-211
11:41:08,10,14,-207
11:41:08,8,12,-208
11:41:08,10,13,-211
11:41:08,10,13,-210
11:41:08,10,13,-208
11:41:08,9,13,-210
11:41:08,10,12,-210
11:41:08,11,10,-210
11:41:08,9,13,-210
11:41:08,8,13,-210
11:41:08,8,12,-211
11:41:08,10,12,-212
11:41:08,9,13,-207
11:41:08,10,14,-211
11:41:08,9,15,-212
11:41:08,8,12,-210
11:41:08,9,13,-210
11:41:08,9,12,-211
11:41:08,7,14,-210
11:41:08,8,12,-210
11:41:09,9,15,-208
11:41:09,9,11,-211
11:41:09,8,14,-209
11:41:09,10,13,-209
11:41:09,11,14,-210
11:41:09,9,13,-209
11:41:09,8,13,-208
11:41:09,10,13,-207
11:41:09,10,13,-209
11:41:09,9,14,-212
11:41:09,8,14,-209
11:41:09,9,13,-212
11:41:09,8,13,-212
11:41:09,10,12,-207
11:41:09,10,14,-209
11:41:09,8,12,-211
11:41:09,11,13,-210
11:41:09,8,13,-209
11:41:09,10,11,-208
11:41:10,9,11,-211
11:41:10,9,11,-208
11:41:10,9,13,-209
11:41:10,9,12,-212
11:41:10,11,13,-206
11:41:10,9,14,-209
11:41:10,11,14,-211
11:41:10,10,14,-208
11:41:10,9,15,-207
11:41:10,9,15,-210
11:41:10,10,14,-210
11:41:10,11,12,-207
11:41:10,9,14,-211
11:41:10,9,14,-208
11:41:10,8,11,-209
11:41:10,10,11,-212
11:41:10,8,13,-209
11:41:10,10,12,-210
11:41:10,9,15,-210
11:41:10,10,13,-210
11:41:11,10,12,-210
11:41:11,9,14,-207
11:41:11,8,14,-211
11:41:11,10,10,-209
11:41:11,9,12,-208
11:41:11,11,14,-211
11:41:11,9,13,-209
11:41:11,10,10,-211
11:41:11,10,14,-207
11:41:11,8,15,-208
11:41:11,10,12,-207
11:41:11,10,16,-209
11:41:11,10,11,-209
11:41:11,9,12,-206
11:41:11,7,14,-208
11:41:11,10,12,-211
11:41:11,9,10,-207
11:41:11,8,11,-209
11:41:11,8,13,-213
11:41:11,10,12,-209
11:41:12,9,11,-211
11:41:12,9,11,-210
11:41:12,7,13,-210
11:41:12,9,12,-210
11:41:12,10,11,-212
11:41:12,9,13,-210
11:41:12,9,11,-211
11:41:12,8,12,-208
11:41:12,9,14,-210
11:41:12,8,14,-210
11:41:12,11,14,-211
11:41:12,9,13,-208
11:41:12,10,13,-210
11:41:12,9,10,-207
11:41:12,9,13,-208
11:41:12,9,11,-212
11:41:12,8,13,-209
11:41:12,9,14,-210
11:41:12,9,12,-212
11:41:12,8,12,-212
11:41:13,9,11,-211
11:41:13,12,11,-209
11:41:13,8,12,-211
11:41:13,8,12,-208
11:41:13,10,12,-212
11:41:13,8,12,-213
11:41:13,9,12,-213
11:41:13,8,14,-212
11:41:13,9,14,-211
11:41:13,10,14,-210
11:41:13,8,13,-210
11:41:13,8,12,-211
11:41:13,8,13,-211
11:41:13,9,13,-211
11:41:13,10,12,-211
11:41:13,10,12,-210
11:41:13,9,14,-208
11:41:13,10,14,-211
11:41:13,10,12,-210
11:41:14,8,15,-208
11:41:14,8,14,-212
11:41:14,8,11,-211
11:41:14,10,12,-211
11:41:14,9,13,-210
11:41:14,8,13,-210
11:41:14,9,13,-210
11:41:14,8,12,-212
11:41:14,8,12,-211
11:41:14,8,13,-209
11:41:14,9,11,-210
11:41:14,10,12,-212
11:41:14,9,12,-211
11:41:14,8,14,-210
11:41:14,9,13,-211
11:41:14,10,12,-209
11:41:14,10,15,-209
11:41:14,9,14,-205
11:41:14,9,15,-210
11:41:14,9,14,-208
11:41:15,9,13,-209
11:41:15,9,12,-206
11:41:15,9,15,-210
11:41:15,9,11,-209
11:41:15,10,11,-211
11:41:15,9,13,-211
11:41:15,9,14,-211
11:41:15,8,12,-210
11:41:15,10,11,-211
11:41:15,10,12,-209
11:41:15,8,11,-208
11:41:15,10,13,-210
11:41:15,7,13,-208
11:41:15,8,13,-210
11:41:15,8,14,-210
11:41:15,9,13,-210
11:41:15,9,15,-212
11:41:15,10,12,-211
11:41:15,8,14,-209
11:41:15,9,13,-212
11:41:16,9,15,-209
11:41:16,10,13,-207
11:41:16,11,11,-211
11:41:16,10,14,-211
11:41:16,9,12,-210
11:41:16,10,14,-209
11:41:16,10,12,-210
11:41:16,10,14,-210
11:41:16,9,11,-212
11:41:16,9,12,-209
11:41:16,9,13,-209
11:41:16,8,11,-212
11:41:16,9,13,-207
11:41:16,10,11,-212
11:41:16,10,14,-210
11:41:16,9,11,-210
11:41:16,8,12,-207
11:41:16,9,14,-210
11:41:16,8,15,-210
11:41:16,8,12,-209
11:41:17,9,13,-210
11:41:17,9,14,-210
11:41:17,9,10,-208
11:41:17,9,14,-214
11:41:17,8,12,-208
11:41:17,11,13,-207
11:41:17,10,14,-209
11:41:17,12,13,-208
11:41:17,10,12,-212
11:41:17,11,10,-210
11:41:17,10,12,-209
11:41:17,8,12,-209
11:41:17,10,12,-211
11:41:17,10,10,-208
11:41:17,11,13,-209
11:41:17,11,10,-212
11:41:17,8,11,-211
11:41:17,10,14,-210
11:41:17,10,10,-210
11:41:18,9,10,-209
11:41:18,9,12,-208
11:41:18,10,13,-208
11:41:18,10,13,-213
11:41:18,10,12,-208
11:41:18,11,13,-207
11:41:18,10,12,-209
11:41:18,11,12,-209
11:41:18,10,11,-211
11:41:18,11,13,-210
11:41:18,12,11,-209
11:41:18,10,12,-208
11:41:18,10,13,-207
11:41:18,10,12,-209
11:41:18,9,11,-210
11:41:18,8,13,-209
11:41:18,9,11,-212
11:41:18,10,14,-211
11:41:18,8,14,-212
11:41:18,8,12,-208
11:41:19,9,12,-210
11:41:19,8,13,-209
11:41:19,9,11,-208
11:41:19,9,13,-209
11:41:19,10,10,-212
11:41:19,11,15,-210
11:41:19,10,11,-212
11:41:19,11,12,-208
11:41:19,9,12,-208
11:41:19,10,12,-210
11:41:19,9,13,-208
11:41:19,10,14,-211
11:41:19,9,15,-210
11:41:19,11,12,-209
11:41:19,9,12,-209
11:41:19,9,14,-210
11:41:19,10,14,-210
11:41:19,9,14,-209
11:41:19,8,11,-212
11:41:19,9,12,-209
11:41:20,9,11,-209
11:41:20,9,12,-213
11:41:20,9,10,-214
11:41:20,9,14,-209
11:41:20,9,13,-211
11:41:20,8,11,-208
11:41:20,8,10,-208
11:41:20,9,13,-210
11:41:20,8,12,-207
11:41:20,9,13,-209
11:41:20,9,11,-210
11:41:20,7,17,-211
11:41:20,9,14,-207
11:41:20,9,14,-208
11:41:20,10,13,-211
11:41:20,9,13,-209
11:41:20,11,15,-208
11:41:20,9,12,-210
11:41:20,9,13,-208
11:41:20,10,12,-209
11:41:21,10,12,-210
11:41:21,10,11,-211
11:41:21,9,11,-210
11:41:21,10,11,-212
11:41:21,8,12,-212
11:41:21,9,11,-208
11:41:21,9,11,-213
11:41:21,9,13,-211
11:41:21,8,13,-210
11:41:21,8,14,-213
11:41:21,10,14,-211
11:41:21,8,13,-210
11:41:21,10,12,-208
11:41:21,10,11,-208
11:41:21,10,12,-210
11:41:21,8,14,-210
11:41:21,9,13,-208
11:41:21,10,13,-206
11:41:21,10,15,-209
11:41:22,9,12,-207
11:41:22,10,13,-209
11:41:22,11,12,-209
11:41:22,9,13,-210
11:41:22,8,12,-209
11:41:22,8,12,-208
11:41:22,8,13,-210
11:41:22,10,12,-210
11:41:22,9,13,-209
11:41:22,9,12,-211
11:41:22,10,14,-210
11:41:22,9,12,-210
11:41:22,10,13,-210
11:41:22,9,13,-211
11:41:22,10,12,-211
11:41:22,9,11,-210
11:41:22,8,15,-209
11:41:22,10,12,-211
11:41:22,9,13,-210
11:41:22,8,14,-211
11:41:23,9,13,-207
11:41:23,11,13,-209
11:41:23,10,13,-208
11:41:23,11,13,-210
11:41:23,11,12,-210
11:41:23,10,12,-207
11:41:23,10,11,-211
11:41:23,11,13,-211
11:41:23,9,13,-210
11:41:23,9,11,-212
11:41:23,9,14,-212
11:41:23,7,13,-207
11:41:23,9,13,-208
11:41:23,10,11,-210
11:41:23,10,10,-211
11:41:23,8,12,-209
11:41:23,9,11,-212
11:41:23,9,13,-208
11:41:23,10,12,-212
11:41:23,9,13,-213
11:41:24,10,12,-208
11:41:24,9,14,-211
11:41:24,8,13,-207
11:41:24,11,13,-209
11:41:24,9,15,-207
11:41:24,10,14,-209
11:41:24,9,12,-210
11:41:24,10,12,-206
11:41:24,9,12,-208
11:41:24,9,14,-211
11:41:24,9,12,-208
11:41:24,9,11,-210
11:41:24,7,12,-208
11:41:24,9,12,-210
11:41:24,9,13,-211
11:41:24,10,13,-210
11:41:24,10,12,-209
11:41:24,8,14,-209
11:41:24,9,13,-209
11:41:24,9,14,-209
11:41:25,11,12,-209
11:41:25,9,13,-210
11:41:25,9,12,-211
11:41:25,10,13,-209
11:41:25,10,13,-212
11:41:25,8,14,-211
11:41:25,12,13,-209
11:41:25,9,13,-209
11:41:25,9,13,-207
11:41:25,10,15,-208
11:41:25,10,12,-208
11:41:25,9,16,-209
11:41:25,10,13,-210
11:41:25,10,12,-207
11:41:25,9,13,-210
11:41:25,9,14,-210
11:41:25,8,12,-207
11:41:25,8,13,-210
11:41:25,10,10,-212
11:41:26,8,14,-209
11:41:26,8,11,-208
11:41:26,11,14,-208
11:41:26,10,13,-207
11:41:26,9,14,-210
11:41:26,11,11,-210
11:41:26,9,11,-206
11:41:26,10,11,-209
11:41:26,8,12,-209
11:41:26,10,12,-208
11:41:26,10,16,-210
11:41:26,10,13,-208
11:41:26,11,11,-211
11:41:26,8,14,-210
11:41:26,9,13,-209
11:41:26,9,13,-210
11:41:26,11,10,-208
11:41:26,9,10,-209
11:41:26,9,13,-210
11:41:26,9,13,-212
11:41:27,9,16,-210
11:41:27,9,12,-209
11:41:27,10,13,-209
11:41:27,10,11,-207
11:41:27,8,14,-210
11:41:27,8,12,-208
11:41:27,8,14,-211
11:41:27,10,13,-210
11:41:27,9,11,-212
11:41:27,11,12,-206
11:41:27,11,10,-210
11:41:27,10,11,-213
11:41:27,9,13,-210
11:41:27,10,12,-210
11:41:27,9,13,-208
11:41:27,8,12,-209
11:41:27,9,13,-208
11:41:27,10,17,-209
11:41:27,10,12,-208
11:41:27,11,14,-212
11:41:28,10,13,-213
11:41:28,9,14,-211
11:41:28,9,13,-211
11:41:28,7,12,-210
11:41:28,10,12,-212
11:41:28,8,13,-210
11:41:28,8,12,-208
11:41:28,8,13,-209
11:41:28,11,14,-212
11:41:28,11,12,-207
11:41:28,9,12,-209
11:41:28,9,14,-210
11:41:28,8,13,-212
11:41:28,10,13,-209
11:41:28,9,13,-213
11:41:28,10,13,-211
11:41:28,9,12,-210
11:41:28,10,14,-212
11:41:28,10,13,-208
11:41:28,10,13,-210
11:41:29,9,14,-210
11:41:29,10,15,-210
11:41:29,10,13,-210
11:41:29,9,13,-211
11:41:29,9,13,-210
11:41:29,9,12,-211
11:41:29,9,12,-208
11:41:29,8,11,-211
11:41:29,9,13,-208
11:41:29,8,13,-211
11:41:29,9,12,-212
11:41:29,8,12,-206
11:41:29,9,13,-210
11:41:29,7,13,-211
11:41:29,10,15,-209
11:41:29,8,13,-208
11:41:29,9,14,-210
11:41:29,9,14,-209
11:41:29,9,15,-212
11:41:30,11,14,-210
11:41:30,8,15,-208
11:41:30,10,13,-207
11:41:30,10,13,-208
11:41:30,10,16,-209
11:41:30,10,15,-206
11:41:30,9,12,-209
11:41:30,10,14,-209
11:41:30,10,14,-210
11:41:30,8,13,-210
11:41:30,9,12,-209
11:41:30,9,13,-211
11:41:30,8,10,-210
11:41:30,9,12,-210
11:41:30,9,11,-210
11:41:30,10,13,-210
11:41:30,9,13,-208
11:41:30,11,14,-211
11:41:30,10,15,-211
11:41:30,9,12,-210
11:41:31,9,11,-208
11:41:31,9,15,-210
11:41:31,9,11,-207
11:41:31,8,14,-209
11:41:31,10,10,-208
11:41:31,10,13,-210
11:41:31,9,13,-208
11:41:31,11,13,-211
11:41:31,9,13,-208
11:41:31,9,13,-208
11:41:31,11,13,-210
11:41:31,8,14,-211
11:41:31,10,12,-210
11:41:31,10,11,-208
11:41:31,10,12,-209
11:41:31,10,10,-211
11:41:31,8,12,-208
11:41:31,8,12,-210
11:41:31,7,13,-208
11:41:31,7,11,-209
11:41:32,8,14,-213
11:41:32,9,13,-210
11:41:32,10,11,-209
11:41:32,11,13,-212
11:41:32,11,14,-206
11:41:32,11,11,-209
11:41:32,9,12,-209
11:41:32,10,13,-209
11:41:32,10,12,-207
11:41:32,10,12,-209
11:41:32,10,15,-210
11:41:32,9,14,-209
11:41:32,10,13,-210
11:41:32,9,12,-210
11:41:32,10,13,-210
11:41:32,10,13,-210
11:41:32,9,12,-209
11:41:32,9,11,-206
11:41:32,10,11,-211
11:41:33,7,11,-209
11:41:33,9,11,-210
11:41:33,8,13,-210
11:41:33,10,12,-207
11:41:33,9,15,-210
11:41:33,9,14,-210
11:41:33,9,14,-209
11:41:33,9,13,-210
11:41:33,8,11,-209
11:41:33,9,13,-210
11:41:33,8,12,-209
11:41:33,9,13,-208
11:41:33,10,11,-210
11:41:33,9,13,-207
11:41:33,9,14,-209
11:41:33,11,14,-209
11:41:33,9,12,-209
11:41:33,10,12,-206
11:41:33,10,12,-208
11:41:33,10,14,-207
11:41:34,10,14,-207
11:41:34,9,13,-209
11:41:34,9,12,-211
11:41:34,8,12,-211
11:41:34,7,13,-209
11:41:34,9,12,-208
11:41:34,10,13,-212
11:41:34,9,12,-210
11:41:34,9,13,-208
11:41:34,11,13,-211
11:41:34,11,12,-211
11:41:34,8,15,-208
11:41:34,11,14,-212
11:41:34,8,14,-209
11:41:34,8,13,-211
11:41:34,9,13,-213
11:41:34,8,14,-207
11:41:34,10,12,-210
11:41:34,8,11,-208
11:41:34,10,14,-211
11:41:35,10,16,-210
11:41:35,9,13,-208
11:41:35,11,14,-208
11:41:35,10,14,-210
11:41:35,9,13,-211
11:41:35,9,14,-209
11:41:35,8,13,-209
11:41:35,9,14,-208
11:41:35,9,12,-214
11:41:35,8,11,-209
11:41:35,10,9,-212
11:41:35,8,13,-210
11:41:35,8,17,-212
11:41:35,8,12,-206
11:41:35,10,14,-206
11:41:35,9,13,-210
11:41:35,10,12,-210
11:41:35,9,11,-211
11:41:35,10,13,-208
11:41:35,8,13,-208
11:41:36,10,12,-209
11:41:36,10,12,-209
11:41:36,10,12,-210
11:41:36,10,15,-210
11:41:36,9,13,-207
11:41:36,11,12,-208
11:41:36,9,15,-208
11:41:36,10,14,-210
11:41:36,10,14,-207
11:41:36,10,11,-211
11:41:36,10,10,-210
11:41:36,10,11,-210
11:41:36,9,12,-209
11:41:36,8,12,-210
11:41:36,9,11,-210
11:41:36,8,14,-208
11:41:36,11,11,-208
11:41:36,7,14,-208
11:41:36,10,13,-205
11:41:37,8,10,-211
11:41:37,9,12,-212
11:41:37,9,12,-210
11:41:37,10,13,-210
11:41:37,10,12,-209
11:41:37,10,13,-212
11:41:37,10,13,-207
11:41:37,10,14,-209
11:41:37,9,15,-209
11:41:37,10,12,-209
11:41:37,9,16,-207
11:41:37,11,12,-208
11:41:37,9,14,-209
11:41:37,11,13,-210
11:41:37,11,11,-210
11:41:37,10,11,-212
11:41:37,9,12,-211
11:41:37,9,13,-211
11:41:37,10,12,-212
11:41:37,8,13,-209
11:41:38,10,13,-211
11:41:38,8,11,-212
11:41:38,9,12,-207
11:41:38,10,14,-209
11:41:38,9,13,-209
11:41:38,9,15,-209
11:41:38,10,14,-208
11:41:38,11,12,-209
11:41:38,8,13,-210
11:41:38,9,13,-206
11:41:38,10,14,-211
11:41:38,8,14,-208
11:41:38,10,13,-213
11:41:38,11,15,-209
11:41:38,10,12,-209
11:41:38,11,12,-212
11:41:38,10,12,-208
11:41:38,8,14,-209
11:41:38,9,11,-211
11:41:38,8,11,-208
11:41:39,10,13,-212
11:41:39,8,10,-210
11:41:39,8,11,-211
11:41:39,8,13,-210
11:41:39,9,11,-210
11:41:39,8,14,-212
11:41:39,9,14,-209
11:41:39,9,14,-211
11:41:39,9,15,-211
11:41:39,7,13,-211
11:41:39,10,14,-211
11:41:39,9,12,-209
11:41:39,9,11,-208
11:41:39,11,11,-208
11:41:39,9,14,-212
11:41:39,10,13,-209
11:41:39,9,12,-210
11:41:39,9,15,-210
11:41:39,8,13,-208
11:41:39,8,15,-209
11:41:40,8,15,-212
11:41:40,10,13,-206
11:41:40,8,15,-210
11:41:40,10,13,-208
11:41:40,9,12,-209
11:41:40,9,12,-209
11:41:40,9,10,-210
11:41:40,8,10,-213
11:41:40,9,14,-210
11:41:40,8,12,-209
11:41:40,7,11,-210
11:41:40,8,14,-209
11:41:40,8,12,-211
11:41:40,10,12,-209
11:41:40,9,14,-208
11:41:40,8,13,-210
11:41:40,10,12,-211
11:41:40,8,14,-208
11:41:40,9,12,-209
11:41:41,8,14,-211
11:41:41,10,16,-210
11:41:41,10,14,-209
11:41:41,9,12,-207
11:41:41,10,15,-211
11:41:41,9,12,-208
11:41:41,11,11,-210
11:41:41,9,13,-211
11:41:41,10,14,-210
11:41:41,7,13,-213
11:41:41,9,12,-210
11:41:41,10,14,-212
11:41:41,8,12,-210
11:41:41,9,12,-210
11:41:41,9,13,-210
11:41:41,8,12,-209
11:41:41,9,13,-209
11:41:41,8,14,-210
11:41:41,9,12,-211
11:41:41,10,12,-209
11:41:42,8,14,-213
11:41:42,9,15,-210
11:41:42,9,13,-211
11:41:42,10,12,-210
11:41:42,9,13,-208
11:41:42,12,12,-210
11:41:42,10,12,-208
11:41:42,10,14,-209
11:41:42,10,14,-210
11:41:42,9,14,-207
11:41:42,10,13,-206
11:41:42,10,13,-208
11:41:42,9,13,-211
11:41:42,10,14,-205
11:41:42,8,14,-212
11:41:42,9,11,-209
11:41:42,8,12,-209
11:41:42,8,13,-213
11:41:42,10,13,-208
11:41:42,10,14,-208
11:41:43,10,14,-210
11:41:43,11,14,-210
11:41:43,9,12,-210
11:41:43,9,13,-209
11:41:43,9,13,-208
11:41:43,9,14,-211
11:41:43,9,13,-205
11:41:43,9,12,-212
11:41:43,10,13,-208
11:41:43,10,14,-207
11:41:43,12,14,-209
11:41:43,10,14,-207
11:41:43,11,11,-208
11:41:43,8,13,-209
11:41:43,9,14,-210
11:41:43,10,14,-209
11:41:43,11,12,-210
11:41:43,9,12,-211
11:41:43,8,11,-208
11:41:43,9,12,-213
11:41:44,10,12,-211
11:41:44,8,13,-212
11:41:44,9,14,-208
11:41:44,8,13,-209
11:41:44,9,11,-209
11:41:44,8,14,-209
11:41:44,9,11,-210
11:41:44,9,12,-211
11:41:44,9,12,-210
11:41:44,8,12,-209
11:41:44,9,13,-209
11:41:44,9,12,-211
11:41:44,10,13,-211
11:41:44,11,13,-206
11:41:44,9,13,-207
11:41:44,9,15,-211
11:41:44,9,14,-209
11:41:44,10,12,-207
11:41:44,7,12,-210
11:41:45,10,12,-209
11:41:45,9,16,-209
11:41:45,7,14,-208
11:41:45,11,13,-212
11:41:45,6,13,-206
11:41:45,9,12,-210
11:41:45,9,13,-209
11:41:45,9,14,-211
11:41:45,9,12,-209
11:41:45,10,12,-212
11:41:45,9,14,-209
11:41:45,9,14,-208
11:41:45,9,12,-209
11:41:45,9,10,-210
11:41:45,10,10,-211
11:41:45,9,13,-208
11:41:45,10,13,-211
11:41:45,9,13,-210
11:41:45,9,13,-209
11:41:45,9,14,-210
11:41:46,8,15,-207
11:41:46,10,15,-206
11:41:46,10,14,-208
11:41:46,8,14,-210
11:41:46,9,13,-210
11:41:46,11,14,-212
11:41:46,10,12,-209
11:41:46,8,13,-211
11:41:46,7,12,-213
11:41:46,8,13,-209
11:41:46,10,12,-209
11:41:46,9,13,-210
11:41:46,7,12,-210
11:41:46,10,13,-211
11:41:46,11,12,-209
11:41:46,9,15,-211
11:41:46,9,14,-211
11:41:46,10,13,-213
11:41:46,8,14,-209
11:41:46,9,13,-211
11:41:47,9,12,-210
11:41:47,8,13,-205
11:41:47,9,14,-210
11:41:47,9,13,-208
11:41:47,8,15,-210
11:41:47,9,12,-208
11:41:47,12,15,-211
11:41:47,10,14,-207
11:41:47,9,13,-208
11:41:47,11,12,-211
11:41:47,10,10,-206
11:41:47,10,13,-210
11:41:47,9,12,-212
11:41:47,9,12,-210
11:41:47,8,12,-209
11:41:47,9,11,-205
11:41:47,7,13,-210
11:41:47,9,13,-211
11:41:47,8,11,-212
11:41:47,9,14,-212
11:41:48,11,14,-206
11:41:48,10,13,-208
11:41:48,11,11,-209
11:41:48,10,10,-209
11:41:48,10,14,-209
11:41:48,11,12,-211
11:41:48,11,11,-212
11:41:48,9,14,-205
11:41:48,11,13,-209
11:41:48,11,13,-209
11:41:48,11,12,-208
11:41:48,9,11,-208
11:41:48,9,13,-206
11:41:48,9,13,-207
11:41:48,8,14,-211
11:41:48,11,14,-208
11:41:48,8,11,-210
11:41:48,10,13,-210
11:41:48,8,12,-206
11:41:49,8,10,-210
11:41:49,8,13,-208
11:41:49,8,15,-210
11:41:49,8,11,-209
11:41:49,7,14,-210
11:41:49,8,14,-212
11:41:49,11,13,-208
11:41:49,8,13,-208
11:41:49,9,12,-211
11:41:49,10,14,-210
11:41:49,10,11,-208
11:41:49,10,14,-207
11:41:49,10,12,-211
11:41:49,9,11,-210
11:41:49,11,11,-207
11:41:49,10,13,-209
11:41:49,10,11,-209
11:41:49,9,11,-209
11:41:49,11,11,-208
11:41:49,9,12,-211
11:41:50,11,13,-208
11:41:50,10,10,-210
11:41:50,10,12,-212
11:41:50,7,14,-211
11:41:50,7,11,-210
11:41:50,9,13,-209
11:41:50,9,11,-210
11:41:50,9,13,-212
11:41:50,9,13,-212
11:41:50,8,12,-211
11:41:50,10,12,-211
11:41:50,8,11,-211
11:41:50,9,12,-210
11:41:50,8,11,-210
11:41:50,9,14,-211
11:41:50,8,13,-212
11:41:50,8,17,-212
11:41:50,8,14,-211
11:41:50,10,12,-209
11:41:50,8,14,-208
11:41:51,8,15,-210
11:41:51,9,13,-206
11:41:51,9,12,-208
11:41:51,8,14,-207
11:41:51,9,14,-208
11:41:51,9,14,-207
11:41:51,10,11,-208
11:41:51,8,12,-207
11:41:51,8,11,-210
11:41:51,9,10,-209
11:41:51,8,15,-210
11:41:51,9,12,-212
11:41:51,8,14,-209
11:41:51,8,15,-209
11:41:51,8,14,-213
11:41:51,9,15,-209
11:41:51,9,12,-211
11:41:51,9,14,-212
11:41:51,9,11,-210
11:41:52,9,13,-208
11:41:52,9,15,-207
11:41:52,10,14,-210
11:41:52,9,12,-208
11:41:52,9,14,-210
11:41:52,11,13,-210
11:41:52,9,13,-211
11:41:52,10,12,-209
11:41:52,9,13,-209
11:41:52,11,14,-208
11:41:52,10,13,-210
11:41:52,10,13,-210
11:41:52,10,15,-210
11:41:52,9,11,-211
11:41:52,9,12,-209
11:41:52,9,13,-206
11:41:52,9,9,-209
11:41:52,10,12,-208
11:41:52,10,13,-208
11:41:52,10,13,-207
11:41:53,11,10,-211
11:41:53,10,13,-207
11:41:53,10,12,-210
11:41:53,8,11,-211
11:41:53,9,12,-211
11:41:53,10,11,-209
11:41:53,10,15,-211
11:41:53,10,14,-210
11:41:53,10,12,-208
11:41:53,8,11,-206
11:41:53,10,13,-208
11:41:53,11,15,-208
11:41:53,9,13,-209
11:41:53,10,13,-208
11:41:53,9,12,-210
11:41:53,11,16,-210
11:41:53,10,10,-209
11:41:53,10,13,-212
11:41:53,9,13,-211
11:41:53,10,12,-211
11:41:54,9,12,-210
11:41:54,8,13,-210
11:41:54,9,11,-211
11:41:54,10,10,-208
11:41:54,9,13,-210
11:41:54,8,13,-212
11:41:54,9,11,-209
11:41:54,7,13,-207
11:41:54,10,14,-208
11:41:54,9,13,-210
11:41:54,9,14,-210
11:41:54,10,13,-206
11:41:54,10,13,-210
11:41:54,11,13,-208
11:41:54,11,13,-210
11:41:54,11,10,-207
11:41:54,9,14,-208
11:41:54,11,13,-210
11:41:54,11,13,-208
11:41:54,7,12,-210
11:41:55,9,13,-211
11:41:55,10,13,-208
11:41:55,8,14,-209
11:41:55,9,11,-213
11:41:55,9,11,-214
11:41:55,10,12,-209
11:41:55,10,11,-212
11:41:55,7,14,-210
11:41:55,10,12,-211
11:41:55,9,14,-211
11:41:55,9,13,-212
11:41:55,9,14,-212
11:41:55,9,14,-208
11:41:55,10,12,-207
11:41:55,10,12,-209
11:41:55,10,11,-211
11:41:55,10,14,-208
11:41:55,8,13,-209
11:41:55,9,15,-209
11:41:56,9,15,-211
11:41:56,9,12,-210
11:41:56,10,15,-209
11:41:56,9,13,-211
11:41:56,9,12,-209
11:41:56,9,13,-211
11:41:56,9,14,-210
11:41:56,9,11,-211
11:41:56,7,12,-212
11:41:56,9,14,-210
11:41:56,9,13,-208
11:41:56,8,14,-209
11:41:56,7,13,-209
11:41:56,10,14,-210
11:41:56,10,12,-207
11:41:56,9,13,-209
11:41:56,10,16,-208
11:41:56,10,12,-211
11:41:56,9,11,-206
11:41:56,8,13,-212
11:41:57,9,13,-211
11:41:57,9,12,-207
11:41:57,10,12,-210
11:41:57,9,14,-211
11:41:57,11,12,-208
11:41:57,9,14,-213
11:41:57,10,13,-208
11:41:57,9,14,-210
11:41:57,10,11,-210
11:41:57,10,12,-207
11:41:57,8,13,-211
11:41:57,8,13,-209
11:41:57,9,12,-209
11:41:57,10,14,-210
11:41:57,8,13,-210
11:41:57,7,11,-209
11:41:57,8,10,-209
11:41:57,12,12,-207
11:41:57,10,11,-209
11:41:57,10,11,-210
11:41:58,9,11,-209
11:41:58,7,13,-212
11:41:58,10,12,-211
11:41:58,9,13,-211
11:41:58,10,12,-208
11:41:58,10,12,-211
11:41:58,8,14,-212
11:41:58,10,13,-211
11:41:58,9,13,-209
11:41:58,11,15,-206
11:41:58,12,15,-210
11:41:58,10,13,-206
11:41:58,10,14,-208
11:41:58,8,15,-211
11:41:58,11,14,-210
11:41:58,10,12,-209
11:41:58,9,15,-208
11:41:58,10,12,-212
11:41:58,9,11,-209
11:41:58,10,10,-209
11:41:59,8,13,-210
11:41:59,10,11,-208
11:41:59,9,12,-211
11:41:59,10,12,-208
11:41:59,10,12,-210
11:41:59,10,13,-212
11:41:59,9,12,-210
11:41:59,10,13,-210
11:41:59,8,12,-209
11:41:59,9,16,-209
11:41:59,9,12,-209
11:41:59,8,9,-212
11:41:59,9,13,-209
11:41:59,9,14,-209
11:41:59,8,15,-209
11:41:59,11,13,-210
11:41:59,10,11,-208
11:41:59,10,11,-206
11:41:59,9,12,-210
11:42:00,10,13,-209
11:42:00,8,14,-210
11:42:00,9,13,-209
11:42:00,8,12,-212
11:42:00,9,12,-211
11:42:00,9,14,-212
11:42:00,9,14,-210
11:42:00,8,15,-210
11:42:00,9,13,-207
11:42:00,8,13,-211
11:42:00,8,12,-210
11:42:00,10,13,-210
11:42:00,9,13,-210
11:42:00,8,13,-211
11:42:00,10,14,-210
11:42:00,9,11,-207
11:42:00,10,14,-209
11:42:00,8,13,-208
11:42:00,9,13,-209
11:42:00,9,16,-205
11:42:01,11,14,-207
11:42:01,11,14,-207
11:42:01,9,14,-208
11:42:01,9,13,-211
11:42:01,9,13,-209
11:42:01,9,13,-208
11:42:01,9,15,-210
11:42:01,10,14,-212
11:42:01,8,14,-212
11:42:01,9,13,-211
11:42:01,10,12,-209
11:42:01,10,14,-207
11:42:01,8,13,-207
11:42:01,10,14,-208
11:42:01,9,13,-211
11:42:01,9,13,-209
11:42:01,8,11,-208
11:42:01,9,14,-209
11:42:01,9,13,-207
11:42:01,9,16,-209
11:42:02,8,12,-207
11:42:02,10,13,-211
11:42:02,10,13,-209
11:42:02,8,13,-206
11:42:02,9,12,-208
11:42:02,8,15,-211
11:42:02,10,15,-208
11:42:02,9,12,-208
11:42:02,9,14,-209
11:42:02,10,15,-209
11:42:02,9,12,-212
11:42:02,9,12,-209
11:42:02,9,12,-211
11:42:02,8,12,-211
11:42:02,7,13,-212
11:42:02,9,13,-213
11:42:02,9,12,-208
11:42:02,10,11,-211
11:42:02,9,13,-210
11:42:02,8,15,-208
11:42:03,9,13,-212
11:42:03,9,11,-209
11:42:03,10,12,-209
11:42:03,9,13,-208
11:42:03,10,13,-209
11:42:03,11,12,-210
11:42:03,9,13,-208
11:42:03,11,11,-209
11:42:03,9,12,-206
11:42:03,9,12,-208
11:42:03,8,14,-208
11:42:03,10,12,-209
11:42:03,10,12,-210
11:42:03,10,14,-210
11:42:03,10,10,-212
11:42:03,9,12,-210
11:42:03,10,10,-208
11:42:03,7,10,-207
11:42:03,9,13,-209
11:42:04,10,11,-211
11:42:04,8,12,-209
11:42:04,10,11,-209
11:42:04,9,14,-211
11:42:04,11,11,-206
11:42:04,9,12,-207
11:42:04,9,12,-209
11:42:04,10,12,-208
11:42:04,10,12,-209
11:42:04,11,15,-209
11:42:04,9,11,-211
11:42:04,8,16,-208
11:42:04,8,12,-211
11:42:04,9,15,-205
11:42:04,9,14,-210
11:42:04,10,15,-207
11:42:04,11,11,-210
11:42:04,9,13,-208
11:42:04,9,13,-208
11:42:04,9,13,-208
11:42:05,8,14,-210
11:42:05,9,10,-209
11:42:05,8,12,-209
11:42:05,9,12,-210
11:42:05,9,14,-211
11:42:05,8,13,-211
11:42:05,8,11,-210
11:42:05,9,15,-211
11:42:05,10,12,-211
11:42:05,9,11,-208
11:42:05,8,10,-209
11:42:05,10,14,-211
11:42:05,9,13,-210
11:42:05,8,14,-211
11:42:05,9,13,-211
11:42:05,10,13,-209
11:42:05,9,16,-212
11:42:05,12,14,-213
11:42:05,9,13,-210
11:42:05,10,11,-205
11:42:06,10,14,-210
11:42:06,9,14,-209
11:42:06,9,15,-209
11:42:06,9,10,-208
11:42:06,9,15,-211
11:42:06,10,11,-211
11:42:06,8,15,-213
11:42:06,9,13,-211
11:42:06,8,11,-210
11:42:06,8,13,-210
11:42:06,8,13,-210
11:42:06,8,12,-211
11:42:06,8,13,-211
11:42:06,9,12,-212
11:42:06,8,15,-209
11:42:06,8,13,-210
11:42:06,10,13,-211
11:42:06,11,14,-210
11:42:06,8,15,-209
11:42:06,7,13,-210
11:42:07,8,15,-209
11:42:07,10,12,-211
11:42:07,12,13,-208
11:42:07,9,12,-207
11:42:07,10,15,-210
11:42:07,9,12,-211
11:42:07,9,15,-210
11:42:07,10,11,-210
11:42:07,9,12,-209
11:42:07,8,12,-209
11:42:07,9,13,-210
11:42:07,9,13,-211
11:42:07,11,12,-209
11:42:07,9,14,-210
11:42:07,10,11,-212
11:42:07,9,13,-209
11:42:07,10,10,-206
11:42:07,9,13,-209
11:42:07,9,13,-206
11:42:08,10,11,-211
11:42:08,9,11,-209
11:42:08,8,11,-211
11:42:08,10,13,-210
11:42:08,10,15,-209
11:42:08,8,13,-208
11:42:08,9,12,-211
11:42:08,11,15,-210
11:42:08,10,13,-208
11:42:08,10,13,-206
11:42:08,10,16,-208
11:42:08,9,10,-208
11:42:08,11,11,-208
11:42:08,9,12,-211
11:42:08,11,13,-213
11:42:08,10,13,-210
11:42:08,8,14,-208
11:42:08,9,14,-211
11:42:08,8,15,-209
11:42:08,10,11,-212
11:42:09,11,12,-207
11:42:09,7,10,-209
11:42:09,11,12,-210
11:42:09,9,12,-208
11:42:09,8,13,-210
11:42:09,10,12,-210
11:42:09,10,12,-209
11:42:09,9,12,-212
11:42:09,9,13,-207
11:42:09,10,14,-207
11:42:09,10,14,-205
11:42:09,10,12,-210
11:42:09,10,13,-210
11:42:09,10,11,-206
11:42:09,11,11,-211
11:42:09,9,14,-211
11:42:09,10,13,-210
11:42:09,9,11,-212
11:42:09,10,10,-209
11:42:09,10,13,-210
11:42:10,10,12,-212
11:42:10,10,13,-210
11:42:10,9,12,-211
11:42:10,8,12,-209
11:42:10,10,12,-211
11:42:10,9,11,-208
11:42:10,8,12,-211
11:42:10,9,14,-210
11:42:10,8,11,-207
11:42:10,12,12,-211
11:42:10,11,12,-210
11:42:10,11,14,-208
11:42:10,10,11,-210
11:42:10,9,14,-209
11:42:10,11,14,-208
11:42:10,11,10,-208
11:42:10,11,14,-210
11:42:10,10,14,-206
11:42:10,10,13,-211
11:42:10,8,15,-210
11:42:11,10,14,-209
11:42:11,9,12,-211
11:42:11,8,12,-210
11:42:11,9,10,-211
11:42:11,11,12,-210
11:42:11,8,12,-210
11:42:11,8,11,-209
11:42:11,9,11,-208
11:42:11,7,15,-212
11:42:11,10,12,-209
11:42:11,8,15,-211
11:42:11,9,12,-207
11:42:11,8,16,-210
11:42:11,10,14,-209
11:42:11,8,13,-208
11:42:11,9,10,-208
11:42:11,9,14,-205
11:42:11,9,13,-209
11:42:11,9,14,-207
11:42:12,11,14,-210
11:42:12,10,14,-209
11:42:12,10,13,-210
11:42:12,9,13,-209
11:42:12,9,13,-213
11:42:12,10,13,-212
11:42:12,9,13,-210
11:42:12,8,10,-215
11:42:12,8,12,-211
11:42:12,8,12,-211
11:42:12,9,9,-209
11:42:12,8,11,-205
11:42:12,8,12,-210
11:42:12,8,12,-209
11:42:12,9,13,-210
11:42:12,10,14,-208
11:42:12,9,14,-209
11:42:12,10,11,-211
11:42:12,9,13,-209
11:42:12,10,12,-209
11:42:13,9,13,-206
11:42:13,9,13,-208
11:42:13,10,15,-206
11:42:13,9,11,-208
11:42:13,11,12,-209
11:42:13,10,12,-210
11:42:13,10,13,-210
11:42:13,8,12,-210
11:42:13,9,12,-209
11:42:13,8,12,-212
11:42:13,9,10,-210
11:42:13,10,12,-208
11:42:13,9,13,-208
11:42:13,9,12,-210
11:42:13,9,10,-209
11:42:13,10,15,-208
11:42:13,9,15,-208
11:42:13,9,13,-209
11:42:13,9,13,-212
11:42:13,9,15,-208
11:42:14,9,12,-208
11:42:14,9,13,-210
11:42:14,9,14,-210
11:42:14,11,12,-209
11:42:14,11,16,-209
11:42:14,10,13,-208
11:42:14,10,12,-210
11:42:14,10,15,-209
11:42:14,10,13,-211
11:42:14,9,13,-210
11:42:14,9,12,-208
11:42:14,9,12,-210
11:42:14,9,12,-207
11:42:14,9,11,-208
11:42:14,9,13,-209
11:42:14,9,12,-213
11:42:14,8,13,-210
11:42:14,9,11,-208
11:42:14,11,12,-210
11:42:14,9,12,-211
11:42:15,8,11,-209
11:42:15,9,13,-209
11:42:15,10,11,-209
11:42:15,9,13,-208
11:42:15,10,12,-209
11:42:15,9,13,-208
11:42:15,10,13,-211
11:42:15,10,13,-206
11:42:15,10,11,-208
11:42:15,9,12,-212
11:42:15,10,13,-209
11:42:15,11,12,-211
11:42:15,9,14,-207
11:42:15,8,12,-210
11:42:15,9,12,-209
11:42:15,9,12,-208
11:42:15,7,13,-213
11:42:15,8,12,-209
11:42:15,8,9,-210
11:42:16,9,12,-210
11:42:16,10,13,-208
11:42:16,10,12,-212
11:42:16,9,12,-210
11:42:16,10,14,-208
11:42:16,8,13,-207
11:42:16,10,10,-208
11:42:16,10,13,-209
11:42:16,8,13,-206
11:42:16,11,13,-211
11:42:16,12,13,-209
11:42:16,11,14,-209
11:42:16,10,14,-211
11:42:16,11,13,-207
11:42:16,10,11,-211
11:42:16,10,13,-209
11:42:16,11,12,-211
11:42:16,9,12,-207
11:42:16,10,12,-210
11:42:16,9,13,-210
11:42:17,9,13,-211
11:42:17,9,14,-209
11:42:17,7,13,-210
11:42:17,10,12,-208
11:42:17,9,12,-209
11:42:17,10,13,-209
11:42:17,9,10,-209
11:42:17,9,14,-209
11:42:17,9,15,-209
11:42:17,8,14,-209
11:42:17,8,14,-209
11:42:17,10,12,-212
11:42:17,11,11,-207
11:42:17,9,14,-210
11:42:17,10,13,-207
11:42:17,10,14,-211
11:42:17,8,14,-207
11:42:17,9,12,-209
11:42:17,10,10,-209
11:42:17,8,11,-210
11:42:18,8,13,-210
11:42:18,9,10,-211
11:42:18,8,14,-210
11:42:18,10,11,-211
11:42:18,8,14,-210
11:42:18,10,14,-210
11:42:18,11,11,-208
11:42:18,8,15,-209
11:42:18,9,13,-210
11:42:18,9,13,-211
11:42:18,8,12,-205
11:42:18,8,10,-207
11:42:18,10,14,-208
11:42:18,11,14,-208
11:42:18,10,13,-208
11:42:18,10,15,-209
11:42:18,9,12,-208
11:42:18,9,12,-212
11:42:18,10,13,-211
11:42:18,10,14,-211
11:42:19,9,13,-211
11:42:19,10,12,-213
11:42:19,8,13,-209
11:42:19,9,13,-211
11:42:19,10,12,-210
11:42:19,8,13,-212
11:42:19,7,12,-213
11:42:19,9,13,-210
11:42:19,10,15,-212
11:42:19,8,13,-209
11:42:19,9,13,-209
11:42:19,9,12,-210
11:42:19,9,12,-210
11:42:19,10,12,-208
11:42:19,10,12,-208
11:42:19,8,16,-208
11:42:19,10,15,-211
11:42:19,9,14,-205
11:42:19,10,14,-210
11:42:20,9,15,-209
11:42:20,9,14,-211
11:42:20,8,12,-209
11:42:20,9,11,-209
11:42:20,10,13,-211
11:42:20,9,13,-206
11:42:20,10,13,-210
11:42:20,9,11,-211
11:42:20,9,12,-208
11:42:20,10,13,-210
11:42:20,9,12,-211
11:42:20,9,14,-212
11:42:20,8,14,-208
11:42:20,10,12,-211
11:42:20,8,14,-209
11:42:20,7,11,-207
11:42:20,8,12,-210
11:42:20,10,13,-209
11:42:20,10,11,-209
11:42:20,9,13,-210
11:42:21,10,13,-208
11:42:21,9,12,-212
11:42:21,10,14,-208
11:42:21,9,13,-212
11:42:21,9,13,-210
11:42:21,9,14,-211
11:42:21,9,13,-212
11:42:21,8,12,-210
11:42:21,8,11,-212
11:42:21,9,12,-208
11:42:21,9,12,-209
11:42:21,8,14,-208
11:42:21,10,9,-207
11:42:21,8,13,-211
11:42:21,8,15,-209
11:42:21,9,14,-209
11:42:21,8,14,-212
11:42:21,10,12,-210
11:42:21,8,16,-211
11:42:21,9,15,-208
11:42:22,10,14,-208
11:42:22,9,14,-208
11:42:22,9,10,-207
11:42:22,10,13,-211
11:42:22,9,11,-210
11:42:22,9,15,-209
11:42:22,8,11,-212
11:42:22,9,12,-211
11:42:22,9,13,-208
11:42:22,10,12,-211
11:42:22,9,10,-209
11:42:22,9,13,-211
11:42:22,8,15,-211
11:42:22,9,12,-209
11:42:22,6,14,-209
11:42:22,9,10,-208
11:42:22,9,12,-209
11:42:22,9,13,-208
11:42:22,8,13,-212
11:42:23,9,10,-209
11:42:23,8,14,-211
11:42:23,9,13,-209
11:42:23,10,12,-209
11:42:23,9,14,-211
11:42:23,10,14,-208
11:42:23,9,14,-210
11:42:23,8,14,-209
11:42:23,9,13,-210
11:42:23,10,13,-210
11:42:23,10,13,-210
11:42:23,9,14,-209
11:42:23,8,12,-210
11:42:23,9,11,-212
11:42:23,9,14,-212
11:42:23,8,13,-207
11:42:23,9,14,-210
11:42:23,8,14,-210
11:42:23,10,12,-208
11:42:23,9,13,-211
11:42:24,11,13,-209
11:42:24,9,13,-211
11:42:24,11,10,-208
11:42:24,9,10,-209
11:42:24,11,10,-208
11:42:24,8,12,-207
11:42:24,9,13,-209
11:42:24,9,12,-209
11:42:24,10,12,-210
11:42:24,10,15,-208
11:42:24,8,12,-208
11:42:24,9,12,-210
11:42:24,10,12,-211
11:42:24,9,10,-211
11:42:24,9,13,-212
11:42:24,10,12,-208
11:42:24,9,16,-207
11:42:24,9,13,-207
11:42:24,8,13,-207
11:42:24,9,15,-211
11:42:25,10,12,-208
11:42:25,10,11,-210
11:42:25,9,11,-210
11:42:25,9,15,-209
11:42:25,10,12,-211
11:42:25,9,16,-207
11:42:25,9,12,-210
11:42:25,9,13,-208
11:42:25,9,13,-204
11:42:25,10,13,-206
11:42:25,9,12,-210
11:42:25,10,12,-209
11:42:25,12,13,-208
11:42:25,8,13,-210
11:42:25,10,11,-210
11:42:25,11,11,-209
11:42:25,8,12,-211
11:42:25,8,14,-207
11:42:25,9,12,-210
11:42:25,8,12,-207
11:42:26,9,12,-205
11:42:26,9,12,-208
11:42:26,10,12,-211
11:42:26,12,11,-207
11:42:26,10,11,-210
11:42:26,9,12,-210
11:42:26,10,10,-212
11:42:26,10,15,-211
11:42:26,9,14,-207
11:42:26,11,13,-210
11:42:26,10,11,-210
11:42:26,10,14,-209
11:42:26,10,10,-209
11:42:26,10,15,-210
11:42:26,8,12,-208
11:42:26,9,14,-214
11:42:26,9,13,-209
11:42:26,9,12,-212
11:42:26,9,11,-210
11:42:27,8,13,-213
11:42:27,9,13,-208
11:42:27,9,9,-209
11:42:27,11,10,-211
11:42:27,9,14,-210
11:42:27,8,11,-209
11:42:27,10,13,-210
11:42:27,9,13,-210
11:42:27,10,13,-208
11:42:27,10,14,-207
11:42:27,9,11,-209
11:42:27,10,12,-209
11:42:27,10,14,-209
11:42:27,10,15,-207
11:42:27,9,15,-207
11:42:27,9,12,-209
11:42:27,11,14,-210
11:42:27,11,12,-209
11:42:27,8,11,-210
11:42:27,9,10,-210
11:42:28,9,13,-209
11:42:28,11,12,-212
11:42:28,7,13,-210
11:42:28,8,13,-209
11:42:28,9,13,-210
11:42:28,8,14,-210
11:42:28,8,11,-212
11:42:28,9,10,-206
11:42:28,11,12,-209
11:42:28,11,13,-210
11:42:28,11,12,-209
11:42:28,10,13,-210
11:42:28,9,13,-210
11:42:28,8,14,-212
11:42:28,9,15,-209
11:42:28,10,13,-210
11:42:28,10,13,-210
11:42:28,8,14,-210
11:42:28,8,15,-208
11:42:28,10,14,-212
11:42:29,8,12,-212
11:42:29,9,12,-209
11:42:29,8,14,-209
11:42:29,9,13,-210
11:42:29,9,12,-210
11:42:29,10,12,-208
11:42:29,9,14,-213
11:42:29,8,14,-212
11:42:29,8,13,-210
11:42:29,8,13,-210
11:42:29,9,11,-213
11:42:29,10,13,-210
11:42:29,9,13,-209
11:42:29,10,11,-211
11:42:29,8,12,-209
11:42:29,9,13,-211
11:42:29,9,12,-209
11:42:29,10,12,-210
11:42:29,10,15,-212
11:42:29,8,15,-208
11:42:30,10,13,-208
11:42:30,10,15,-207
11:42:30,9,15,-212
11:42:30,7,11,-212
11:42:30,8,15,-210
11:42:30,9,11,-211
11:42:30,10,11,-211
11:42:30,8,12,-212
11:42:30,8,11,-209
11:42:30,8,14,-212
11:42:30,10,13,-208
11:42:30,8,14,-210
11:42:30,9,13,-208
11:42:30,8,13,-207
11:42:30,8,12,-209
11:42:30,10,12,-211
11:42:30,8,12,-207
11:42:30,9,12,-209
11:42:30,10,12,-209
11:42:31,10,14,-210
11:42:31,10,13,-207
11:42:31,8,15,-210
11:42:31,10,14,-210
11:42:31,9,13,-209
11:42:31,8,16,-211
11:42:31,9,13,-209
11:42:31,8,12,-208
11:42:31,8,11,-214
11:42:31,9,13,-209
11:42:31,9,13,-211
11:42:31,9,13,-213
11:42:31,9,13,-207
11:42:31,9,15,-209
11:42:31,8,16,-209
11:42:31,9,12,-211
11:42:31,8,12,-211
11:42:31,9,11,-207
11:42:31,9,12,-209
11:42:31,10,13,-207
11:42:32,11,12,-209
11:42:32,10,12,-212
11:42:32,11,14,-207
11:42:32,10,12,-209
11:42:32,9,11,-208
11:42:32,7,14,-210
11:42:32,8,13,-211
11:42:32,8,12,-208
11:42:32,8,10,-210
11:42:32,9,11,-211
11:42:32,10,13,-208
11:42:32,9,12,-213
11:42:32,9,12,-211
11:42:32,9,13,-207
11:42:32,8,13,-209
11:42:32,8,15,-210
11:42:32,7,12,-209
11:42:32,9,14,-207
11:42:32,10,13,-211
11:42:32,9,12,-208
11:42:33,9,12,-208
11:42:33,7,11,-209
11:42:33,10,13,-207
11:42:33,10,14,-209
11:42:33,9,13,-206
11:42:33,10,12,-207
11:42:33,12,15,-211
11:42:33,10,14,-209
11:42:33,10,13,-209
11:42:33,9,14,-208
11:42:33,9,11,-210
11:42:33,10,10,-210
11:42:33,10,12,-211
11:42:33,8,13,-210
11:42:33,8,10,-210
11:42:33,9,11,-210
11:42:33,9,13,-208
11:42:33,9,13,-210
11:42:33,9,12,-208
11:42:33,11,13,-208
11:42:34,10,12,-208
11:42:34,9,12,-213
11:42:34,9,12,-207
11:42:34,9,15,-209
11:42:34,9,14,-212
11:42:34,10,13,-208
11:42:34,11,15,-210
11:42:34,11,14,-209
11:42:34,11,15,-211
11:42:34,12,12,-211
11:42:34,9,12,-211
11:42:34,10,10,-211
11:42:34,9,11,-211
11:42:34,10,13,-211
11:42:34,10,12,-213
11:42:34,10,13,-210
11:42:34,9,11,-212
11:42:34,9,14,-209
11:42:34,10,12,-212
11:42:35,8,12,-210
11:42:35,9,10,-209
11:42:35,9,12,-209
11:42:35,7,13,-208
11:42:35,10,13,-211
11:42:35,10,14,-212
11:42:35,9,13,-206
11:42:35,10,10,-209
11:42:35,9,12,-209
11:42:35,10,14,-207
11:42:35,10,12,-210
11:42:35,11,12,-208
11:42:35,9,14,-207
11:42:35,9,16,-208
11:42:35,10,12,-211
11:42:35,9,14,-211
11:42:35,8,12,-210
11:42:35,8,14,-211
11:42:35,8,10,-208
11:42:35,8,11,-210
11:42:36,8,12,-211
11:42:36,8,11,-209
11:42:36,10,13,-212
11:42:36,9,12,-209
11:42:36,10,13,-206
11:42:36,10,13,-208
11:42:36,11,14,-209
11:42:36,8,14,-209
11:42:36,10,12,-209
11:42:36,11,12,-209
11:42:36,10,11,-210
11:42:36,11,8,-206
11:42:36,9,13,-208
11:42:36,12,12,-209
11:42:36,8,16,-207
11:42:36,11,13,-211
11:42:36,9,12,-208
11:42:36,11,13,-210
11:42:36,10,14,-209
11:42:36,9,11,-211
11:42:37,8,12,-214
11:42:37,10,11,-212
11:42:37,10,11,-211
11:42:37,9,12,-209
11:42:37,10,11,-211
11:42:37,9,14,-215
11:42:37,10,15,-211
11:42:37,9,12,-209
11:42:37,11,12,-207
11:42:37,8,14,-210
11:42:37,8,13,-208
11:42:37,10,14,-210
11:42:37,9,12,-208
11:42:37,10,13,-207
11:42:37,8,13,-209
11:42:37,11,13,-211
11:42:37,9,12,-208
11:42:37,9,13,-210
11:42:37,8,16,-207
11:42:37,10,13,-212
11:42:38,9,13,-211
11:42:38,8,12,-211
11:42:38,7,13,-212
11:42:38,7,14,-210
11:42:38,9,12,-212
11:42:38,8,15,-210
11:42:38,9,13,-209
11:42:38,10,14,-209
11:42:38,8,13,-208
11:42:38,9,12,-210
11:42:38,9,14,-211
11:42:38,9,10,-209
11:42:38,8,12,-210
11:42:38,8,14,-206
11:42:38,10,14,-211
11:42:38,10,14,-208
11:42:38,10,12,-211
11:42:38,9,16,-210
11:42:38,11,14,-209
11:42:39,10,12,-208
11:42:39,8,14,-208
11:42:39,8,14,-211
11:42:39,8,12,-212
11:42:39,9,13,-210
11:42:39,7,12,-212
11:42:39,8,12,-212
11:42:39,7,13,-208
11:42:39,9,13,-207
11:42:39,10,13,-212
11:42:39,8,11,-208
11:42:39,8,14,-212
11:42:39,8,13,-207
11:42:39,10,15,-208
11:42:39,9,13,-209
11:42:39,8,13,-209
11:42:39,8,15,-209
11:42:39,10,14,-212
11:42:39,10,13,-208
11:42:39,11,14,-209
11:42:40,11,15,-207
11:42:40,9,13,-211
11:42:40,9,11,-209
11:42:40,9,12,-209
11:42:40,9,14,-210
11:42:40,7,14,-209
11:42:40,11,10,-210
11:42:40,9,13,-211
11:42:40,9,12,-207
11:42:40,10,11,-212
11:42:40,9,14,-208
11:42:40,8,12,-210
11:42:40,11,14,-208
11:42:40,11,12,-208
11:42:40,9,13,-208
11:42:40,10,14,-209
11:42:40,9,14,-210
11:42:40,7,15,-209
11:42:40,9,13,-208
11:42:40,9,13,-210
11:42:41,9,12,-210
11:42:41,9,14,-207
11:42:41,11,12,-210
11:42:41,10,13,-209
11:42:41,11,14,-209
11:42:41,9,13,-210
11:42:41,12,12,-211
11:42:41,8,13,-210
11:42:41,8,13,-212
11:42:41,8,11,-210
11:42:41,10,11,-209
11:42:41,8,13,-210
11:42:41,9,12,-208
11:42:41,8,13,-210
11:42:41,11,12,-210
11:42:41,9,13,-211
11:42:41,10,13,-212
11:42:41,10,12,-208
11:42:41,10,11,-210
11:42:41,11,12,-208
11:42:42,10,11,-210
11:42:42,9,15,-206
11:42:42,10,12,-209
11:42:42,10,11,-212
11:42:42,9,13,-207
11:42:42,10,13,-208
11:42:42,9,14,-207
11:42:42,9,11,-210
11:42:42,10,12,-211
11:42:42,10,13,-209
11:42:42,9,13,-212
11:42:42,9,13,-207
11:42:42,10,11,-211
11:42:42,9,11,-211
11:42:42,10,11,-210
11:42:42,10,11,-212
11:42:42,10,11,-211
11:42:42,8,12,-210
11:42:42,9,12,-212
11:42:43,9,14,-209
11:42:43,10,14,-210
11:42:43,11,12,-211
11:42:43,10,13,-209
11:42:43,9,13,-209
11:42:43,10,14,-209
11:42:43,10,12,-209
11:42:43,8,14,-207
11:42:43,12,11,-208
11:42:43,11,14,-208
11:42:43,11,15,-209
11:42:43,9,12,-209
11:42:43,8,14,-212
11:42:43,11,11,-209
11:42:43,11,12,-210
11:42:43,9,9,-211
11:42:43,10,14,-211
11:42:43,9,12,-211
11:42:43,9,12,-213
11:42:43,11,11,-208
11:42:44,9,12,-206
11:42:44,10,13,-208
11:42:44,8,16,-209
11:42:44,8,13,-208
11:42:44,10,14,-208
11:42:44,10,10,-208
11:42:44,10,11,-208
11:42:44,9,14,-207
11:42:44,8,13,-208
11:42:44,9,15,-206
11:42:44,9,11,-209
11:42:44,11,16,-206
11:42:44,10,13,-210
11:42:44,10,14,-211
11:42:44,9,11,-207
11:42:44,11,10,-209
11:42:44,9,11,-210
11:42:44,9,13,-212
11:42:44,7,12,-213
11:42:44,8,14,-208
11:42:45,9,11,-209
11:42:45,9,13,-210
11:42:45,10,13,-209
11:42:45,9,13,-208
11:42:45,8,13,-208
11:42:45,8,12,-214
11:42:45,11,11,-211
11:42:45,9,14,-210
11:42:45,9,11,-210
11:42:45,9,11,-210
11:42:45,11,13,-210
11:42:45,10,12,-208
11:42:45,10,12,-209
11:42:45,11,14,-211
11:42:45,11,10,-208
11:42:45,10,12,-208
11:42:45,9,13,-208
11:42:45,9,14,-210
11:42:45,8,12,-210
11:42:45,7,14,-209
11:42:46,9,11,-210
11:42:46,8,11,-210
11:42:46,9,14,-208
11:42:46,10,11,-209
11:42:46,10,13,-211
11:42:46,9,12,-213
11:42:46,9,10,-210
11:42:46,10,12,-210
11:42:46,8,10,-208
11:42:46,10,13,-211
11:42:46,10,13,-207
11:42:46,9,13,-210
11:42:46,8,14,-208
11:42:46,11,12,-209
11:42:46,8,13,-208
11:42:46,9,12,-206
11:42:46,9,12,-207
11:42:46,10,13,-211
11:42:46,9,12,-210
11:42:47,7,13,-209
11:42:47,9,11,-210
11:42:47,9,13,-212
11:42:47,7,14,-210
11:42:47,8,13,-211
11:42:47,9,13,-211
11:42:47,8,12,-210
11:42:47,8,13,-207
11:42:47,10,12,-214
11:42:47,8,11,-212
11:42:47,8,11,-210
11:42:47,8,14,-210
11:42:47,9,14,-211
11:42:47,10,13,-213
11:42:47,8,12,-210
11:42:47,9,13,-209
11:42:47,9,13,-204
11:42:47,10,13,-210
11:42:47,10,14,-209
11:42:47,9,14,-209
11:42:48,9,14,-210
11:42:48,11,12,-211
11:42:48,10,12,-210
11:42:48,8,13,-207
11:42:48,8,12,-210
11:42:48,8,13,-209
11:42:48,9,13,-210
11:42:48,8,11,-209
11:42:48,9,12,-210
11:42:48,7,13,-212
11:42:48,9,12,-208
11:42:48,9,15,-210
11:42:48,8,12,-208
11:42:48,10,13,-216
11:42:48,11,14,-210
11:42:48,9,16,-211
11:42:48,8,13,-213
11:42:48,8,13,-211
11:42:48,8,14,-210
11:42:48,8,14,-212
11:42:49,10,14,-207
11:42:49,10,14,-213
11:42:49,10,15,-205
11:42:49,11,13,-209
11:42:49,10,13,-209
11:42:49,10,12,-208
11:42:49,10,14,-211
11:42:49,8,10,-209
11:42:49,9,12,-210
11:42:49,10,11,-211
11:42:49,8,14,-206
11:42:49,11,12,-211
11:42:49,8,14,-210
11:42:49,9,13,-211
11:42:49,11,13,-210
11:42:49,9,13,-209
11:42:49,8,13,-211
11:42:49,9,11,-210
11:42:49,7,13,-209
11:42:50,10,11,-211
11:42:50,10,10,-208
11:42:50,9,12,-211
11:42:50,10,14,-207
11:42:50,9,13,-207
11:42:50,11,13,-214
11:42:50,10,13,-208
11:42:50,10,14,-211
11:42:50,8,13,-208
11:42:50,9,11,-207
11:42:50,9,11,-210
11:42:50,9,15,-209
11:42:50,10,14,-208
11:42:50,8,13,-209
11:42:50,8,10,-212
11:42:50,10,12,-210
11:42:50,13,15,-210
11:42:50,10,12,-211
11:42:50,9,12,-210
11:42:50,10,12,-208
11:42:51,10,10,-208
11:42:51,8,12,-213
11:42:51,9,13,-209
11:42:51,11,12,-211
11:42:51,9,13,-208
11:42:51,9,13,-211
11:42:51,11,11,-208
11:42:51,11,17,-207
11:42:51,9,15,-207
11:42:51,8,13,-208
11:42:51,11,13,-208
11:42:51,8,11,-208
11:42:51,10,11,-211
11:42:51,9,12,-211
11:42:51,9,13,-208
11:42:51,7,12,-211
11:42:51,10,13,-211
11:42:51,9,12,-209
11:42:51,9,13,-209
11:42:51,8,11,-211
11:42:52,9,13,-209
11:42:52,9,12,-211
11:42:52,10,11,-209
11:42:52,9,14,-207
11:42:52,8,12,-208
11:42:52,9,11,-209
11:42:52,9,11,-210
11:42:52,10,14,-211
11:42:52,10,12,-208
11:42:52,8,13,-210
11:42:52,9,14,-208
11:42:52,10,15,-211
11:42:52,9,12,-210
11:42:52,10,16,-210
11:42:52,10,14,-207
11:42:52,11,13,-208
11:42:52,9,11,-206
11:42:52,9,12,-214
11:42:52,8,13,-212
11:42:52,9,13,-211
11:42:53,9,13,-210
11:42:53,9,14,-210
11:42:53,9,12,-209
11:42:53,10,12,-209
11:42:53,8,14,-208
11:42:53,9,15,-208
11:42:53,9,13,-211
11:42:53,9,15,-211
11:42:53,9,15,-211
11:42:53,8,13,-207
11:42:53,10,13,-207
11:42:53,9,12,-208
11:42:53,9,11,-209
11:42:53,7,14,-210
11:42:53,10,12,-210
11:42:53,10,12,-210
11:42:53,9,13,-211
11:42:53,10,12,-212
11:42:53,9,11,-211
11:42:54,9,11,-209
11:42:54,10,13,-210
11:42:54,9,10,-211
11:42:54,10,12,-210
11:42:54,10,13,-211
11:42:54,8,13,-208
11:42:54,10,13,-212
11:42:54,9,13,-209
11:42:54,10,16,-213
11:42:54,10,10,-212
11:42:54,10,13,-213
11:42:54,9,12,-212
11:42:54,9,13,-210
11:42:54,9,14,-209
11:42:54,10,14,-210
11:42:54,10,12,-208
11:42:54,9,13,-208
11:42:54,8,14,-208
11:42:54,9,14,-209
11:42:54,9,12,-209
11:42:55,8,14,-208
11:42:55,8,13,-212
11:42:55,7,12,-210
11:42:55,7,12,-212
11:42:55,8,13,-212
11:42:55,8,12,-211
11:42:55,9,13,-213
11:42:55,9,14,-210
11:42:55,9,12,-210
11:42:55,10,14,-211
11:42:55,10,13,-208
11:42:55,8,13,-210
11:42:55,9,12,-207
11:42:55,8,13,-208
11:42:55,7,13,-211
11:42:55,9,13,-208
11:42:55,8,14,-209
11:42:55,11,12,-212
11:42:55,10,13,-206
11:42:55,9,14,-207
11:42:56,10,15,-210
11:42:56,9,14,-211
11:42:56,10,14,-210
11:42:56,9,15,-209
11:42:56,9,12,-211
11:42:56,8,11,-208
11:42:56,9,12,-213
11:42:56,8,11,-210
11:42:56,9,14,-211
11:42:56,10,13,-211
11:42:56,10,10,-209
11:42:56,9,10,-212
11:42:56,9,13,-206
11:42:56,9,12,-209
11:42:56,9,12,-212
11:42:56,9,11,-209
11:42:56,9,11,-209
11:42:56,9,12,-209
11:42:56,10,13,-210
11:42:56,11,14,-208
11:42:57,10,14,-208
11:42:57,10,12,-209
11:42:57,10,15,-209
11:42:57,10,14,-207
11:42:57,10,13,-208
11:42:57,9,12,-211
11:42:57,9,14,-210
11:42:57,9,13,-210
11:42:57,10,12,-212
11:42:57,8,13,-208
11:42:57,9,11,-210
11:42:57,8,13,-211
11:42:57,9,14,-210
11:42:57,10,12,-210
11:42:57,8,11,-211
11:42:57,9,12,-207
11:42:57,8,14,-211
11:42:57,11,11,-212
11:42:57,8,14,-211
11:42:58,10,12,-210
11:42:58,10,16,-207
11:42:58,9,15,-205
11:42:58,11,14,-210
11:42:58,9,15,-208
11:42:58,12,12,-210
11:42:58,9,15,-211
11:42:58,9,13,-206
11:42:58,11,12,-210
11:42:58,10,12,-207
11:42:58,8,13,-209
11:42:58,9,12,-210
11:42:58,9,10,-210
11:42:58,10,13,-212
11:42:58,8,13,-208
11:42:58,9,12,-210
11:42:58,9,13,-211
11:42:58,11,12,-208
11:42:58,8,11,-211
11:42:58,10,13,-208
11:42:59,10,14,-209
11:42:59,9,12,-212
11:42:59,9,12,-210
11:42:59,12,13,-210
11:42:59,10,11,-208
11:42:59,8,15,-210
11:42:59,10,13,-209
11:42:59,9,14,-209
11:42:59,10,13,-211
11:42:59,10,11,-208
11:42:59,10,13,-208
11:42:59,10,13,-207
11:42:59,10,12,-209
11:42:59,9,12,-212
11:42:59,9,10,-208
11:42:59,10,10,-212
11:42:59,10,11,-214
11:42:59,9,10,-210
11:42:59,9,13,-209
11:42:59,11,11,-209
11:43:00,7,12,-210
11:43:00,9,13,-207
11:43:00,10,12,-209
11:43:00,8,12,-210
11:43:00,9,10,-213
11:43:00,9,10,-209
11:43:00,9,13,-210
11:43:00,10,12,-208
11:43:00,10,14,-210
11:43:00,9,15,-208
11:43:00,9,11,-207
11:43:00,9,13,-208
11:43:00,11,13,-205
11:43:00,9,13,-209
11:43:00,10,12,-210
11:43:00,9,11,-211
11:43:00,8,10,-210
11:43:00,7,11,-208
11:43:00,10,11,-210
11:43:00,10,12,-210
