10:49:23,14,10,-210
10:49:23,11,22,-211
10:49:23,-2,9,-204
10:49:23,3,7,-208
10:49:23,5,7,-209
10:49:24,8,13,-212
10:49:24,11,26,-213
10:49:24,2,11,-211
10:49:24,3,9,-210
10:49:24,-3,13,-212
10:49:24,10,18,-204
10:49:24,1,10,-209
10:49:24,4,13,-209
10:49:24,7,12,-212
10:49:24,7,13,-209
10:49:24,0,19,-209
10:49:24,4,11,-209
10:49:24,2,6,-204
10:49:24,8,8,-206
10:49:24,9,22,-208
10:49:24,7,13,-213
10:49:24,6,8,-211
10:49:24,12,9,-210
10:49:24,6,21,-209
10:49:24,3,12,-205
10:49:25,0,6,-207
10:49:25,8,13,-210
10:49:25,4,17,-206
10:49:25,-1,19,-208
10:49:25,4,11,-215
10:49:25,6,8,-211
10:49:25,16,18,-212
10:49:25,7,16,-212
10:49:25,4,6,-210
10:49:25,5,16,-213
10:49:25,5,12,-212
10:49:25,5,20,-207
10:49:25,-3,12,-204
10:49:25,0,-2,-208
10:49:25,10,11,-209
10:49:25,7,12,-209
10:49:25,0,18,-214
10:49:25,1,14,-211
10:49:25,4,8,-211
10:49:26,5,10,-209
10:49:26,9,17,-208
10:49:26,0,9,-206
10:49:26,7,8,-206
10:49:26,8,12,-211
10:49:26,8,18,-209
10:49:26,4,20,-207
10:49:26,-1,7,-209
10:49:26,2,12,-207
10:49:26,9,16,-206
10:49:26,12,17,-214
10:49:26,5,12,-211
10:49:26,8,13,-211
10:49:26,6,14,-211
10:49:26,4,20,-205
10:49:26,3,12,-209
10:49:26,3,8,-207
10:49:26,4,7,-211
10:49:26,11,14,-210
10:49:26,2,5,-210
10:49:27,3,9,-211
10:49:27,6,15,-205
10:49:27,9,20,-208
10:49:27,6,18,-206
10:49:27,-4,14,-205
10:49:27,7,16,-217
10:49:27,12,13,-208
10:49:27,2,16,-212
10:49:27,2,15,-208
10:49:27,-1,10,-210
10:49:27,0,1,-205
10:49:27,7,15,-208
10:49:27,5,21,-208
10:49:27,3,15,-207
10:49:27,5,12,-211
10:49:27,2,8,-209
10:49:27,6,18,-206
10:49:27,5,10,-213
10:49:27,1,6,-210
10:49:27,3,7,-211
10:49:28,2,18,-208
10:49:28,6,20,-214
10:49:28,1,10,-210
10:49:28,5,8,-208
10:49:28,6,7,-205
10:49:28,3,11,-203
10:49:28,5,12,-209
10:49:28,13,25,-212
10:49:28,5,21,-209
10:49:28,7,18,-211
10:49:28,1,9,-209
10:49:28,-4,5,-206
10:49:28,4,1,-209
10:49:28,10,15,-211
10:49:28,6,22,-211
10:49:28,7,14,-209
10:49:28,11,16,-212
10:49:28,10,11,-210
10:49:28,13,15,-205
10:49:29,-1,7,-207
10:49:29,2,4,-211
10:49:29,12,9,-215
10:49:29,3,12,-210
10:49:29,-1,14,-210
10:49:29,-1,7,-215
10:49:29,-4,8,-205
10:49:29,12,11,-209
10:49:29,5,20,-210
10:49:29,1,6,-211
10:49:29,8,10,-213
10:49:29,8,11,-210
10:49:29,3,16,-208
10:49:29,3,14,-209
10:49:29,3,6,-205
10:49:29,4,7,-207
10:49:29,3,17,-211
10:49:29,8,27,-210
10:49:29,1,3,-209
10:49:29,3,5,-212
10:49:30,9,8,-204
10:49:30,11,21,-206
10:49:30,3,11,-206
10:49:30,9,15,-208
10:49:30,9,16,-210
10:49:30,10,14,-208
10:49:30,3,16,-209
10:49:30,2,5,-205
10:49:30,1,9,-205
10:49:30,10,14,-210
10:49:30,5,20,-210
10:49:30,5,19,-212
10:49:30,5,13,-209
10:49:30,10,7,-210
10:49:30,11,14,-207
10:49:30,2,8,-208
10:49:30,7,5,-213
10:49:30,0,8,-213
10:49:30,13,20,-206
10:49:30,2,18,-209
10:49:31,1,9,-212
10:49:31,1,9,-209
10:49:31,9,9,-206
10:49:31,9,17,-210
10:49:31,5,8,-210
10:49:31,3,8,-208
10:49:31,8,11,-210
10:49:31,6,21,-210
10:49:31,2,15,-207
10:49:31,2,5,-206
10:49:31,6,9,-206
10:49:31,9,16,-213
10:49:31,8,20,-210
10:49:31,-1,10,-212
10:49:31,4,5,-210
10:49:31,5,7,-210
10:49:31,-3,20,-204
10:49:31,-2,9,-206
10:49:31,1,13,-209
10:49:31,6,16,-216
10:49:32,11,21,-213
10:49:32,3,14,-209
10:49:32,4,8,-210
10:49:32,5,3,-208
10:49:32,8,16,-208
10:49:32,12,24,-210
10:49:32,11,17,-211
10:49:32,4,10,-211
10:49:32,3,11,-208
10:49:32,6,20,-209
10:49:32,-3,11,-203
10:49:32,9,10,-206
10:49:32,4,16,-209
10:49:32,12,14,-210
10:49:32,4,19,-208
10:49:32,6,11,-208
10:49:32,-3,4,-210
10:49:32,12,13,-208
10:49:32,0,10,-206
10:49:33,2,13,-211
10:49:33,6,8,-209
10:49:33,7,11,-213
10:49:33,8,17,-211
10:49:33,-1,15,-209
10:49:33,-3,6,-211
10:49:33,6,10,-206
10:49:33,2,3,-208
10:49:33,1,13,-209
10:49:33,0,10,-210
10:49:33,5,9,-214
10:49:33,9,14,-211
10:49:33,6,18,-210
10:49:33,6,14,-208
10:49:33,0,5,-206
10:49:33,11,12,-214
10:49:33,9,17,-210
10:49:33,8,23,-212
10:49:33,11,12,-214
10:49:33,5,8,-206
10:49:34,8,12,-207
10:49:34,6,20,-201
10:49:34,4,14,-213
10:49:34,4,11,-212
10:49:34,1,13,-209
10:49:34,8,12,-211
10:49:34,-3,9,-207
10:49:34,3,7,-206
10:49:34,2,8,-210
10:49:34,5,18,-208
10:49:34,9,27,-212
10:49:34,0,8,-210
10:49:34,-4,-2,-207
10:49:34,1,3,-207
10:49:34,6,8,-205
10:49:34,3,12,-209
10:49:34,0,10,-212
10:49:34,5,21,-210
10:49:34,11,13,-211
10:49:34,-2,19,-209
10:49:35,2,5,-212
10:49:35,6,9,-207
10:49:35,11,8,-208
10:49:35,6,20,-213
10:49:35,4,13,-208
10:49:35,1,7,-211
10:49:35,7,12,-209
10:49:35,6,17,-204
10:49:35,2,15,-207
10:49:35,4,2,-215
10:49:35,5,9,-208
10:49:35,7,11,-204
10:49:35,-1,18,-211
10:49:35,4,9,-209
10:49:35,6,10,-211
10:49:35,9,13,-209
10:49:35,5,5,-209
10:49:35,3,9,-211
10:49:35,3,9,-211
10:49:36,8,16,-211
10:49:36,0,13,-212
10:49:36,8,16,-208
10:49:36,-5,7,-209
10:49:36,12,11,-205
10:49:36,8,15,-209
10:49:36,5,18,-210
10:49:36,2,18,-206
10:49:36,6,13,-206
10:49:36,-5,8,-207
10:49:36,8,27,-209
10:49:36,-2,8,-205
10:49:36,11,2,-206
10:49:36,6,6,-217
10:49:36,11,10,-209
10:49:36,6,14,-209
10:49:36,-2,9,-208
10:49:36,2,8,-211
10:49:36,8,15,-207
10:49:36,3,9,-206
10:49:37,0,10,-211
10:49:37,9,15,-215
10:49:37,11,18,-211
10:49:37,2,14,-212
10:49:37,-1,15,-208
10:49:37,0,14,-209
10:49:37,5,2,-205
10:49:37,15,17,-206
10:49:37,8,25,-209
10:49:37,6,23,-209
10:49:37,1,8,-208
10:49:37,11,10,-209
10:49:37,5,18,-206
10:49:37,0,4,-209
10:49:37,9,12,-210
10:49:37,10,9,-208
10:49:37,6,16,-215
10:49:37,1,18,-209
10:49:37,4,6,-208
10:49:37,4,8,-207
10:49:38,1,14,-205
10:49:38,12,24,-208
10:49:38,1,6,-210
10:49:38,10,5,-212
10:49:38,8,5,-207
10:49:38,8,17,-211
10:49:38,2,13,-207
10:49:38,4,6,-206
10:49:38,3,8,-211
10:49:38,9,18,-211
10:49:38,5,15,-212
10:49:38,6,10,-212
10:49:38,-1,6,-208
10:49:38,3,5,-207
10:49:38,10,22,-208
10:49:38,0,12,-206
10:49:38,4,14,-212
10:49:38,6,10,-209
10:49:38,11,21,-214
10:49:38,3,13,-211
10:49:39,5,3,-207
10:49:39,-1,1,-208
10:49:39,4,5,-206
10:49:39,8,14,-212
10:49:39,-5,10,-211
10:49:39,5,11,-210
10:49:39,6,15,-211
10:49:39,8,18,-212
10:49:39,3,7,-210
10:49:39,0,-2,-204
10:49:39,3,5,-207
10:49:39,7,16,-208
10:49:39,5,20,-211
10:49:39,3,11,-216
10:49:39,5,2,-211
10:49:39,7,10,-206
10:49:39,5,16,-205
10:49:39,3,12,-205
10:49:39,7,14,-213
10:49:40,7,16,-205
10:49:40,6,8,-209
10:49:40,2,9,-210
10:49:40,10,14,-211
10:49:40,5,11,-208
10:49:40,2,7,-207
10:49:40,9,22,-213
10:49:40,-2,11,-212
10:49:40,1,4,-211
10:49:40,6,14,-211
10:49:40,7,19,-210
10:49:40,3,11,-208
10:49:40,7,12,-212
10:49:40,5,7,-209
10:49:40,5,17,-210
10:49:40,1,19,-207
10:49:40,3,4,-211
10:49:40,0,10,-206
10:49:40,7,6,-202
10:49:40,5,12,-209
10:49:41,6,15,-205
10:49:41,6,9,-213
10:49:41,10,13,-207
10:49:41,3,13,-209
10:49:41,3,15,-211
10:49:41,2,7,-206
10:49:41,-1,1,-208
10:49:41,11,9,-208
10:49:41,0,15,-217
10:49:41,0,12,-211
10:49:41,-2,4,-208
10:49:41,3,4,-210
10:49:41,5,16,-208
10:49:41,10,15,-205
10:49:41,0,0,-208
10:49:41,6,12,-212
10:49:41,8,20,-210
10:49:41,3,18,-207
10:49:41,-2,4,-208
10:49:41,5,8,-209
10:49:42,6,12,-202
10:49:42,5,18,-208
10:49:42,12,18,-211
10:49:42,7,9,-209
10:49:42,9,10,-209
10:49:42,3,16,-205
10:49:42,2,14,-210
10:49:42,3,1,-206
10:49:42,11,14,-210
10:49:42,11,21,-212
10:49:42,1,20,-214
10:49:42,1,9,-208
10:49:42,-2,5,-214
10:49:42,0,8,-208
10:49:42,12,15,-206
10:49:42,1,12,-209
10:49:42,5,4,-216
10:49:42,7,13,-214
10:49:42,13,23,-209
10:49:43,0,14,-211
10:49:43,1,4,-199
10:49:43,4,7,-205
10:49:43,4,15,-217
10:49:43,8,24,-212
10:49:43,7,11,-212
10:49:43,4,10,-208
10:49:43,12,9,-208
10:49:43,9,22,-208
10:49:43,3,16,-202
10:49:43,0,5,-209
10:49:43,-1,9,-208
10:49:43,13,20,-209
10:49:43,5,16,-212
10:49:43,6,9,-213
10:49:43,2,9,-211
10:49:43,5,11,-208
10:49:43,9,22,-204
10:49:43,0,11,-208
10:49:43,2,6,-212
10:49:44,7,9,-213
10:49:44,6,19,-210
10:49:44,0,17,-213
10:49:44,6,12,-207
10:49:44,1,1,-207
10:49:44,11,12,-210
10:49:44,7,17,-206
10:49:44,-1,10,-209
10:49:44,8,18,-210
10:49:44,10,12,-209
10:49:44,7,20,-206
10:49:44,-1,3,-206
10:49:44,2,8,-207
10:49:44,3,14,-205
10:49:44,8,21,-210
10:49:44,0,13,-211
10:49:44,0,10,-210
10:49:44,4,8,-215
10:49:44,5,8,-211
10:49:44,4,12,-209
10:49:45,6,9,-211
10:49:45,9,13,-212
10:49:45,3,12,-211
10:49:45,4,14,-210
10:49:45,0,5,-206
10:49:45,2,3,-211
10:49:45,2,8,-209
10:49:45,3,11,-210
10:49:45,5,17,-208
10:49:45,-3,3,-210
10:49:45,4,8,-208
10:49:45,8,10,-207
10:49:45,4,16,-207
10:49:45,2,11,-205
10:49:45,5,8,-211
10:49:45,2,6,-205
10:49:45,2,14,-209
10:49:45,3,15,-209
10:49:45,4,8,-212
10:49:45,-1,6,-209
10:49:46,8,10,-209
10:49:46,9,17,-211
10:49:46,2,13,-211
10:49:46,-4,9,-211
10:49:46,4,13,-209
10:49:46,6,16,-209
10:49:46,3,13,-208
10:49:46,1,10,-211
10:49:46,8,10,-206
10:49:46,6,17,-213
10:49:46,5,24,-208
10:49:46,3,4,-204
10:49:46,3,6,-207
10:49:46,10,13,-205
10:49:46,12,25,-210
10:49:46,3,9,-206
10:49:46,8,17,-208
10:49:46,7,3,-212
10:49:46,9,21,-205
10:49:47,-4,13,-210
10:49:47,2,6,-210
10:49:47,2,1,-205
10:49:47,7,11,-208
10:49:47,3,17,-211
10:49:47,4,12,-214
10:49:47,4,16,-212
10:49:47,2,7,-211
10:49:47,6,20,-206
10:49:47,0,10,-208
10:49:47,7,9,-208
10:49:47,3,3,-208
10:49:47,9,18,-214
10:49:47,2,17,-212
10:49:47,7,18,-213
10:49:47,0,13,-210
10:49:47,11,10,-208
10:49:47,6,16,-208
10:49:47,2,8,-202
10:49:47,5,11,-210
10:49:48,7,12,-212
10:49:48,7,18,-207
10:49:48,9,25,-212
10:49:48,-3,0,-206
10:49:48,2,7,-205
10:49:48,10,15,-211
10:49:48,9,31,-210
10:49:48,0,7,-212
10:49:48,5,3,-210
10:49:48,3,5,-208
10:49:48,3,13,-207
10:49:48,0,13,-205
10:49:48,4,15,-208
10:49:48,1,8,-210
10:49:48,4,18,-212
10:49:48,4,19,-211
10:49:48,0,7,-211
10:49:48,11,11,-205
10:49:48,7,17,-205
10:49:48,2,16,-210
10:49:49,3,17,-207
10:49:49,-3,6,-209
10:49:49,7,12,-211
10:49:49,5,12,-206
10:49:49,6,18,-208
10:49:49,5,5,-209
10:49:49,1,9,-211
10:49:49,9,15,-208
10:49:49,7,18,-209
10:49:49,6,12,-211
10:49:49,9,12,-212
10:49:49,9,12,-204
10:49:49,8,16,-209
10:49:49,5,7,-207
10:49:49,3,0,-211
10:49:49,5,3,-210
10:49:49,10,13,-210
10:49:49,8,20,-209
10:49:49,4,13,-208
10:49:50,0,2,-206
10:49:50,11,7,-208
10:49:50,5,19,-208
10:49:50,4,16,-207
10:49:50,5,10,-211
10:49:50,6,12,-210
10:49:50,12,18,-210
10:49:50,9,10,-211
10:49:50,3,3,-208
10:49:50,2,13,-208
10:49:50,10,25,-210
10:49:50,3,13,-209
10:49:50,-3,3,-210
10:49:50,7,16,-209
10:49:50,7,14,-211
10:49:50,7,18,-210
10:49:50,-2,10,-208
10:49:50,1,8,-212
10:49:50,6,15,-209
10:49:50,10,13,-212
10:49:51,1,16,-212
10:49:51,6,6,-209
10:49:51,6,10,-213
10:49:51,10,18,-209
10:49:51,2,16,-210
10:49:51,3,13,-212
10:49:51,2,11,-205
10:49:51,4,14,-204
10:49:51,7,11,-206
10:49:51,8,12,-208
10:49:51,0,8,-208
10:49:51,12,10,-213
10:49:51,6,14,-214
10:49:51,-2,19,-211
10:49:51,6,3,-212
10:49:51,7,6,-208
10:49:51,7,8,-203
10:49:51,-3,13,-212
10:49:51,7,16,-212
10:49:51,1,9,-212
10:49:52,10,12,-208
10:49:52,2,14,-206
10:49:52,-2,12,-205
10:49:52,3,3,-204
10:49:52,12,6,-211
10:49:52,13,16,-210
10:49:52,7,20,-210
10:49:52,5,16,-214
10:49:52,3,13,-208
10:49:52,0,9,-204
10:49:52,7,21,-206
10:49:52,5,7,-209
10:49:52,9,9,-209
10:49:52,7,16,-210
10:49:52,11,19,-210
10:49:52,-2,15,-208
10:49:52,7,10,-211
10:49:52,-1,6,-210
10:49:52,0,13,-208
10:49:52,10,24,-210
10:49:53,-1,3,-213
10:49:53,3,5,-207
10:49:53,7,3,-210
10:49:53,8,16,-205
10:49:53,-4,10,-208
10:49:53,6,11,-206
10:49:53,0,9,-213
10:49:53,16,21,-209
10:49:53,6,17,-210
10:49:53,-2,7,-210
10:49:53,-2,3,-207
10:49:53,15,15,-212
10:49:53,11,21,-209
10:49:53,2,8,-207
10:49:53,5,12,-213
10:49:53,10,14,-211
10:49:53,4,18,-209
10:49:53,2,10,-208
10:49:53,-4,10,-208
10:49:54,7,7,-208
10:49:54,8,13,-212
10:49:54,9,21,-210
10:49:54,-2,12,-214
10:49:54,5,12,-207
10:49:54,5,7,-211
10:49:54,10,14,-206
10:49:54,3,9,-211
10:49:54,5,14,-214
10:49:54,5,14,-209
10:49:54,14,21,-211
10:49:54,6,15,-208
10:49:54,-4,4,-210
10:49:54,6,9,-206
10:49:54,10,15,-207
10:49:54,5,22,-207
10:49:54,8,21,-208
10:49:54,0,8,-211
10:49:54,5,11,-214
10:49:54,2,11,-210
10:49:55,4,9,-211
10:49:55,5,3,-204
10:49:55,3,4,-210
10:49:55,11,18,-207
10:49:55,4,20,-208
10:49:55,-7,10,-209
10:49:55,4,14,-210
10:49:55,9,17,-210
10:49:55,1,10,-206
10:49:55,6,14,-211
10:49:55,8,9,-207
10:49:55,5,8,-211
10:49:55,5,17,-208
10:49:55,5,18,-209
10:49:55,5,8,-208
10:49:55,9,13,-204
10:49:55,12,9,-210
10:49:55,3,20,-211
10:49:55,1,13,-205
10:49:55,1,12,-212
10:49:56,5,12,-214
10:49:56,0,17,-207
10:49:56,2,10,-207
10:49:56,6,3,-215
10:49:56,5,11,-210
10:49:56,7,15,-208
10:49:56,2,15,-213
10:49:56,4,9,-215
10:49:56,-2,2,-207
10:49:56,3,5,-207
10:49:56,14,19,-211
10:49:56,6,14,-210
10:49:56,8,15,-213
10:49:56,6,18,-213
10:49:56,7,16,-210
10:49:56,-1,14,-208
10:49:56,5,8,-203
10:49:56,5,9,-208
10:49:56,10,16,-208
10:49:57,9,21,-206
10:49:57,5,13,-211
10:49:57,0,2,-213
10:49:57,0,7,-206
10:49:57,6,20,-205
10:49:57,5,15,-209
10:49:57,4,10,-212
10:49:57,5,8,-210
10:49:57,9,15,-211
10:49:57,2,15,-215
10:49:57,6,15,-207
10:49:57,2,-2,-207
10:49:57,7,6,-212
10:49:57,5,17,-207
10:49:57,3,10,-214
10:49:57,6,12,-212
10:49:57,7,10,-209
10:49:57,7,24,-206
10:49:57,-1,14,-206
10:49:57,2,4,-207
10:49:58,9,7,-210
10:49:58,8,14,-208
10:49:58,8,22,-208
10:49:58,4,10,-212
10:49:58,5,7,-208
10:49:58,6,8,-206
10:49:58,5,12,-207
10:49:58,-5,6,-210
10:49:58,5,15,-209
10:49:58,6,15,-209
10:49:58,9,22,-211
10:49:58,-4,9,-206
10:49:58,1,5,-213
10:49:58,4,4,-207
10:49:58,5,11,-212
10:49:58,4,15,-205
10:49:58,6,12,-208
10:49:58,6,16,-210
10:49:58,9,10,-209
10:49:58,12,22,-210
10:49:59,2,17,-205
10:49:59,6,12,-205
10:49:59,1,7,-208
10:49:59,14,15,-212
10:49:59,4,19,-214
10:49:59,8,13,-211
10:49:59,-4,5,-209
10:49:59,12,10,-213
10:49:59,0,17,-206
10:49:59,2,9,-209
10:49:59,4,14,-214
10:49:59,7,13,-210
10:49:59,6,19,-208
10:49:59,2,16,-207
10:49:59,1,11,-210
10:49:59,2,5,-206
10:49:59,10,16,-204
10:49:59,8,26,-211
10:49:59,3,14,-208
10:49:59,4,6,-215
10:50:00,15,11,-209
10:50:00,6,17,-208
10:50:00,10,13,-208
10:50:00,8,11,-208
10:50:00,8,22,-207
10:50:00,10,22,-207
10:50:00,7,14,-211
10:50:00,2,10,-209
10:50:00,-3,1,-205
10:50:00,11,15,-212
10:50:00,4,19,-209
10:50:00,4,10,-210
10:50:00,8,12,-211
10:50:00,3,10,-210
10:50:00,10,18,-212
10:50:00,-2,10,-210
10:50:00,13,10,-209
10:50:00,6,7,-211
10:50:00,18,17,-209
10:50:01,1,12,-207
10:50:01,5,11,-209
10:50:01,3,19,-209
10:50:01,8,15,-205
10:50:01,6,21,-208
10:50:01,-1,12,-209
10:50:01,6,10,-212
10:50:01,16,19,-213
10:50:01,8,16,-207
10:50:01,0,15,-204
10:50:01,4,7,-212
10:50:01,4,12,-206
10:50:01,8,11,-207
10:50:01,2,18,-211
10:50:01,7,20,-215
10:50:01,-1,12,-211
10:50:01,4,13,-210
10:50:01,8,15,-211
10:50:01,3,8,-210
10:50:01,7,1,-210
10:50:02,11,14,-213
10:50:02,13,25,-208
10:50:02,1,12,-207
10:50:02,5,6,-210
10:50:02,-2,4,-208
10:50:02,6,12,-202
10:50:02,7,16,-208
10:50:02,11,19,-209
10:50:02,4,13,-213
10:50:02,12,14,-210
10:50:02,11,16,-209
10:50:02,2,9,-206
10:50:02,1,3,-209
10:50:02,6,8,-211
10:50:02,14,21,-211
10:50:02,3,17,-213
10:50:02,-1,10,-208
10:50:02,-1,9,-211
10:50:02,9,12,-207
10:50:02,7,15,-209
10:50:03,1,15,-206
10:50:03,5,8,-208
10:50:03,8,10,-214
10:50:03,7,18,-204
10:50:03,2,15,-209
10:50:03,2,7,-208
10:50:03,7,4,-204
10:50:03,6,10,-209
10:50:03,9,18,-207
10:50:03,0,19,-209
10:50:03,5,18,-209
10:50:03,7,5,-209
10:50:03,13,21,-207
10:50:03,8,14,-210
10:50:03,2,15,-215
10:50:03,7,6,-211
10:50:03,7,17,-210
10:50:03,-1,14,-212
10:50:03,6,10,-212
10:50:04,2,5,-208
10:50:04,7,10,-208
10:50:04,8,21,-209
10:50:04,2,9,-208
10:50:04,7,13,-210
10:50:04,4,0,-208
10:50:04,9,15,-209
10:50:04,6,14,-209
10:50:04,4,9,-210
10:50:04,5,12,-208
10:50:04,16,18,-209
10:50:04,5,20,-208
10:50:04,2,14,-210
10:50:04,-4,5,-203
10:50:04,5,14,-207
10:50:04,6,18,-208
10:50:04,7,10,-207
10:50:04,2,5,-216
10:50:04,9,11,-213
10:50:04,4,23,-207
10:50:05,1,21,-211
10:50:05,-4,13,-210
10:50:05,2,8,-209
10:50:05,8,10,-208
10:50:05,2,12,-209
10:50:05,10,10,-213
10:50:05,8,16,-211
10:50:05,5,10,-212
10:50:05,7,19,-208
10:50:05,6,16,-210
10:50:05,5,4,-209
10:50:05,5,7,-212
10:50:05,9,14,-211
10:50:05,6,21,-214
10:50:05,6,14,-217
10:50:05,2,12,-207
10:50:05,3,10,-203
10:50:05,10,18,-205
10:50:05,6,14,-205
10:50:05,3,8,-211
10:50:06,9,16,-216
10:50:06,12,18,-214
10:50:06,0,12,-211
10:50:06,-1,7,-204
10:50:06,5,7,-203
10:50:06,7,22,-214
10:50:06,5,20,-211
10:50:06,4,12,-211
10:50:06,8,10,-212
10:50:06,13,12,-214
10:50:06,4,19,-205
10:50:06,1,10,-207
10:50:06,2,7,-208
10:50:06,10,10,-213
10:50:06,9,16,-208
10:50:06,6,16,-206
10:50:06,6,14,-207
10:50:06,5,11,-206
10:50:06,9,11,-209
10:50:06,9,19,-208
10:50:07,2,18,-208
10:50:07,3,10,-209
10:50:07,11,9,-213
10:50:07,4,18,-209
10:50:07,4,13,-211
10:50:07,6,13,-211
10:50:07,4,8,-209
10:50:07,4,10,-206
10:50:07,3,17,-212
10:50:07,0,7,-211
10:50:07,5,14,-212
10:50:07,9,10,-211
10:50:07,14,23,-211
10:50:07,-5,2,-206
10:50:07,7,16,-210
10:50:07,8,15,-210
10:50:07,11,20,-207
10:50:07,-4,10,-208
10:50:07,1,7,-205
10:50:08,4,10,-204
10:50:08,13,13,-209
10:50:08,5,23,-210
10:50:08,8,21,-213
10:50:08,5,10,-211
10:50:08,8,9,-211
10:50:08,5,13,-208
10:50:08,0,3,-212
10:50:08,9,7,-210
10:50:08,10,11,-211
10:50:08,7,15,-209
10:50:08,0,16,-213
10:50:08,-3,8,-214
10:50:08,9,8,-207
10:50:08,10,9,-209
10:50:08,3,13,-208
10:50:08,6,15,-210
10:50:08,8,14,-212
10:50:08,10,14,-209
10:50:08,8,16,-208
10:50:09,-3,13,-209
10:50:09,-1,9,-205
10:50:09,9,13,-208
10:50:09,7,12,-211
10:50:09,9,20,-210
10:50:09,5,14,-211
10:50:09,10,13,-211
10:50:09,5,15,-210
10:50:09,14,23,-208
10:50:09,1,7,-208
10:50:09,0,3,-209
10:50:09,2,6,-213
10:50:09,14,19,-206
10:50:09,4,10,-208
10:50:09,-2,7,-211
10:50:09,0,3,-206
10:50:09,13,18,-208
10:50:09,4,18,-215
10:50:09,11,9,-209
10:50:09,1,5,-211
10:50:10,7,13,-210
10:50:10,9,19,-208
10:50:10,6,18,-207
10:50:10,-2,8,-208
10:50:10,0,8,-205
10:50:10,9,20,-208
10:50:10,10,22,-210
10:50:10,8,13,-207
10:50:10,1,10,-209
10:50:10,11,16,-205
10:50:10,2,19,-205
10:50:10,4,10,-210
10:50:10,5,11,-211
10:50:10,8,16,-210
10:50:10,6,8,-208
10:50:10,2,12,-211
10:50:10,1,-2,-211
10:50:10,5,9,-208
10:50:10,4,13,-208
10:50:11,4,20,-211
10:50:11,4,13,-210
10:50:11,4,8,-213
10:50:11,8,11,-207
10:50:11,10,16,-210
10:50:11,0,5,-207
10:50:11,4,4,-207
10:50:11,2,9,-208
10:50:11,14,21,-210
10:50:11,4,22,-207
10:50:11,4,12,-213
10:50:11,5,14,-207
10:50:11,8,11,-205
10:50:11,7,16,-209
10:50:11,10,14,-210
10:50:11,7,16,-213
10:50:11,4,17,-208
10:50:11,-1,9,-213
10:50:11,2,11,-209
10:50:11,8,9,-208
10:50:12,2,2,-208
10:50:12,6,10,-209
10:50:12,4,20,-212
10:50:12,3,11,-213
10:50:12,0,6,-216
10:50:12,11,15,-209
10:50:12,4,11,-208
10:50:12,3,14,-209
10:50:12,4,9,-205
10:50:12,3,9,-209
10:50:12,9,14,-209
10:50:12,-1,11,-207
10:50:12,-1,8,-211
10:50:12,6,9,-204
10:50:12,16,17,-209
10:50:12,6,23,-208
10:50:12,2,15,-210
10:50:12,10,10,-212
10:50:12,3,1,-211
10:50:12,15,25,-209
10:50:13,-3,9,-208
10:50:13,-1,6,-212
10:50:13,3,4,-214
10:50:13,7,14,-209
10:50:13,5,19,-208
10:50:13,0,11,-210
10:50:13,7,5,-210
10:50:13,3,6,-209
10:50:13,13,13,-207
10:50:13,5,11,-214
10:50:13,3,11,-211
10:50:13,6,7,-207
10:50:13,4,20,-208
10:50:13,4,17,-211
10:50:13,5,12,-212
10:50:13,3,4,-204
10:50:13,9,10,-207
10:50:13,6,20,-207
10:50:13,12,14,-213
10:50:13,2,6,-211
10:50:14,11,18,-211
10:50:14,5,20,-206
10:50:14,-2,10,-203
10:50:14,-1,4,-210
10:50:14,6,12,-211
10:50:14,5,15,-213
10:50:14,2,18,-212
10:50:14,-1,8,-214
10:50:14,1,14,-210
10:50:14,9,16,-210
10:50:14,10,17,-204
10:50:14,3,14,-214
10:50:14,3,14,-212
10:50:14,5,12,-213
10:50:14,10,16,-214
10:50:14,1,16,-207
10:50:14,1,6,-208
10:50:14,4,6,-210
10:50:14,8,12,-210
10:50:15,11,18,-210
10:50:15,2,15,-214
10:50:15,9,12,-211
10:50:15,10,15,-209
10:50:15,7,17,-203
10:50:15,-2,8,-207
10:50:15,7,5,-209
10:50:15,0,6,-210
10:50:15,12,21,-209
10:50:15,1,17,-212
10:50:15,7,11,-213
10:50:15,4,6,-207
10:50:15,13,13,-210
10:50:15,6,18,-211
10:50:15,1,16,-208
10:50:15,2,8,-214
10:50:15,5,6,-210
10:50:15,8,10,-211
10:50:15,1,8,-205
10:50:15,5,12,-209
10:50:16,3,6,-210
10:50:16,10,15,-213
10:50:16,9,23,-208
10:50:16,2,14,-210
10:50:16,-1,4,-212
10:50:16,8,12,-206
10:50:16,11,18,-208
10:50:16,0,11,-207
10:50:16,9,13,-209
10:50:16,5,20,-209
10:50:16,-4,17,-208
10:50:16,-1,12,-207
10:50:16,-2,5,-208
10:50:16,4,2,-207
10:50:16,8,10,-209
10:50:16,5,16,-210
10:50:16,4,12,-209
10:50:16,7,18,-211
10:50:16,3,15,-205
10:50:16,11,14,-210
10:50:17,7,4,-209
10:50:17,1,5,-209
10:50:17,5,5,-213
10:50:17,3,14,-211
10:50:17,0,19,-209
10:50:17,0,8,-212
10:50:17,1,6,-207
10:50:17,20,18,-209
10:50:17,7,15,-210
10:50:17,7,15,-210
10:50:17,-7,3,-210
10:50:17,7,13,-208
10:50:17,10,22,-213
10:50:17,0,15,-206
10:50:17,-4,2,-204
10:50:17,5,12,-208
10:50:17,9,16,-208
10:50:17,5,20,-210
10:50:17,1,5,-210
10:50:18,2,2,-208
10:50:18,7,11,-209
10:50:18,3,20,-206
10:50:18,5,14,-210
10:50:18,0,15,-214
10:50:18,7,18,-216
10:50:18,1,9,-207
10:50:18,2,8,-213
10:50:18,1,2,-209
10:50:18,3,13,-209
10:50:18,6,17,-208
10:50:18,10,23,-209
10:50:18,1,12,-207
10:50:18,2,6,-211
10:50:18,7,9,-208
10:50:18,5,22,-207
10:50:18,2,15,-208
10:50:18,2,2,-205
10:50:18,5,5,-208
10:50:18,13,16,-208
10:50:19,2,22,-211
10:50:19,6,12,-210
10:50:19,1,9,-209
10:50:19,4,17,-204
10:50:19,6,17,-206
10:50:19,-1,8,-210
10:50:19,4,6,-211
10:50:19,8,9,-211
10:50:19,9,20,-213
10:50:19,0,15,-213
10:50:19,3,9,-208
10:50:19,-4,2,-205
10:50:19,14,15,-210
10:50:19,1,24,-208
10:50:19,8,11,-206
10:50:19,1,6,-212
10:50:19,7,7,-211
10:50:19,2,16,-206
10:50:19,3,9,-210
10:50:19,2,6,-211
10:50:20,8,10,-212
10:50:20,12,17,-211
10:50:20,2,16,-207
10:50:20,7,11,-211
10:50:20,2,5,-208
10:50:20,12,11,-203
10:50:20,7,22,-210
10:50:20,4,16,-210
10:50:20,2,11,-208
10:50:20,8,11,-208
10:50:20,13,20,-209
10:50:20,0,12,-208
10:50:20,-4,9,-202
10:50:20,8,8,-208
10:50:20,9,20,-213
10:50:20,1,22,-209
10:50:20,4,17,-211
10:50:20,-2,7,-212
10:50:20,3,4,-215
10:50:20,8,16,-208
10:50:21,1,8,-207
10:50:21,5,2,-216
10:50:21,0,6,-207
10:50:21,11,15,-212
10:50:21,6,21,-214
10:50:21,4,9,-211
10:50:21,5,6,-209
10:50:21,8,10,-209
10:50:21,-4,18,-207
10:50:21,4,18,-207
10:50:21,6,9,-214
10:50:21,6,8,-210
10:50:21,10,14,-206
10:50:21,4,11,-206
10:50:21,13,13,-210
10:50:21,4,7,-211
10:50:21,8,18,-209
10:50:21,6,15,-209
10:50:21,0,8,-215
10:50:22,1,8,-211
10:50:22,10,18,-210
10:50:22,6,13,-211
10:50:22,7,12,-211
10:50:22,4,8,-210
10:50:22,3,8,-206
10:50:22,8,18,-210
10:50:22,3,18,-207
10:50:22,-6,3,-206
10:50:22,7,14,-209
10:50:22,9,10,-210
10:50:22,8,21,-211
10:50:22,1,13,-209
10:50:22,8,10,-210
10:50:22,-1,13,-208
10:50:22,8,17,-208
10:50:22,0,10,-206
10:50:22,1,3,-206
10:50:22,14,8,-208
10:50:22,13,24,-211
10:50:23,4,18,-206
10:50:23,1,11,-207
10:50:23,0,7,-207
10:50:23,6,13,-208
10:50:23,11,14,-209
10:50:23,2,6,-211
10:50:23,1,10,-213
10:50:23,10,14,-213
10:50:23,5,13,-208
10:50:23,-3,7,-207
10:50:23,6,9,-208
10:50:23,0,8,-208
10:50:23,11,18,-209
10:50:23,4,15,-213
10:50:23,1,10,-213
10:50:23,-2,7,-209
10:50:23,13,15,-211
10:50:23,5,21,-204
10:50:23,1,12,-207
10:50:23,7,15,-212
10:50:24,5,8,-209
10:50:24,14,15,-207
10:50:24,0,18,-210
10:50:24,2,11,-206
10:50:24,3,11,-209
10:50:24,4,4,-207
10:50:24,7,19,-205
10:50:24,5,21,-207
10:50:24,8,18,-211
10:50:24,4,5,-211
10:50:24,3,15,-207
10:50:24,2,16,-211
10:50:24,2,4,-208
10:50:24,2,10,-208
10:50:24,1,14,-209
10:50:24,8,19,-208
10:50:24,-1,7,-212
10:50:24,0,6,-215
10:50:24,9,5,-204
10:50:25,0,11,-207
10:50:25,4,14,-207
10:50:25,3,9,-211
10:50:25,12,15,-210
10:50:25,8,18,-209
10:50:25,0,16,-213
10:50:25,1,6,-207
10:50:25,6,7,-205
10:50:25,9,9,-204
10:50:25,4,11,-206
10:50:25,6,18,-211
10:50:25,9,13,-210
10:50:25,6,10,-210
10:50:25,11,16,-205
10:50:25,9,14,-205
10:50:25,-6,4,-207
10:50:25,7,6,-209
10:50:25,10,22,-216
10:50:25,4,21,-214
10:50:25,0,8,-214
10:50:26,0,8,-215
10:50:26,7,7,-206
10:50:26,3,10,-212
10:50:26,2,14,-206
10:50:26,10,14,-216
10:50:26,4,8,-213
10:50:26,7,14,-212
10:50:26,1,18,-209
10:50:26,2,11,-212
10:50:26,2,5,-205
10:50:26,11,13,-210
10:50:26,-2,17,-202
10:50:26,7,18,-209
10:50:26,3,12,-213
10:50:26,7,14,-209
10:50:26,13,26,-207
10:50:26,9,13,-207
10:50:26,4,13,-211
10:50:26,5,16,-208
10:50:26,9,17,-212
10:50:27,1,12,-209
10:50:27,-1,3,-208
10:50:27,4,10,-211
10:50:27,9,14,-211
10:50:27,9,13,-217
10:50:27,1,6,-214
10:50:27,0,12,-210
10:50:27,4,9,-212
10:50:27,12,30,-207
10:50:27,0,14,-209
10:50:27,-3,2,-216
10:50:27,9,10,-206
10:50:27,11,14,-212
10:50:27,4,6,-209
10:50:27,4,15,-211
10:50:27,-5,16,-202
10:50:27,7,13,-208
10:50:27,6,16,-211
10:50:27,8,13,-208
10:50:28,7,11,-209
10:50:28,12,13,-209
10:50:28,2,16,-210
10:50:28,4,15,-206
10:50:28,-3,5,-208
10:50:28,3,3,-208
10:50:28,6,8,-208
10:50:28,6,20,-209
10:50:28,6,14,-214
10:50:28,9,16,-214
10:50:28,9,17,-215
10:50:28,7,10,-205
10:50:28,2,5,-207
10:50:28,2,3,-211
10:50:28,9,12,-210
10:50:28,12,21,-212
10:50:28,0,15,-214
10:50:28,0,4,-210
10:50:28,1,6,-209
10:50:28,6,9,-207
10:50:29,7,17,-205
10:50:29,2,15,-209
10:50:29,8,16,-214
10:50:29,6,4,-213
10:50:29,10,20,-210
10:50:29,-8,12,-207
10:50:29,4,7,-207
10:50:29,8,9,-210
10:50:29,10,16,-208
10:50:29,7,23,-211
10:50:29,9,17,-212
10:50:29,3,10,-211
10:50:29,9,15,-209
10:50:29,9,19,-210
10:50:29,4,14,-207
10:50:29,3,11,-212
10:50:29,5,4,-213
10:50:29,4,15,-214
10:50:29,6,15,-208
10:50:29,-1,8,-213
10:50:30,0,4,-207
10:50:30,6,12,-208
10:50:30,7,18,-208
10:50:30,1,11,-213
10:50:30,5,11,-212
10:50:30,4,14,-208
10:50:30,3,18,-212
10:50:30,3,13,-211
10:50:30,9,11,-206
10:50:30,5,10,-208
10:50:30,2,17,-208
10:50:30,4,26,-211
10:50:30,0,11,-211
10:50:30,1,8,-208
10:50:30,16,17,-210
10:50:30,10,19,-209
10:50:30,-3,2,-205
10:50:30,1,6,-208
10:50:30,11,16,-208
10:50:30,5,16,-209
10:50:31,5,14,-208
10:50:31,3,12,-211
10:50:31,0,0,-208
10:50:31,7,8,-210
10:50:31,1,18,-212
10:50:31,1,11,-211
10:50:31,4,13,-215
10:50:31,7,16,-212
10:50:31,7,19,-208
10:50:31,2,3,-207
10:50:31,12,6,-212
10:50:31,-3,7,-211
10:50:31,14,23,-206
10:50:31,0,15,-209
10:50:31,0,11,-208
10:50:31,3,4,-205
10:50:31,15,10,-208
10:50:31,4,15,-208
10:50:31,6,10,-209
10:50:32,2,11,-211
10:50:32,7,17,-207
10:50:32,12,22,-208
10:50:32,-1,11,-210
10:50:32,1,6,-201
10:50:32,8,7,-206
10:50:32,8,10,-208
10:50:32,6,21,-213
10:50:32,2,12,-212
10:50:32,0,8,-211
10:50:32,4,4,-206
10:50:32,3,14,-207
10:50:32,2,12,-208
10:50:32,10,10,-213
10:50:32,5,13,-215
10:50:32,8,12,-210
10:50:32,-2,11,-208
10:50:32,0,7,-208
10:50:32,-2,3,-203
10:50:32,8,11,-209
10:50:33,3,15,-209
10:50:33,10,18,-211
10:50:33,4,12,-211
10:50:33,5,13,-205
10:50:33,13,26,-204
10:50:33,0,11,-207
10:50:33,4,7,-207
10:50:33,5,6,-211
10:50:33,11,19,-210
10:50:33,4,16,-206
10:50:33,0,8,-215
10:50:33,1,9,-207
10:50:33,5,11,-207
10:50:33,9,24,-209
10:50:33,7,11,-215
10:50:33,1,11,-215
10:50:33,13,17,-215
10:50:33,3,23,-210
10:50:33,8,18,-209
10:50:33,-2,5,-209
10:50:34,2,6,-205
10:50:34,10,18,-210
10:50:34,5,22,-208
10:50:34,-1,9,-208
10:50:34,11,18,-212
10:50:34,4,13,-207
10:50:34,3,11,-205
10:50:34,1,11,-206
10:50:34,9,10,-208
10:50:34,2,9,-208
10:50:34,11,16,-213
10:50:34,3,24,-208
10:50:34,-3,9,-212
10:50:34,5,5,-206
10:50:34,7,9,-208
10:50:34,8,18,-204
10:50:34,3,13,-207
10:50:34,4,8,-212
10:50:34,4,8,-210
10:50:34,9,20,-210
10:50:35,0,11,-211
10:50:35,2,0,-209
10:50:35,4,12,-210
10:50:35,3,14,-209
10:50:35,-1,17,-210
10:50:35,5,13,-216
10:50:35,6,15,-211
10:50:35,9,12,-209
10:50:35,7,13,-209
10:50:35,8,12,-211
10:50:35,4,14,-209
10:50:35,2,11,-208
10:50:35,9,16,-210
10:50:35,-3,14,-202
10:50:35,3,12,-208
10:50:35,5,9,-204
10:50:35,14,19,-213
10:50:35,2,20,-206
10:50:35,1,17,-204
10:50:36,6,9,-210
10:50:36,9,11,-208
10:50:36,3,22,-207
10:50:36,2,13,-205
10:50:36,3,4,-210
10:50:36,6,1,-213
10:50:36,9,22,-214
10:50:36,3,19,-214
10:50:36,4,20,-211
10:50:36,2,10,-211
10:50:36,1,10,-207
10:50:36,8,24,-205
10:50:36,6,11,-209
10:50:36,7,6,-209
10:50:36,6,9,-211
10:50:36,8,22,-211
10:50:36,-4,15,-209
10:50:36,-4,6,-211
10:50:36,4,2,-206
10:50:36,9,11,-208
10:50:37,7,24,-209
10:50:37,9,21,-209
10:50:37,7,15,-211
10:50:37,0,11,-205
10:50:37,9,18,-208
10:50:37,4,14,-203
10:50:37,0,4,-207
10:50:37,7,9,-211
10:50:37,9,23,-209
10:50:37,0,12,-216
10:50:37,1,8,-211
10:50:37,1,4,-213
10:50:37,10,13,-209
10:50:37,4,16,-208
10:50:37,0,12,-214
10:50:37,4,13,-213
10:50:37,12,14,-213
10:50:37,4,15,-212
10:50:37,-3,10,-204
10:50:37,-2,-1,-205
10:50:38,10,11,-207
10:50:38,8,15,-209
10:50:38,10,27,-210
10:50:38,-3,10,-212
10:50:38,4,8,-212
10:50:38,9,13,-208
10:50:38,8,13,-206
10:50:38,4,15,-211
10:50:38,5,10,-211
10:50:38,12,14,-212
10:50:38,12,20,-207
10:50:38,6,22,-211
10:50:38,0,8,-209
10:50:38,-1,5,-204
10:50:38,15,18,-209
10:50:38,6,23,-212
10:50:38,4,9,-212
10:50:38,6,7,-216
10:50:38,10,12,-208
10:50:39,5,16,-211
10:50:39,0,7,-206
10:50:39,5,1,-211
10:50:39,3,4,-210
10:50:39,4,10,-207
10:50:39,2,17,-213
10:50:39,5,17,-211
10:50:39,2,6,-212
10:50:39,14,12,-212
10:50:39,1,10,-205
10:50:39,5,11,-207
10:50:39,1,8,-208
10:50:39,8,9,-214
10:50:39,15,18,-208
10:50:39,3,17,-211
10:50:39,1,13,-212
10:50:39,8,6,-210
10:50:39,11,13,-211
10:50:39,4,20,-211
10:50:39,3,16,-209
10:50:40,7,13,-210
10:50:40,5,13,-211
10:50:40,8,15,-212
10:50:40,-2,2,-207
10:50:40,-2,2,-211
10:50:40,2,11,-209
10:50:40,9,26,-207
10:50:40,8,19,-211
10:50:40,-3,8,-207
10:50:40,3,5,-212
10:50:40,11,10,-208
10:50:40,6,18,-209
10:50:40,3,8,-213
10:50:40,8,12,-208
10:50:40,7,13,-210
10:50:40,11,20,-212
10:50:40,-5,11,-205
10:50:40,-1,3,-207
10:50:40,16,15,-215
10:50:40,7,14,-210
10:50:41,4,17,-207
10:50:41,3,9,-205
10:50:41,8,15,-212
10:50:41,9,18,-206
10:50:41,2,17,-210
10:50:41,4,11,-205
10:50:41,3,11,-210
10:50:41,4,11,-211
10:50:41,1,18,-208
10:50:41,0,16,-210
10:50:41,5,9,-209
10:50:41,7,11,-208
10:50:41,8,12,-208
10:50:41,4,16,-208
10:50:41,4,18,-212
10:50:41,6,9,-209
10:50:41,2,8,-209
10:50:41,5,17,-210
10:50:41,2,8,-205
10:50:41,3,6,-209
10:50:42,11,11,-209
10:50:42,13,19,-213
10:50:42,-1,16,-210
10:50:42,-1,8,-208
10:50:42,10,10,-205
10:50:42,6,12,-200
10:50:42,1,20,-207
10:50:42,1,8,-209
10:50:42,5,3,-211
10:50:42,5,13,-208
10:50:42,3,16,-203
10:50:42,4,18,-212
10:50:42,1,7,-210
10:50:42,-1,5,-208
10:50:42,7,8,-214
10:50:42,4,17,-209
10:50:42,2,8,-212
10:50:42,8,10,-212
10:50:42,1,13,-207
10:50:43,7,14,-208
10:50:43,3,7,-207
10:50:43,8,14,-209
10:50:43,5,8,-210
10:50:43,10,18,-213
10:50:43,-1,16,-210
10:50:43,2,11,-211
10:50:43,3,9,-208
10:50:43,11,10,-204
10:50:43,-3,12,-206
10:50:43,-2,13,-207
10:50:43,4,14,-211
10:50:43,8,11,-210
10:50:43,1,16,-205
10:50:43,6,14,-211
10:50:43,9,5,-209
10:50:43,9,9,-209
10:50:43,12,21,-212
10:50:43,7,26,-209
10:50:43,2,10,-213
10:50:44,-1,7,-211
10:50:44,8,8,-207
10:50:44,4,17,-212
10:50:44,-2,13,-209
10:50:44,11,9,-211
10:50:44,5,10,-214
10:50:44,7,19,-212
10:50:44,3,15,-213
10:50:44,-4,5,-208
10:50:44,5,7,-209
10:50:44,8,16,-209
10:50:44,4,21,-206
10:50:44,2,10,-208
10:50:44,6,9,-211
10:50:44,-1,12,-208
10:50:44,10,15,-208
10:50:44,1,12,-209
10:50:44,-1,8,-207
10:50:44,3,6,-209
10:50:44,10,19,-208
10:50:45,2,18,-205
10:50:45,-2,6,-212
10:50:45,1,15,-206
10:50:45,6,9,-206
10:50:45,4,17,-215
10:50:45,6,4,-211
10:50:45,4,12,-210
10:50:45,6,8,-210
10:50:45,11,26,-210
10:50:45,2,15,-209
10:50:45,-3,-2,-207
10:50:45,8,7,-208
10:50:45,12,20,-211
10:50:45,2,16,-208
10:50:45,3,12,-212
10:50:45,2,17,-211
10:50:45,16,10,-209
10:50:45,5,13,-209
10:50:45,3,10,-204
10:50:46,2,7,-209
10:50:46,16,19,-207
10:50:46,7,19,-208
10:50:46,1,18,-210
10:50:46,2,11,-207
10:50:46,5,6,-209
10:50:46,3,12,-205
10:50:46,3,13,-206
10:50:46,4,12,-212
10:50:46,1,9,-216
10:50:46,6,6,-210
10:50:46,1,15,-208
10:50:46,-4,12,-210
10:50:46,8,12,-209
10:50:46,4,13,-210
10:50:46,13,17,-210
10:50:46,-1,20,-211
10:50:46,1,10,-209
10:50:46,0,8,-211
10:50:46,3,12,-209
10:50:47,6,24,-210
10:50:47,3,16,-208
10:50:47,7,6,-210
10:50:47,6,3,-209
10:50:47,9,13,-211
10:50:47,6,16,-208
10:50:47,5,12,-210
10:50:47,3,3,-205
10:50:47,13,13,-207
10:50:47,4,13,-206
10:50:47,9,24,-211
10:50:47,4,12,-213
10:50:47,3,8,-208
10:50:47,7,23,-207
10:50:47,-2,7,-204
10:50:47,3,5,-212
10:50:47,4,7,-210
10:50:47,10,12,-214
10:50:47,-1,16,-209
10:50:47,3,14,-210
10:50:48,-1,5,-206
10:50:48,8,8,-208
10:50:48,5,19,-207
10:50:48,0,11,-211
10:50:48,3,15,-210
10:50:48,11,14,-212
10:50:48,5,18,-208
10:50:48,10,16,-213
10:50:48,0,6,-209
10:50:48,5,6,-201
10:50:48,10,15,-211
10:50:48,10,25,-208
10:50:48,3,6,-207
10:50:48,5,10,-210
10:50:48,7,17,-207
10:50:48,9,22,-209
10:50:48,-2,6,-207
10:50:48,1,5,-210
10:50:48,7,7,-214
10:50:48,5,20,-210
10:50:49,5,22,-212
10:50:49,0,11,-214
10:50:49,1,10,-211
10:50:49,10,13,-207
10:50:49,2,15,-207
10:50:49,10,12,-210
10:50:49,2,17,-211
10:50:49,8,14,-214
10:50:49,4,10,-213
10:50:49,6,11,-204
10:50:49,7,4,-209
10:50:49,7,13,-211
10:50:49,13,18,-209
10:50:49,6,20,-212
10:50:49,0,12,-213
10:50:49,-3,5,-214
10:50:49,11,16,-203
10:50:49,2,21,-206
10:50:49,7,19,-208
10:50:50,9,8,-213
10:50:50,8,6,-212
10:50:50,9,16,-212
10:50:50,0,17,-214
10:50:50,1,10,-210
10:50:50,8,9,-207
10:50:50,7,16,-210
10:50:50,9,22,-211
10:50:50,5,14,-213
10:50:50,-1,1,-214
10:50:50,8,7,-213
10:50:50,7,16,-207
10:50:50,0,17,-207
10:50:50,11,10,-214
10:50:50,8,7,-214
10:50:50,13,20,-208
10:50:50,0,13,-209
10:50:50,4,9,-208
10:50:50,4,15,-209
10:50:50,6,12,-205
10:50:51,5,17,-207
10:50:51,1,9,-206
10:50:51,10,14,-211
10:50:51,1,7,-209
10:50:51,7,25,-211
10:50:51,3,15,-206
10:50:51,-2,0,-211
10:50:51,5,1,-208
10:50:51,6,8,-211
10:50:51,12,26,-213
10:50:51,-2,6,-213
10:50:51,2,7,-212
10:50:51,12,13,-206
10:50:51,6,20,-208
10:50:51,7,9,-208
10:50:51,-1,10,-207
10:50:51,6,13,-211
10:50:51,8,25,-215
10:50:51,7,21,-213
10:50:51,-2,9,-206
10:50:52,9,4,-208
10:50:52,6,8,-207
10:50:52,15,25,-210
10:50:52,6,12,-210
10:50:52,3,13,-208
10:50:52,8,11,-209
10:50:52,14,15,-212
10:50:52,0,10,-204
10:50:52,2,5,-206
10:50:52,0,6,-210
10:50:52,9,16,-208
10:50:52,-2,16,-213
10:50:52,3,11,-213
10:50:52,7,10,-213
10:50:52,6,11,-210
10:50:52,9,16,-210
10:50:52,-3,7,-209
10:50:52,-1,8,-211
10:50:52,3,8,-207
10:50:53,12,20,-214
10:50:53,-1,11,-207
10:50:53,-3,1,-210
10:50:53,1,3,-207
10:50:53,12,15,-209
10:50:53,1,19,-207
10:50:53,4,12,-206
10:50:53,9,13,-214
10:50:53,14,17,-205
10:50:53,13,12,-208
10:50:53,3,14,-208
10:50:53,1,12,-210
10:50:53,4,13,-212
10:50:53,5,13,-212
10:50:53,-3,19,-211
10:50:53,-1,10,-212
10:50:53,5,8,-212
10:50:53,15,13,-215
10:50:53,6,12,-207
10:50:53,3,12,-211
10:50:54,7,11,-209
10:50:54,1,11,-211
10:50:54,8,17,-208
10:50:54,0,11,-205
10:50:54,0,4,-210
10:50:54,2,1,-208
10:50:54,9,11,-205
10:50:54,12,24,-211
10:50:54,2,16,-208
10:50:54,-3,14,-206
10:50:54,1,19,-205
10:50:54,11,16,-208
10:50:54,-1,0,-208
10:50:54,10,13,-210
10:50:54,5,13,-211
10:50:54,14,23,-209
10:50:54,-4,14,-209
10:50:54,0,7,-211
10:50:54,-4,-2,-208
10:50:54,9,12,-214
10:50:55,3,16,-208
10:50:55,6,17,-212
10:50:55,6,15,-216
10:50:55,9,9,-210
10:50:55,0,13,-207
10:50:55,1,6,-208
10:50:55,2,3,-208
10:50:55,6,12,-208
10:50:55,8,19,-208
10:50:55,5,13,-213
10:50:55,3,8,-212
10:50:55,9,14,-204
10:50:55,8,12,-208
10:50:55,6,21,-205
10:50:55,1,11,-208
10:50:55,9,15,-209
10:50:55,9,10,-210
10:50:55,6,16,-209
10:50:55,1,11,-209
10:50:55,7,12,-208
10:50:56,-1,7,-205
10:50:56,3,11,-209
10:50:56,11,21,-215
10:50:56,1,6,-215
10:50:56,5,5,-214
10:50:56,10,12,-206
10:50:56,6,17,-210
10:50:56,-1,8,-208
10:50:56,11,11,-209
10:50:56,-3,5,-212
10:50:56,11,19,-206
10:50:56,9,24,-215
10:50:56,3,12,-211
10:50:56,1,10,-207
10:50:56,3,11,-207
10:50:56,11,17,-206
10:50:56,5,15,-207
10:50:56,2,10,-208
10:50:56,12,15,-213
10:50:57,6,17,-208
10:50:57,3,11,-208
10:50:57,9,11,-211
10:50:57,9,5,-209
10:50:57,6,17,-211
10:50:57,-1,15,-217
10:50:57,6,12,-210
10:50:57,-3,11,-210
10:50:57,3,5,-206
10:50:57,6,15,-209
10:50:57,1,6,-212
10:50:57,8,15,-205
10:50:57,4,17,-214
10:50:57,5,21,-209
10:50:57,2,17,-206
10:50:57,0,2,-207
10:50:57,3,5,-207
10:50:57,3,12,-207
10:50:57,4,8,-207
10:50:57,4,8,-213
10:50:58,3,14,-210
10:50:58,5,10,-210
10:50:58,10,20,-211
10:50:58,2,17,-205
10:50:58,4,9,-206
10:50:58,6,9,-206
10:50:58,6,18,-208
10:50:58,4,19,-216
10:50:58,1,8,-209
10:50:58,5,9,-208
10:50:58,9,14,-210
10:50:58,7,19,-209
10:50:58,4,11,-209
10:50:58,8,10,-211
10:50:58,4,7,-211
10:50:58,5,14,-208
10:50:58,-2,7,-207
10:50:58,8,10,-214
10:50:58,4,11,-207
10:50:58,11,13,-210
10:50:59,5,20,-211
10:50:59,6,16,-210
10:50:59,2,14,-211
10:50:59,10,14,-210
10:50:59,11,14,-205
10:50:59,11,18,-210
10:50:59,1,9,-208
10:50:59,11,13,-211
10:50:59,9,13,-208
10:50:59,2,15,-208
10:50:59,0,10,-206
10:50:59,-1,6,-207
10:50:59,10,12,-210
10:50:59,5,17,-208
10:50:59,3,9,-216
10:50:59,7,12,-218
10:50:59,11,18,-209
10:50:59,4,14,-209
10:50:59,-2,5,-209
10:51:00,1,8,-208
10:51:00,3,8,-208
10:51:00,12,16,-210
10:51:00,8,21,-212
10:51:00,2,14,-209
10:51:00,6,14,-211
10:51:00,7,14,-204
10:51:00,4,16,-212
10:51:00,10,17,-204
10:51:00,7,13,-209
10:51:00,7,12,-211
10:51:00,7,17,-208
10:51:00,5,14,-209
10:51:00,-1,4,-208
10:51:00,5,1,-206
10:51:00,9,10,-212
10:51:00,4,22,-209
10:51:00,9,17,-217
10:51:00,4,11,-212
10:51:00,9,8,-214
10:51:01,5,19,-209
10:51:01,0,14,-202
10:51:01,2,1,-208
10:51:01,5,7,-212
10:51:01,4,18,-214
10:51:01,6,26,-212
10:51:01,-1,8,-214
10:51:01,5,20,-212
10:51:01,5,7,-203
10:51:01,2,11,-208
10:51:01,5,9,-208
10:51:01,6,19,-212
10:51:01,10,7,-206
10:51:01,7,15,-207
10:51:01,7,15,-209
10:51:01,2,14,-207
10:51:01,7,12,-207
10:51:01,5,17,-211
10:51:01,7,19,-215
10:51:01,8,7,-215
10:51:02,8,2,-212
10:51:02,4,3,-210
10:51:02,9,15,-211
10:51:02,3,10,-208
10:51:02,2,15,-210
10:51:02,4,10,-211
10:51:02,2,14,-211
10:51:02,-4,14,-212
10:51:02,0,1,-208
10:51:02,6,14,-213
10:51:02,10,11,-208
10:51:02,3,14,-210
10:51:02,5,17,-206
10:51:02,7,13,-209
10:51:02,6,13,-206
10:51:02,8,23,-206
10:51:02,7,18,-205
10:51:02,0,-2,-207
10:51:02,7,4,-209
10:51:02,11,16,-210
10:51:03,4,20,-210
10:51:03,1,12,-213
10:51:03,0,7,-208
10:51:03,13,21,-209
10:51:03,8,12,-212
10:51:03,3,4,-206
10:51:03,8,13,-209
10:51:03,-1,14,-212
10:51:03,4,19,-214
10:51:03,-1,13,-205
10:51:03,-2,9,-205
10:51:03,3,13,-213
10:51:03,10,13,-213
10:51:03,8,19,-211
10:51:03,-1,10,-209
10:51:03,3,14,-211
10:51:03,1,6,-206
10:51:03,14,18,-208
10:51:03,2,13,-207
10:51:04,4,11,-210
10:51:04,6,5,-210
10:51:04,6,15,-208
10:51:04,2,17,-204
10:51:04,0,11,-210
10:51:04,1,7,-208
10:51:04,9,9,-209
10:51:04,1,12,-208
10:51:04,8,10,-209
10:51:04,6,12,-217
10:51:04,6,15,-207
10:51:04,9,16,-214
10:51:04,4,15,-211
10:51:04,4,4,-209
10:51:04,2,8,-206
10:51:04,4,14,-211
10:51:04,5,17,-215
10:51:04,2,9,-215
10:51:04,10,15,-209
10:51:04,4,10,-204
10:51:05,1,18,-206
10:51:05,0,2,-208
10:51:05,8,12,-207
10:51:05,10,17,-209
10:51:05,7,19,-210
10:51:05,3,18,-208
10:51:05,-3,6,-207
10:51:05,0,3,-207
10:51:05,6,12,-207
10:51:05,2,22,-209
10:51:05,12,18,-213
10:51:05,2,9,-216
10:51:05,4,7,-208
10:51:05,7,16,-209
10:51:05,0,8,-208
10:51:05,5,7,-207
10:51:05,2,-1,-211
10:51:05,11,10,-207
10:51:05,6,18,-213
10:51:05,1,9,-210
10:51:06,6,11,-211
10:51:06,2,7,-207
10:51:06,5,14,-208
10:51:06,5,11,-208
10:51:06,4,13,-207
10:51:06,8,12,-206
10:51:06,5,15,-205
10:51:06,0,14,-204
10:51:06,-2,2,-213
10:51:06,7,9,-208
10:51:06,8,11,-206
10:51:06,4,22,-212
10:51:06,3,16,-213
10:51:06,5,11,-212
10:51:06,7,15,-210
10:51:06,6,18,-211
10:51:06,8,18,-215
10:51:06,6,10,-211
10:51:06,2,13,-210
10:51:07,5,19,-212
10:51:07,1,21,-210
10:51:07,-4,0,-209
10:51:07,8,4,-208
10:51:07,7,12,-210
10:51:07,9,18,-207
10:51:07,2,18,-209
10:51:07,8,17,-210
10:51:07,3,12,-210
10:51:07,9,15,-207
10:51:07,4,17,-206
10:51:07,5,4,-207
10:51:07,3,6,-209
10:51:07,10,20,-208
10:51:07,3,20,-211
10:51:07,4,13,-209
10:51:07,1,4,-213
10:51:07,2,15,-208
10:51:07,8,14,-209
10:51:07,-1,5,-207
10:51:08,2,7,-211
10:51:08,7,15,-213
10:51:08,15,21,-214
10:51:08,-3,14,-213
10:51:08,5,13,-210
10:51:08,1,9,-207
10:51:08,16,14,-206
10:51:08,10,18,-215
10:51:08,7,12,-209
10:51:08,4,14,-210
10:51:08,10,7,-208
10:51:08,5,19,-206
10:51:08,4,11,-208
10:51:08,5,6,-205
10:51:08,9,6,-210
10:51:08,11,18,-213
10:51:08,2,19,-212
10:51:08,1,10,-214
10:51:08,3,7,-213
10:51:08,5,13,-207
10:51:09,5,19,-207
10:51:09,5,14,-211
10:51:09,5,15,-212
10:51:09,4,6,-207
10:51:09,4,11,-214
10:51:09,0,17,-208
10:51:09,-4,10,-206
10:51:09,3,7,-206
10:51:09,9,11,-209
10:51:09,7,21,-209
10:51:09,6,16,-210
10:51:09,8,11,-208
10:51:09,2,5,-211
10:51:09,9,20,-204
10:51:09,1,18,-210
10:51:09,4,11,-208
10:51:09,2,7,-211
10:51:09,10,23,-208
10:51:09,7,24,-212
10:51:09,-4,6,-210
10:51:10,9,6,-207
10:51:10,7,13,-209
10:51:10,5,13,-212
10:51:10,4,16,-210
10:51:10,7,14,-214
10:51:10,7,12,-212
10:51:10,4,16,-214
10:51:10,-2,17,-209
10:51:10,6,1,-207
10:51:10,-1,7,-210
10:51:10,16,20,-207
10:51:10,2,26,-208
10:51:10,2,14,-214
10:51:10,3,11,-213
10:51:10,12,11,-211
10:51:10,5,16,-203
10:51:10,7,5,-204
10:51:10,-1,7,-211
10:51:10,3,18,-210
10:51:11,10,21,-207
10:51:11,5,17,-207
10:51:11,3,8,-209
10:51:11,3,7,-206
10:51:11,15,19,-207
10:51:11,12,15,-209
10:51:11,-3,9,-211
10:51:11,2,11,-216
10:51:11,6,8,-213
10:51:11,12,19,-209
10:51:11,-4,8,-210
10:51:11,2,11,-207
10:51:11,6,8,-211
10:51:11,3,17,-207
10:51:11,11,20,-211
10:51:11,5,11,-213
10:51:11,8,12,-205
10:51:11,-3,6,-206
10:51:11,9,21,-208
10:51:11,-1,9,-207
10:51:12,5,17,-210
10:51:12,5,12,-205
10:51:12,8,16,-205
10:51:12,3,16,-209
10:51:12,0,11,-205
10:51:12,5,9,-211
10:51:12,11,10,-208
10:51:12,7,18,-208
10:51:12,3,10,-209
10:51:12,4,9,-211
10:51:12,5,10,-210
10:51:12,3,14,-209
10:51:12,5,8,-210
10:51:12,3,7,-212
10:51:12,9,15,-211
10:51:12,5,20,-208
10:51:12,1,17,-212
10:51:12,6,8,-214
10:51:12,7,10,-204
10:51:12,11,16,-206
10:51:13,4,22,-203
10:51:13,3,20,-208
10:51:13,3,7,-211
10:51:13,11,9,-205
10:51:13,3,13,-204
10:51:13,1,16,-208
10:51:13,3,6,-203
10:51:13,7,1,-210
10:51:13,7,10,-212
10:51:13,10,20,-209
10:51:13,5,9,-210
10:51:13,-1,8,-209
10:51:13,1,7,-207
10:51:13,6,18,-210
10:51:13,9,6,-210
10:51:13,8,12,-211
10:51:13,9,11,-210
10:51:13,10,16,-209
10:51:13,-3,14,-213
10:51:14,3,10,-207
10:51:14,5,2,-209
10:51:14,6,8,-207
10:51:14,9,14,-207
10:51:14,10,14,-210
10:51:14,4,10,-211
10:51:14,6,9,-212
10:51:14,6,12,-207
10:51:14,2,11,-210
10:51:14,8,7,-209
10:51:14,-1,6,-208
10:51:14,11,19,-210
10:51:14,6,28,-208
10:51:14,5,10,-211
10:51:14,0,4,-210
10:51:14,6,10,-204
10:51:14,9,18,-210
10:51:14,-1,14,-211
10:51:14,0,4,-212
10:51:14,11,13,-215
10:51:15,8,16,-215
10:51:15,1,9,-209
10:51:15,-3,2,-208
10:51:15,6,4,-207
10:51:15,10,11,-211
10:51:15,8,30,-210
10:51:15,2,15,-208
10:51:15,4,6,-210
10:51:15,1,14,-211
10:51:15,5,20,-204
10:51:15,2,12,-205
10:51:15,3,2,-207
10:51:15,4,3,-206
10:51:15,14,23,-209
10:51:15,6,29,-207
10:51:15,3,12,-211
10:51:15,2,7,-209
10:51:15,11,9,-212
10:51:15,9,14,-209
10:51:15,0,7,-207
10:51:16,3,7,-210
10:51:16,4,7,-213
10:51:16,9,16,-211
10:51:16,6,18,-210
10:51:16,2,10,-206
10:51:16,2,3,-203
10:51:16,10,14,-210
10:51:16,4,21,-206
10:51:16,-4,10,-213
10:51:16,7,9,-209
10:51:16,2,5,-208
10:51:16,9,18,-208
10:51:16,4,7,-211
10:51:16,11,10,-211
10:51:16,5,11,-205
10:51:16,10,27,-212
10:51:16,3,15,-209
10:51:16,1,3,-209
10:51:16,4,9,-208
10:51:16,9,7,-209
10:51:17,3,14,-210
10:51:17,5,20,-211
10:51:17,-3,6,-208
10:51:17,3,7,-213
10:51:17,6,17,-206
10:51:17,2,11,-207
10:51:17,4,2,-212
10:51:17,12,12,-212
10:51:17,2,13,-213
10:51:17,7,25,-210
10:51:17,-1,10,-210
10:51:17,-2,7,-210
10:51:17,10,12,-208
10:51:17,8,16,-211
10:51:17,3,6,-208
10:51:17,3,7,-210
10:51:17,10,11,-212
10:51:17,10,20,-205
10:51:17,6,21,-207
10:51:18,2,10,-208
10:51:18,2,8,-208
10:51:18,10,10,-206
10:51:18,-1,9,-213
10:51:18,11,20,-210
10:51:18,0,16,-212
10:51:18,1,7,-213
10:51:18,2,12,-209
10:51:18,-4,11,-204
10:51:18,5,4,-211
10:51:18,3,12,-210
10:51:18,12,19,-211
10:51:18,-2,12,-212
10:51:18,3,12,-208
10:51:18,1,0,-209
10:51:18,12,13,-208
10:51:18,2,20,-209
10:51:18,7,15,-210
10:51:18,3,6,-210
10:51:18,7,8,-212
10:51:19,7,15,-208
10:51:19,1,12,-206
10:51:19,10,11,-207
10:51:19,4,5,-210
10:51:19,9,14,-208
10:51:19,7,21,-209
10:51:19,8,16,-214
10:51:19,-1,7,-207
10:51:19,2,7,-210
10:51:19,7,15,-209
10:51:19,5,10,-210
10:51:19,7,10,-209
10:51:19,8,9,-212
10:51:19,12,17,-215
10:51:19,-3,17,-208
10:51:19,-1,0,-207
10:51:19,9,5,-206
10:51:19,9,12,-208
10:51:19,7,21,-209
10:51:19,-1,20,-212
10:51:20,6,16,-210
10:51:20,3,3,-210
10:51:20,7,11,-209
10:51:20,4,11,-203
10:51:20,3,3,-205
10:51:20,7,10,-207
10:51:20,13,19,-211
10:51:20,7,23,-210
10:51:20,3,14,-205
10:51:20,0,5,-212
10:51:20,5,11,-209
10:51:20,6,18,-211
10:51:20,3,6,-208
10:51:20,4,8,-208
10:51:20,8,12,-213
10:51:20,8,23,-209
10:51:20,6,19,-212
10:51:20,-2,7,-208
10:51:20,2,3,-206
10:51:21,3,8,-210
10:51:21,5,14,-208
10:51:21,0,12,-210
10:51:21,6,16,-210
10:51:21,10,14,-211
10:51:21,9,19,-210
10:51:21,10,15,-209
10:51:21,1,8,-207
10:51:21,9,12,-209
10:51:21,5,17,-214
10:51:21,6,15,-209
10:51:21,-3,6,-206
10:51:21,1,5,-209
10:51:21,11,13,-210
10:51:21,9,14,-212
10:51:21,-1,7,-208
10:51:21,6,19,-210
10:51:21,2,10,-211
10:51:21,9,26,-207
10:51:21,-5,11,-211
10:51:22,4,6,-207
10:51:22,5,11,-207
10:51:22,9,18,-208
10:51:22,5,23,-210
10:51:22,2,9,-210
10:51:22,3,11,-213
10:51:22,6,12,-204
10:51:22,14,21,-207
10:51:22,5,12,-207
10:51:22,5,7,-211
10:51:22,3,14,-213
10:51:22,8,20,-204
10:51:22,-4,15,-205
10:51:22,5,10,-208
10:51:22,3,13,-209
10:51:22,8,10,-205
10:51:22,4,17,-214
10:51:22,6,17,-214
10:51:22,9,13,-213
10:51:22,6,10,-208
10:51:23,1,18,-208
10:51:23,-1,10,-208
10:51:23,3,6,-210
10:51:23,8,8,-211
10:51:23,11,12,-214
10:51:23,9,21,-212
10:51:23,2,16,-212
10:51:23,-2,10,-211
10:51:23,5,12,-207
10:51:23,7,16,-210
10:51:23,7,11,-206
10:51:23,5,7,-208
10:51:23,10,15,-215
10:51:23,10,29,-211
10:51:23,-3,10,-209
10:51:23,7,8,-208
10:51:23,-2,0,-203
10:51:23,10,14,-209
10:51:23,12,24,-215
10:51:23,4,12,-209
10:51:24,11,13,-214
10:51:24,8,13,-210
10:51:24,3,19,-214
10:51:24,4,17,-207
10:51:24,3,9,-213
10:51:24,5,18,-212
10:51:24,6,9,-211
10:51:24,6,18,-212
10:51:24,6,15,-207
10:51:24,0,12,-207
10:51:24,7,9,-206
10:51:24,-1,13,-209
10:51:24,4,11,-208
10:51:24,-1,12,-210
10:51:24,12,17,-211
10:51:24,7,14,-210
10:51:24,1,12,-208
10:51:24,6,10,-207
10:51:24,7,11,-207
10:51:25,8,20,-211
10:51:25,5,24,-209
10:51:25,3,17,-211
10:51:25,5,8,-207
10:51:25,9,14,-211
10:51:25,10,16,-211
10:51:25,2,15,-213
10:51:25,0,6,-209
10:51:25,3,12,-210
10:51:25,9,17,-208
10:51:25,0,15,-207
10:51:25,2,5,-206
10:51:25,3,8,-209
10:51:25,2,14,-208
10:51:25,8,19,-211
10:51:25,5,15,-211
10:51:25,4,13,-212
10:51:25,3,13,-205
10:51:25,4,14,-208
10:51:25,5,7,-208
10:51:26,5,4,-211
10:51:26,5,5,-207
10:51:26,13,25,-210
10:51:26,4,20,-211
10:51:26,6,11,-210
10:51:26,0,6,-205
10:51:26,5,12,-206
10:51:26,2,10,-207
10:51:26,7,14,-212
10:51:26,7,13,-213
10:51:26,9,17,-215
10:51:26,4,20,-212
10:51:26,8,13,-207
10:51:26,-4,6,-208
10:51:26,3,3,-206
10:51:26,8,12,-209
10:51:26,5,18,-209
10:51:26,3,5,-214
10:51:26,5,5,-215
10:51:26,6,11,-205
10:51:27,8,16,-209
10:51:27,4,11,-206
10:51:27,2,5,-205
10:51:27,8,13,-214
10:51:27,4,17,-210
10:51:27,5,17,-208
10:51:27,4,10,-211
10:51:27,7,9,-208
10:51:27,5,12,-208
10:51:27,6,17,-202
10:51:27,10,10,-209
10:51:27,3,7,-210
10:51:27,7,7,-211
10:51:27,7,17,-209
10:51:27,0,10,-211
10:51:27,-5,5,-210
10:51:27,7,8,-212
10:51:27,5,15,-207
10:51:27,8,21,-207
10:51:28,1,13,-214
10:51:28,0,10,-213
10:51:28,6,14,-208
10:51:28,5,20,-210
10:51:28,6,4,-208
10:51:28,2,4,-212
10:51:28,9,10,-212
10:51:28,3,17,-208
10:51:28,6,19,-212
10:51:28,8,12,-210
10:51:28,5,3,-209
10:51:28,13,14,-209
10:51:28,5,20,-206
10:51:28,5,18,-213
10:51:28,-6,0,-209
10:51:28,9,13,-208
10:51:28,7,19,-211
10:51:28,5,10,-208
10:51:28,1,5,-209
10:51:28,2,9,-210
10:51:29,9,17,-210
10:51:29,3,17,-208
10:51:29,3,6,-210
10:51:29,12,15,-213
10:51:29,11,12,-214
10:51:29,8,15,-213
10:51:29,-2,9,-207
10:51:29,3,9,-209
10:51:29,10,17,-213
10:51:29,12,18,-209
10:51:29,-8,2,-205
10:51:29,4,4,-209
10:51:29,9,3,-205
10:51:29,3,12,-208
10:51:29,5,18,-206
10:51:29,5,13,-211
10:51:29,3,15,-209
10:51:29,8,14,-211
10:51:29,8,16,-210
10:51:29,-6,2,-206
10:51:30,3,5,-212
10:51:30,2,13,-214
10:51:30,9,22,-211
10:51:30,1,17,-212
10:51:30,3,13,-211
10:51:30,-6,7,-208
10:51:30,12,14,-209
10:51:30,9,17,-211
10:51:30,5,17,-212
10:51:30,4,10,-214
10:51:30,10,15,-211
10:51:30,3,18,-208
10:51:30,-2,9,-206
10:51:30,6,9,-206
10:51:30,7,5,-207
10:51:30,6,17,-207
10:51:30,4,15,-209
10:51:30,0,16,-211
10:51:30,4,14,-213
10:51:31,10,15,-205
10:51:31,4,15,-208
10:51:31,8,11,-208
10:51:31,4,12,-210
10:51:31,7,10,-212
10:51:31,11,22,-212
10:51:31,-9,14,-210
10:51:31,-1,5,-209
10:51:31,2,3,-204
10:51:31,7,8,-209
10:51:31,8,25,-211
10:51:31,1,12,-210
10:51:31,4,8,-208
10:51:31,5,3,-211
10:51:31,9,16,-210
10:51:31,2,15,-205
10:51:31,8,5,-214
10:51:31,9,4,-210
10:51:31,10,13,-207
10:51:31,1,14,-209
10:51:32,7,14,-211
10:51:32,-3,10,-207
10:51:32,11,7,-206
10:51:32,9,18,-211
10:51:32,0,9,-206
10:51:32,8,10,-210
10:51:32,10,13,-216
10:51:32,7,13,-211
10:51:32,3,20,-209
10:51:32,2,2,-212
10:51:32,8,5,-212
10:51:32,3,6,-211
10:51:32,9,16,-209
10:51:32,11,13,-210
10:51:32,0,7,-211
10:51:32,5,6,-207
10:51:32,4,24,-203
10:51:32,7,14,-207
10:51:32,2,7,-207
10:51:32,3,10,-207
10:51:33,10,18,-214
10:51:33,3,23,-211
10:51:33,2,10,-209
10:51:33,7,9,-204
10:51:33,9,10,-203
10:51:33,5,13,-206
10:51:33,1,12,-206
10:51:33,2,7,-211
10:51:33,10,17,-215
10:51:33,8,16,-211
10:51:33,3,11,-211
10:51:33,-2,2,-207
10:51:33,0,3,-210
10:51:33,14,20,-211
10:51:33,3,20,-209
10:51:33,6,13,-210
10:51:33,1,7,-214
10:51:33,8,10,-207
10:51:33,11,17,-214
10:51:33,0,7,-204
10:51:34,1,11,-215
10:51:34,8,16,-210
10:51:34,14,20,-213
10:51:34,0,8,-209
10:51:34,3,5,-209
10:51:34,9,4,-206
10:51:34,7,13,-208
10:51:34,7,15,-208
10:51:34,5,15,-213
10:51:34,4,14,-212
10:51:34,13,22,-205
10:51:34,5,15,-206
10:51:34,-4,11,-209
10:51:34,3,7,-210
10:51:34,8,5,-208
10:51:34,4,16,-215
10:51:34,1,17,-210
10:51:34,-1,9,-212
10:51:34,-2,8,-209
10:51:35,11,16,-207
10:51:35,8,15,-211
10:51:35,-2,7,-209
10:51:35,6,16,-212
10:51:35,8,15,-213
10:51:35,7,16,-208
10:51:35,3,18,-210
10:51:35,-1,8,-208
10:51:35,6,5,-206
10:51:35,13,11,-199
10:51:35,11,21,-210
10:51:35,0,15,-211
10:51:35,5,16,-209
10:51:35,-3,4,-209
10:51:35,10,17,-212
10:51:35,4,10,-204
10:51:35,3,2,-209
10:51:35,6,10,-209
10:51:35,14,18,-218
10:51:35,2,23,-213
10:51:36,0,6,-214
10:51:36,4,3,-206
10:51:36,10,16,-208
10:51:36,4,18,-207
10:51:36,8,18,-212
10:51:36,2,7,-214
10:51:36,11,16,-210
10:51:36,4,14,-206
10:51:36,2,14,-208
10:51:36,-1,6,-206
10:51:36,6,7,-208
10:51:36,6,19,-212
10:51:36,8,19,-206
10:51:36,9,8,-213
10:51:36,7,13,-209
10:51:36,0,8,-204
10:51:36,4,17,-205
10:51:36,5,19,-210
10:51:36,1,8,-212
10:51:36,8,10,-209
10:51:37,7,13,-213
10:51:37,1,14,-216
10:51:37,2,4,-212
10:51:37,-7,4,-208
10:51:37,6,15,-209
10:51:37,6,20,-210
10:51:37,7,19,-211
10:51:37,4,7,-213
10:51:37,2,2,-210
10:51:37,10,14,-207
10:51:37,7,14,-207
10:51:37,8,5,-208
10:51:37,3,9,-208
10:51:37,7,13,-210
10:51:37,3,18,-210
10:51:37,6,19,-210
10:51:37,6,12,-204
10:51:37,11,17,-206
10:51:37,8,17,-206
10:51:38,4,13,-206
10:51:38,0,9,-208
10:51:38,9,16,-210
10:51:38,14,27,-209
10:51:38,-2,13,-209
10:51:38,2,10,-208
10:51:38,1,3,-211
10:51:38,5,12,-210
10:51:38,8,20,-206
10:51:38,4,10,-211
10:51:38,2,12,-209
10:51:38,6,13,-210
10:51:38,6,14,-209
10:51:38,1,10,-204
10:51:38,2,4,-210
10:51:38,7,11,-208
10:51:38,8,22,-212
10:51:38,7,10,-212
10:51:38,4,12,-211
10:51:38,10,18,-208
10:51:39,0,5,-207
10:51:39,8,15,-203
10:51:39,7,16,-206
10:51:39,0,18,-213
10:51:39,7,12,-213
10:51:39,14,16,-205
10:51:39,-1,11,-208
10:51:39,5,8,-211
10:51:39,7,6,-207
10:51:39,7,18,-206
10:51:39,0,17,-214
10:51:39,2,14,-216
10:51:39,0,3,-213
10:51:39,6,7,-209
10:51:39,2,10,-210
10:51:39,6,12,-206
10:51:39,7,17,-206
10:51:39,2,8,-213
10:51:39,12,21,-210
10:51:39,-2,14,-206
10:51:40,7,10,-204
10:51:40,3,4,-211
10:51:40,6,3,-206
10:51:40,2,15,-210
10:51:40,7,16,-205
10:51:40,1,13,-209
10:51:40,5,10,-210
10:51:40,2,19,-204
10:51:40,6,11,-208
10:51:40,4,9,-209
10:51:40,6,7,-209
10:51:40,10,15,-211
10:51:40,0,17,-212
10:51:40,2,7,-211
10:51:40,-1,8,-213
10:51:40,10,7,-208
10:51:40,5,15,-207
10:51:40,5,13,-213
10:51:40,3,15,-212
10:51:40,9,9,-209
10:51:41,5,14,-209
10:51:41,9,18,-209
10:51:41,-1,8,-204
10:51:41,7,8,-207
10:51:41,9,18,-212
10:51:41,2,16,-209
10:51:41,4,10,-210
10:51:41,4,14,-211
10:51:41,6,9,-210
10:51:41,7,15,-205
10:51:41,4,10,-208
10:51:41,9,8,-210
10:51:41,-1,10,-212
10:51:41,13,21,-211
10:51:41,0,17,-208
10:51:41,-3,10,-207
10:51:41,-3,5,-209
10:51:41,16,9,-212
10:51:41,3,25,-211
10:51:42,1,14,-212
10:51:42,4,11,-213
10:51:42,1,9,-209
10:51:42,10,20,-207
10:51:42,2,13,-210
10:51:42,5,5,-207
10:51:42,4,5,-212
10:51:42,11,18,-215
10:51:42,7,22,-210
10:51:42,6,8,-210
10:51:42,2,5,-211
10:51:42,8,9,-207
10:51:42,7,12,-207
10:51:42,-2,10,-204
10:51:42,-1,6,-206
10:51:42,10,16,-212
10:51:42,10,25,-212
10:51:42,5,12,-211
10:51:42,2,4,-210
10:51:42,7,9,-206
10:51:43,1,14,-206
10:51:43,5,14,-209
10:51:43,5,11,-211
10:51:43,6,5,-214
10:51:43,1,4,-216
10:51:43,7,15,-204
10:51:43,3,20,-210
10:51:43,1,11,-207
10:51:43,3,7,-211
10:51:43,7,23,-209
10:51:43,6,24,-208
10:51:43,2,7,-213
10:51:43,2,8,-211
10:51:43,9,4,-208
10:51:43,2,14,-210
10:51:43,7,14,-206
10:51:43,5,8,-210
10:51:43,8,11,-211
10:51:43,9,18,-209
10:51:43,-1,17,-211
10:51:44,7,11,-208
10:51:44,1,2,-208
10:51:44,13,16,-209
10:51:44,6,23,-211
10:51:44,1,3,-211
10:51:44,3,8,-210
10:51:44,8,9,-213
10:51:44,1,12,-210
10:51:44,2,3,-207
10:51:44,7,4,-208
10:51:44,4,12,-208
10:51:44,14,22,-212
10:51:44,1,17,-212
10:51:44,1,5,-213
10:51:44,6,7,-210
10:51:44,1,9,-211
10:51:44,7,13,-208
10:51:44,5,10,-210
10:51:44,7,13,-211
10:51:45,8,14,-211
10:51:45,5,15,-206
10:51:45,8,11,-208
10:51:45,5,12,-206
10:51:45,7,9,-207
10:51:45,9,20,-206
10:51:45,2,19,-208
10:51:45,3,13,-216
10:51:45,1,6,-209
10:51:45,0,-2,-209
10:51:45,9,18,-207
10:51:45,5,11,-212
10:51:45,5,17,-210
10:51:45,6,16,-214
10:51:45,14,20,-212
10:51:45,-3,14,-208
10:51:45,2,-1,-206
10:51:45,6,10,-209
10:51:45,10,13,-206
10:51:45,5,22,-211
10:51:46,6,15,-210
10:51:46,6,16,-209
10:51:46,4,14,-207
10:51:46,5,17,-206
10:51:46,2,14,-209
10:51:46,7,1,-208
10:51:46,5,13,-207
10:51:46,11,20,-211
10:51:46,3,17,-209
10:51:46,1,10,-210
10:51:46,1,11,-206
10:51:46,10,10,-210
10:51:46,4,15,-206
10:51:46,1,12,-207
10:51:46,8,10,-214
10:51:46,11,14,-215
10:51:46,4,13,-208
10:51:46,2,14,-210
10:51:46,0,6,-209
10:51:46,5,5,-210
10:51:47,14,20,-210
10:51:47,7,26,-210
10:51:47,-1,10,-211
10:51:47,5,6,-210
10:51:47,5,10,-207
10:51:47,8,25,-205
10:51:47,-5,9,-208
10:51:47,6,9,-204
10:51:47,8,10,-208
10:51:47,11,24,-210
10:51:47,2,19,-215
10:51:47,5,2,-212
10:51:47,0,6,-205
10:51:47,4,5,-206
10:51:47,8,19,-205
10:51:47,0,19,-207
10:51:47,5,11,-215
10:51:47,9,8,-212
10:51:47,12,17,-211
10:51:47,5,14,-210
10:51:48,-1,7,-206
10:51:48,-1,8,-211
10:51:48,11,21,-211
10:51:48,1,23,-208
10:51:48,4,10,-211
10:51:48,2,5,-214
10:51:48,2,8,-207
10:51:48,6,16,-208
10:51:48,4,11,-204
10:51:48,1,15,-209
10:51:48,1,12,-211
10:51:48,15,21,-214
10:51:48,4,20,-207
10:51:48,3,5,-213
10:51:48,5,3,-203
10:51:48,13,16,-204
10:51:48,6,23,-208
10:51:48,0,6,-210
10:51:48,4,16,-212
10:51:49,5,11,-211
10:51:49,5,14,-211
10:51:49,2,13,-208
10:51:49,0,1,-209
10:51:49,3,7,-214
10:51:49,3,10,-210
10:51:49,5,16,-213
10:51:49,-1,10,-213
10:51:49,0,7,-207
10:51:49,6,16,-207
10:51:49,11,22,-208
10:51:49,2,11,-208
10:51:49,-2,8,-211
10:51:49,6,18,-213
10:51:49,13,21,-211
10:51:49,4,16,-209
10:51:49,6,7,-211
10:51:49,5,2,-209
10:51:49,9,11,-209
10:51:49,4,19,-207
10:51:50,9,11,-207
10:51:50,9,14,-213
10:51:50,5,16,-211
10:51:50,8,19,-211
10:51:50,-1,4,-208
10:51:50,2,8,-213
10:51:50,4,13,-214
10:51:50,10,19,-210
10:51:50,-3,10,-206
10:51:50,0,8,-209
10:51:50,-1,9,-208
10:51:50,10,14,-204
10:51:50,7,15,-210
10:51:50,4,11,-212
10:51:50,8,14,-208
10:51:50,2,7,-210
10:51:50,5,12,-208
10:51:50,4,14,-204
10:51:50,-1,7,-207
10:51:50,3,12,-207
10:51:51,10,15,-210
10:51:51,9,23,-213
10:51:51,3,13,-209
10:51:51,6,8,-210
10:51:51,0,8,-207
10:51:51,3,13,-203
10:51:51,7,11,-211
10:51:51,9,10,-209
10:51:51,7,6,-216
10:51:51,7,11,-207
10:51:51,1,13,-210
10:51:51,1,7,-210
10:51:51,7,5,-206
10:51:51,8,14,-203
10:51:51,3,18,-211
10:51:51,5,18,-208
10:51:51,5,11,-215
10:51:51,2,12,-207
10:51:51,7,15,-208
10:51:52,-1,14,-205
10:51:52,0,10,-205
10:51:52,10,7,-209
10:51:52,11,15,-207
10:51:52,4,17,-212
10:51:52,5,15,-210
10:51:52,4,5,-205
10:51:52,5,9,-207
10:51:52,1,16,-206
10:51:52,1,10,-209
10:51:52,5,9,-207
10:51:52,9,11,-212
10:51:52,7,15,-212
10:51:52,0,17,-209
10:51:52,5,15,-211
10:51:52,-3,1,-206
10:51:52,7,4,-209
10:51:52,6,18,-211
10:51:52,6,10,-208
10:51:52,2,14,-213
10:51:53,3,7,-209
10:51:53,8,17,-210
10:51:53,5,13,-204
10:51:53,1,9,-208
10:51:53,10,8,-207
10:51:53,8,17,-207
10:51:53,5,23,-210
10:51:53,2,13,-210
10:51:53,3,9,-208
10:51:53,5,9,-206
10:51:53,5,10,-207
10:51:53,-1,8,-208
10:51:53,7,15,-210
10:51:53,5,15,-213
10:51:53,5,13,-215
10:51:53,-2,17,-208
10:51:53,2,4,-206
10:51:53,4,5,-207
10:51:53,11,17,-210
10:51:53,2,22,-213
10:51:54,8,17,-215
10:51:54,4,9,-215
10:51:54,7,6,-208
10:51:54,4,16,-204
10:51:54,1,11,-205
10:51:54,4,8,-211
10:51:54,7,15,-210
10:51:54,4,15,-210
10:51:54,2,11,-209
10:51:54,2,10,-208
10:51:54,5,11,-206
10:51:54,11,8,-209
10:51:54,11,21,-212
10:51:54,6,9,-208
10:51:54,6,14,-215
10:51:54,6,12,-210
10:51:54,5,18,-213
10:51:54,5,18,-214
10:51:54,1,12,-211
10:51:54,9,8,-212
10:51:55,6,14,-209
10:51:55,-2,18,-209
10:51:55,-2,10,-207
10:51:55,2,12,-208
10:51:55,5,14,-208
10:51:55,9,20,-207
10:51:55,2,9,-209
10:51:55,5,9,-211
10:51:55,9,11,-213
10:51:55,6,20,-211
10:51:55,8,19,-211
10:51:55,6,7,-207
10:51:55,1,2,-206
10:51:55,9,7,-205
10:51:55,7,21,-208
10:51:55,2,18,-210
10:51:55,7,15,-210
10:51:55,3,11,-208
10:51:55,8,20,-206
10:51:56,-6,7,-208
10:51:56,3,4,-206
10:51:56,4,5,-212
10:51:56,14,11,-214
10:51:56,7,19,-212
10:51:56,9,13,-210
10:51:56,-8,4,-211
10:51:56,6,4,-210
10:51:56,2,16,-205
10:51:56,2,16,-209
10:51:56,6,10,-210
10:51:56,10,13,-207
10:51:56,15,23,-210
10:51:56,0,19,-209
10:51:56,2,12,-207
10:51:56,-3,12,-208
10:51:56,10,13,-204
10:51:56,6,11,-208
10:51:56,7,10,-211
10:51:56,7,15,-207
10:51:57,10,14,-208
10:51:57,3,18,-202
10:51:57,2,9,-206
10:51:57,-3,8,-210
10:51:57,7,10,-213
10:51:57,8,21,-211
10:51:57,2,13,-210
10:51:57,-10,2,-212
10:51:57,2,14,-204
10:51:57,2,6,-208
10:51:57,11,17,-210
10:51:57,1,11,-208
10:51:57,6,10,-214
10:51:57,6,3,-209
10:51:57,6,10,-211
10:51:57,7,12,-211
10:51:57,6,10,-203
10:51:57,8,8,-207
10:51:57,11,16,-205
10:51:57,-1,20,-212
10:51:58,2,8,-211
10:51:58,4,11,-209
10:51:58,5,8,-206
10:51:58,11,10,-203
10:51:58,7,16,-209
10:51:58,4,8,-211
10:51:58,11,13,-211
10:51:58,8,25,-205
10:51:58,1,18,-208
10:51:58,2,5,-208
10:51:58,5,7,-210
10:51:58,7,14,-208
10:51:58,5,18,-212
10:51:58,2,6,-215
10:51:58,1,9,-209
10:51:58,4,9,-209
10:51:58,10,24,-210
10:51:58,12,13,-210
10:51:58,10,9,-210
10:51:59,8,11,-213
10:51:59,2,10,-209
10:51:59,9,18,-210
10:51:59,0,13,-211
10:51:59,3,12,-203
10:51:59,9,12,-209
10:51:59,11,18,-206
10:51:59,2,10,-207
10:51:59,6,15,-212
10:51:59,10,10,-210
10:51:59,7,18,-213
10:51:59,-3,5,-204
10:51:59,1,6,-205
10:51:59,3,11,-209
10:51:59,11,13,-211
10:51:59,-1,20,-210
10:51:59,4,11,-213
10:51:59,7,10,-214
10:51:59,2,3,-207
10:51:59,0,15,-204
10:52:00,4,15,-210
10:52:00,6,16,-212
10:52:00,7,12,-212
10:52:00,10,8,-210
10:52:00,5,11,-209
10:52:00,-3,7,-209
10:52:00,4,10,-206
10:52:00,7,14,-212
10:52:00,7,20,-211
10:52:00,9,14,-207
10:52:00,3,8,-205
10:52:00,7,8,-206
10:52:00,1,15,-206
10:52:00,7,20,-208
10:52:00,0,5,-211
10:52:00,10,3,-208
10:52:00,11,15,-210
10:52:00,-2,14,-213
10:52:00,5,6,-214
10:52:00,0,10,-210
10:52:01,4,8,-202
10:52:01,2,14,-207
10:52:01,8,13,-217
10:52:01,10,11,-208
10:52:01,7,9,-214
10:52:01,7,17,-213
10:52:01,-4,16,-205
10:52:01,2,4,-207
10:52:01,5,0,-204
10:52:01,9,5,-206
10:52:01,8,20,-212
10:52:01,6,12,-212
10:52:01,6,9,-211
10:52:01,5,8,-208
10:52:01,8,15,-202
10:52:01,2,13,-205
10:52:01,5,15,-206
10:52:01,7,13,-207
10:52:01,8,17,-206
10:52:01,-2,14,-212
10:52:02,2,10,-209
10:52:02,-3,4,-206
10:52:02,6,8,-208
10:52:02,9,18,-211
10:52:02,2,15,-209
10:52:02,5,16,-215
10:52:02,3,10,-209
10:52:02,5,12,-211
10:52:02,2,7,-208
10:52:02,0,5,-207
10:52:02,5,10,-209
10:52:02,16,15,-212
10:52:02,3,20,-209
10:52:02,1,13,-209
10:52:02,7,11,-212
10:52:02,3,9,-210
10:52:02,8,12,-214
10:52:02,6,16,-205
10:52:02,3,8,-208
10:52:03,3,12,-212
10:52:03,8,18,-207
10:52:03,-3,13,-206
10:52:03,1,5,-208
10:52:03,3,7,-204
10:52:03,12,14,-210
10:52:03,-2,14,-208
10:52:03,1,12,-212
10:52:03,3,6,-213
10:52:03,6,14,-207
10:52:03,5,19,-204
10:52:03,0,19,-207
10:52:03,7,8,-210
10:52:03,7,7,-211
10:52:03,4,11,-211
10:52:03,0,10,-213
10:52:03,1,12,-210
10:52:03,2,10,-210
10:52:03,6,14,-209
10:52:03,9,14,-208
10:52:04,7,12,-209
10:52:04,8,10,-210
10:52:04,5,7,-205
10:52:04,12,23,-206
10:52:04,3,19,-211
10:52:04,-1,10,-210
10:52:04,-1,5,-205
10:52:04,14,12,-214
10:52:04,8,20,-210
10:52:04,6,9,-213
10:52:04,2,12,-211
10:52:04,10,12,-214
10:52:04,8,13,-208
10:52:04,3,12,-210
10:52:04,-1,2,-208
10:52:04,6,10,-212
10:52:04,9,16,-207
10:52:04,2,18,-214
10:52:04,-2,10,-211
10:52:04,4,12,-210
10:52:05,8,7,-211
10:52:05,6,16,-204
10:52:05,3,13,-211
10:52:05,3,20,-209
10:52:05,7,9,-208
10:52:05,4,17,-210
10:52:05,2,10,-207
10:52:05,7,8,-202
10:52:05,9,12,-209
10:52:05,7,16,-210
10:52:05,9,21,-214
10:52:05,4,14,-213
10:52:05,3,6,-209
10:52:05,2,8,-209
10:52:05,6,20,-206
10:52:05,0,6,-206
10:52:05,12,15,-212
10:52:05,4,7,-214
10:52:05,12,14,-208
10:52:06,-2,12,-210
10:52:06,2,8,-209
10:52:06,-4,8,-206
10:52:06,7,11,-205
10:52:06,8,17,-213
10:52:06,3,14,-213
10:52:06,3,11,-211
10:52:06,11,13,-210
10:52:06,7,14,-210
10:52:06,3,12,-206
10:52:06,5,2,-210
10:52:06,9,10,-214
10:52:06,10,15,-211
10:52:06,8,23,-209
10:52:06,3,12,-207
10:52:06,0,6,-212
10:52:06,15,12,-208
10:52:06,9,16,-204
10:52:06,-2,8,-210
10:52:06,5,2,-208
10:52:07,5,14,-212
10:52:07,9,16,-212
10:52:07,4,17,-213
10:52:07,7,10,-212
10:52:07,3,-3,-209
10:52:07,9,12,-209
10:52:07,6,20,-210
10:52:07,6,18,-210
10:52:07,6,10,-214
10:52:07,3,13,-210
10:52:07,9,18,-205
10:52:07,2,9,-208
10:52:08,7,8,-209
10:52:08,6,13,-207
10:52:08,7,20,-211
10:52:08,11,24,-210
10:52:08,3,7,-208
10:52:08,6,5,-211
10:52:08,13,10,-209
10:52:08,6,17,-205
10:52:08,1,11,-212
10:52:08,3,8,-209
10:52:08,5,7,-207
10:52:08,8,12,-212
10:52:08,6,16,-209
10:52:08,0,6,-209
10:52:08,3,8,-209
10:52:08,11,22,-211
10:52:08,3,22,-208
10:52:08,1,14,-209
10:52:08,2,5,-213
10:52:08,9,12,-203
10:52:08,4,14,-205
10:52:08,7,11,-207
10:52:08,0,4,-207
10:52:08,4,9,-207
10:52:08,6,20,-209
10:52:08,1,23,-208
10:52:08,0,16,-210
10:52:08,-1,1,-205
10:52:09,11,14,-210
10:52:09,11,13,-208
10:52:09,4,19,-206
10:52:09,0,9,-211
10:52:09,6,12,-213
10:52:09,6,17,-211
10:52:09,-3,9,-209
10:52:09,-1,5,-211
10:52:09,4,4,-209
10:52:09,8,14,-205
10:52:09,1,13,-207
10:52:09,5,8,-210
10:52:09,9,13,-208
10:52:09,3,13,-207
10:52:09,0,10,-204
10:52:09,2,9,-206
10:52:09,4,7,-210
10:52:09,7,9,-210
10:52:09,8,18,-210
10:52:10,-1,15,-212
10:52:10,3,4,-206
10:52:10,5,8,-205
10:52:10,10,11,-207
10:52:10,8,19,-206
10:52:10,8,14,-207
10:52:10,6,8,-215
10:52:10,5,8,-208
10:52:10,2,19,-209
10:52:10,1,9,-207
10:52:10,6,7,-211
10:52:12,4,3,-207
10:52:12,7,17,-211
10:52:12,7,20,-211
10:52:12,6,11,-213
10:52:12,4,11,-212
10:52:12,5,11,-202
10:52:12,3,16,-203
10:52:12,4,13,-208
10:52:12,2,12,-210
10:52:12,14,7,-211
10:52:12,8,8,-207
10:52:12,-2,10,-209
10:52:12,0,4,-208
10:52:12,7,5,-205
10:52:12,11,14,-210
10:52:12,10,26,-208
10:52:12,1,12,-212
10:52:12,2,4,-208
10:52:12,5,10,-212
10:52:12,0,16,-207
10:52:12,10,11,-206
10:52:12,0,8,-214
10:52:12,3,5,-212
10:52:12,13,18,-209
10:52:12,1,11,-214
10:52:12,0,3,-212
10:52:12,6,11,-207
10:52:12,3,15,-208
10:52:12,11,16,-212
10:52:12,-2,4,-214
10:52:12,-1,10,-210
10:52:12,10,17,-210
10:52:12,8,21,-211
10:52:12,3,14,-209
10:52:12,4,10,-203
10:52:12,5,6,-210
10:52:12,11,18,-213
10:52:12,-1,17,-206
10:52:12,6,21,-207
10:52:12,0,11,-209
10:52:12,9,17,-206
10:52:12,6,21,-208
10:52:12,1,7,-209
10:52:12,1,6,-212
10:52:12,6,10,-211
10:52:12,7,18,-212
10:52:12,5,20,-210
10:52:12,6,14,-211
10:52:13,5,6,-204
10:52:13,4,9,-206
10:52:13,0,14,-206
10:52:13,4,16,-210
10:52:13,6,17,-210
10:52:13,3,5,-212
10:52:13,8,12,-208
10:52:13,-5,9,-210
10:52:13,3,6,-207
10:52:13,11,11,-206
10:52:13,5,22,-211
10:52:13,4,19,-213
10:52:13,7,15,-211
10:52:13,12,14,-213
10:52:13,5,10,-204
10:52:13,4,17,-204
10:52:13,1,8,-205
10:52:13,5,9,-208
10:52:13,8,8,-208
10:52:13,12,17,-213
10:52:14,-3,13,-211
10:52:14,2,9,-206
10:52:14,5,5,-211
10:52:14,7,11,-210
10:52:14,9,21,-208
10:52:14,1,10,-213
10:52:14,-3,2,-206
10:52:14,6,8,-208
10:52:14,5,14,-209
10:52:14,7,18,-208
10:52:14,-1,8,-212
10:52:14,6,13,-208
10:52:14,13,17,-209
10:52:14,0,14,-211
10:52:14,-3,6,-205
10:52:14,1,3,-207
10:52:14,11,15,-204
10:52:14,9,23,-213
10:52:14,3,13,-207
10:52:14,3,9,-211
10:52:15,11,12,-213
10:52:15,3,22,-208
10:52:15,-1,15,-207
10:52:15,-2,-3,-204
10:52:15,10,14,-209
10:52:15,9,15,-211
10:52:15,6,23,-209
10:52:15,0,6,-214
10:52:15,3,9,-211
10:52:15,6,8,-211
10:52:15,4,14,-208
10:52:15,4,3,-208
10:52:15,7,9,-212
10:52:15,6,15,-211
10:52:15,5,21,-209
10:52:15,5,20,-213
10:52:15,5,10,-208
10:52:15,6,8,-205
10:52:15,10,16,-206
10:52:15,3,15,-208
10:52:16,3,12,-208
10:52:16,2,9,-209
10:52:16,10,12,-213
10:52:16,9,21,-201
10:52:16,3,10,-205
10:52:16,4,8,-208
10:52:16,3,8,-203
10:52:16,11,21,-214
10:52:16,4,19,-209
10:52:16,-2,9,-212
10:52:16,-2,12,-210
10:52:16,5,12,-208
10:52:16,6,18,-207
10:52:16,0,16,-210
10:52:16,2,17,-213
10:52:16,13,16,-212
10:52:16,7,16,-210
10:52:16,1,12,-210
10:52:16,-1,11,-209
10:52:17,3,4,-207
10:52:17,13,15,-211
10:52:17,0,23,-206
10:52:17,4,10,-208
10:52:17,4,6,-210
10:52:17,1,7,-207
10:52:17,1,14,-205
10:52:17,6,14,-210
10:52:17,10,14,-209
10:52:17,11,14,-211
10:52:17,12,19,-209
10:52:17,5,9,-210
10:52:17,-1,-1,-206
10:52:17,9,12,-209
10:52:17,3,7,-209
10:52:17,11,16,-209
10:52:17,4,11,-209
10:52:17,2,8,-211
10:52:17,4,16,-212
10:52:17,6,21,-209
10:52:18,-2,8,-213
10:52:18,9,4,-209
10:52:18,9,3,-210
10:52:18,7,16,-207
10:52:18,2,24,-209
10:52:18,3,7,-214
10:52:18,1,9,-210
10:52:18,2,11,-209
10:52:18,1,14,-212
10:52:18,4,9,-203
10:52:18,0,10,-211
10:52:18,7,15,-208
10:52:18,10,20,-207
10:52:18,5,21,-209
10:52:18,-1,6,-205
10:52:18,6,5,-209
10:52:18,9,6,-205
10:52:18,7,20,-207
10:52:18,3,10,-209
10:52:18,4,8,-214
10:52:19,4,9,-212
10:52:19,2,9,-208
10:52:19,7,10,-210
10:52:19,9,10,-209
10:52:19,9,6,-214
10:52:19,8,17,-212
10:52:19,5,22,-209
10:52:19,-2,3,-209
10:52:19,5,11,-207
10:52:19,10,5,-205
10:52:19,1,14,-206
10:52:19,6,12,-211
10:52:19,6,18,-212
10:52:19,5,12,-208
10:52:19,6,18,-208
10:52:19,-4,20,-208
10:52:19,6,7,-204
10:52:19,10,8,-207
10:52:19,11,12,-208
10:52:20,5,23,-212
10:52:20,1,14,-213
10:52:20,2,5,-211
10:52:20,3,8,-208
10:52:20,5,15,-209
10:52:20,3,16,-206
10:52:20,5,10,-210
10:52:20,2,8,-213
10:52:20,10,13,-212
10:52:20,1,21,-208
10:52:20,5,7,-209
10:52:20,6,7,-211
10:52:20,6,12,-207
10:52:20,7,16,-210
10:52:20,7,13,-212
10:52:20,6,12,-212
10:52:20,8,13,-207
10:52:20,7,17,-206
10:52:20,3,23,-207
10:52:20,-2,4,-206
10:52:21,8,12,-210
10:52:21,9,17,-208
10:52:21,-1,16,-206
10:52:21,7,7,-211
10:52:21,6,11,-211
10:52:21,5,11,-206
10:52:21,8,14,-207
10:52:21,4,10,-210
10:52:21,-1,9,-208
10:52:21,8,13,-209
10:52:21,8,21,-211
10:52:21,4,20,-212
10:52:21,-7,3,-212
10:52:21,0,-1,-205
10:52:21,3,5,-206
10:52:21,9,17,-211
10:52:21,0,21,-206
10:52:21,2,9,-212
10:52:21,5,13,-216
10:52:21,7,22,-207
10:52:22,6,14,-207
10:52:22,0,0,-210
10:52:22,6,5,-207
10:52:22,5,17,-212
10:52:22,9,24,-211
10:52:22,1,15,-210
10:52:22,4,7,-213
10:52:22,12,9,-208
10:52:22,7,12,-206
10:52:22,2,13,-208
10:52:22,8,14,-213
10:52:22,7,9,-213
10:52:22,10,21,-209
10:52:22,3,10,-206
10:52:22,-3,5,-212
10:52:22,2,6,-208
10:52:22,8,13,-207
10:52:22,3,17,-213
10:52:22,3,11,-214
10:52:22,2,5,-210
10:52:23,4,12,-209
10:52:23,15,29,-208
10:52:23,4,15,-211
10:52:23,1,8,-211
10:52:23,7,13,-209
10:52:23,7,14,-208
10:52:23,4,18,-207
10:52:23,-2,7,-204
10:52:23,-3,7,-210
10:52:23,11,12,-208
10:52:23,10,18,-208
10:52:23,4,14,-209
10:52:23,3,11,-211
10:52:23,10,11,-209
10:52:23,3,14,-207
10:52:23,-1,13,-207
10:52:23,-3,10,-207
10:52:23,5,13,-210
10:52:23,8,11,-209
10:52:24,5,20,-210
10:52:24,3,11,-211
10:52:24,3,16,-211
10:52:24,-1,10,-209
10:52:24,11,16,-212
10:52:24,7,9,-211
10:52:24,4,11,-214
10:52:24,8,10,-210
10:52:24,8,19,-208
10:52:24,-4,17,-207
10:52:24,1,5,-209
10:52:24,0,6,-206
10:52:24,11,14,-210
10:52:24,4,20,-212
10:52:24,1,17,-204
10:52:24,2,11,-214
10:52:24,7,13,-208
10:52:24,5,17,-202
10:52:24,1,6,-206
10:52:24,3,2,-205
10:52:25,-1,4,-209
10:52:25,10,16,-209
10:52:25,6,19,-216
10:52:25,-2,11,-210
10:52:25,-5,10,-207
10:52:25,5,9,-206
10:52:25,7,16,-210
10:52:25,5,14,-207
10:52:25,3,14,-210
10:52:25,8,17,-212
10:52:25,5,20,-211
10:52:25,-4,2,-208
10:52:25,-1,7,-205
10:52:25,5,7,-209
10:52:25,9,11,-209
10:52:25,8,21,-208
10:52:25,4,11,-208
10:52:25,9,9,-213
10:52:25,8,14,-206
10:52:25,9,19,-199
10:52:26,4,12,-205
10:52:26,4,9,-209
10:52:26,-5,9,-209
10:52:26,15,24,-209
10:52:26,-1,13,-207
10:52:26,-1,1,-213
10:52:26,1,5,-209
10:52:26,6,12,-211
10:52:26,7,18,-209
10:52:26,0,9,-212
