11:29:54,7,11,-209
11:29:54,7,13,-207
11:29:54,10,16,-208
11:29:54,12,10,-211
11:29:54,13,16,-211
11:29:54,2,11,-210
11:29:54,5,19,-205
11:29:54,5,19,-205
11:29:54,9,16,-209
11:29:54,2,11,-206
11:29:54,10,11,-212
11:29:54,10,5,-209
11:29:55,10,11,-209
11:29:55,8,11,-209
11:29:55,7,13,-207
11:29:55,10,16,-208
11:29:55,12,10,-211
11:29:55,13,16,-211
11:29:55,2,11,-210
11:29:55,5,19,-205
11:29:55,13,10,-211
11:29:55,2,8,-205
11:29:55,-1,13,-207
11:29:55,7,12,-211
11:29:55,10,8,-209
11:29:55,16,14,-210
11:29:55,5,16,-210
11:29:55,5,10,-205
11:29:55,3,15,-207
11:29:55,8,13,-214
11:29:55,14,13,-211
11:29:56,8,18,-212
11:29:56,2,5,-210
11:29:56,4,20,-208
11:29:56,7,5,-209
11:29:56,17,16,-207
11:29:56,11,16,-209
11:29:56,2,12,-209
11:29:56,-1,10,-206
11:29:56,8,9,-211
11:29:56,11,9,-211
11:29:56,17,21,-211
11:29:56,6,14,-212
11:29:56,3,15,-204
11:29:56,0,12,-211
11:29:56,12,13,-212
11:29:56,13,13,-208
11:29:56,10,20,-212
11:29:56,-1,14,-209
11:29:56,5,13,-214
11:29:56,11,12,-209
11:29:57,11,9,-207
11:29:57,12,15,-209
11:29:57,4,11,-210
11:29:57,8,14,-203
11:29:57,14,12,-209
11:29:57,10,14,-207
11:29:57,13,13,-210
11:29:57,7,12,-206
11:29:57,5,14,-206
11:29:57,5,17,-208
11:29:57,12,8,-214
11:29:57,16,18,-213
11:29:57,7,11,-211
11:29:57,5,13,-207
11:29:57,7,17,-209
11:29:57,9,1,-206
11:29:57,14,17,-207
11:29:57,12,10,-213
11:29:57,3,9,-207
11:29:57,10,12,-211
11:29:58,7,10,-206
11:29:58,11,10,-214
11:29:58,13,15,-214
11:29:58,6,14,-208
11:29:58,5,11,-206
11:29:58,4,4,-204
11:29:58,11,8,-210
11:29:58,13,19,-207
11:29:58,7,22,-204
11:29:58,3,11,-208
11:29:58,6,12,-212
11:29:58,9,8,-209
11:29:58,15,11,-209
11:29:58,8,14,-210
11:29:58,6,12,-206
11:29:58,6,19,-208
11:29:58,6,9,-213
11:29:58,17,14,-215
11:29:58,13,13,-210
11:29:58,9,17,-204
11:29:59,3,10,-210
11:29:59,7,7,-209
11:29:59,14,13,-211
11:29:59,12,16,-212
11:29:59,3,18,-208
11:29:59,9,18,-208
11:29:59,1,6,-205
11:29:59,6,6,-203
11:29:59,13,10,-211
11:29:59,10,16,-212
11:29:59,2,20,-208
11:29:59,5,13,-208
11:29:59,11,8,-211
11:29:59,16,12,-206
11:29:59,11,15,-215
11:29:59,10,11,-211
11:29:59,9,22,-210
11:29:59,8,7,-204
11:29:59,13,9,-210
11:30:00,14,11,-212
11:30:00,13,15,-209
11:30:00,2,12,-206
11:30:00,9,15,-207
11:30:00,16,10,-213
11:30:00,18,17,-209
11:30:00,9,15,-209
11:30:00,6,14,-206
11:30:00,8,17,-209
11:30:00,6,8,-207
11:30:00,18,17,-207
11:30:00,8,12,-213
11:30:00,5,12,-212
11:30:00,3,12,-206
11:30:00,11,15,-212
11:30:00,11,13,-209
11:30:00,14,20,-210
11:30:00,3,11,-210
11:30:00,2,14,-200
11:30:00,9,11,-205
11:30:01,19,12,-210
11:30:01,8,12,-206
11:30:01,6,15,-210
11:30:01,4,10,-200
11:30:01,5,15,-211
11:30:01,7,9,-213
11:30:01,11,14,-214
11:30:01,12,5,-211
11:30:01,10,13,-209
11:30:01,2,16,-210
11:30:01,9,5,-208
11:30:01,16,11,-218
11:30:01,12,13,-211
11:30:01,1,10,-210
11:30:01,5,13,-203
11:30:01,10,9,-213
11:30:01,14,16,-213
11:30:01,13,17,-207
11:30:01,7,15,-208
11:30:01,3,19,-209
11:30:02,7,13,-207
11:30:02,11,17,-204
11:30:02,10,17,-211
11:30:02,14,11,-206
11:30:02,6,13,-203
11:30:02,2,12,-207
11:30:02,9,8,-213
11:30:02,14,18,-211
11:30:02,9,8,-216
11:30:02,3,11,-207
11:30:02,2,12,-205
11:30:02,6,8,-214
11:30:02,10,10,-210
11:30:02,12,12,-205
11:30:02,9,18,-210
11:30:02,1,14,-208
11:30:02,8,7,-210
11:30:02,14,5,-214
11:30:02,14,16,-212
11:30:02,8,5,-209
11:30:03,5,11,-207
11:30:03,1,15,-205
11:30:03,10,11,-207
11:30:03,14,13,-214
11:30:03,12,18,-215
11:30:03,6,11,-205
11:30:03,1,11,-207
11:30:03,15,18,-206
11:30:03,8,12,-208
11:30:03,13,18,-211
11:30:03,4,14,-207
11:30:03,12,23,-203
11:30:03,12,13,-209
11:30:03,14,9,-209
11:30:03,13,16,-212
11:30:03,7,15,-210
11:30:03,4,16,-204
11:30:03,9,16,-209
11:30:03,8,4,-214
11:30:04,20,10,-211
11:30:04,12,19,-211
11:30:04,4,15,-209
11:30:04,2,8,-207
11:30:04,12,4,-209
11:30:04,9,11,-212
11:30:04,14,18,-209
11:30:04,4,10,-212
11:30:04,10,11,-208
11:30:04,3,7,-208
11:30:04,14,16,-213
11:30:04,12,17,-208
11:30:04,16,16,-207
11:30:04,1,20,-207
11:30:04,6,12,-212
11:30:04,11,10,-208
11:30:04,11,15,-208
11:30:04,8,24,-212
11:30:04,8,13,-202
11:30:04,9,17,-211
11:30:05,9,12,-210
11:30:05,16,14,-212
11:30:05,7,18,-211
11:30:05,3,11,-208
11:30:05,8,12,-210
11:30:05,8,4,-215
11:30:05,11,8,-211
11:30:05,7,9,-211
11:30:05,10,16,-205
11:30:05,1,11,-201
11:30:05,9,10,-211
11:30:05,13,14,-210
11:30:05,16,13,-212
11:30:05,7,21,-210
11:30:05,1,14,-201
11:30:05,8,17,-206
11:30:05,13,10,-202
11:30:05,18,11,-214
11:30:05,9,12,-211
11:30:05,5,18,-206
11:30:06,5,12,-206
11:30:06,7,3,-208
11:30:06,8,11,-212
11:30:06,9,14,-211
11:30:06,1,9,-208
11:30:06,0,13,-209
11:30:06,6,14,-207
11:30:06,9,3,-209
11:30:06,11,14,-212
11:30:06,12,18,-214
11:30:06,5,15,-208
11:30:06,6,15,-210
11:30:06,7,7,-210
11:30:06,14,14,-207
11:30:06,13,6,-210
11:30:06,1,12,-209
11:30:06,0,13,-201
11:30:06,12,10,-210
11:30:06,18,8,-213
11:30:07,7,16,-206
11:30:07,7,11,-209
11:30:07,3,12,-210
11:30:07,7,19,-209
11:30:07,8,11,-211
11:30:07,18,17,-214
11:30:07,3,15,-206
11:30:07,9,11,-205
11:30:07,4,15,-208
11:30:07,11,7,-212
11:30:07,13,13,-211
11:30:07,9,16,-208
11:30:07,4,7,-207
11:30:07,9,15,-204
11:30:07,9,5,-212
11:30:07,13,12,-212
11:30:07,10,10,-208
11:30:07,10,17,-209
11:30:07,-5,17,-201
11:30:07,5,12,-210
11:30:08,7,9,-216
11:30:08,18,15,-213
11:30:08,8,15,-210
11:30:08,3,19,-205
11:30:08,5,15,-204
11:30:08,15,13,-212
11:30:08,10,13,-204
11:30:08,11,19,-209
11:30:08,7,14,-211
11:30:08,0,7,-210
11:30:08,7,9,-212
11:30:08,8,6,-210
11:30:08,19,20,-214
11:30:08,7,7,-208
11:30:08,2,10,-205
11:30:08,8,15,-213
11:30:08,13,12,-212
11:30:08,9,12,-207
11:30:08,5,14,-212
11:30:08,7,18,-210
11:30:09,4,14,-208
11:30:09,8,10,-213
11:30:09,17,16,-213
11:30:09,7,8,-204
11:30:09,0,6,-207
11:30:09,1,13,-207
11:30:09,13,5,-206
11:30:09,13,6,-205
11:30:09,14,13,-210
11:30:09,5,8,-208
11:30:09,3,10,-202
11:30:09,3,13,-206
11:30:09,13,11,-214
11:30:09,13,12,-215
11:30:09,3,13,-209
11:30:09,0,15,-209
11:30:09,4,9,-209
11:30:09,8,5,-205
11:30:09,10,9,-208
11:30:09,8,11,-211
11:30:10,-1,10,-204
11:30:10,10,9,-207
11:30:10,4,11,-210
11:30:10,5,-1,-209
11:30:10,22,22,-215
11:30:10,-2,12,-209
11:30:10,12,15,-207
11:30:10,13,8,-211
11:30:10,12,12,-208
11:30:10,16,14,-208
11:30:10,8,16,-207
11:30:10,7,20,-207
11:30:10,10,12,-200
11:30:10,13,9,-214
11:30:10,9,12,-211
11:30:10,12,13,-204
11:30:10,6,17,-207
11:30:10,8,20,-205
11:30:10,12,10,-213
11:30:11,17,12,-211
11:30:11,7,12,-208
11:30:11,5,17,-209
11:30:11,3,14,-208
11:30:11,8,10,-215
11:30:11,14,14,-216
11:30:11,11,14,-208
11:30:11,8,12,-205
11:30:11,3,14,-209
11:30:11,7,7,-205
11:30:11,10,5,-214
11:30:11,13,16,-214
11:30:11,10,10,-206
11:30:11,6,13,-205
11:30:11,7,19,-206
11:30:11,4,7,-213
11:30:11,17,15,-207
11:30:11,13,21,-208
11:30:11,4,11,-205
11:30:11,9,15,-203
11:30:12,8,5,-212
11:30:12,15,13,-209
11:30:12,10,18,-207
11:30:12,2,11,-208
11:30:12,6,13,-202
11:30:12,5,8,-209
11:30:12,13,10,-206
11:30:12,15,20,-211
11:30:12,5,18,-215
11:30:12,8,17,-208
11:30:12,3,12,-206
11:30:12,15,10,-212
11:30:12,13,10,-212
11:30:12,4,10,-210
11:30:12,9,9,-209
11:30:12,1,11,-205
11:30:12,10,11,-213
11:30:12,7,5,-213
11:30:12,13,17,-209
11:30:12,3,7,-201
11:30:13,5,13,-210
11:30:13,3,10,-212
11:30:13,10,12,-212
11:30:13,13,23,-213
11:30:13,6,9,-210
11:30:13,11,19,-207
11:30:13,4,6,-212
11:30:13,14,10,-207
11:30:13,19,15,-210
11:30:13,9,14,-213
11:30:13,9,18,-207
11:30:13,3,8,-208
11:30:13,11,10,-205
11:30:13,14,13,-210
11:30:13,11,11,-211
11:30:13,4,9,-210
11:30:13,4,15,-210
11:30:13,11,11,-212
11:30:13,14,10,-216
11:30:13,9,12,-208
11:30:14,3,15,-211
11:30:14,3,13,-202
11:30:14,7,17,-206
11:30:14,12,9,-207
11:30:14,15,18,-211
11:30:14,9,15,-208
11:30:14,5,12,-208
11:30:14,3,14,-208
11:30:14,16,11,-212
11:30:14,9,14,-208
11:30:14,8,16,-209
11:30:14,3,8,-209
11:30:14,1,12,-207
11:30:14,13,12,-210
11:30:14,10,12,-216
11:30:14,16,16,-215
11:30:14,8,4,-209
11:30:14,8,12,-201
11:30:14,5,15,-212
11:30:15,15,8,-209
11:30:15,16,24,-214
11:30:15,4,10,-204
11:30:15,3,14,-208
11:30:15,3,12,-207
11:30:15,7,8,-211
11:30:15,18,18,-216
11:30:15,11,16,-209
11:30:15,4,14,-207
11:30:15,2,11,-206
11:30:15,12,7,-204
11:30:15,12,16,-211
11:30:15,14,9,-213
11:30:15,4,10,-210
11:30:15,6,13,-211
11:30:15,10,9,-203
11:30:15,6,8,-208
11:30:15,15,21,-211
11:30:15,3,12,-204
11:30:15,1,13,-210
11:30:16,6,8,-205
11:30:16,7,4,-211
11:30:16,15,14,-203
11:30:16,6,12,-213
11:30:16,-1,14,-203
11:30:16,4,15,-209
11:30:16,11,7,-209
11:30:16,18,13,-215
11:30:16,18,14,-210
11:30:16,2,10,-202
11:30:16,6,17,-206
11:30:16,8,14,-212
11:30:16,11,7,-206
11:30:16,12,15,-211
11:30:16,10,10,-205
11:30:16,2,15,-196
11:30:16,9,13,-207
11:30:16,8,13,-210
11:30:16,18,19,-213
11:30:16,7,15,-208
11:30:17,-3,6,-208
11:30:17,3,9,-205
11:30:17,12,12,-215
11:30:17,11,8,-207
11:30:17,10,11,-212
11:30:17,5,12,-210
11:30:17,2,11,-205
11:30:17,12,5,-208
11:30:17,11,11,-211
11:30:17,15,19,-216
11:30:17,2,12,-207
11:30:17,2,17,-201
11:30:17,8,17,-206
11:30:17,10,11,-214
11:30:17,12,23,-211
11:30:17,-2,9,-207
11:30:17,12,22,-204
11:30:17,4,13,-208
11:30:17,12,10,-217
11:30:17,12,14,-202
11:30:18,8,13,-212
11:30:18,13,22,-211
11:30:18,3,6,-211
11:30:18,7,11,-215
11:30:18,9,10,-213
11:30:18,11,7,-210
11:30:18,4,8,-209
11:30:18,2,14,-198
11:30:18,7,9,-207
11:30:18,13,13,-211
11:30:18,16,19,-211
11:30:18,8,8,-203
11:30:18,7,19,-209
11:30:18,8,12,-205
11:30:18,20,8,-210
11:30:18,16,13,-213
11:30:18,6,8,-209
11:30:18,4,12,-204
11:30:18,6,16,-207
11:30:19,4,1,-206
11:30:19,14,13,-208
11:30:19,13,19,-210
11:30:19,7,10,-209
11:30:19,6,17,-209
11:30:19,9,8,-209
11:30:19,9,9,-211
11:30:19,17,17,-213
11:30:19,7,10,-201
11:30:19,6,14,-210
11:30:19,8,17,-204
11:30:19,6,6,-203
11:30:19,17,11,-214
11:30:19,5,17,-209
11:30:19,4,14,-197
11:30:19,1,10,-200
11:30:19,17,15,-212
11:30:19,12,10,-216
11:30:19,13,14,-209
11:30:19,10,10,-210
11:30:20,3,8,-207
11:30:20,10,19,-210
11:30:20,12,5,-209
11:30:20,12,19,-206
11:30:20,3,11,-200
11:30:20,8,14,-205
11:30:20,4,13,-207
11:30:20,7,11,-211
11:30:20,15,14,-206
11:30:20,5,18,-213
11:30:20,3,13,-212
11:30:20,2,15,-211
11:30:20,10,8,-204
11:30:20,16,11,-209
11:30:20,8,12,-212
11:30:20,5,17,-210
11:30:20,4,13,-209
11:30:20,7,8,-207
11:30:20,14,13,-215
11:30:20,11,16,-212
11:30:21,9,19,-210
11:30:21,-2,16,-206
11:30:21,3,10,-204
11:30:21,14,18,-212
11:30:21,13,18,-211
11:30:21,7,13,-207
11:30:21,2,21,-208
11:30:21,2,11,-205
11:30:21,12,11,-211
11:30:21,9,4,-213
11:30:21,8,5,-207
11:30:21,4,17,-208
11:30:21,0,13,-210
11:30:21,14,10,-206
11:30:21,11,10,-217
11:30:21,18,24,-207
11:30:21,1,6,-207
11:30:21,1,13,-210
11:30:21,12,13,-204
11:30:21,13,12,-210
11:30:22,16,18,-211
11:30:22,5,17,-200
11:30:22,9,14,-198
11:30:22,5,13,-213
11:30:22,4,1,-207
11:30:22,21,14,-213
11:30:22,6,9,-213
11:30:22,11,16,-208
11:30:22,3,14,-207
11:30:22,11,11,-212
11:30:22,6,10,-215
11:30:22,13,20,-208
11:30:22,4,17,-210
11:30:22,1,18,-209
11:30:22,7,13,-206
11:30:22,10,7,-209
11:30:22,17,14,-210
11:30:22,2,12,-213
11:30:22,9,13,-201
11:30:23,3,8,-208
11:30:23,11,6,-208
11:30:23,14,15,-218
11:30:23,4,13,-207
11:30:23,8,6,-207
11:30:23,5,14,-210
11:30:23,6,7,-209
11:30:23,9,8,-208
11:30:23,15,13,-205
11:30:23,4,10,-206
11:30:23,5,12,-209
11:30:23,6,11,-210
11:30:23,10,7,-208
11:30:23,12,13,-212
11:30:23,7,10,-208
11:30:23,7,12,-206
11:30:23,2,15,-205
11:30:23,13,17,-213
11:30:23,15,12,-207
11:30:23,3,13,-209
11:30:24,10,10,-209
11:30:24,2,10,-213
11:30:24,8,7,-212
11:30:24,12,5,-212
11:30:24,12,14,-210
11:30:24,4,5,-210
11:30:24,-2,17,-210
11:30:24,6,8,-209
11:30:24,13,11,-208
11:30:24,17,19,-210
11:30:24,5,13,-208
11:30:24,7,19,-203
11:30:24,6,16,-207
11:30:24,7,-1,-207
11:30:24,16,15,-207
11:30:24,6,14,-211
11:30:24,7,17,-208
11:30:24,5,11,-208
11:30:24,13,7,-212
11:30:24,14,11,-213
11:30:25,13,13,-214
11:30:25,3,7,-205
11:30:25,6,15,-201
11:30:25,7,11,-216
11:30:25,13,4,-208
11:30:25,17,22,-210
11:30:25,5,14,-211
11:30:25,4,20,-209
11:30:25,7,12,-204
11:30:25,13,12,-207
11:30:25,17,13,-208
11:30:25,3,12,-210
11:30:25,0,9,-207
11:30:25,7,16,-206
11:30:25,10,5,-210
11:30:25,13,12,-213
11:30:25,5,19,-208
11:30:25,10,11,-213
11:30:25,2,16,-207
11:30:26,6,12,-210
11:30:26,16,14,-209
11:30:26,10,16,-212
11:30:26,13,11,-206
11:30:26,6,20,-209
11:30:26,3,18,-207
11:30:26,12,9,-212
11:30:26,19,21,-211
11:30:26,5,11,-210
11:30:26,-2,15,-203
11:30:26,2,12,-206
11:30:26,12,9,-214
11:30:26,14,13,-212
11:30:26,6,8,-211
11:30:26,8,6,-212
11:30:26,1,16,-211
11:30:26,10,8,-208
11:30:26,16,8,-215
11:30:26,11,14,-210
11:30:26,9,7,-204
11:30:27,2,12,-207
11:30:27,4,14,-212
11:30:27,10,7,-213
11:30:27,13,14,-209
11:30:27,17,13,-207
11:30:27,2,13,-201
11:30:27,1,20,-210
11:30:27,9,4,-212
11:30:27,15,12,-206
11:30:27,14,15,-209
11:30:27,4,15,-209
11:30:27,0,9,-206
11:30:27,12,9,-210
11:30:27,8,10,-217
11:30:27,12,11,-208
11:30:27,3,8,-208
11:30:27,5,16,-206
11:30:27,4,11,-211
11:30:27,13,13,-211
11:30:27,15,24,-211
11:30:28,6,19,-208
11:30:28,1,9,-209
11:30:28,4,14,-207
11:30:28,13,9,-211
11:30:28,12,10,-212
11:30:28,10,9,-214
11:30:28,7,10,-209
11:30:28,2,14,-210
11:30:28,10,8,-209
11:30:28,10,11,-211
11:30:28,13,13,-203
11:30:28,7,15,-209
11:30:28,7,13,-209
11:30:28,10,10,-201
11:30:28,11,14,-206
11:30:28,15,13,-208
11:30:28,5,15,-204
11:30:28,1,8,-206
11:30:28,5,9,-204
11:30:28,17,12,-214
11:30:29,15,12,-212
11:30:29,9,10,-206
11:30:29,11,14,-203
11:30:29,4,17,-212
11:30:29,5,11,-208
11:30:29,9,12,-214
11:30:29,12,18,-212
11:30:29,9,14,-212
11:30:29,5,16,-208
11:30:29,4,17,-212
11:30:29,6,8,-211
11:30:29,16,16,-214
11:30:29,1,11,-209
11:30:29,5,18,-209
11:30:29,6,18,-207
11:30:29,13,9,-206
11:30:29,11,9,-214
11:30:29,14,14,-210
11:30:29,2,12,-208
11:30:30,3,13,-204
11:30:30,9,11,-211
11:30:30,16,13,-210
11:30:30,8,16,-214
11:30:30,6,14,-205
11:30:30,4,17,-203
11:30:30,7,10,-204
11:30:30,8,11,-208
11:30:30,16,19,-206
11:30:30,2,21,-211
11:30:30,6,13,-209
11:30:30,4,14,-210
11:30:30,7,5,-212
11:30:30,11,6,-217
11:30:30,9,13,-209
11:30:30,10,15,-205
11:30:30,2,17,-206
11:30:30,10,11,-213
11:30:30,10,8,-216
11:30:30,11,13,-212
11:30:31,7,15,-206
11:30:31,-1,8,-204
11:30:31,11,17,-208
11:30:31,11,13,-213
11:30:31,10,14,-212
11:30:31,2,6,-206
11:30:31,8,16,-207
11:30:31,8,15,-202
11:30:31,10,10,-204
11:30:31,12,15,-211
11:30:31,5,9,-212
11:30:31,9,15,-210
11:30:31,3,11,-215
11:30:31,7,5,-211
11:30:31,15,10,-211
11:30:31,8,15,-218
11:30:31,4,11,-203
11:30:31,8,21,-203
11:30:31,5,10,-203
11:30:31,12,18,-214
11:30:32,12,16,-212
11:30:32,2,11,-209
11:30:32,2,15,-207
11:30:32,8,17,-211
11:30:32,11,9,-209
11:30:32,11,21,-206
11:30:32,10,18,-208
11:30:32,11,10,-205
11:30:32,4,22,-204
11:30:32,7,3,-208
11:30:32,16,22,-211
11:30:32,6,12,-203
11:30:32,9,11,-206
11:30:32,4,10,-209
11:30:32,7,8,-209
11:30:32,10,4,-212
11:30:32,13,14,-211
11:30:32,12,16,-208
11:30:32,2,16,-211
11:30:32,8,13,-209
11:30:33,9,13,-207
11:30:33,17,13,-209
11:30:33,7,18,-212
11:30:33,8,13,-206
11:30:33,1,12,-210
11:30:33,7,8,-211
11:30:33,9,5,-207
11:30:33,12,9,-206
11:30:33,3,9,-208
11:30:33,-3,8,-203
11:30:33,13,19,-207
11:30:33,11,12,-205
11:30:33,19,15,-211
11:30:33,6,8,-211
11:30:33,9,16,-203
11:30:33,6,14,-214
11:30:33,12,12,-205
11:30:33,15,12,-218
11:30:33,9,10,-204
11:30:34,6,6,-211
11:30:34,8,13,-208
11:30:34,9,10,-213
11:30:34,10,7,-215
11:30:34,9,12,-212
11:30:34,1,13,-207
11:30:34,3,18,-212
11:30:34,9,9,-208
11:30:34,10,11,-207
11:30:34,16,16,-207
11:30:34,6,12,-207
11:30:34,-1,16,-210
11:30:34,14,18,-207
11:30:34,4,-1,-209
11:30:34,13,14,-215
11:30:34,9,7,-204
11:30:34,1,11,-211
11:30:34,4,10,-212
11:30:34,11,7,-212
11:30:34,12,15,-213
11:30:35,9,14,-212
11:30:35,5,12,-207
11:30:35,6,23,-207
11:30:35,0,4,-205
11:30:35,14,20,-206
11:30:35,8,17,-210
11:30:35,7,15,-206
11:30:35,3,12,-205
11:30:35,1,7,-211
11:30:35,13,15,-215
11:30:35,11,10,-210
11:30:35,14,15,-205
11:30:35,3,4,-204
11:30:35,8,9,-205
11:30:35,0,4,-213
11:30:35,14,10,-213
11:30:35,15,19,-210
11:30:35,7,10,-204
11:30:35,5,16,-208
11:30:35,9,17,-206
11:30:36,11,10,-205
11:30:36,8,5,-206
11:30:36,6,23,-213
11:30:36,4,13,-207
11:30:36,6,8,-205
11:30:36,6,17,-213
11:30:36,10,16,-207
11:30:36,11,9,-209
11:30:36,5,11,-206
11:30:36,5,4,-209
11:30:36,15,8,-213
11:30:36,8,7,-215
11:30:36,14,14,-209
11:30:36,6,12,-199
11:30:36,5,16,-206
11:30:36,5,5,-206
11:30:36,14,11,-207
11:30:36,13,19,-204
11:30:36,8,14,-205
11:30:37,9,18,-206
11:30:37,6,8,-206
11:30:37,17,12,-213
11:30:37,11,12,-213
11:30:37,15,13,-208
11:30:37,7,15,-209
11:30:37,3,17,-207
11:30:37,5,4,-215
11:30:37,15,3,-215
11:30:37,13,20,-210
11:30:37,8,13,-213
11:30:37,-3,10,-211
11:30:37,14,15,-210
11:30:37,5,7,-216
11:30:37,15,14,-204
11:30:37,5,13,-205
11:30:37,0,8,-205
11:30:37,7,19,-208
11:30:37,13,12,-211
11:30:37,11,12,-208
11:30:38,9,15,-210
11:30:38,7,15,-210
11:30:38,5,12,-205
11:30:38,10,14,-205
11:30:38,12,13,-214
11:30:38,12,15,-206
11:30:38,6,11,-203
11:30:38,5,15,-211
11:30:38,5,14,-203
11:30:38,10,13,-214
11:30:38,12,20,-215
11:30:38,10,14,-206
11:30:38,2,17,-206
11:30:38,5,16,-213
11:30:38,10,9,-215
11:30:38,13,9,-214
11:30:38,13,21,-211
11:30:38,3,15,-206
11:30:38,-1,10,-207
11:30:38,14,9,-207
11:30:39,9,10,-212
11:30:39,13,14,-215
11:30:39,10,17,-207
11:30:39,3,16,-212
11:30:39,10,11,-210
11:30:39,5,6,-210
11:30:39,8,10,-208
11:30:39,6,12,-207
11:30:39,4,13,-205
11:30:39,2,17,-209
11:30:39,9,9,-208
11:30:39,14,13,-212
11:30:39,7,9,-208
11:30:39,2,11,-207
11:30:39,5,12,-209
11:30:39,7,5,-203
11:30:39,14,7,-214
11:30:39,11,9,-210
11:30:39,7,15,-211
11:30:39,-1,12,-203
11:30:40,13,13,-207
11:30:40,6,7,-208
11:30:40,8,10,-209
11:30:40,13,14,-216
11:30:40,7,13,-201
11:30:40,6,10,-211
11:30:40,7,8,-208
11:30:40,15,12,-212
11:30:40,6,12,-207
11:30:40,7,12,-209
11:30:40,8,21,-206
11:30:40,6,8,-211
11:30:40,7,14,-210
11:30:40,14,16,-214
11:30:40,4,12,-210
11:30:40,4,18,-207
11:30:40,4,2,-212
11:30:40,7,9,-209
11:30:40,16,22,-207
11:30:41,6,6,-207
11:30:41,10,18,-209
11:30:41,4,17,-207
11:30:41,12,9,-208
11:30:41,12,15,-217
11:30:41,7,16,-209
11:30:41,1,7,-208
11:30:41,2,12,-204
11:30:41,12,8,-207
11:30:41,12,9,-213
11:30:41,13,14,-209
11:30:41,9,10,-203
11:30:41,6,10,-207
11:30:41,8,6,-212
11:30:41,9,7,-206
11:30:41,10,15,-211
11:30:41,7,15,-204
11:30:41,3,8,-205
11:30:41,7,15,-206
11:30:41,6,1,-204
11:30:42,12,18,-215
11:30:42,11,15,-210
11:30:42,2,11,-207
11:30:42,2,13,-206
11:30:42,5,5,-207
11:30:42,10,4,-211
11:30:42,13,16,-207
11:30:42,3,13,-204
11:30:42,0,16,-211
11:30:42,6,10,-210
11:30:42,14,7,-210
11:30:42,14,14,-206
11:30:42,3,14,-208
11:30:42,7,11,-201
11:30:42,7,16,-208
11:30:42,10,6,-209
11:30:42,18,14,-211
11:30:42,2,10,-207
11:30:42,9,15,-206
11:30:42,3,13,-207
11:30:43,7,7,-211
11:30:43,12,7,-214
11:30:43,10,10,-215
11:30:43,9,17,-206
11:30:43,8,16,-210
11:30:43,9,15,-213
11:30:43,18,20,-210
11:30:43,13,24,-213
11:30:43,5,11,-208
11:30:43,4,12,-210
11:30:43,5,14,-214
11:30:43,9,12,-211
11:30:43,18,14,-209
11:30:43,12,13,-209
11:30:43,7,13,-209
11:30:43,-1,3,-209
11:30:43,10,17,-209
11:30:43,13,4,-209
11:30:43,13,17,-213
11:30:43,8,16,-205
11:30:44,8,15,-204
11:30:44,7,8,-204
11:30:44,9,10,-211
11:30:44,16,23,-207
11:30:44,10,16,-210
11:30:44,8,16,-208
11:30:44,2,11,-211
11:30:44,13,16,-210
11:30:44,10,16,-216
11:30:44,2,11,-209
11:30:44,5,12,-203
11:30:44,2,15,-213
11:30:44,12,2,-212
11:30:44,16,5,-211
11:30:44,7,12,-210
11:30:44,8,15,-209
11:30:44,6,15,-202
11:30:44,12,14,-211
11:30:44,12,11,-211
11:30:45,12,14,-208
11:30:45,6,16,-204
11:30:45,4,14,-206
11:30:45,7,12,-207
11:30:45,8,18,-214
11:30:45,20,19,-208
11:30:45,11,17,-212
11:30:45,2,8,-206
11:30:45,7,16,-208
11:30:45,10,7,-212
11:30:45,8,11,-215
11:30:45,6,10,-207
11:30:45,9,16,-208
11:30:45,1,14,-212
11:30:45,11,14,-211
11:30:45,11,17,-211
11:30:45,12,14,-212
11:30:45,4,13,-213
11:30:45,2,15,-205
11:30:45,5,20,-212
11:30:46,12,7,-207
11:30:46,16,19,-210
11:30:46,5,16,-202
11:30:46,8,18,-213
11:30:46,-1,11,-204
11:30:46,13,10,-208
11:30:46,12,9,-209
11:30:46,9,13,-208
11:30:46,3,10,-204
11:30:46,8,15,-209
11:30:46,8,15,-211
11:30:46,9,10,-211
11:30:46,17,13,-214
11:30:46,8,12,-211
11:30:46,-1,9,-207
11:30:46,1,15,-212
11:30:46,18,11,-207
11:30:46,15,18,-210
11:30:46,10,10,-206
11:30:46,5,14,-210
11:30:47,4,16,-213
11:30:47,13,12,-213
11:30:47,18,17,-205
11:30:47,8,13,-209
11:30:47,0,12,-204
11:30:47,4,11,-208
11:30:47,11,11,-207
11:30:47,15,12,-210
11:30:47,8,18,-210
11:30:47,6,8,-199
11:30:47,1,16,-205
11:30:47,10,14,-207
11:30:47,10,19,-204
11:30:47,10,15,-213
11:30:47,8,21,-205
11:30:47,4,13,-210
11:30:47,6,18,-206
11:30:47,16,13,-207
11:30:47,17,16,-209
11:30:47,7,10,-209
11:30:48,5,17,-213
11:30:48,5,16,-212
11:30:48,10,15,-210
11:30:48,15,14,-213
11:30:48,6,8,-207
11:30:48,0,10,-206
11:30:48,4,17,-208
11:30:48,9,13,-206
11:30:48,10,8,-212
11:30:48,18,24,-209
11:30:48,9,13,-208
11:30:48,6,11,-209
11:30:48,5,10,-203
11:30:48,14,17,-208
11:30:48,11,10,-212
11:30:48,13,7,-208
11:30:48,1,12,-206
11:30:48,10,11,-201
11:30:48,12,15,-208
11:30:49,11,2,-212
11:30:49,10,13,-218
11:30:49,3,13,-214
11:30:49,5,15,-209
11:30:49,4,7,-209
11:30:49,15,15,-209
11:30:49,10,17,-212
11:30:49,10,13,-209
11:30:49,5,19,-210
11:30:49,3,18,-212
11:30:49,11,6,-209
11:30:49,17,19,-213
11:30:49,6,8,-207
11:30:49,6,12,-207
11:30:49,4,6,-213
11:30:49,4,2,-209
11:30:49,15,13,-205
11:30:49,14,17,-208
11:30:49,4,11,-210
11:30:49,3,16,-201
11:30:50,5,7,-202
11:30:50,19,17,-207
11:30:50,15,14,-213
11:30:50,9,16,-207
11:30:50,2,14,-209
11:30:50,12,21,-210
11:30:50,7,5,-211
11:30:50,12,10,-212
11:30:50,15,13,-212
11:30:50,-2,13,-209
11:30:50,2,13,-213
11:30:50,11,7,-212
11:30:50,9,10,-214
11:30:50,14,20,-213
11:30:50,4,8,-211
11:30:50,4,11,-204
11:30:50,9,8,-207
11:30:50,15,20,-214
11:30:50,14,11,-206
11:30:50,3,10,-207
11:30:51,5,18,-204
11:30:51,9,15,-215
11:30:51,9,12,-209
11:30:51,14,12,-212
11:30:51,7,12,-213
11:30:51,3,13,-202
11:30:51,0,18,-208
11:30:51,8,-1,-205
11:30:51,17,11,-217
11:30:51,8,6,-212
11:30:51,3,12,-206
11:30:51,2,11,-201
11:30:51,9,7,-204
11:30:51,13,11,-210
11:30:51,10,10,-213
11:30:51,7,11,-206
11:30:51,5,11,-208
11:30:51,7,17,-208
11:30:51,12,15,-214
11:30:51,18,18,-209
11:30:52,12,8,-212
11:30:52,2,10,-206
11:30:52,11,22,-203
11:30:52,6,7,-208
11:30:52,17,14,-213
11:30:52,11,14,-211
11:30:52,8,13,-208
11:30:52,2,13,-207
11:30:52,4,16,-209
11:30:52,6,15,-213
11:30:52,15,11,-207
11:30:52,3,18,-210
11:30:52,7,10,-206
11:30:52,9,16,-210
11:30:52,4,7,-211
11:30:52,16,16,-211
11:30:52,10,11,-209
11:30:52,4,12,-207
11:30:52,6,16,-208
11:30:53,11,5,-213
11:30:53,15,10,-210
11:30:53,7,16,-210
11:30:53,3,6,-207
11:30:53,6,18,-204
11:30:53,2,14,-208
11:30:53,12,11,-210
11:30:53,17,13,-208
11:30:53,6,7,-210
11:30:53,9,15,-205
11:30:53,5,11,-205
11:30:53,11,9,-208
11:30:53,19,10,-210
11:30:53,13,18,-209
11:30:53,2,17,-208
11:30:53,5,8,-206
11:30:53,6,10,-211
11:30:53,15,11,-215
11:30:53,9,12,-210
11:30:53,12,19,-206
11:30:54,0,12,-211
11:30:54,4,3,-206
11:30:54,10,9,-207
11:30:54,16,14,-208
11:30:54,4,14,-212
11:30:54,3,14,-207
11:30:54,6,13,-210
11:30:54,14,16,-212
11:30:54,10,13,-209
11:30:54,17,18,-208
11:30:54,7,12,-201
11:30:54,-1,10,-211
11:30:54,10,13,-207
11:30:54,15,16,-212
11:30:54,14,16,-207
11:30:54,7,14,-210
11:30:54,7,15,-212
11:30:54,7,8,-208
11:30:54,13,13,-211
11:30:54,11,13,-217
11:30:55,7,21,-208
11:30:55,1,8,-212
11:30:55,6,10,-211
11:30:55,14,6,-207
11:30:55,11,18,-213
11:30:55,9,15,-206
11:30:55,6,14,-200
11:30:55,3,12,-209
11:30:55,14,7,-206
11:30:55,11,7,-211
11:30:55,11,5,-208
11:30:55,4,11,-210
11:30:55,2,20,-208
11:30:55,10,11,-208
11:30:55,8,10,-211
11:30:55,13,16,-207
11:30:55,7,12,-205
11:30:55,1,15,-207
11:30:55,3,14,-208
11:30:55,13,14,-211
11:30:56,10,16,-213
11:30:56,10,12,-206
11:30:56,3,9,-209
11:30:56,4,16,-203
11:30:56,11,13,-211
11:30:56,14,8,-215
11:30:56,8,13,-210
11:30:56,2,8,-209
11:30:56,4,14,-205
11:30:56,12,17,-215
11:30:56,11,6,-210
11:30:56,13,20,-210
11:30:56,7,11,-207
11:30:56,8,16,-209
11:30:56,7,12,-203
11:30:56,11,10,-207
11:30:56,13,17,-211
11:30:56,7,8,-201
11:30:56,7,10,-207
11:30:57,4,8,-204
11:30:57,11,12,-211
11:30:57,11,6,-212
11:30:57,13,9,-208
11:30:57,6,21,-207
11:30:57,-1,8,-208
11:30:57,13,13,-212
11:30:57,10,12,-211
11:30:57,15,16,-205
11:30:57,9,12,-204
11:30:57,5,13,-206
11:30:57,5,14,-207
11:30:57,8,11,-213
11:30:57,15,23,-210
11:30:57,7,11,-212
11:30:57,3,11,-205
11:30:57,4,9,-206
11:30:57,13,14,-214
11:30:57,11,11,-215
11:30:57,11,15,-207
11:30:58,6,14,-206
11:30:58,5,14,-211
11:30:58,10,11,-206
11:30:58,10,7,-212
11:30:58,12,18,-209
11:30:58,2,18,-202
11:30:58,10,13,-205
11:30:58,1,8,-212
11:30:58,6,6,-207
11:30:58,12,10,-211
11:30:58,5,10,-210
11:30:58,-1,9,-204
11:30:58,7,20,-208
11:30:58,5,2,-215
11:30:58,10,13,-207
11:30:58,11,13,-208
11:30:58,7,11,-205
11:30:58,4,17,-209
11:30:58,8,7,-210
11:30:58,14,9,-211
11:30:59,14,11,-207
11:30:59,4,15,-207
11:30:59,4,14,-203
11:30:59,4,11,-205
11:30:59,8,6,-206
11:30:59,10,19,-209
11:30:59,8,17,-213
11:30:59,6,18,-201
11:30:59,-2,12,-214
11:30:59,8,10,-205
11:30:59,11,15,-212
11:30:59,11,19,-214
11:30:59,2,16,-209
11:30:59,8,18,-211
11:30:59,11,6,-209
11:30:59,7,10,-209
11:30:59,12,11,-208
11:30:59,4,9,-213
11:30:59,2,12,-205
11:31:00,6,18,-208
11:31:00,9,8,-209
11:31:00,13,16,-212
11:31:00,4,12,-210
11:31:00,2,10,-200
11:31:00,5,15,-211
11:31:00,12,11,-210
11:31:00,17,13,-207
11:31:00,11,22,-212
11:31:00,6,17,-205
11:31:00,3,18,-208
11:31:00,11,13,-208
11:31:00,12,15,-216
11:31:00,12,12,-211
11:31:00,6,10,-206
11:31:00,5,14,-205
11:31:00,8,13,-209
11:31:00,13,10,-215
11:31:00,15,13,-213
11:31:00,9,13,-211
11:31:01,4,12,-207
11:31:01,5,14,-206
11:31:01,14,11,-212
11:31:01,13,3,-208
11:31:01,11,14,-206
11:31:01,-1,9,-210
11:31:01,7,6,-208
11:31:01,14,6,-207
11:31:01,13,10,-214
11:31:01,13,14,-207
11:31:01,-3,6,-205
11:31:01,8,14,-202
11:31:01,12,16,-208
11:31:01,8,11,-208
11:31:01,19,14,-212
11:31:01,8,15,-203
11:31:01,2,16,-209
11:31:01,6,13,-202
11:31:01,8,9,-212
11:31:01,15,14,-213
11:31:02,11,17,-212
11:31:02,7,10,-204
11:31:02,2,13,-208
11:31:02,9,8,-214
11:31:02,15,18,-213
11:31:02,9,22,-209
11:31:02,8,13,-202
11:31:02,0,15,-207
11:31:02,8,8,-211
11:31:02,11,10,-210
11:31:02,18,21,-210
11:31:02,5,9,-204
11:31:02,8,9,-202
11:31:02,7,16,-207
11:31:02,13,5,-210
11:31:02,15,13,-209
11:31:02,7,16,-207
11:31:02,2,17,-209
11:31:02,2,10,-210
11:31:02,8,6,-211
11:31:03,12,11,-214
11:31:03,6,15,-212
11:31:03,10,14,-204
11:31:03,6,15,-208
11:31:03,10,13,-207
11:31:03,8,13,-209
11:31:03,15,16,-211
11:31:03,3,10,-206
11:31:03,8,8,-207
11:31:03,9,20,-209
11:31:03,6,13,-212
11:31:03,16,14,-213
11:31:03,6,5,-207
11:31:03,8,10,-204
11:31:03,1,15,-211
11:31:03,7,11,-212
11:31:03,11,7,-216
11:31:03,18,15,-207
11:31:03,3,10,-209
11:31:04,-1,4,-210
11:31:04,7,9,-207
11:31:04,9,15,-214
11:31:04,16,10,-208
11:31:04,7,12,-210
11:31:04,11,23,-206
11:31:04,-2,11,-208
11:31:04,11,13,-211
11:31:04,6,12,-211
11:31:04,9,19,-208
11:31:04,9,11,-208
11:31:04,2,11,-206
11:31:04,7,8,-207
11:31:04,14,7,-212
11:31:04,14,20,-207
11:31:04,8,10,-210
11:31:04,4,20,-207
11:31:04,3,5,-206
11:31:04,17,10,-210
11:31:04,15,19,-206
11:31:05,10,16,-211
11:31:05,9,14,-208
11:31:05,2,20,-213
11:31:05,6,12,-210
11:31:05,18,14,-209
11:31:05,4,7,-209
11:31:05,8,17,-209
11:31:05,4,12,-207
11:31:05,6,6,-208
11:31:05,15,8,-211
11:31:05,12,14,-207
11:31:05,7,18,-208
11:31:05,0,4,-201
11:31:05,7,22,-205
11:31:05,11,10,-211
11:31:05,13,15,-212
11:31:05,7,8,-209
11:31:05,9,11,-210
11:31:05,5,12,-212
11:31:05,14,11,-210
11:31:06,12,17,-214
11:31:06,12,13,-206
11:31:06,6,11,-203
11:31:06,4,14,-206
11:31:06,10,6,-209
11:31:06,15,11,-206
11:31:06,11,18,-209
11:31:06,7,11,-206
11:31:06,8,15,-207
11:31:06,6,13,-209
11:31:06,4,11,-210
11:31:06,11,13,-214
11:31:06,12,18,-211
11:31:06,6,14,-210
11:31:06,5,16,-213
11:31:06,13,9,-212
11:31:06,15,18,-212
11:31:06,9,9,-209
11:31:06,5,10,-204
11:31:06,1,10,-211
11:31:07,10,7,-214
11:31:07,6,16,-214
11:31:07,17,14,-215
11:31:07,4,1,-206
11:31:07,6,19,-203
11:31:07,4,8,-205
11:31:07,15,12,-214
11:31:07,12,17,-214
11:31:07,7,9,-208
11:31:07,8,21,-211
11:31:07,2,13,-206
11:31:07,18,11,-211
11:31:07,13,12,-210
11:31:07,10,11,-208
11:31:07,1,13,-204
11:31:07,4,13,-210
11:31:07,8,4,-206
11:31:07,9,15,-215
11:31:07,4,10,-212
11:31:08,6,6,-206
11:31:08,8,15,-208
11:31:08,1,15,-207
11:31:08,7,7,-215
11:31:08,15,22,-206
11:31:08,4,21,-208
11:31:08,3,14,-205
11:31:08,6,23,-205
11:31:08,12,10,-210
11:31:08,10,14,-213
11:31:08,12,18,-210
11:31:08,5,18,-203
11:31:08,7,17,-204
11:31:08,12,15,-207
11:31:08,12,12,-214
11:31:08,16,16,-211
11:31:08,4,7,-208
11:31:08,9,15,-204
11:31:08,4,10,-206
11:31:08,12,14,-211
11:31:09,14,16,-207
11:31:09,6,13,-211
11:31:09,6,13,-208
11:31:09,3,14,-210
11:31:09,15,11,-207
11:31:09,9,11,-215
11:31:09,7,16,-211
11:31:09,4,10,-208
11:31:09,0,10,-204
11:31:09,14,13,-203
11:31:09,13,8,-210
11:31:09,11,16,-210
11:31:09,0,7,-208
11:31:09,6,10,-206
11:31:09,10,11,-208
11:31:09,4,5,-209
11:31:09,16,12,-205
11:31:09,3,10,-209
11:31:09,5,13,-212
11:31:09,5,13,-207
11:31:10,8,5,-211
11:31:10,21,16,-209
11:31:10,12,19,-212
11:31:10,2,4,-202
11:31:10,6,9,-209
11:31:10,8,6,-212
11:31:10,19,16,-214
11:31:10,10,5,-216
11:31:10,4,14,-207
11:31:10,3,17,-210
11:31:10,5,6,-205
11:31:10,13,10,-212
11:31:10,9,7,-214
11:31:10,7,19,-210
11:31:10,-1,15,-204
11:31:10,10,14,-209
11:31:10,15,10,-208
11:31:10,19,14,-215
11:31:10,2,10,-206
11:31:11,5,14,-206
11:31:11,2,19,-214
11:31:11,11,11,-213
11:31:11,12,10,-216
11:31:11,7,13,-213
11:31:11,5,14,-205
11:31:11,8,9,-209
11:31:11,7,4,-204
11:31:11,12,10,-210
11:31:11,13,14,-213
11:31:11,5,14,-207
11:31:11,4,14,-206
11:31:11,5,11,-212
11:31:11,12,14,-208
11:31:11,16,16,-217
11:31:11,9,12,-207
11:31:11,9,10,-210
11:31:11,8,17,-205
11:31:11,11,6,-209
11:31:11,16,16,-212
11:31:12,11,23,-214
11:31:12,1,14,-205
11:31:12,4,18,-209
11:31:12,12,8,-206
11:31:12,10,11,-214
11:31:12,12,15,-209
11:31:12,4,10,-206
11:31:12,3,12,-206
11:31:12,7,11,-208
11:31:12,11,5,-212
11:31:12,13,11,-211
11:31:12,4,10,-213
11:31:12,6,9,-207
11:31:12,3,10,-211
11:31:12,12,6,-205
11:31:12,13,9,-214
11:31:12,14,22,-206
11:31:12,2,14,-211
11:31:12,3,10,-207
11:31:12,6,10,-210
11:31:13,10,5,-215
11:31:13,9,17,-206
11:31:13,9,14,-210
11:31:13,3,18,-207
11:31:13,3,6,-210
11:31:13,11,14,-211
11:31:13,11,7,-207
11:31:13,11,16,-208
11:31:13,6,16,-207
11:31:13,2,11,-208
11:31:13,13,13,-209
11:31:13,12,6,-217
11:31:13,17,14,-211
11:31:13,8,7,-210
11:31:13,4,20,-208
11:31:13,4,7,-209
11:31:13,11,6,-212
11:31:13,13,13,-209
11:31:13,4,7,-209
11:31:13,6,19,-212
11:31:14,4,11,-209
11:31:14,11,8,-212
11:31:14,14,9,-211
11:31:14,6,18,-208
11:31:14,6,11,-208
11:31:14,3,20,-206
11:31:14,13,12,-209
11:31:14,15,9,-216
11:31:14,8,16,-206
11:31:14,4,20,-206
11:31:14,10,17,-204
11:31:14,6,9,-206
11:31:14,16,13,-211
11:31:14,9,8,-212
11:31:14,3,11,-209
11:31:14,2,17,-206
11:31:14,4,21,-210
11:31:14,9,14,-211
11:31:14,13,17,-216
11:31:15,6,14,-208
11:31:15,7,16,-204
11:31:15,5,15,-210
11:31:15,8,2,-212
11:31:15,19,17,-210
11:31:15,8,10,-211
11:31:15,4,10,-206
11:31:15,9,15,-209
11:31:15,6,11,-206
11:31:15,7,4,-208
11:31:15,13,24,-209
11:31:15,2,10,-206
11:31:15,8,19,-205
11:31:15,5,11,-209
11:31:15,10,9,-208
11:31:15,12,7,-217
11:31:15,12,8,-205
11:31:15,4,17,-207
11:31:15,7,11,-205
11:31:15,5,8,-212
11:31:16,16,11,-213
11:31:16,7,11,-212
11:31:16,6,17,-207
11:31:16,5,16,-206
11:31:16,12,11,-213
11:31:16,14,12,-207
11:31:16,15,13,-206
11:31:16,3,12,-212
11:31:16,6,22,-202
11:31:16,3,12,-207
11:31:16,13,7,-214
11:31:16,16,12,-212
11:31:16,4,16,-208
11:31:16,5,10,-204
11:31:16,2,8,-205
11:31:16,12,14,-202
11:31:16,14,14,-216
11:31:16,13,13,-211
11:31:16,11,12,-210
11:31:16,5,13,-214
11:31:17,6,11,-210
11:31:17,12,9,-212
11:31:17,18,22,-212
11:31:17,4,7,-207
11:31:17,9,17,-209
11:31:17,6,11,-214
11:31:17,12,10,-209
11:31:17,15,8,-212
11:31:17,6,15,-211
11:31:17,4,12,-210
11:31:17,7,10,-205
11:31:17,11,15,-211
11:31:17,5,7,-209
11:31:17,17,16,-215
11:31:17,5,7,-202
11:31:17,4,10,-214
11:31:17,16,14,-204
11:31:17,8,10,-211
11:31:17,18,20,-211
11:31:17,9,19,-208
11:31:18,1,10,-210
11:31:18,7,8,-204
11:31:18,11,10,-211
11:31:18,13,16,-210
11:31:18,12,10,-211
11:31:18,-2,10,-201
11:31:18,4,13,-210
11:31:18,9,12,-214
11:31:18,15,6,-212
11:31:18,10,13,-211
11:31:18,5,16,-204
11:31:18,5,18,-205
11:31:18,9,15,-213
11:31:18,9,6,-208
11:31:18,14,8,-212
11:31:18,8,15,-206
11:31:18,4,16,-211
11:31:18,1,7,-206
11:31:18,11,9,-215
11:31:19,12,12,-207
11:31:19,10,20,-211
11:31:19,5,10,-205
11:31:19,6,13,-206
11:31:19,8,3,-206
11:31:19,12,5,-210
11:31:19,14,10,-206
11:31:19,7,6,-203
11:31:19,5,16,-211
11:31:19,9,6,-210
11:31:19,9,4,-206
11:31:19,14,22,-214
11:31:19,8,11,-209
11:31:19,4,18,-203
11:31:19,7,18,-210
11:31:19,9,2,-211
11:31:19,12,22,-212
11:31:19,5,16,-206
11:31:19,3,15,-210
11:31:19,2,10,-211
11:31:20,7,3,-207
11:31:20,12,14,-211
11:31:20,10,14,-210
11:31:20,2,16,-212
11:31:20,-1,11,-213
11:31:20,10,12,-206
11:31:20,16,16,-202
11:31:20,14,25,-210
11:31:20,8,18,-206
11:31:20,-2,4,-206
11:31:20,7,16,-206
11:31:20,11,12,-212
11:31:20,11,17,-212
11:31:20,9,9,-210
11:31:20,7,11,-210
11:31:20,0,13,-210
11:31:20,8,-1,-214
11:31:20,10,5,-208
11:31:20,15,12,-213
11:31:20,6,9,-210
11:31:21,-5,13,-204
11:31:21,6,17,-210
11:31:21,8,12,-213
11:31:21,14,16,-210
11:31:21,4,12,-207
11:31:21,3,16,-209
11:31:21,0,6,-209
11:31:21,11,18,-211
11:31:21,13,16,-213
11:31:21,10,14,-212
11:31:21,12,16,-206
11:31:21,3,14,-210
11:31:21,6,9,-208
11:31:21,17,9,-216
11:31:21,10,14,-206
11:31:21,-3,13,-207
11:31:21,2,7,-203
11:31:21,3,6,-210
11:31:21,10,2,-213
11:31:21,16,18,-211
11:31:22,2,15,-211
11:31:22,5,21,-205
11:31:22,9,10,-208
11:31:22,11,8,-211
11:31:22,8,11,-212
11:31:22,9,17,-212
11:31:22,8,16,-205
11:31:22,3,15,-210
11:31:22,4,7,-211
11:31:22,12,14,-213
11:31:22,9,13,-211
11:31:22,7,11,-210
11:31:22,0,11,-207
11:31:22,10,11,-209
11:31:22,12,13,-208
11:31:22,14,18,-210
11:31:22,7,15,-205
11:31:22,3,14,-205
11:31:22,7,14,-207
11:31:23,8,9,-210
11:31:23,12,15,-215
11:31:23,7,8,-213
11:31:23,3,10,-205
11:31:23,5,19,-215
11:31:23,6,7,-213
11:31:23,14,9,-209
11:31:23,12,13,-209
11:31:23,0,14,-208
11:31:23,5,8,-209
11:31:23,9,12,-211
11:31:23,14,13,-210
11:31:23,10,13,-211
11:31:23,5,10,-204
11:31:23,-1,15,-209
11:31:23,8,13,-210
11:31:23,10,14,-208
11:31:23,13,15,-212
11:31:23,6,14,-209
11:31:23,7,13,-202
11:31:24,4,15,-206
11:31:24,14,7,-205
11:31:24,13,18,-215
11:31:24,0,12,-214
11:31:24,10,11,-208
11:31:24,3,9,-210
11:31:24,7,10,-208
11:31:24,9,10,-212
11:31:24,11,12,-214
11:31:24,4,12,-209
11:31:24,10,10,-201
11:31:24,7,9,-216
11:31:24,6,0,-206
11:31:24,14,15,-214
11:31:24,14,18,-212
11:31:24,7,13,-211
11:31:24,6,14,-205
11:31:24,11,10,-213
11:31:24,10,9,-208
11:31:24,12,6,-208
11:31:25,9,14,-211
11:31:25,5,25,-208
11:31:25,15,14,-205
11:31:25,8,10,-210
11:31:25,14,15,-212
11:31:25,8,15,-212
11:31:25,4,13,-202
11:31:25,15,18,-206
11:31:25,5,2,-211
11:31:25,14,13,-210
11:31:25,6,15,-210
11:31:25,11,15,-209
11:31:25,8,16,-203
11:31:25,7,12,-207
11:31:25,11,18,-214
11:31:25,12,14,-211
11:31:25,2,14,-207
11:31:25,1,19,-209
11:31:25,13,10,-212
11:31:25,10,16,-206
11:31:26,17,18,-211
11:31:26,7,20,-210
11:31:26,3,11,-209
11:31:26,6,16,-209
11:31:26,6,10,-209
11:31:26,10,16,-210
11:31:26,8,17,-205
11:31:26,1,6,-206
11:31:26,2,11,-206
11:31:26,7,7,-206
11:31:26,14,8,-210
11:31:26,11,17,-208
11:31:26,7,10,-208
11:31:26,0,14,-206
11:31:26,13,6,-212
11:31:26,13,11,-212
11:31:26,18,16,-213
11:31:26,5,13,-208
11:31:26,5,17,-212
11:31:27,0,10,-211
11:31:27,10,7,-206
11:31:27,21,17,-212
11:31:27,7,13,-211
11:31:27,0,8,-208
11:31:27,5,17,-206
11:31:27,14,8,-204
11:31:27,16,11,-206
11:31:27,12,14,-209
11:31:27,4,15,-204
11:31:27,4,12,-206
11:31:27,12,13,-208
11:31:27,14,5,-210
11:31:27,13,17,-211
11:31:27,0,21,-208
11:31:27,9,19,-202
11:31:27,6,11,-209
11:31:27,11,14,-214
11:31:27,12,8,-213
11:31:27,9,20,-202
11:31:28,6,13,-212
11:31:28,3,13,-212
11:31:28,10,9,-211
11:31:28,14,7,-215
11:31:28,7,14,-211
11:31:28,4,6,-206
11:31:28,1,15,-214
11:31:28,8,16,-209
11:31:28,10,13,-211
11:31:28,20,20,-216
11:31:28,0,11,-206
11:31:28,6,17,-206
11:31:28,6,19,-207
11:31:28,13,12,-205
11:31:28,16,14,-212
11:31:28,10,18,-207
11:31:28,-1,10,-209
11:31:28,9,12,-210
11:31:28,12,12,-205
11:31:28,15,17,-204
11:31:29,7,15,-209
11:31:29,5,11,-212
11:31:29,5,18,-212
11:31:29,4,6,-210
11:31:29,12,10,-207
11:31:29,13,25,-210
11:31:29,6,10,-208
11:31:29,6,11,-209
11:31:29,9,10,-206
11:31:29,12,17,-213
11:31:29,14,12,-213
11:31:29,8,11,-206
11:31:29,3,18,-208
11:31:29,2,16,-203
11:31:29,13,16,-205
11:31:29,9,12,-206
11:31:29,11,13,-209
11:31:29,5,20,-204
11:31:29,2,9,-211
11:31:29,9,8,-212
11:31:30,15,9,-210
11:31:30,10,14,-208
11:31:30,1,11,-209
11:31:30,3,13,-208
11:31:30,6,11,-205
11:31:30,4,5,-212
11:31:30,16,16,-211
11:31:30,8,15,-209
11:31:30,3,12,-207
11:31:30,-1,12,-209
11:31:30,15,13,-209
11:31:30,10,14,-208
11:31:30,8,11,-204
11:31:30,3,6,-208
11:31:30,3,11,-203
11:31:30,11,8,-211
11:31:30,11,6,-209
11:31:30,10,14,-209
11:31:30,6,13,-205
11:31:31,2,12,-201
11:31:31,10,14,-207
11:31:31,10,9,-210
11:31:31,13,9,-209
11:31:31,8,15,-206
11:31:31,6,14,-206
11:31:31,0,14,-210
11:31:31,7,5,-211
11:31:31,15,14,-210
11:31:31,12,15,-208
11:31:31,8,10,-205
11:31:31,2,9,-212
11:31:31,8,5,-207
11:31:31,12,14,-209
11:31:31,14,18,-216
11:31:31,3,15,-205
11:31:31,4,14,-210
11:31:31,6,9,-205
11:31:31,8,9,-212
11:31:31,10,15,-214
11:31:32,15,18,-212
11:31:32,-3,5,-204
11:31:32,7,21,-206
11:31:32,3,6,-208
11:31:32,15,14,-213
11:31:32,5,11,-205
11:31:32,5,18,-210
11:31:32,5,17,-208
11:31:32,7,1,-213
11:31:32,14,13,-211
11:31:32,15,22,-211
11:31:32,8,11,-207
11:31:32,3,24,-206
11:31:32,6,15,-208
11:31:32,13,9,-209
11:31:32,17,21,-208
11:31:32,7,11,-209
11:31:32,4,13,-207
11:31:32,8,15,-207
11:31:32,17,12,-206
11:31:33,8,14,-214
11:31:33,5,8,-212
11:31:33,9,13,-201
11:31:33,6,14,-209
11:31:33,16,13,-212
11:31:33,14,11,-215
11:31:33,11,13,-211
11:31:33,6,13,-210
11:31:33,4,13,-205
11:31:33,1,8,-208
11:31:33,12,10,-207
11:31:33,18,17,-209
11:31:33,5,17,-206
11:31:33,7,19,-212
11:31:33,5,8,-207
11:31:33,11,16,-207
11:31:33,19,14,-209
11:31:33,9,13,-204
11:31:33,0,10,-204
11:31:34,5,6,-208
11:31:34,13,7,-211
11:31:34,19,16,-208
11:31:34,12,19,-210
11:31:34,9,14,-201
11:31:34,2,12,-207
11:31:34,9,17,-213
11:31:34,12,9,-217
11:31:34,16,15,-213
11:31:34,9,9,-206
11:31:34,3,21,-204
11:31:34,5,17,-206
11:31:34,12,6,-217
11:31:34,6,9,-208
11:31:34,10,12,-212
11:31:34,5,7,-208
11:31:34,5,18,-204
11:31:34,6,10,-215
11:31:34,11,16,-209
11:31:34,14,10,-212
11:31:35,4,14,-208
11:31:35,4,13,-206
11:31:35,6,20,-203
11:31:35,10,12,-210
11:31:35,10,17,-206
11:31:35,9,22,-204
11:31:35,3,15,-208
11:31:35,9,15,-204
11:31:35,12,7,-210
11:31:35,9,12,-215
11:31:35,12,14,-213
11:31:35,3,5,-211
11:31:35,7,15,-203
11:31:35,12,8,-210
11:31:35,9,4,-217
11:31:35,13,15,-213
11:31:35,5,10,-210
11:31:35,0,16,-207
11:31:35,10,11,-203
11:31:35,12,9,-216
11:31:36,11,9,-210
11:31:36,6,8,-206
11:31:36,3,22,-205
11:31:36,3,6,-204
11:31:36,15,11,-212
11:31:36,12,11,-208
11:31:36,15,19,-209
11:31:36,2,11,-207
11:31:36,6,11,-207
11:31:36,7,11,-209
11:31:36,12,4,-211
11:31:36,14,19,-211
11:31:36,5,13,-202
11:31:36,5,19,-204
11:31:36,6,11,-208
11:31:36,9,12,-208
11:31:36,12,17,-213
11:31:36,9,13,-209
11:31:36,4,18,-206
11:31:36,4,11,-206
11:31:37,12,12,-209
11:31:37,13,15,-213
11:31:37,7,15,-210
11:31:37,2,13,-206
11:31:37,4,16,-205
11:31:37,6,4,-208
11:31:37,18,13,-212
11:31:37,14,18,-209
11:31:37,-2,10,-210
11:31:37,8,16,-200
11:31:37,0,11,-209
11:31:37,12,12,-213
11:31:37,16,18,-210
11:31:37,8,9,-203
11:31:37,13,19,-211
11:31:37,1,10,-209
11:31:37,11,14,-211
11:31:37,15,15,-214
11:31:37,9,12,-205
11:31:38,4,10,-212
11:31:38,2,10,-210
11:31:38,13,7,-207
11:31:38,12,16,-214
11:31:38,8,8,-213
11:31:38,10,10,-210
11:31:38,-2,15,-208
11:31:38,5,10,-213
11:31:38,13,18,-208
11:31:38,11,14,-208
11:31:38,3,15,-202
11:31:38,4,18,-209
11:31:38,3,17,-208
11:31:38,13,10,-210
11:31:38,13,18,-212
11:31:38,4,7,-209
11:31:38,6,13,-206
11:31:38,2,14,-213
11:31:38,10,8,-213
11:31:38,11,13,-212
11:31:39,13,18,-208
11:31:39,6,13,-212
11:31:39,2,7,-209
11:31:39,5,12,-207
11:31:39,11,13,-203
11:31:39,15,10,-212
11:31:39,6,15,-205
11:31:39,-2,12,-207
11:31:39,8,13,-208
11:31:39,9,2,-211
11:31:39,9,10,-216
11:31:39,12,16,-205
11:31:39,8,14,-207
11:31:39,4,12,-208
11:31:39,8,9,-207
11:31:39,13,11,-208
11:31:39,18,15,-206
11:31:39,7,15,-205
11:31:39,3,14,-206
11:31:39,6,9,-212
11:31:40,19,16,-212
11:31:40,15,17,-208
11:31:40,8,12,-208
11:31:40,9,13,-205
11:31:40,3,12,-209
11:31:40,13,9,-208
11:31:40,16,12,-209
11:31:40,12,26,-207
11:31:40,5,10,-211
11:31:40,2,15,-205
11:31:40,4,7,-211
11:31:40,14,7,-216
11:31:40,14,17,-208
11:31:40,2,9,-205
11:31:40,3,15,-206
11:31:40,12,8,-213
11:31:40,17,6,-210
11:31:40,18,22,-209
11:31:40,4,15,-207
11:31:40,8,19,-208
11:31:41,4,11,-206
11:31:41,13,9,-212
11:31:41,15,13,-209
11:31:41,10,14,-211
11:31:41,4,18,-207
11:31:41,4,9,-212
11:31:41,7,10,-209
11:31:41,9,16,-212
11:31:41,12,10,-204
11:31:41,5,9,-203
11:31:41,9,18,-208
11:31:41,11,11,-208
11:31:41,12,10,-209
11:31:41,20,27,-214
11:31:41,4,13,-206
11:31:41,6,17,-207
11:31:41,1,11,-209
11:31:41,10,11,-212
11:31:41,11,14,-210
11:31:42,12,15,-213
11:31:42,3,8,-205
11:31:42,6,23,-215
11:31:42,13,6,-210
11:31:42,15,12,-210
11:31:42,10,14,-216
11:31:42,7,16,-205
11:31:42,8,16,-202
11:31:42,5,12,-212
11:31:42,12,10,-209
11:31:42,14,11,-211
11:31:42,4,7,-208
11:31:42,7,15,-204
11:31:42,0,14,-206
11:31:42,10,9,-214
11:31:42,14,14,-208
11:31:42,9,20,-213
11:31:42,9,11,-208
11:31:42,8,14,-204
11:31:42,15,10,-209
11:31:43,17,14,-212
11:31:43,16,13,-209
11:31:43,7,14,-205
11:31:43,2,9,-208
11:31:43,6,11,-208
11:31:43,10,5,-209
11:31:43,15,12,-212
11:31:43,7,12,-212
11:31:43,5,17,-204
11:31:43,2,7,-213
11:31:43,14,9,-208
11:31:43,16,18,-214
11:31:43,3,14,-205
11:31:43,6,11,-202
11:31:43,7,17,-212
11:31:43,8,8,-209
11:31:43,14,12,-210
11:31:43,9,8,-214
11:31:43,3,9,-205
11:31:43,8,18,-205
11:31:44,8,10,-210
11:31:44,12,10,-207
11:31:44,13,13,-211
11:31:44,7,12,-206
11:31:44,6,17,-201
11:31:44,6,19,-212
11:31:44,15,3,-210
11:31:44,13,13,-205
11:31:44,8,15,-210
11:31:44,6,6,-207
11:31:44,2,11,-206
11:31:44,18,7,-211
11:31:44,10,4,-217
11:31:44,15,21,-213
11:31:44,5,12,-207
11:31:44,2,13,-208
11:31:44,10,12,-204
11:31:44,10,15,-212
11:31:44,11,13,-204
11:31:45,8,15,-207
11:31:45,3,15,-207
11:31:45,3,16,-205
11:31:45,7,9,-213
11:31:45,13,15,-211
11:31:45,8,16,-211
11:31:45,9,13,-204
11:31:45,2,15,-208
11:31:45,9,10,-207
11:31:45,15,12,-216
11:31:45,11,15,-210
11:31:45,2,11,-211
11:31:45,1,12,-208
11:31:45,10,7,-211
11:31:45,12,12,-207
11:31:45,10,16,-212
11:31:45,7,12,-210
11:31:45,7,14,-209
11:31:45,4,8,-214
11:31:45,15,17,-211
11:31:46,12,13,-214
11:31:46,5,15,-210
11:31:46,3,14,-205
11:31:46,5,14,-208
11:31:46,9,6,-210
11:31:46,14,14,-211
11:31:46,10,13,-203
11:31:46,4,4,-202
11:31:46,7,18,-210
11:31:46,6,3,-209
11:31:46,12,10,-206
11:31:46,16,16,-210
11:31:46,1,9,-207
11:31:46,5,11,-204
11:31:46,9,14,-206
11:31:46,10,12,-209
11:31:46,16,9,-208
11:31:46,7,16,-209
11:31:46,3,10,-207
11:31:46,7,14,-211
11:31:47,6,12,-211
11:31:47,11,9,-212
11:31:47,11,10,-212
11:31:47,8,12,-213
11:31:47,6,11,-206
11:31:47,8,4,-208
11:31:47,15,19,-206
11:31:47,10,13,-209
11:31:47,9,20,-208
11:31:47,5,14,-209
11:31:47,3,11,-203
11:31:47,14,9,-209
11:31:47,12,16,-212
11:31:47,7,11,-210
11:31:47,7,11,-210
11:31:47,3,11,-206
11:31:47,12,4,-212
11:31:47,14,5,-213
11:31:47,8,14,-209
11:31:47,1,10,-206
11:31:48,6,18,-206
11:31:48,9,5,-212
11:31:48,15,13,-211
11:31:48,18,20,-214
11:31:48,3,14,-208
11:31:48,3,14,-205
11:31:48,7,12,-207
11:31:48,10,8,-210
11:31:48,16,9,-211
11:31:48,6,12,-211
11:31:48,9,11,-204
11:31:48,1,10,-213
11:31:48,11,11,-212
11:31:48,16,15,-218
11:31:48,9,7,-214
11:31:48,6,6,-205
11:31:48,3,17,-209
11:31:48,10,7,-208
11:31:48,6,10,-206
11:31:49,15,16,-210
11:31:49,4,13,-206
11:31:49,1,12,-209
11:31:49,6,13,-212
11:31:49,12,6,-210
11:31:49,13,17,-209
11:31:49,9,16,-207
11:31:49,7,12,-207
11:31:49,8,9,-211
11:31:49,9,9,-210
11:31:49,12,18,-209
11:31:49,10,11,-211
11:31:49,10,15,-207
11:31:49,0,12,-209
11:31:49,9,1,-205
11:31:49,9,11,-210
11:31:49,14,15,-216
11:31:49,2,10,-200
11:31:49,-1,14,-206
11:31:49,3,15,-205
11:31:50,10,13,-211
11:31:50,15,11,-212
11:31:50,6,12,-207
11:31:50,9,17,-205
11:31:50,7,10,-213
11:31:50,10,14,-207
11:31:50,11,8,-206
11:31:50,11,9,-206
11:31:50,5,10,-209
11:31:50,1,9,-204
11:31:50,12,14,-211
11:31:50,10,19,-213
11:31:50,15,14,-210
11:31:50,5,14,-210
11:31:50,6,14,-211
11:31:50,7,6,-208
11:31:50,13,8,-208
11:31:50,15,24,-215
11:31:50,6,13,-208
11:31:50,7,14,-207
11:31:51,6,15,-207
11:31:51,10,8,-207
11:31:51,10,9,-215
11:31:51,10,16,-209
11:31:51,4,6,-210
11:31:51,-3,17,-208
11:31:51,6,11,-208
11:31:51,12,11,-215
11:31:51,13,22,-213
11:31:51,4,15,-208
11:31:51,4,15,-207
11:31:51,6,10,-210
11:31:51,12,8,-207
11:31:51,11,19,-210
11:31:51,8,20,-211
11:31:51,4,9,-202
11:31:51,8,16,-206
11:31:51,12,7,-210
11:31:51,18,15,-215
11:31:51,8,15,-208
11:31:52,5,5,-210
11:31:52,5,8,-202
11:31:52,9,14,-214
11:31:52,18,7,-209
11:31:52,11,19,-209
11:31:52,3,8,-211
11:31:52,4,19,-210
11:31:52,4,10,-207
11:31:52,16,15,-215
11:31:52,15,12,-212
11:31:52,11,16,-206
11:31:52,9,13,-205
11:31:52,1,10,-205
11:31:52,18,11,-206
11:31:52,11,14,-212
11:31:52,4,14,-210
11:31:52,8,7,-206
11:31:52,6,12,-206
11:31:52,5,10,-212
11:31:53,8,11,-212
11:31:53,12,9,-212
11:31:53,4,11,-211
11:31:53,2,16,-207
11:31:53,7,13,-212
11:31:53,13,15,-214
11:31:53,16,18,-213
11:31:53,3,10,-209
11:31:53,5,13,-209
11:31:53,2,14,-212
11:31:53,9,5,-207
11:31:53,18,13,-215
11:31:53,6,12,-210
11:31:53,10,13,-206
11:31:53,2,13,-208
11:31:53,10,7,-207
11:31:53,14,8,-211
11:31:53,9,14,-210
11:31:53,5,12,-210
11:31:53,6,15,-208
11:31:54,6,10,-208
11:31:54,9,4,-205
11:31:54,18,23,-206
11:31:54,6,13,-205
11:31:54,6,12,-206
11:31:54,5,15,-206
11:31:54,10,15,-212
11:31:54,16,13,-212
11:31:54,11,13,-209
11:31:54,11,15,-212
11:31:54,5,6,-202
11:31:54,6,-3,-213
11:31:54,10,10,-211
11:31:54,8,9,-214
11:31:54,9,13,-206
11:31:54,8,19,-206
11:31:54,1,8,-205
11:31:54,17,12,-210
11:31:54,12,20,-208
11:31:54,12,11,-207
11:31:55,4,13,-206
11:31:55,2,8,-203
11:31:55,8,8,-207
11:31:55,15,11,-211
11:31:55,12,14,-210
11:31:55,6,12,-207
11:31:55,5,9,-210
11:31:55,9,12,-211
11:31:55,15,11,-209
11:31:55,13,15,-213
11:31:55,6,18,-209
11:31:55,7,22,-206
11:31:55,7,5,-204
11:31:55,10,14,-215
11:31:55,10,13,-211
11:31:55,8,10,-208
11:31:55,4,12,-208
11:31:55,7,14,-208
11:31:55,9,6,-215
11:31:55,14,17,-213
11:31:56,12,10,-213
11:31:56,4,12,-212
11:31:56,0,13,-209
11:31:56,18,11,-215
11:31:56,11,13,-211
11:31:56,14,18,-209
11:31:56,0,4,-208
11:31:56,3,13,-204
11:31:56,8,18,-206
11:31:56,11,2,-209
11:31:56,17,12,-210
11:31:56,6,12,-209
11:31:56,7,11,-202
11:31:56,5,13,-207
11:31:56,12,5,-209
11:31:56,14,13,-211
11:31:56,7,11,-207
11:31:56,8,13,-207
11:31:56,1,10,-207
11:31:57,13,7,-210
11:31:57,10,9,-212
11:31:57,11,14,-211
11:31:57,9,8,-212
11:31:57,3,14,-204
11:31:57,11,3,-211
11:31:57,11,9,-211
11:31:57,16,11,-211
11:31:57,6,15,-211
11:31:57,12,18,-204
11:31:57,6,11,-211
11:31:57,15,9,-210
11:31:57,12,8,-213
11:31:57,10,9,-210
11:31:57,6,17,-210
11:31:57,1,16,-210
11:31:57,4,8,-208
11:31:57,16,9,-214
11:31:57,11,13,-210
11:31:57,5,11,-205
11:31:58,8,18,-207
11:31:58,4,11,-210
11:31:58,10,10,-211
11:31:58,11,10,-210
11:31:58,5,12,-214
11:31:58,5,10,-197
11:31:58,5,17,-214
11:31:58,8,10,-212
11:31:58,14,19,-210
11:31:58,11,16,-212
11:31:58,6,12,-210
11:31:58,5,14,-207
11:31:58,9,11,-212
11:31:58,12,9,-213
11:31:58,6,11,-208
11:31:58,13,19,-208
11:31:58,-1,14,-209
11:31:58,9,10,-207
11:31:58,12,13,-215
11:31:58,12,16,-211
11:31:59,4,16,-204
11:31:59,5,17,-207
11:31:59,4,10,-210
11:31:59,12,13,-211
11:31:59,12,9,-209
11:31:59,5,10,-212
11:31:59,7,14,-205
11:31:59,5,7,-203
11:31:59,10,8,-204
11:31:59,16,5,-215
11:31:59,9,10,-213
11:31:59,5,13,-207
11:31:59,4,11,-205
11:31:59,8,10,-209
11:31:59,8,1,-212
11:31:59,13,19,-213
11:31:59,4,14,-205
11:31:59,6,12,-206
11:31:59,0,15,-207
11:31:59,11,12,-209
11:32:00,14,15,-208
11:32:00,8,13,-213
11:32:00,9,14,-205
11:32:00,-2,15,-211
11:32:00,10,4,-209
11:32:00,18,10,-214
11:32:00,5,12,-209
11:32:00,9,12,-210
11:32:00,9,15,-206
11:32:00,4,3,-207
11:32:00,16,12,-211
11:32:00,12,16,-206
11:32:00,9,11,-200
11:32:00,9,16,-214
11:32:00,0,11,-206
11:32:00,11,7,-217
11:32:00,17,19,-210
11:32:00,8,10,-203
11:32:00,4,7,-206
11:32:01,2,7,-204
11:32:01,12,10,-207
11:32:01,10,9,-212
11:32:01,14,10,-212
11:32:01,7,11,-205
11:32:01,-1,10,-206
11:32:01,7,10,-207
11:32:01,16,19,-211
11:32:01,11,13,-211
11:32:01,5,13,-209
11:32:01,0,10,-203
11:32:01,4,14,-206
11:32:01,12,10,-208
11:32:01,13,16,-210
11:32:01,10,15,-205
11:32:01,5,19,-204
11:32:01,3,14,-209
11:32:01,11,5,-214
11:32:01,11,11,-216
11:32:01,6,12,-207
11:32:02,5,14,-208
11:32:02,3,8,-207
11:32:02,9,11,-210
11:32:02,10,20,-210
11:32:02,14,19,-213
11:32:02,6,14,-208
11:32:02,5,8,-207
11:32:02,6,15,-205
11:32:02,12,10,-207
11:32:02,13,13,-213
11:32:02,7,13,-214
11:32:02,6,15,-205
11:32:02,-1,19,-208
11:32:02,7,8,-202
11:32:02,17,8,-210
11:32:02,9,17,-208
11:32:02,3,12,-208
11:32:02,7,17,-208
11:32:02,13,6,-205
11:32:02,11,9,-208
11:32:03,12,15,-207
11:32:03,3,13,-210
11:32:03,8,17,-202
11:32:03,2,13,-213
11:32:03,11,8,-210
11:32:03,17,21,-210
11:32:03,11,15,-214
11:32:03,8,13,-205
11:32:03,1,11,-211
11:32:03,12,7,-212
11:32:03,11,13,-213
11:32:03,8,11,-211
11:32:03,7,11,-210
11:32:03,5,18,-205
11:32:03,3,14,-211
11:32:03,10,12,-211
11:32:03,15,13,-209
11:32:03,3,16,-210
11:32:03,9,14,-205
11:32:03,3,16,-213
11:32:04,10,11,-211
11:32:04,14,17,-207
11:32:04,13,19,-209
11:32:04,11,12,-207
11:32:04,7,13,-213
11:32:04,7,5,-213
11:32:04,19,12,-208
11:32:04,13,16,-208
11:32:04,10,18,-205
11:32:04,4,14,-206
11:32:04,7,3,-206
11:32:04,14,11,-209
11:32:04,14,22,-209
11:32:04,8,9,-207
11:32:04,-1,16,-204
11:32:04,13,15,-210
11:32:04,12,5,-204
11:32:04,13,14,-212
11:32:04,5,12,-209
11:32:05,10,18,-206
11:32:05,-2,10,-206
11:32:05,9,7,-214
11:32:05,12,16,-213
11:32:05,9,16,-210
11:32:05,9,13,-208
11:32:05,5,16,-208
11:32:05,2,1,-205
11:32:05,14,15,-208
11:32:05,11,17,-210
11:32:05,5,13,-210
11:32:05,2,18,-204
11:32:05,2,13,-208
11:32:05,13,11,-211
11:32:05,10,7,-210
11:32:05,5,15,-208
11:32:05,11,12,-205
11:32:05,-1,16,-211
11:32:05,11,10,-211
11:32:05,9,8,-211
11:32:06,10,11,-212
11:32:06,3,9,-205
11:32:06,6,15,-210
11:32:06,9,9,-208
11:32:06,11,10,-212
11:32:06,18,13,-212
11:32:06,9,19,-204
11:32:06,6,20,-207
11:32:06,4,9,-208
11:32:06,16,15,-212
11:32:06,11,18,-209
11:32:06,3,11,-207
11:32:06,7,14,-210
11:32:06,-1,7,-209
11:32:06,15,15,-211
11:32:06,12,10,-212
11:32:06,16,17,-208
11:32:06,4,10,-203
11:32:06,6,16,-204
11:32:06,10,8,-211
11:32:07,19,5,-211
11:32:07,8,12,-212
11:32:07,6,11,-207
11:32:07,8,18,-206
11:32:07,8,10,-213
11:32:07,14,13,-211
11:32:07,11,16,-211
11:32:07,7,8,-205
11:32:07,10,17,-206
11:32:07,3,11,-210
11:32:07,11,11,-212
11:32:07,17,8,-211
11:32:07,8,20,-207
11:32:07,5,12,-206
11:32:07,4,10,-210
11:32:07,4,13,-205
11:32:07,7,6,-207
11:32:07,17,14,-208
11:32:07,3,11,-206
11:32:08,8,23,-211
11:32:08,7,13,-207
11:32:08,18,10,-202
11:32:08,15,16,-210
11:32:08,13,17,-207
11:32:08,-1,15,-203
11:32:08,7,15,-209
11:32:08,10,1,-213
11:32:08,14,10,-214
11:32:08,8,7,-208
11:32:08,5,17,-207
11:32:08,5,13,-203
11:32:08,8,15,-209
11:32:08,15,13,-213
11:32:08,9,17,-212
11:32:08,9,9,-212
11:32:08,8,14,-206
11:32:08,6,10,-209
11:32:08,9,11,-214
11:32:08,18,18,-210
11:32:09,5,8,-209
11:32:09,2,12,-207
11:32:09,4,12,-206
11:32:09,7,6,-208
11:32:09,14,14,-212
11:32:09,7,15,-206
11:32:09,3,10,-212
11:32:09,4,14,-205
11:32:09,9,10,-206
11:32:09,12,8,-211
11:32:09,12,10,-207
11:32:09,5,13,-207
11:32:09,4,15,-211
11:32:09,4,11,-209
11:32:09,10,13,-205
11:32:09,7,13,-210
11:32:09,5,20,-211
11:32:09,5,17,-207
11:32:09,9,13,-212
11:32:09,8,9,-210
11:32:10,15,13,-217
11:32:10,12,15,-213
11:32:10,6,18,-203
11:32:10,2,15,-208
11:32:10,8,8,-210
11:32:10,10,6,-206
11:32:10,18,22,-208
11:32:10,7,13,-208
11:32:10,5,20,-204
11:32:10,8,15,-208
11:32:10,12,11,-212
11:32:10,18,16,-210
11:32:10,13,7,-208
11:32:10,11,9,-205
11:32:10,9,18,-206
11:32:10,8,4,-212
11:32:10,13,12,-214
11:32:10,9,10,-207
11:32:10,6,11,-210
11:32:10,4,15,-205
11:32:11,7,12,-210
11:32:11,9,14,-206
11:32:11,14,18,-213
11:32:11,5,14,-205
11:32:11,3,14,-210
11:32:11,8,12,-205
11:32:11,7,7,-210
11:32:11,11,15,-219
11:32:11,6,12,-211
11:32:11,7,13,-207
11:32:11,5,11,-210
11:32:11,12,0,-206
11:32:11,11,14,-210
11:32:11,13,15,-209
11:32:11,0,9,-203
11:32:11,4,10,-208
11:32:11,7,16,-209
11:32:11,9,9,-213
11:32:11,15,16,-206
11:32:12,5,8,-206
11:32:12,4,16,-203
11:32:12,4,9,-209
11:32:12,11,7,-211
11:32:12,8,15,-211
11:32:12,7,8,-209
11:32:12,7,15,-206
11:32:12,-1,12,-211
11:32:12,11,16,-213
11:32:12,15,12,-210
11:32:12,10,15,-213
11:32:12,10,12,-206
11:32:12,-2,6,-208
11:32:12,12,17,-205
11:32:12,4,11,-214
11:32:12,15,12,-212
11:32:12,8,18,-212
11:32:12,3,7,-209
11:32:12,7,10,-206
11:32:12,8,8,-214
11:32:13,23,12,-206
11:32:13,8,14,-213
11:32:13,12,16,-207
11:32:13,3,15,-208
11:32:13,14,6,-205
11:32:13,10,9,-214
11:32:13,10,6,-209
11:32:13,9,14,-208
11:32:13,1,12,-207
11:32:13,4,12,-202
11:32:13,10,9,-205
11:32:13,13,17,-215
11:32:13,6,10,-207
11:32:13,3,13,-206
11:32:13,5,15,-207
11:32:13,9,16,-211
11:32:13,16,16,-213
11:32:13,9,18,-209
11:32:13,4,12,-210
11:32:13,5,11,-210
11:32:14,12,12,-212
11:32:14,16,9,-213
11:32:14,13,12,-203
11:32:14,4,14,-209
11:32:14,12,12,-203
11:32:14,10,17,-212
11:32:14,12,10,-209
11:32:14,12,18,-211
11:32:14,9,11,-208
11:32:14,8,28,-209
11:32:14,2,12,-212
11:32:14,14,15,-207
11:32:14,8,8,-208
11:32:14,11,15,-210
11:32:14,2,13,-209
11:32:14,6,14,-211
11:32:14,8,7,-211
11:32:14,18,18,-214
11:32:14,8,16,-213
11:32:14,2,8,-210
11:32:15,5,11,-210
11:32:15,7,12,-208
11:32:15,12,5,-207
11:32:15,15,20,-212
11:32:15,7,19,-204
11:32:15,6,21,-207
11:32:15,9,9,-209
11:32:15,10,14,-211
11:32:15,15,19,-202
11:32:15,10,14,-211
11:32:15,4,9,-206
11:32:15,3,13,-205
11:32:15,11,11,-205
11:32:15,16,10,-212
11:32:15,14,16,-211
11:32:15,9,7,-206
11:32:15,3,11,-211
11:32:15,9,8,-212
11:32:15,12,14,-212
11:32:16,11,15,-209
11:32:16,3,8,-207
11:32:16,1,16,-207
11:32:16,5,16,-208
11:32:16,13,8,-213
11:32:16,11,16,-211
11:32:16,4,12,-212
11:32:16,3,13,-203
11:32:16,6,19,-214
11:32:16,13,10,-213
11:32:16,9,15,-211
11:32:16,10,10,-208
11:32:16,10,21,-209
11:32:16,3,10,-205
11:32:16,11,5,-206
11:32:16,8,10,-210
11:32:16,17,20,-209
11:32:16,4,17,-207
11:32:16,6,12,-209
11:32:16,7,13,-208
11:32:17,10,3,-209
11:32:17,13,20,-216
11:32:17,11,19,-206
11:32:17,6,17,-209
11:32:17,0,6,-208
11:32:17,11,13,-209
11:32:17,9,12,-210
11:32:17,9,13,-212
11:32:17,9,14,-209
11:32:17,3,16,-206
11:32:17,12,7,-208
11:32:17,8,11,-214
11:32:17,15,20,-206
11:32:17,5,10,-204
11:32:17,8,12,-203
11:32:17,5,13,-201
11:32:17,9,10,-209
11:32:17,16,20,-213
11:32:17,5,12,-211
11:32:17,0,12,-201
11:32:18,2,14,-207
11:32:18,10,3,-212
11:32:18,12,8,-209
11:32:18,8,11,-209
11:32:18,10,10,-208
11:32:18,4,15,-205
11:32:18,4,6,-212
11:32:18,15,8,-213
11:32:18,11,14,-210
11:32:18,3,14,-209
11:32:18,4,18,-208
11:32:18,4,9,-209
11:32:18,16,11,-205
11:32:18,15,16,-209
11:32:18,7,11,-211
11:32:18,6,13,-210
11:32:18,6,5,-204
11:32:18,13,10,-209
11:32:18,11,10,-205
11:32:19,13,16,-212
11:32:19,8,13,-208
11:32:19,6,15,-203
11:32:19,10,11,-206
11:32:19,17,14,-209
11:32:19,12,15,-212
11:32:19,5,14,-205
11:32:19,2,12,-203
11:32:19,7,10,-211
11:32:19,11,8,-212
11:32:19,12,14,-210
11:32:19,8,13,-209
11:32:19,4,9,-206
11:32:19,4,14,-209
11:32:19,11,7,-208
11:32:19,9,11,-209
11:32:19,7,11,-210
11:32:19,7,17,-206
11:32:19,3,18,-206
11:32:19,10,8,-210
11:32:20,14,18,-214
11:32:20,10,26,-216
11:32:20,7,15,-208
11:32:20,6,19,-205
11:32:20,8,13,-205
11:32:20,4,12,-209
11:32:20,19,20,-210
11:32:20,10,17,-211
11:32:20,7,15,-205
11:32:20,1,12,-203
11:32:20,8,8,-211
11:32:20,13,13,-210
11:32:20,10,7,-209
11:32:20,2,13,-203
11:32:20,3,13,-200
11:32:20,9,9,-206
11:32:20,8,13,-215
11:32:20,16,18,-212
11:32:20,9,18,-211
11:32:20,4,15,-207
11:32:21,9,9,-207
11:32:21,14,12,-211
11:32:21,13,18,-213
11:32:21,6,11,-207
11:32:21,10,18,-208
11:32:21,4,9,-202
11:32:21,8,15,-207
11:32:21,14,8,-210
11:32:21,13,12,-208
11:32:21,5,11,-203
11:32:21,2,9,-203
11:32:21,14,10,-205
11:32:21,14,7,-210
11:32:21,14,15,-210
11:32:21,6,17,-206
11:32:21,0,19,-209
11:32:21,8,9,-207
11:32:21,14,11,-212
11:32:21,10,11,-213
11:32:21,8,19,-210
11:32:22,9,16,-208
11:32:22,4,12,-210
11:32:22,15,6,-208
11:32:22,13,20,-211
11:32:22,11,13,-205
11:32:22,11,23,-204
11:32:22,1,8,-211
11:32:22,12,14,-206
11:32:22,10,14,-212
11:32:22,13,16,-203
11:32:22,5,11,-207
11:32:22,5,12,-204
11:32:22,10,15,-208
11:32:22,11,9,-208
11:32:22,12,15,-213
11:32:22,7,17,-208
11:32:22,3,15,-206
11:32:22,7,10,-206
11:32:22,16,12,-214
11:32:23,10,8,-210
11:32:23,11,14,-214
11:32:23,4,14,-203
11:32:23,6,10,-209
11:32:23,10,5,-209
11:32:23,14,12,-213
11:32:23,8,13,-209
11:32:23,1,14,-212
11:32:23,7,14,-206
11:32:23,10,11,-209
11:32:23,8,2,-213
11:32:23,17,21,-215
11:32:23,9,12,-209
11:32:23,2,11,-201
11:32:23,5,12,-210
11:32:23,7,5,-206
11:32:23,15,16,-211
11:32:23,6,10,-202
11:32:23,9,10,-207
11:32:23,5,12,-206
11:32:24,8,7,-209
11:32:24,12,15,-214
11:32:24,14,20,-209
11:32:24,3,14,-212
11:32:24,8,15,-211
11:32:24,3,5,-209
11:32:24,15,16,-208
11:32:24,11,16,-208
11:32:24,3,12,-213
11:32:24,5,9,-202
11:32:24,5,11,-212
11:32:24,8,7,-210
11:32:24,12,9,-210
11:32:24,12,21,-212
11:32:24,2,6,-212
11:32:24,10,19,-207
11:32:24,11,10,-214
11:32:24,11,1,-209
11:32:24,12,20,-213
11:32:24,5,5,-202
11:32:25,8,18,-204
11:32:25,5,11,-206
11:32:25,16,9,-209
11:32:25,17,15,-207
11:32:25,8,9,-204
11:32:25,10,14,-211
11:32:25,3,13,-211
11:32:25,8,14,-209
11:32:25,13,7,-212
11:32:25,7,11,-206
11:32:25,6,13,-204
11:32:25,2,16,-216
11:32:25,7,5,-209
11:32:25,12,14,-211
11:32:25,10,19,-208
11:32:25,6,10,-206
11:32:25,8,12,-209
11:32:25,4,15,-211
11:32:25,10,16,-211
11:32:25,13,13,-214
11:32:26,3,12,-204
11:32:26,1,14,-209
11:32:26,5,15,-205
11:32:26,7,14,-211
11:32:26,14,17,-212
11:32:26,10,17,-206
11:32:26,6,14,-199
11:32:26,0,17,-209
11:32:26,11,7,-208
11:32:26,12,12,-209
11:32:26,14,16,-207
11:32:26,9,15,-216
11:32:26,7,17,-209
11:32:26,7,18,-209
11:32:26,9,12,-212
11:32:26,13,16,-211
11:32:26,7,7,-209
11:32:26,4,8,-204
11:32:26,1,9,-207
11:32:27,11,17,-209
11:32:27,15,12,-210
11:32:27,10,12,-209
11:32:27,7,14,-204
11:32:27,5,12,-206
11:32:27,14,14,-208
11:32:27,7,1,-211
11:32:27,10,12,-212
11:32:27,7,17,-205
11:32:27,7,18,-212
11:32:27,7,12,-204
11:32:27,14,14,-207
11:32:27,17,18,-207
11:32:27,3,10,-209
11:32:27,9,14,-207
11:32:27,5,18,-210
11:32:27,11,4,-211
11:32:27,11,9,-209
11:32:27,10,8,-210
11:32:27,6,9,-207
11:32:28,4,16,-209
11:32:28,8,6,-214
11:32:28,11,8,-211
11:32:28,5,7,-207
11:32:28,5,15,-201
11:32:28,3,12,-203
11:32:28,-1,7,-207
11:32:28,14,11,-214
11:32:28,12,18,-213
11:32:28,10,12,-211
11:32:28,6,16,-201
11:32:28,7,25,-210
11:32:28,11,13,-212
11:32:28,9,9,-213
11:32:28,13,15,-205
11:32:28,6,14,-207
11:32:28,2,11,-206
11:32:28,11,10,-214
11:32:28,11,16,-210
11:32:28,5,9,-214
11:32:29,9,13,-206
11:32:29,4,14,-206
11:32:29,10,8,-211
11:32:29,17,20,-208
11:32:29,15,17,-211
11:32:29,2,7,-208
11:32:29,7,12,-208
11:32:29,6,13,-206
11:32:29,7,11,-210
11:32:29,13,8,-210
11:32:29,7,11,-206
11:32:29,5,14,-205
11:32:29,0,12,-207
11:32:29,8,7,-211
11:32:29,9,11,-214
11:32:29,14,15,-207
11:32:29,1,17,-211
11:32:29,11,11,-206
11:32:29,10,14,-206
11:32:29,8,12,-211
11:32:30,14,15,-210
11:32:30,3,9,-205
11:32:30,6,16,-206
11:32:30,5,14,-201
11:32:30,8,9,-212
11:32:30,11,10,-211
11:32:30,15,11,-212
11:32:30,6,8,-210
11:32:30,2,20,-212
11:32:30,6,4,-207
11:32:30,14,17,-210
11:32:30,7,10,-211
11:32:30,3,12,-210
11:32:30,5,16,-206
11:32:30,3,7,-206
11:32:30,16,16,-210
11:32:30,19,19,-209
11:32:30,0,9,-212
11:32:30,9,17,-208
11:32:31,7,14,-210
11:32:31,10,3,-215
11:32:31,17,14,-210
11:32:31,12,17,-210
11:32:31,11,16,-204
11:32:31,2,15,-210
11:32:31,8,10,-211
11:32:31,7,10,-210
11:32:31,14,19,-208
11:32:31,7,14,-205
11:32:31,1,13,-211
11:32:31,13,12,-210
11:32:31,5,7,-211
11:32:31,12,20,-217
11:32:31,1,21,-212
11:32:31,8,11,-204
11:32:31,2,13,-207
11:32:31,12,9,-212
11:32:31,12,12,-205
11:32:31,5,11,-214
11:32:32,8,7,-204
11:32:32,5,13,-203
11:32:32,7,4,-206
11:32:32,12,8,-216
11:32:32,15,17,-209
11:32:32,2,5,-207
11:32:32,5,20,-206
11:32:32,0,13,-205
11:32:32,9,4,-207
11:32:32,14,15,-211
11:32:32,8,6,-208
11:32:32,11,16,-210
11:32:32,7,12,-210
11:32:32,11,12,-211
11:32:32,12,10,-208
11:32:32,9,19,-212
11:32:32,9,12,-211
11:32:32,-2,11,-203
11:32:32,10,8,-209
11:32:32,13,11,-213
11:32:33,7,14,-208
11:32:33,7,16,-210
11:32:33,-2,11,-206
11:32:33,8,16,-209
11:32:33,6,9,-211
11:32:33,15,18,-216
11:32:33,8,11,-209
11:32:33,5,12,-209
11:32:33,3,13,-213
11:32:33,10,13,-213
11:32:33,15,23,-214
11:32:33,4,5,-205
11:32:33,7,15,-204
11:32:33,0,16,-207
11:32:33,9,4,-202
11:32:33,14,10,-211
11:32:33,10,20,-213
11:32:33,9,12,-206
11:32:33,0,11,-210
11:32:33,0,6,-207
11:32:34,9,13,-211
11:32:34,17,22,-209
11:32:34,7,14,-209
11:32:34,2,16,-208
11:32:34,8,14,-211
11:32:34,12,7,-212
11:32:34,10,15,-207
11:32:34,11,7,-210
11:32:34,9,10,-210
11:32:34,8,16,-206
11:32:34,7,9,-206
11:32:34,9,14,-207
11:32:34,8,12,-205
11:32:34,3,4,-208
11:32:34,4,25,-205
11:32:34,7,13,-208
11:32:34,9,15,-214
11:32:34,13,18,-213
11:32:34,8,14,-208
11:32:35,4,18,-201
11:32:35,5,10,-210
11:32:35,8,10,-216
11:32:35,11,9,-208
11:32:35,10,10,-212
11:32:35,3,7,-206
11:32:35,10,12,-210
11:32:35,6,7,-211
11:32:35,14,11,-216
11:32:35,10,12,-205
11:32:35,2,5,-208
11:32:35,5,18,-207
11:32:35,9,8,-212
11:32:35,14,10,-209
11:32:35,15,19,-210
11:32:35,6,12,-208
11:32:35,10,14,-211
11:32:35,5,17,-210
11:32:35,3,6,-210
11:32:35,11,9,-208
11:32:36,11,13,-210
11:32:36,8,17,-204
11:32:36,0,14,-204
11:32:36,11,15,-211
11:32:36,10,9,-210
11:32:36,11,13,-213
11:32:36,2,10,-209
11:32:36,2,16,-209
11:32:36,6,12,-212
11:32:36,13,8,-206
11:32:36,16,15,-215
11:32:36,-2,12,-211
11:32:36,6,13,-205
11:32:36,4,11,-213
11:32:36,12,7,-210
11:32:36,13,16,-212
11:32:36,10,12,-211
11:32:36,15,9,-207
11:32:36,0,11,-210
11:32:36,14,8,-210
11:32:37,13,14,-219
11:32:37,11,20,-203
11:32:37,3,10,-209
11:32:37,0,10,-208
11:32:37,8,16,-210
11:32:37,9,12,-213
11:32:37,13,17,-210
11:32:37,7,14,-210
11:32:37,0,7,-210
11:32:37,3,6,-211
11:32:37,11,7,-214
11:32:37,13,19,-217
11:32:37,7,15,-204
11:32:37,7,14,-207
11:32:37,3,17,-212
11:32:37,5,6,-207
11:32:37,12,5,-210
11:32:37,17,18,-210
11:32:37,7,10,-205
11:32:38,6,18,-203
11:32:38,7,12,-204
11:32:38,14,18,-206
11:32:38,11,17,-215
11:32:38,10,16,-209
11:32:38,5,12,-206
11:32:38,5,15,-212
11:32:38,11,12,-210
11:32:38,14,8,-208
11:32:38,12,15,-210
11:32:38,7,17,-208
11:32:38,2,9,-201
11:32:38,11,3,-209
11:32:38,11,8,-206
11:32:38,15,16,-212
11:32:38,5,15,-205
11:32:38,1,11,-207
11:32:38,7,5,-209
11:32:38,10,4,-212
11:32:38,12,18,-210
11:32:39,6,12,-208
11:32:39,7,21,-214
11:32:39,5,7,-206
11:32:39,12,4,-214
11:32:39,14,16,-217
11:32:39,14,18,-207
11:32:39,1,8,-205
11:32:39,2,11,-206
11:32:39,12,9,-217
11:32:39,13,7,-215
11:32:39,17,19,-209
11:32:39,10,15,-211
11:32:39,9,17,-208
11:32:39,9,13,-210
11:32:39,13,10,-210
11:32:39,13,19,-212
11:32:39,4,14,-212
11:32:39,1,19,-208
11:32:39,3,0,-208
11:32:39,12,14,-208
11:32:40,15,12,-208
11:32:40,7,12,-212
11:32:40,9,12,-205
11:32:40,-1,7,-211
11:32:40,9,6,-209
11:32:40,12,0,-212
11:32:40,12,19,-210
11:32:40,7,11,-214
11:32:40,4,15,-202
11:32:40,7,14,-205
11:32:40,9,6,-213
11:32:40,14,21,-211
11:32:40,5,13,-213
11:32:40,7,16,-211
11:32:40,1,14,-207
11:32:40,13,6,-212
11:32:40,15,9,-209
11:32:40,12,12,-203
11:32:40,5,16,-212
11:32:40,2,7,-208
11:32:41,9,10,-208
11:32:41,13,9,-212
11:32:41,11,14,-215
11:32:41,8,13,-210
11:32:41,-1,12,-209
11:32:41,9,12,-205
11:32:41,8,7,-215
11:32:41,16,13,-211
11:32:41,1,14,-204
11:32:41,11,19,-210
11:32:41,7,13,-209
11:32:41,12,9,-215
11:32:41,12,16,-212
11:32:41,8,14,-206
11:32:41,9,17,-211
11:32:41,10,20,-207
11:32:41,9,10,-210
11:32:41,18,10,-212
11:32:41,3,17,-212
11:32:42,4,16,-207
11:32:42,5,14,-201
11:32:42,4,3,-206
11:32:42,17,8,-210
11:32:42,13,22,-214
11:32:42,4,15,-202
11:32:42,7,15,-213
11:32:42,9,18,-214
11:32:42,9,12,-216
11:32:42,14,16,-217
11:32:42,10,15,-212
11:32:42,4,11,-206
11:32:42,4,10,-207
11:32:42,4,11,-212
11:32:42,12,6,-214
11:32:42,14,18,-210
11:32:42,-2,16,-209
11:32:42,2,16,-210
11:32:42,7,7,-202
11:32:42,12,11,-209
11:32:43,13,15,-209
11:32:43,8,12,-206
11:32:43,5,12,-208
11:32:43,4,10,-212
11:32:43,9,12,-208
11:32:43,18,14,-207
11:32:43,13,20,-207
11:32:43,10,14,-206
11:32:43,7,17,-204
11:32:43,8,10,-213
11:32:43,15,13,-209
11:32:43,5,9,-209
11:32:43,3,12,-204
11:32:43,0,11,-202
11:32:43,6,12,-210
11:32:43,8,-1,-207
11:32:43,14,14,-210
11:32:43,0,4,-209
11:32:43,8,14,-206
11:32:43,1,11,-206
11:32:44,14,9,-213
11:32:44,14,15,-211
11:32:44,11,13,-212
11:32:44,4,7,-204
11:32:44,5,14,-204
11:32:44,2,4,-209
11:32:44,15,7,-207
11:32:44,12,12,-211
11:32:44,4,10,-214
11:32:44,7,15,-203
11:32:44,13,8,-211
11:32:44,11,9,-213
11:32:44,16,17,-209
11:32:44,4,11,-206
11:32:44,7,14,-207
11:32:44,6,9,-205
11:32:44,6,0,-209
11:32:44,9,15,-212
11:32:44,12,14,-210
11:32:44,6,7,-203
11:32:45,2,11,-204
11:32:45,8,11,-211
11:32:45,11,8,-213
11:32:45,10,14,-209
11:32:45,10,16,-207
11:32:45,3,18,-207
11:32:45,8,16,-211
11:32:45,12,9,-213
11:32:45,12,13,-212
11:32:45,12,10,-209
11:32:45,0,8,-207
11:32:45,2,8,-207
11:32:45,13,9,-210
11:32:45,14,9,-210
11:32:45,13,13,-212
11:32:45,2,10,-204
11:32:45,4,17,-208
11:32:45,9,11,-209
11:32:45,14,15,-210
11:32:46,11,19,-210
11:32:46,7,18,-212
11:32:46,3,17,-206
11:32:46,6,10,-208
11:32:46,9,13,-207
11:32:46,15,7,-211
11:32:46,6,15,-212
11:32:46,0,15,-206
11:32:46,7,15,-205
11:32:46,10,0,-211
11:32:46,18,21,-211
11:32:46,5,11,-210
11:32:46,10,17,-208
11:32:46,4,4,-210
11:32:46,9,8,-213
11:32:46,16,8,-209
11:32:46,14,18,-213
11:32:46,6,9,-203
11:32:46,3,7,-205
11:32:46,12,14,-212
11:32:47,4,12,-208
11:32:47,18,19,-208
11:32:47,11,17,-208
11:32:47,3,16,-203
11:32:47,5,13,-207
11:32:47,11,8,-213
11:32:47,13,12,-209
11:32:47,13,10,-208
11:32:47,1,11,-206
11:32:47,4,9,-213
11:32:47,8,6,-210
11:32:47,9,14,-208
11:32:47,12,14,-213
11:32:47,5,12,-208
11:32:47,2,16,-211
11:32:47,15,13,-210
11:32:47,6,0,-210
11:32:47,12,15,-205
11:32:47,5,15,-210
11:32:47,6,10,-206
11:32:48,6,17,-208
11:32:48,9,12,-208
11:32:48,19,18,-207
11:32:48,11,15,-213
11:32:48,6,6,-210
11:32:48,10,10,-207
11:32:48,7,9,-213
11:32:48,16,9,-211
11:32:48,11,14,-206
11:32:48,8,10,-209
11:32:48,2,5,-208
11:32:48,7,13,-211
11:32:48,13,9,-210
11:32:48,12,16,-215
11:32:48,6,13,-210
11:32:48,1,16,-210
11:32:48,3,12,-204
11:32:48,10,8,-212
11:32:48,14,10,-208
11:32:48,8,14,-209
11:32:49,5,12,-206
11:32:49,10,17,-211
11:32:49,8,12,-209
11:32:49,10,9,-208
11:32:49,8,11,-205
11:32:49,8,14,-206
11:32:49,1,13,-210
11:32:49,9,10,-212
11:32:49,11,14,-208
11:32:49,17,15,-211
11:32:49,6,20,-202
11:32:49,5,16,-207
11:32:49,5,14,-213
11:32:49,14,14,-209
11:32:49,10,12,-222
11:32:49,11,12,-217
11:32:49,4,15,-210
11:32:49,6,17,-214
11:32:49,7,-1,-212
11:32:50,15,11,-209
11:32:50,11,14,-207
11:32:50,8,18,-210
11:32:50,6,11,-209
11:32:50,6,3,-207
11:32:50,11,9,-204
11:32:50,10,18,-212
11:32:50,8,16,-203
11:32:50,7,16,-207
11:32:50,3,18,-208
11:32:50,8,15,-211
11:32:50,13,14,-208
11:32:50,8,12,-209
11:32:50,7,14,-205
11:32:50,3,10,-205
11:32:50,15,12,-213
11:32:50,12,13,-208
11:32:50,14,10,-215
11:32:50,4,9,-210
11:32:50,3,14,-207
11:32:51,4,9,-208
11:32:51,9,3,-214
11:32:51,19,19,-213
11:32:51,7,12,-210
11:32:51,8,14,-207
11:32:51,3,13,-206
11:32:51,10,9,-207
11:32:51,15,13,-210
11:32:51,10,14,-205
11:32:51,6,10,-207
11:32:51,3,18,-211
11:32:51,8,9,-208
11:32:51,18,13,-212
11:32:51,14,15,-208
11:32:51,8,12,-209
11:32:51,1,12,-212
11:32:51,15,12,-210
11:32:51,12,12,-208
11:32:51,16,14,-214
11:32:51,7,14,-209
11:32:52,7,15,-208
11:32:52,5,16,-207
11:32:52,10,6,-212
11:32:52,19,19,-215
11:32:52,7,9,-211
11:32:52,6,13,-208
11:32:52,2,9,-209
11:32:52,12,12,-208
11:32:52,10,9,-210
11:32:52,11,16,-208
11:32:52,4,15,-206
11:32:52,6,16,-207
11:32:52,4,17,-211
11:32:52,7,4,-213
11:32:52,12,24,-211
11:32:52,6,13,-209
11:32:52,6,20,-206
11:32:52,9,20,-207
11:32:52,13,9,-215
11:32:53,10,14,-209
11:32:53,11,17,-214
11:32:53,4,14,-204
11:32:53,7,11,-203
11:32:53,11,13,-216
11:32:53,13,11,-207
11:32:53,13,21,-208
11:32:53,5,11,-207
11:32:53,3,8,-208
11:32:53,7,9,-209
11:32:53,15,13,-209
11:32:53,16,12,-210
11:32:53,3,11,-207
11:32:53,11,12,-207
11:32:53,7,21,-200
11:32:53,3,2,-206
11:32:53,19,16,-212
11:32:53,6,11,-213
11:32:53,6,11,-206
11:32:53,5,13,-205
11:32:54,12,10,-208
11:32:54,11,16,-209
11:32:54,13,17,-211
11:32:54,6,13,-204
11:32:54,2,12,-202
11:32:54,8,8,-207
11:32:54,9,14,-208
11:32:54,14,19,-215
11:32:54,7,16,-214
11:32:54,0,13,-206
11:32:54,2,17,-210
11:32:54,13,9,-208
11:32:54,10,6,-211
11:32:54,8,11,-214
11:32:54,5,7,-211
11:32:54,0,11,-210
11:32:54,8,0,-210
11:32:54,18,13,-213
11:32:54,7,13,-211
11:32:54,6,11,-210
11:32:55,10,13,-209
11:32:55,3,4,-211
11:32:55,17,15,-211
11:32:55,9,14,-217
11:32:55,7,16,-213
11:32:55,0,5,-202
11:32:55,11,17,-206
11:32:55,11,11,-208
11:32:55,7,10,-209
11:32:55,14,22,-207
11:32:55,2,9,-208
11:32:55,5,18,-205
11:32:55,10,3,-207
11:32:55,17,6,-215
11:32:55,8,8,-207
11:32:55,8,14,-209
11:32:55,1,14,-207
11:32:55,0,9,-206
11:32:55,8,8,-213
11:32:55,14,19,-214
11:32:56,5,14,-207
11:32:56,6,12,-204
11:32:56,6,18,-204
11:32:56,12,14,-212
11:32:56,11,14,-210
11:32:56,8,7,-206
11:32:56,5,19,-211
11:32:56,5,18,-212
11:32:56,9,9,-212
11:32:56,15,13,-215
11:32:56,14,11,-208
11:32:56,5,11,-207
11:32:56,5,11,-210
11:32:56,12,14,-205
11:32:56,9,9,-206
11:32:56,10,14,-212
11:32:56,8,14,-204
11:32:56,6,19,-207
11:32:56,8,16,-205
11:32:57,11,4,-211
11:32:57,12,17,-213
11:32:57,6,11,-210
11:32:57,2,9,-206
11:32:57,2,10,-210
11:32:57,13,0,-208
11:32:57,13,10,-214
11:32:57,12,16,-206
11:32:57,7,11,-211
11:32:57,5,10,-209
11:32:57,14,14,-208
11:32:57,9,11,-211
11:32:57,15,19,-215
11:32:57,12,9,-204
11:32:57,5,7,-205
11:32:57,5,16,-208
11:32:57,11,17,-209
11:32:57,11,12,-206
11:32:57,14,15,-208
11:32:57,7,14,-206
11:32:58,5,10,-209
11:32:58,10,8,-208
11:32:58,9,14,-213
11:32:58,14,7,-212
11:32:58,5,10,-211
11:32:58,3,15,-207
11:32:58,6,6,-211
11:32:58,11,12,-206
11:32:58,13,12,-212
11:32:58,8,9,-205
11:32:58,4,12,-209
11:32:58,0,9,-204
11:32:58,16,13,-208
11:32:58,13,12,-212
11:32:58,10,9,-211
11:32:58,6,18,-207
11:32:58,1,11,-213
11:32:58,11,12,-212
11:32:58,8,16,-212
11:32:58,11,12,-209
11:32:59,9,14,-208
11:32:59,5,13,-210
11:32:59,12,7,-202
11:32:59,12,13,-206
11:32:59,10,6,-208
11:32:59,15,13,-210
11:32:59,6,17,-210
11:32:59,6,7,-207
11:32:59,9,8,-207
11:32:59,15,10,-215
11:32:59,9,11,-207
11:32:59,5,13,-205
11:32:59,1,12,-208
11:32:59,7,11,-210
11:32:59,16,14,-211
11:32:59,15,25,-213
11:32:59,6,16,-209
11:32:59,2,12,-203
11:32:59,3,6,-211
11:32:59,17,8,-208
11:33:00,8,11,-213
11:33:00,8,18,-206
11:33:00,6,19,-208
11:33:00,8,18,-208
11:33:00,9,11,-208
11:33:00,17,19,-211
11:33:00,4,17,-212
11:33:00,4,15,-204
11:33:00,1,14,-210
11:33:00,14,5,-210
11:33:00,15,9,-211
11:33:00,15,14,-212
11:33:00,3,12,-208
11:33:00,3,13,-205
11:33:00,5,6,-205
11:33:00,12,10,-211
11:33:00,11,17,-208
11:33:00,10,18,-206
11:33:00,-1,12,-206
11:33:01,6,14,-208
11:33:01,11,13,-210
11:33:01,10,7,-207
11:33:01,10,13,-208
11:33:01,3,15,-205
11:33:01,3,17,-207
11:33:01,7,9,-213
11:33:01,14,6,-212
11:33:01,11,7,-212
11:33:01,5,7,-206
11:33:01,7,13,-206
11:33:01,2,10,-213
11:33:01,9,13,-213
11:33:01,8,11,-210
11:33:01,10,11,-204
11:33:01,6,13,-209
11:33:01,4,15,-214
11:33:01,5,14,-209
11:33:01,11,13,-213
11:33:01,3,15,-210
11:33:02,5,15,-213
11:33:02,1,17,-209
11:33:02,10,3,-212
11:33:02,13,9,-215
11:33:02,12,6,-206
11:33:02,6,14,-209
11:33:02,0,20,-212
11:33:02,6,5,-206
11:33:02,15,8,-211
11:33:02,13,11,-211
11:33:02,7,15,-209
11:33:02,3,13,-206
11:33:02,5,15,-205
11:33:02,11,16,-209
11:33:02,8,7,-210
11:33:02,11,13,-206
11:33:02,6,10,-207
11:33:02,8,15,-211
11:33:02,11,11,-212
11:33:02,9,5,-214
11:33:03,15,16,-212
11:33:03,2,11,-212
11:33:03,3,14,-209
11:33:03,11,12,-213
11:33:03,11,15,-213
11:33:03,15,15,-210
11:33:03,4,13,-206
11:33:03,8,19,-206
11:33:03,0,7,-208
11:33:03,11,12,-213
11:33:03,17,15,-210
11:33:03,8,16,-214
11:33:03,9,14,-208
11:33:03,6,15,-207
11:33:03,10,3,-211
11:33:03,13,16,-205
11:33:03,16,23,-208
11:33:03,5,10,-207
11:33:03,3,19,-213
11:33:03,3,6,-208
11:33:04,10,7,-208
11:33:04,18,13,-214
11:33:04,5,12,-208
11:33:04,9,12,-207
11:33:04,0,11,-206
11:33:04,8,10,-208
11:33:04,15,16,-214
11:33:04,8,11,-206
11:33:04,3,12,-200
11:33:04,2,14,-210
11:33:04,11,10,-208
11:33:04,13,12,-213
11:33:04,14,25,-205
11:33:04,8,10,-209
11:33:04,4,15,-204
11:33:04,10,9,-210
11:33:04,8,12,-215
11:33:04,18,21,-208
11:33:04,5,19,-209
11:33:05,2,14,-206
11:33:05,7,9,-206
11:33:05,11,13,-209
11:33:05,10,10,-208
11:33:05,8,13,-209
11:33:05,5,16,-203
11:33:05,4,10,-204
11:33:05,11,8,-211
11:33:05,22,11,-213
11:33:05,9,20,-211
11:33:05,6,14,-210
11:33:05,-1,9,-207
11:33:05,12,16,-207
11:33:05,10,11,-209
11:33:05,21,20,-209
11:33:05,3,-1,-208
11:33:05,7,16,-208
11:33:05,3,10,-206
11:33:05,15,12,-214
11:33:05,14,16,-212
11:33:06,7,10,-211
11:33:06,9,15,-208
11:33:06,4,13,-207
11:33:06,11,8,-212
11:33:06,14,15,-212
11:33:06,9,7,-211
11:33:06,9,13,-206
11:33:06,-2,13,-207
11:33:06,7,12,-208
11:33:06,9,12,-211
11:33:06,10,15,-208
11:33:06,10,12,-207
11:33:06,3,10,-212
11:33:06,5,15,-210
11:33:06,10,8,-208
11:33:06,19,11,-212
11:33:06,9,16,-207
11:33:06,8,12,-210
11:33:06,-2,10,-207
11:33:06,11,10,-208
11:33:07,9,10,-217
11:33:07,13,18,-214
11:33:07,4,11,-210
11:33:07,4,9,-204
11:33:07,12,16,-207
11:33:07,8,13,-208
11:33:07,17,17,-214
11:33:07,9,20,-210
11:33:07,-1,3,-206
11:33:07,6,10,-210
11:33:07,13,14,-207
11:33:07,16,16,-206
11:33:07,10,16,-210
11:33:07,3,10,-207
11:33:07,3,13,-208
11:33:07,8,16,-211
11:33:07,12,13,-214
11:33:07,10,13,-212
11:33:07,-2,11,-210
11:33:07,6,18,-205
11:33:08,4,9,-211
11:33:08,13,5,-211
11:33:08,14,10,-211
11:33:08,6,16,-210
11:33:08,1,16,-207
11:33:08,6,10,-208
11:33:08,13,11,-213
11:33:08,19,22,-213
11:33:08,3,8,-206
11:33:08,11,21,-213
11:33:08,1,6,-204
11:33:08,10,5,-212
11:33:08,13,14,-208
11:33:08,11,16,-208
11:33:08,7,11,-208
11:33:08,3,13,-210
11:33:08,14,14,-213
11:33:08,15,16,-210
11:33:08,10,17,-214
11:33:09,1,7,-206
11:33:09,2,11,-202
11:33:09,2,12,-207
11:33:09,10,9,-207
11:33:09,19,19,-214
11:33:09,2,7,-209
11:33:09,12,10,-207
11:33:09,8,18,-203
11:33:09,5,5,-215
11:33:09,13,7,-212
11:33:09,6,15,-208
11:33:09,5,12,-208
11:33:09,4,10,-204
11:33:09,8,2,-203
11:33:09,13,13,-212
11:33:09,13,18,-210
11:33:09,9,15,-212
11:33:09,8,23,-207
11:33:09,7,14,-207
11:33:09,15,9,-205
11:33:10,15,23,-214
11:33:10,4,11,-206
11:33:10,3,16,-211
11:33:10,-3,14,-207
11:33:10,13,7,-206
11:33:10,17,11,-216
11:33:10,6,14,-207
11:33:10,3,1,-210
11:33:10,6,10,-209
11:33:10,8,7,-208
11:33:10,12,10,-211
11:33:10,10,20,-215
11:33:10,4,14,-204
11:33:10,1,13,-213
11:33:10,8,18,-210
11:33:10,12,16,-213
11:33:10,15,14,-210
11:33:10,12,17,-202
11:33:10,5,13,-205
11:33:10,6,14,-211
11:33:11,12,11,-205
11:33:11,17,14,-211
11:33:11,13,15,-207
11:33:11,4,6,-210
11:33:11,4,11,-211
11:33:11,7,11,-214
11:33:11,15,9,-212
11:33:11,5,5,-210
11:33:11,8,20,-207
11:33:11,-1,13,-204
11:33:11,5,12,-209
11:33:11,16,12,-213
11:33:11,14,15,-212
11:33:11,7,12,-208
11:33:11,10,8,-204
11:33:11,1,13,-212
11:33:11,8,5,-214
11:33:11,15,15,-214
11:33:11,4,6,-210
11:33:12,9,9,-209
11:33:12,4,15,-207
11:33:12,12,11,-211
11:33:12,12,13,-215
11:33:12,13,14,-212
11:33:12,5,7,-210
11:33:12,1,17,-209
11:33:12,6,11,-200
11:33:12,12,13,-205
11:33:12,13,13,-206
11:33:12,5,10,-210
11:33:12,8,14,-206
11:33:12,2,14,-210
11:33:12,12,9,-210
11:33:12,10,14,-210
11:33:12,10,12,-214
11:33:12,5,12,-212
11:33:12,0,18,-209
11:33:12,12,12,-210
11:33:12,14,18,-214
11:33:13,11,20,-208
11:33:13,6,14,-203
11:33:13,5,12,-209
11:33:13,7,3,-203
11:33:13,12,16,-209
11:33:13,12,16,-215
11:33:13,5,18,-203
11:33:13,7,11,-203
11:33:13,5,11,-209
11:33:13,10,3,-209
11:33:13,16,14,-215
11:33:13,15,16,-212
11:33:13,7,9,-207
11:33:13,3,19,-209
11:33:13,10,12,-210
11:33:13,16,16,-216
11:33:13,13,15,-208
11:33:13,6,12,-209
11:33:13,7,14,-205
11:33:13,5,6,-203
11:33:14,16,16,-215
11:33:14,12,19,-205
11:33:14,13,19,-207
11:33:14,5,16,-209
11:33:14,5,11,-203
11:33:14,7,4,-213
11:33:14,15,15,-206
11:33:14,13,16,-217
11:33:14,5,15,-208
11:33:14,5,12,-210
11:33:14,9,15,-201
11:33:14,8,10,-213
11:33:14,12,21,-210
11:33:14,6,11,-210
11:33:14,-2,11,-204
11:33:14,7,7,-213
11:33:14,11,13,-211
11:33:14,14,14,-208
11:33:14,5,12,-208
11:33:14,7,9,-208
11:33:15,7,11,-210
11:33:15,13,9,-210
11:33:15,11,4,-213
11:33:15,9,4,-209
11:33:15,5,4,-203
11:33:15,4,16,-213
11:33:15,6,8,-210
11:33:15,13,14,-214
11:33:15,10,14,-212
11:33:15,5,11,-202
11:33:15,-1,15,-207
11:33:15,8,18,-205
11:33:15,10,12,-213
11:33:15,14,17,-209
11:33:15,10,14,-210
11:33:15,10,15,-207
11:33:15,4,11,-206
11:33:15,10,3,-209
11:33:15,14,11,-210
11:33:16,11,9,-212
11:33:16,6,8,-205
11:33:16,0,9,-206
11:33:16,8,7,-208
11:33:16,8,7,-212
11:33:16,14,19,-212
11:33:16,5,10,-212
11:33:16,1,16,-204
11:33:16,7,13,-206
11:33:16,15,12,-209
11:33:16,10,13,-208
11:33:16,11,14,-208
11:33:16,7,14,-204
11:33:16,-1,11,-207
11:33:16,9,8,-212
11:33:16,13,12,-215
11:33:16,7,10,-209
11:33:16,10,12,-207
11:33:16,6,12,-213
11:33:16,8,7,-212
11:33:17,17,18,-213
11:33:17,7,14,-206
11:33:17,8,12,-203
11:33:17,3,8,-205
11:33:17,4,8,-209
11:33:17,9,7,-209
11:33:17,15,14,-211
11:33:17,4,7,-216
11:33:17,4,12,-208
11:33:17,1,10,-207
11:33:17,18,15,-211
11:33:17,10,9,-214
11:33:17,7,9,-208
11:33:17,7,11,-206
11:33:17,0,10,-206
11:33:17,10,9,-206
11:33:17,13,6,-209
11:33:17,14,19,-209
11:33:17,5,12,-204
11:33:17,1,13,-210
11:33:18,6,7,-205
11:33:18,6,9,-210
11:33:18,17,18,-212
11:33:18,4,17,-208
11:33:18,5,20,-205
11:33:18,5,14,-205
11:33:18,13,8,-207
11:33:18,16,13,-215
11:33:18,13,16,-206
11:33:18,5,12,-205
11:33:18,3,9,-213
11:33:18,10,7,-201
11:33:18,17,11,-210
11:33:18,5,12,-212
11:33:18,7,17,-204
11:33:18,6,16,-206
11:33:18,3,11,-205
11:33:18,11,9,-207
11:33:18,13,17,-212
11:33:18,4,12,-210
11:33:19,6,15,-212
11:33:19,-3,15,-208
11:33:19,8,11,-215
11:33:19,17,21,-215
11:33:19,11,10,-208
11:33:19,1,13,-205
11:33:19,4,19,-207
11:33:19,6,7,-208
11:33:19,14,16,-214
11:33:19,10,12,-209
11:33:19,4,16,-207
11:33:19,7,14,-204
11:33:19,1,10,-208
11:33:19,6,15,-213
11:33:19,18,17,-212
11:33:19,6,12,-208
11:33:19,3,12,-206
11:33:19,2,14,-208
11:33:19,10,6,-209
11:33:20,21,19,-210
11:33:20,2,13,-210
11:33:20,5,7,-207
11:33:20,7,18,-214
11:33:20,5,10,-209
11:33:20,14,9,-210
11:33:20,14,22,-206
11:33:20,2,11,-207
11:33:20,5,11,-207
11:33:20,2,11,-206
11:33:20,16,13,-216
11:33:20,15,19,-209
11:33:20,10,22,-208
11:33:20,4,12,-206
11:33:20,3,14,-206
11:33:20,15,5,-210
11:33:20,15,3,-206
11:33:20,9,11,-210
11:33:20,6,13,-210
11:33:20,4,13,-205
11:33:21,10,13,-213
11:33:21,12,7,-216
11:33:21,13,11,-213
11:33:21,3,21,-212
11:33:21,3,16,-209
11:33:21,1,12,-207
11:33:21,16,12,-211
11:33:21,16,19,-215
11:33:21,8,12,-209
11:33:21,7,16,-210
11:33:21,10,18,-206
11:33:21,8,12,-216
11:33:21,15,14,-210
11:33:21,4,10,-208
11:33:21,0,12,-202
11:33:21,5,13,-206
11:33:21,11,13,-209
11:33:21,8,7,-214
11:33:21,12,20,-207
11:33:21,5,11,-204
11:33:22,5,17,-208
11:33:22,11,14,-205
11:33:22,12,12,-209
11:33:22,18,21,-204
11:33:22,7,14,-212
11:33:22,0,7,-203
11:33:22,12,19,-212
11:33:22,3,6,-208
11:33:22,15,12,-210
11:33:22,4,9,-205
11:33:22,4,9,-207
11:33:22,7,9,-205
11:33:22,14,15,-213
11:33:22,11,14,-215
11:33:22,12,7,-206
11:33:22,4,17,-210
11:33:22,-1,19,-209
11:33:22,4,7,-210
11:33:22,9,7,-206
11:33:22,17,14,-211
11:33:23,4,6,-207
11:33:23,6,20,-211
11:33:23,3,12,-207
11:33:23,14,13,-207
11:33:23,14,14,-201
11:33:23,9,16,-204
11:33:23,6,14,-212
11:33:23,4,14,-210
11:33:23,12,12,-211
11:33:23,17,5,-210
11:33:23,9,7,-206
11:33:23,6,1,-202
11:33:23,5,12,-207
11:33:23,0,8,-211
11:33:23,10,2,-207
11:33:23,10,11,-214
11:33:23,8,10,-212
11:33:23,0,14,-213
11:33:23,1,11,-211
11:33:24,10,6,-213
11:33:24,15,15,-209
11:33:24,9,10,-213
11:33:24,7,12,-206
11:33:24,4,21,-208
11:33:24,3,4,-216
11:33:24,10,9,-208
11:33:24,18,13,-206
11:33:24,3,9,-203
11:33:24,4,12,-208
11:33:24,5,10,-208
11:33:24,12,9,-209
11:33:24,15,18,-212
11:33:24,8,12,-208
11:33:24,6,17,-206
11:33:24,5,13,-203
11:33:24,11,14,-215
11:33:24,16,4,-212
11:33:24,7,15,-208
11:33:24,6,19,-207
11:33:25,2,12,-213
11:33:25,6,6,-209
11:33:25,16,9,-214
11:33:25,15,20,-212
11:33:25,9,7,-210
11:33:25,0,9,-207
11:33:25,7,12,-207
11:33:25,13,7,-213
11:33:25,19,19,-211
11:33:25,13,15,-206
11:33:25,6,19,-209
11:33:25,5,20,-205
11:33:25,7,5,-210
11:33:25,16,14,-207
11:33:25,8,15,-205
11:33:25,4,15,-211
11:33:25,6,15,-211
11:33:25,10,13,-208
11:33:25,12,6,-213
11:33:25,14,15,-217
11:33:26,6,11,-206
11:33:26,3,10,-205
11:33:26,9,10,-213
11:33:26,12,10,-207
11:33:26,17,17,-209
11:33:26,7,8,-208
11:33:26,5,14,-203
11:33:26,-1,8,-209
11:33:26,10,5,-211
11:33:26,12,12,-207
11:33:26,7,13,-209
11:33:26,9,10,-208
11:33:26,5,14,-201
11:33:26,10,16,-211
11:33:26,17,8,-212
11:33:26,13,17,-208
11:33:26,5,19,-207
11:33:26,6,19,-199
11:33:26,7,13,-210
11:33:27,8,11,-208
11:33:27,15,18,-211
11:33:27,4,13,-207
11:33:27,0,12,-206
11:33:27,4,11,-208
11:33:27,12,14,-213
11:33:27,12,11,-213
11:33:27,5,12,-208
11:33:27,11,17,-212
11:33:27,-1,9,-210
11:33:27,5,6,-207
11:33:27,17,10,-207
11:33:27,10,13,-207
11:33:27,5,12,-209
11:33:27,7,19,-211
11:33:27,4,15,-210
11:33:27,11,10,-209
11:33:27,10,9,-211
11:33:27,9,13,-205
11:33:27,9,13,-204
11:33:28,4,15,-209
11:33:28,18,14,-213
11:33:28,14,17,-209
11:33:28,7,8,-206
11:33:28,1,8,-210
11:33:28,5,19,-203
11:33:28,10,15,-210
11:33:28,9,6,-212
11:33:28,14,18,-211
11:33:28,-1,8,-205
11:33:28,-2,11,-207
11:33:28,6,11,-212
11:33:28,17,15,-212
11:33:28,12,13,-209
11:33:28,6,13,-208
11:33:28,4,13,-203
11:33:28,-1,8,-209
11:33:28,9,8,-211
11:33:28,15,14,-209
11:33:28,5,13,-206
11:33:29,3,13,-212
11:33:29,6,13,-204
11:33:29,14,16,-207
11:33:29,13,10,-216
11:33:29,12,10,-206
11:33:29,5,10,-208
11:33:29,5,20,-205
11:33:29,11,14,-207
11:33:29,11,12,-211
11:33:29,14,13,-205
11:33:29,2,12,-202
11:33:29,6,5,-203
11:33:29,6,11,-205
11:33:29,14,14,-210
11:33:29,12,13,-209
11:33:29,10,9,-208
11:33:29,7,10,-207
11:33:29,2,18,-207
11:33:29,7,7,-209
11:33:29,16,4,-215
11:33:30,12,12,-211
11:33:30,5,9,-206
11:33:30,6,13,-210
11:33:30,7,10,-206
11:33:30,17,10,-211
11:33:30,16,19,-212
11:33:30,7,18,-208
11:33:30,6,15,-202
11:33:30,5,20,-210
11:33:30,8,13,-205
11:33:30,19,17,-206
11:33:30,10,14,-208
11:33:30,6,20,-205
11:33:30,0,10,-205
11:33:30,13,7,-213
11:33:30,12,11,-214
11:33:30,13,9,-207
11:33:30,1,15,-208
11:33:30,1,13,-205
11:33:31,8,9,-211
11:33:31,12,10,-209
11:33:31,11,10,-213
11:33:31,3,12,-211
11:33:31,10,21,-206
11:33:31,-1,19,-210
11:33:31,15,12,-210
11:33:31,16,9,-210
11:33:31,5,11,-205
11:33:31,2,9,-202
11:33:31,3,22,-213
11:33:31,11,9,-211
11:33:31,17,8,-211
11:33:31,13,20,-215
11:33:31,8,15,-205
11:33:31,2,14,-207
11:33:31,9,8,-205
11:33:31,12,14,-212
11:33:31,13,15,-208
11:33:31,1,12,-209
11:33:32,8,10,-209
11:33:32,3,11,-200
11:33:32,13,7,-213
11:33:32,11,14,-209
11:33:32,12,17,-214
11:33:32,2,17,-208
11:33:32,1,8,-207
11:33:32,13,13,-218
11:33:32,19,17,-214
11:33:32,13,13,-210
11:33:32,-1,5,-209
11:33:32,3,16,-211
11:33:32,7,17,-217
11:33:32,11,6,-212
11:33:32,8,6,-212
11:33:32,9,12,-210
11:33:32,6,15,-204
11:33:32,5,9,-210
11:33:32,12,13,-210
11:33:32,12,14,-213
11:33:33,12,14,-207
11:33:33,2,14,-207
11:33:33,8,15,-206
11:33:33,12,6,-201
11:33:33,11,5,-208
11:33:33,14,17,-215
11:33:33,8,20,-209
11:33:33,4,15,-207
11:33:33,5,15,-214
11:33:33,11,11,-209
11:33:33,14,8,-213
11:33:33,5,11,-209
11:33:33,6,14,-214
11:33:33,-1,12,-202
11:33:33,16,4,-213
11:33:33,18,15,-210
11:33:33,11,12,-207
11:33:33,-1,11,-207
11:33:33,5,15,-212
11:33:33,11,10,-211
11:33:34,11,16,-212
11:33:34,11,19,-209
11:33:34,6,15,-207
11:33:34,6,15,-210
11:33:34,10,11,-210
11:33:34,6,8,-206
11:33:34,13,12,-209
11:33:34,5,12,-209
11:33:34,4,8,-206
11:33:34,4,19,-208
11:33:34,14,13,-213
11:33:34,12,16,-217
11:33:34,2,11,-208
11:33:34,5,12,-207
11:33:34,2,9,-212
11:33:34,9,5,-209
11:33:34,15,7,-213
11:33:34,15,14,-204
11:33:34,-1,6,-210
11:33:35,7,17,-206
11:33:35,3,6,-205
11:33:35,17,17,-207
11:33:35,12,13,-212
11:33:35,3,10,-204
11:33:35,6,21,-204
11:33:35,6,10,-201
11:33:35,17,17,-207
11:33:35,12,11,-210
11:33:35,12,14,-210
11:33:35,8,12,-209
11:33:35,8,14,-209
11:33:35,7,2,-211
11:33:35,12,5,-213
11:33:35,16,15,-210
11:33:35,0,12,-213
11:33:35,3,17,-209
11:33:35,11,10,-206
11:33:35,10,16,-213
11:33:35,13,9,-207
11:33:36,6,17,-204
11:33:36,5,19,-210
11:33:36,3,7,-205
11:33:36,12,9,-211
11:33:36,17,11,-209
11:33:36,8,10,-213
11:33:36,-2,13,-210
11:33:36,5,11,-207
11:33:36,8,9,-213
11:33:36,12,12,-208
11:33:36,11,16,-210
11:33:36,5,9,-206
11:33:36,0,12,-205
11:33:36,7,8,-209
11:33:36,11,8,-215
11:33:36,10,14,-212
11:33:36,6,13,-206
11:33:36,8,22,-213
11:33:36,-1,11,-206
11:33:36,12,13,-205
11:33:37,16,19,-215
11:33:37,7,9,-211
11:33:37,5,15,-209
11:33:37,-4,7,-208
11:33:37,12,1,-212
11:33:37,14,12,-208
11:33:37,12,12,-201
11:33:37,5,19,-204
11:33:37,3,17,-205
11:33:37,10,12,-209
11:33:37,9,8,-213
11:33:37,18,14,-209
11:33:37,9,16,-210
11:33:37,8,21,-207
11:33:37,4,13,-209
11:33:37,12,11,-214
11:33:37,11,6,-206
11:33:37,8,13,-213
11:33:37,13,14,-208
11:33:37,-1,10,-209
11:33:38,12,8,-209
11:33:38,13,19,-211
11:33:38,6,13,-209
11:33:38,3,12,-209
11:33:38,2,15,-213
11:33:38,10,9,-208
11:33:38,10,7,-213
11:33:38,10,15,-211
11:33:38,3,17,-206
11:33:38,4,14,-207
11:33:38,15,21,-216
11:33:38,11,8,-207
11:33:38,15,19,-214
11:33:38,13,13,-211
11:33:38,1,16,-211
11:33:38,2,14,-206
11:33:38,9,7,-212
11:33:38,11,5,-212
11:33:38,14,17,-212
11:33:39,6,19,-202
11:33:39,3,17,-209
11:33:39,10,13,-208
11:33:39,13,15,-214
11:33:39,9,10,-210
11:33:39,13,13,-207
11:33:39,1,19,-204
11:33:39,8,20,-207
11:33:39,10,1,-207
11:33:39,17,16,-211
11:33:39,12,13,-211
11:33:39,5,3,-211
11:33:39,8,11,-205
11:33:39,13,8,-209
11:33:39,18,12,-212
11:33:39,10,15,-212
11:33:39,8,10,-208
11:33:39,3,13,-213
11:33:39,8,1,-207
11:33:39,16,12,-206
11:33:40,16,19,-212
11:33:40,0,13,-204
11:33:40,6,14,-210
11:33:40,3,18,-210
11:33:40,10,15,-214
11:33:40,12,14,-211
11:33:40,11,13,-212
11:33:40,10,27,-206
11:33:40,2,15,-206
11:33:40,8,7,-207
11:33:40,16,3,-207
11:33:40,5,13,-211
11:33:40,4,12,-210
11:33:40,6,19,-211
11:33:40,0,8,-202
11:33:40,13,6,-213
11:33:40,15,16,-212
11:33:40,10,15,-204
11:33:40,4,13,-210
11:33:40,8,11,-207
11:33:41,13,12,-215
11:33:41,19,20,-204
11:33:41,4,3,-210
11:33:41,10,20,-199
11:33:41,3,10,-211
11:33:41,9,1,-211
11:33:41,15,20,-213
11:33:41,11,14,-206
11:33:41,7,12,-211
11:33:41,3,16,-212
11:33:41,11,4,-204
11:33:41,12,10,-212
11:33:41,14,20,-207
11:33:41,4,15,-211
11:33:41,8,20,-206
11:33:41,2,9,-206
11:33:41,15,11,-206
11:33:41,14,11,-210
11:33:41,10,14,-205
11:33:42,3,13,-208
11:33:42,3,12,-215
11:33:42,9,3,-206
11:33:42,13,10,-213
11:33:42,15,9,-212
11:33:42,9,12,-212
11:33:42,0,19,-211
11:33:42,9,6,-205
11:33:42,19,13,-210
11:33:42,14,11,-214
11:33:42,5,11,-206
11:33:42,8,17,-207
11:33:42,2,11,-208
11:33:42,10,11,-209
11:33:42,22,24,-211
11:33:42,8,14,-209
11:33:42,5,4,-211
11:33:42,4,12,-210
11:33:42,10,9,-209
11:33:42,13,9,-209
11:33:43,12,17,-208
11:33:43,12,12,-216
11:33:43,4,11,-208
11:33:43,7,10,-212
11:33:43,11,9,-216
11:33:43,13,21,-210
11:33:43,3,10,-208
11:33:43,4,12,-205
11:33:43,5,10,-207
11:33:43,11,15,-213
11:33:43,14,18,-210
11:33:43,6,8,-202
11:33:43,4,12,-211
11:33:43,-1,18,-212
11:33:43,9,4,-208
11:33:43,16,4,-207
11:33:43,9,8,-211
11:33:43,0,8,-208
11:33:43,7,18,-207
11:33:43,13,9,-208
11:33:44,8,5,-211
11:33:44,16,23,-210
11:33:44,4,11,-207
11:33:44,10,16,-211
11:33:44,3,12,-212
11:33:44,8,9,-213
11:33:44,13,11,-214
11:33:44,5,16,-213
11:33:44,9,18,-205
11:33:44,3,15,-211
11:33:44,11,0,-213
11:33:44,15,17,-219
11:33:44,13,8,-209
11:33:44,4,15,-213
11:33:44,10,15,-209
11:33:44,10,15,-214
11:33:44,12,11,-207
11:33:44,18,18,-211
11:33:44,2,11,-206
11:33:44,5,19,-209
11:33:45,3,12,-201
11:33:45,8,11,-209
11:33:45,20,9,-214
11:33:45,8,16,-206
11:33:45,7,18,-206
11:33:45,-3,12,-210
11:33:45,8,-1,-213
11:33:45,13,16,-214
11:33:45,14,16,-214
11:33:45,9,14,-202
11:33:45,9,14,-208
11:33:45,3,10,-208
11:33:45,14,14,-212
11:33:45,11,16,-212
11:33:45,6,12,-208
11:33:45,3,19,-206
11:33:45,6,15,-208
11:33:45,10,6,-211
11:33:45,22,15,-211
11:33:46,6,11,-210
11:33:46,9,11,-205
11:33:46,2,21,-212
11:33:46,11,11,-210
11:33:46,11,10,-211
11:33:46,9,20,-211
11:33:46,5,16,-208
11:33:46,4,14,-212
11:33:46,10,11,-204
11:33:46,8,8,-205
11:33:46,13,21,-215
11:33:46,7,12,-211
11:33:46,1,17,-211
11:33:46,5,8,-205
11:33:46,9,8,-209
11:33:46,14,8,-211
11:33:46,6,9,-208
11:33:46,6,10,-203
11:33:46,7,21,-211
11:33:46,11,7,-212
11:33:47,19,15,-218
11:33:47,7,16,-208
11:33:47,6,8,-203
11:33:47,8,12,-207
11:33:47,4,7,-206
11:33:47,14,17,-208
11:33:47,12,14,-209
11:33:47,5,14,-206
11:33:47,3,22,-209
11:33:47,6,12,-207
11:33:47,10,16,-208
11:33:47,11,17,-206
11:33:47,10,19,-207
11:33:47,2,7,-207
11:33:47,8,13,-204
11:33:47,9,11,-214
11:33:47,16,9,-212
11:33:47,13,15,-216
11:33:47,4,8,-209
11:33:47,7,9,-210
11:33:48,9,7,-209
11:33:48,14,9,-210
11:33:48,12,16,-213
11:33:48,8,12,-212
11:33:48,0,13,-207
11:33:48,-1,4,-209
11:33:48,16,19,-213
11:33:48,6,15,-213
11:33:48,12,13,-208
11:33:48,8,14,-201
11:33:48,2,12,-207
11:33:48,8,12,-207
11:33:48,17,11,-210
11:33:48,10,14,-203
11:33:48,7,7,-211
11:33:48,0,15,-209
11:33:48,11,14,-203
11:33:48,13,10,-212
11:33:48,16,12,-215
11:33:48,4,13,-205
11:33:49,2,15,-210
11:33:49,10,12,-211
11:33:49,10,9,-209
11:33:49,22,16,-215
11:33:49,6,12,-211
11:33:49,11,19,-210
11:33:49,4,11,-209
11:33:49,13,16,-211
11:33:49,10,11,-212
11:33:49,11,10,-209
11:33:49,4,5,-205
11:33:49,0,11,-214
11:33:49,10,11,-213
11:33:49,8,4,-215
11:33:49,14,28,-209
11:33:49,0,9,-205
11:33:49,2,12,-209
11:33:49,7,18,-205
11:33:49,11,9,-212
11:33:50,12,16,-213
11:33:50,3,8,-207
11:33:50,6,12,-202
11:33:50,5,15,-205
11:33:50,9,8,-214
11:33:50,16,18,-214
11:33:50,6,12,-209
11:33:50,6,10,-204
11:33:50,5,19,-210
11:33:50,3,12,-211
11:33:50,21,13,-212
11:33:50,13,12,-215
11:33:50,1,8,-209
11:33:50,3,22,-209
11:33:50,1,11,-208
11:33:50,16,10,-209
11:33:50,10,13,-207
11:33:50,7,6,-206
11:33:50,8,17,-212
11:33:50,1,17,-207
11:33:51,11,10,-213
11:33:51,15,12,-214
11:33:51,11,16,-207
11:33:51,2,11,-205
11:33:51,1,10,-204
11:33:51,9,8,-211
11:33:51,11,5,-209
11:33:51,11,13,-210
11:33:51,7,9,-210
11:33:51,-2,5,-213
11:33:51,2,7,-207
11:33:51,14,12,-212
11:33:51,12,9,-210
11:33:51,6,12,-213
11:33:51,6,18,-208
11:33:51,-2,14,-202
11:33:51,10,9,-214
11:33:51,12,4,-213
11:33:51,9,10,-205
11:33:51,7,14,-209
11:33:52,2,20,-211
11:33:52,12,12,-205
11:33:52,8,8,-208
11:33:52,18,16,-205
11:33:52,7,10,-207
11:33:52,8,15,-206
11:33:52,3,14,-208
11:33:52,13,5,-208
11:33:52,16,16,-208
11:33:52,7,14,-212
11:33:52,12,17,-206
11:33:52,-1,6,-206
11:33:52,8,1,-208
11:33:52,15,7,-211
11:33:52,11,9,-209
11:33:52,8,12,-206
11:33:52,3,21,-209
11:33:52,8,5,-209
11:33:52,15,6,-215
11:33:52,8,8,-213
11:33:53,11,10,-206
11:33:53,-1,18,-203
11:33:53,8,12,-206
11:33:53,15,18,-213
11:33:53,17,12,-209
11:33:53,4,18,-209
11:33:53,3,10,-207
11:33:53,7,16,-204
11:33:53,11,11,-209
11:33:53,17,10,-208
11:33:53,6,9,-209
11:33:53,4,13,-205
11:33:53,5,15,-208
11:33:53,10,8,-211
11:33:53,10,11,-205
11:33:53,11,10,-211
11:33:53,7,12,-213
11:33:53,-2,14,-205
11:33:53,6,17,-212
11:33:54,13,10,-214
11:33:54,22,14,-211
11:33:54,10,20,-209
11:33:54,4,15,-208
11:33:54,2,14,-211
11:33:54,12,14,-214
11:33:54,13,10,-212
11:33:54,7,15,-210
11:33:54,2,9,-206
11:33:54,2,11,-205
11:33:54,9,10,-210
11:33:54,16,11,-207
11:33:54,12,12,-210
11:33:54,7,15,-210
11:33:54,-3,15,-209
11:33:54,4,15,-204
11:33:54,13,10,-213
11:33:54,10,27,-213
11:33:54,5,13,-209
11:33:54,6,17,-213
11:33:55,6,13,-209
11:33:55,8,10,-206
11:33:55,11,9,-215
11:33:55,9,10,-217
11:33:55,11,13,-208
11:33:55,4,21,-213
11:33:55,7,14,-209
11:33:55,12,8,-215
11:33:55,10,19,-208
11:33:55,8,6,-206
