11:29:54,-8,95,-50
11:29:54,2,94,-43
11:29:54,-3,96,-53
11:29:54,-9,94,-65
11:29:54,-18,91,-66
11:29:54,-9,90,-54
11:29:54,-1,93,-46
11:29:54,-5,93,-49
11:29:54,-13,95,-57
11:29:54,-11,93,-62
11:29:54,-8,89,-58
11:29:54,0,95,-44
11:29:55,-1,100,-44
11:29:55,-7,93,-57
11:29:55,-10,92,-67
11:29:55,-11,89,-58
11:29:55,-10,96,-46
11:29:55,1,98,-47
11:29:55,-6,94,-50
11:29:55,-6,92,-61
11:29:55,-13,91,-57
11:29:55,-8,89,-53
11:29:55,0,95,-44
11:29:55,0,97,-51
11:29:55,-1,93,-60
11:29:55,-13,94,-56
11:29:55,-11,92,-59
11:29:55,-5,95,-43
11:29:55,1,97,-52
11:29:55,-7,96,-59
11:29:55,-7,87,-60
11:29:56,-17,92,-52
11:29:56,-6,91,-46
11:29:56,2,95,-53
11:29:56,-7,99,-56
11:29:56,-10,93,-62
11:29:56,-18,89,-57
11:29:56,-11,95,-49
11:29:56,-2,95,-49
11:29:56,2,95,-51
11:29:56,-11,94,-58
11:29:56,-10,90,-59
11:29:56,-16,95,-54
11:29:56,-5,92,-51
11:29:56,-3,96,-47
11:29:56,1,94,-60
11:29:56,-9,90,-54
11:29:56,-15,92,-55
11:29:56,-5,99,-48
11:29:56,3,96,-52
11:29:56,0,93,-56
11:29:57,-12,96,-54
11:29:57,-17,89,-57
11:29:57,-11,94,-52
11:29:57,0,94,-50
11:29:57,-5,96,-50
11:29:57,0,93,-57
11:29:57,-17,92,-54
11:29:57,-12,89,-54
11:29:57,-4,98,-51
11:29:57,0,99,-51
11:29:57,-5,94,-52
11:29:57,-7,93,-53
11:29:57,-10,89,-52
11:29:57,-12,95,-50
11:29:57,-2,96,-54
11:29:57,-4,93,-53
11:29:57,-3,88,-54
11:29:57,-15,92,-56
11:29:57,-11,91,-52
11:29:57,-2,95,-49
11:29:58,2,97,-57
11:29:58,-10,93,-55
11:29:58,-11,94,-55
11:29:58,-14,91,-54
11:29:58,-3,95,-51
11:29:58,-1,100,-46
11:29:58,-4,91,-61
11:29:58,-13,90,-56
11:29:58,-17,92,-50
11:29:58,-5,91,-53
11:29:58,-2,98,-51
11:29:58,-5,96,-56
11:29:58,-10,89,-54
11:29:58,-8,89,-57
11:29:58,-11,97,-55
11:29:58,2,93,-54
11:29:58,-7,98,-49
11:29:58,-7,91,-54
11:29:58,-16,88,-54
11:29:58,-13,93,-53
11:29:59,-4,94,-47
11:29:59,0,97,-50
11:29:59,-5,95,-55
11:29:59,-9,91,-55
11:29:59,-15,91,-49
11:29:59,-5,95,-53
11:29:59,-6,100,-50
11:29:59,1,93,-54
11:29:59,-9,94,-51
11:29:59,-15,88,-53
11:29:59,-13,97,-57
11:29:59,-3,97,-55
11:29:59,-6,94,-47
11:29:59,-10,91,-55
11:29:59,-9,89,-55
11:29:59,-8,90,-60
11:29:59,-8,100,-55
11:29:59,1,95,-55
11:29:59,-1,88,-48
11:30:00,-12,95,-54
11:30:00,-13,91,-55
11:30:00,-11,98,-57
11:30:00,2,96,-53
11:30:00,-3,92,-50
11:30:00,-7,92,-48
11:30:00,-13,88,-56
11:30:00,-8,91,-59
11:30:00,-6,97,-51
11:30:00,3,97,-45
11:30:00,-5,90,-50
11:30:00,-12,94,-51
11:30:00,-11,92,-63
11:30:00,-5,97,-58
11:30:00,1,96,-50
11:30:00,-2,93,-41
11:30:00,-8,90,-56
11:30:00,-12,94,-61
11:30:00,-6,95,-60
11:30:00,-2,94,-49
11:30:01,-3,95,-44
11:30:01,-13,91,-51
11:30:01,-14,95,-61
11:30:01,-16,96,-60
11:30:01,-3,94,-55
11:30:01,-4,96,-41
11:30:01,-7,94,-44
11:30:01,-8,87,-64
11:30:01,-13,93,-62
11:30:01,-2,95,-54
11:30:01,1,95,-43
11:30:01,-3,95,-48
11:30:01,-12,96,-58
11:30:01,-15,92,-65
11:30:01,-5,95,-57
11:30:01,1,94,-47
11:30:01,-5,94,-41
11:30:01,-7,91,-59
11:30:01,-12,94,-60
11:30:01,-7,89,-64
11:30:02,-1,95,-48
11:30:02,0,95,-45
11:30:02,-8,95,-53
11:30:02,-13,97,-63
11:30:02,-10,92,-60
11:30:02,-8,93,-51
11:30:02,-2,97,-42
11:30:02,-7,92,-51
11:30:02,-5,92,-60
11:30:02,-14,90,-65
11:30:02,-8,91,-55
11:30:02,2,92,-46
11:30:02,-4,98,-45
11:30:02,-5,92,-59
11:30:02,-14,93,-65
11:30:02,-18,96,-57
11:30:02,-3,90,-47
11:30:02,-4,97,-41
11:30:02,-4,94,-56
11:30:02,-9,92,-60
11:30:03,-10,92,-62
11:30:03,-3,95,-47
11:30:03,4,93,-46
11:30:03,-8,96,-50
11:30:03,-13,96,-59
11:30:03,-12,91,-61
11:30:03,-8,94,-54
11:30:03,-1,94,-45
11:30:03,-7,96,-42
11:30:03,-3,93,-60
11:30:03,-10,93,-62
11:30:03,-14,90,-57
11:30:03,1,92,-49
11:30:03,-1,100,-42
11:30:03,-7,95,-52
11:30:03,-11,94,-64
11:30:03,-19,93,-59
11:30:03,0,91,-48
11:30:03,-4,98,-45
11:30:04,-2,93,-54
11:30:04,-10,92,-59
11:30:04,-14,90,-58
11:30:04,-10,89,-52
11:30:04,-3,96,-41
11:30:04,1,94,-48
11:30:04,-7,94,-61
11:30:04,-11,96,-61
11:30:04,-14,93,-53
11:30:04,1,94,-47
11:30:04,-8,100,-42
11:30:04,-1,95,-55
11:30:04,-8,92,-59
11:30:04,-12,91,-60
11:30:04,-6,91,-47
11:30:04,0,95,-46
11:30:04,-1,97,-53
11:30:04,-8,92,-60
11:30:04,-15,92,-57
11:30:04,-10,91,-53
11:30:05,-5,94,-46
11:30:05,5,97,-55
11:30:05,-8,92,-60
11:30:05,-14,89,-55
11:30:05,-14,93,-55
11:30:05,-2,91,-50
11:30:05,0,97,-49
11:30:05,-5,96,-56
11:30:05,-8,89,-56
11:30:05,-15,92,-53
11:30:05,-5,95,-51
11:30:05,0,97,-49
11:30:05,-2,96,-53
11:30:05,-11,95,-54
11:30:05,-12,88,-54
11:30:05,-10,96,-54
11:30:05,-7,98,-52
11:30:05,2,91,-50
11:30:05,-5,92,-52
11:30:05,-7,92,-56
11:30:06,-16,94,-56
11:30:06,-2,97,-60
11:30:06,1,99,-47
11:30:06,-8,92,-43
11:30:06,-13,93,-54
11:30:06,-11,91,-61
11:30:06,-10,97,-55
11:30:06,-3,96,-54
11:30:06,-2,90,-44
11:30:06,-14,91,-54
11:30:06,-16,92,-53
11:30:06,-7,91,-63
11:30:06,-2,96,-56
11:30:06,1,98,-48
11:30:06,-9,91,-45
11:30:06,-9,93,-55
11:30:06,-13,96,-58
11:30:06,-6,93,-57
11:30:06,-1,95,-51
11:30:07,-3,96,-42
11:30:07,-3,88,-52
11:30:07,-16,93,-59
11:30:07,-10,96,-58
11:30:07,4,92,-55
11:30:07,-1,97,-44
11:30:07,-10,92,-52
11:30:07,-15,95,-57
11:30:07,-16,96,-57
11:30:07,-3,95,-56
11:30:07,-4,95,-45
11:30:07,-5,92,-50
11:30:07,-13,91,-57
11:30:07,-7,93,-63
11:30:07,-1,95,-53
11:30:07,-2,93,-45
11:30:07,-3,96,-48
11:30:07,-8,95,-60
11:30:07,-10,90,-63
11:30:07,-8,92,-55
11:30:08,-1,93,-45
11:30:08,-8,95,-43
11:30:08,1,89,-61
11:30:08,-9,96,-61
11:30:08,-17,93,-57
11:30:08,6,90,-51
11:30:08,-6,100,-40
11:30:08,-5,95,-53
11:30:08,-12,95,-64
11:30:08,-13,91,-61
11:30:08,-8,92,-43
11:30:08,0,97,-45
11:30:08,-1,96,-51
11:30:08,-5,89,-63
11:30:08,-8,89,-59
11:30:08,-10,91,-51
11:30:08,-3,95,-52
11:30:08,-4,98,-49
11:30:08,-11,94,-58
11:30:08,-14,94,-57
11:30:09,-10,93,-59
11:30:09,-7,94,-42
11:30:09,-4,96,-47
11:30:09,-3,95,-60
11:30:09,-10,92,-58
11:30:09,-13,91,-56
11:30:09,-9,94,-46
11:30:09,-2,93,-47
11:30:09,0,99,-55
11:30:09,-3,92,-63
11:30:09,-13,89,-58
11:30:09,-13,95,-51
11:30:09,-1,94,-44
11:30:09,-1,98,-48
11:30:09,-4,92,-60
11:30:09,-16,90,-60
11:30:09,-13,89,-54
11:30:09,0,96,-47
11:30:09,0,95,-49
11:30:09,-4,95,-60
11:30:10,-11,92,-56
11:30:10,-15,90,-54
11:30:10,-7,95,-48
11:30:10,-3,98,-49
11:30:10,-3,93,-55
11:30:10,-8,90,-57
11:30:10,-13,90,-57
11:30:10,-11,90,-55
11:30:10,-5,96,-45
11:30:10,-2,97,-52
11:30:10,-5,91,-57
11:30:10,-10,92,-57
11:30:10,-10,91,-57
11:30:10,-4,94,-46
11:30:10,5,98,-51
11:30:10,-8,98,-56
11:30:10,-4,89,-60
11:30:10,-18,92,-53
11:30:10,-7,93,-49
11:30:11,0,95,-48
11:30:11,-7,98,-53
11:30:11,-11,92,-59
11:30:11,-16,91,-54
11:30:11,-10,91,-56
11:30:11,-7,98,-41
11:30:11,2,94,-56
11:30:11,-8,94,-57
11:30:11,-12,88,-55
11:30:11,-14,94,-55
11:30:11,-2,93,-48
11:30:11,1,93,-54
11:30:11,-5,97,-56
11:30:11,-7,90,-54
11:30:11,-14,89,-54
11:30:11,-5,95,-51
11:30:11,-3,98,-52
11:30:11,-2,95,-50
11:30:11,-15,94,-56
11:30:11,-11,88,-59
11:30:12,-10,94,-51
11:30:12,-4,99,-53
11:30:12,1,96,-48
11:30:12,-2,93,-56
11:30:12,-12,91,-52
11:30:12,-9,90,-51
11:30:12,0,97,-51
11:30:12,-4,101,-54
11:30:12,-7,93,-53
11:30:12,-8,91,-57
11:30:12,-12,92,-51
11:30:12,-6,91,-55
11:30:12,-5,98,-57
11:30:12,-3,94,-51
11:30:12,-6,88,-57
11:30:12,-12,91,-55
11:30:12,-9,95,-58
11:30:12,-3,97,-52
11:30:12,-7,98,-50
11:30:12,-6,91,-54
11:30:13,-14,91,-50
11:30:13,-12,93,-57
11:30:13,0,95,-53
11:30:13,1,95,-53
11:30:13,-6,95,-53
11:30:13,-13,88,-52
11:30:13,-14,90,-53
11:30:13,-3,98,-56
11:30:13,1,95,-54
11:30:13,-4,96,-49
11:30:13,-8,90,-51
11:30:13,-9,90,-57
11:30:13,-7,89,-61
11:30:13,-4,96,-54
11:30:13,0,95,-45
11:30:13,-5,89,-47
11:30:13,-13,98,-53
11:30:13,-12,93,-59
11:30:13,-6,96,-55
11:30:13,2,99,-50
11:30:14,-5,92,-47
11:30:14,-12,89,-56
11:30:14,-22,95,-58
11:30:14,-9,94,-56
11:30:14,-2,98,-50
11:30:14,0,94,-48
11:30:14,-7,91,-52
11:30:14,-14,96,-54
11:30:14,-8,95,-63
11:30:14,-4,95,-57
11:30:14,-5,97,-40
11:30:14,-5,94,-51
11:30:14,-14,91,-57
11:30:14,-6,94,-65
11:30:14,-2,95,-54
11:30:14,2,93,-42
11:30:14,-4,94,-46
11:30:14,-5,92,-61
11:30:14,-15,94,-63
11:30:15,-12,94,-61
11:30:15,-5,92,-47
11:30:15,-3,92,-41
11:30:15,-7,92,-57
11:30:15,-14,89,-64
11:30:15,-11,92,-63
11:30:15,-3,95,-50
11:30:15,3,96,-45
11:30:15,-13,95,-48
11:30:15,-8,94,-67
11:30:15,-18,94,-61
11:30:15,-1,91,-52
11:30:15,-5,98,-37
11:30:15,-4,93,-47
11:30:15,-12,93,-59
11:30:15,-11,93,-66
11:30:15,-8,89,-51
11:30:15,-4,94,-44
11:30:15,0,97,-50
11:30:15,-6,93,-57
11:30:16,-8,92,-62
11:30:16,-11,94,-56
11:30:16,-6,92,-49
11:30:16,-6,97,-45
11:30:16,-2,96,-58
11:30:16,-16,92,-58
11:30:16,-15,92,-57
11:30:16,-5,91,-49
11:30:16,1,93,-47
11:30:16,-2,99,-55
11:30:16,-7,93,-60
11:30:16,-14,87,-55
11:30:16,-11,95,-49
11:30:16,0,93,-49
11:30:16,-3,96,-56
11:30:16,-11,94,-56
11:30:16,-13,89,-56
11:30:16,-12,93,-51
11:30:16,-5,95,-48
11:30:16,2,95,-53
11:30:17,0,95,-55
11:30:17,-10,94,-55
11:30:17,-13,92,-55
11:30:17,-1,94,-51
11:30:17,0,97,-50
11:30:17,-3,94,-55
11:30:17,-9,92,-59
11:30:17,-16,89,-52
11:30:17,-11,91,-54
11:30:17,-1,97,-49
11:30:17,-4,96,-54
11:30:17,0,91,-54
11:30:17,-15,92,-54
11:30:17,-11,92,-56
11:30:17,-3,100,-56
11:30:17,5,95,-52
11:30:17,-7,94,-50
11:30:17,-9,89,-56
11:30:17,-16,93,-52
11:30:17,-5,95,-53
11:30:18,0,99,-51
11:30:18,-6,94,-53
11:30:18,-10,90,-51
11:30:18,-11,91,-57
11:30:18,-7,92,-57
11:30:18,-6,96,-53
11:30:18,0,97,-48
11:30:18,-4,87,-52
11:30:18,-15,95,-50
11:30:18,-11,94,-60
11:30:18,-6,94,-54
11:30:18,-4,97,-48
11:30:18,-3,93,-44
11:30:18,-12,92,-52
11:30:18,-9,92,-64
11:30:18,-5,95,-58
11:30:18,-1,95,-49
11:30:18,-2,96,-41
11:30:18,-9,94,-57
11:30:19,-13,92,-58
11:30:19,-13,98,-60
11:30:19,-2,94,-49
11:30:19,-1,92,-48
11:30:19,-9,94,-54
11:30:19,-11,91,-58
11:30:19,-15,94,-62
11:30:19,-2,98,-53
11:30:19,4,92,-50
11:30:19,-7,95,-44
11:30:19,-6,96,-61
11:30:19,-14,93,-60
11:30:19,-11,94,-55
11:30:19,2,90,-47
11:30:19,-6,93,-42
11:30:19,-4,92,-62
11:30:19,-11,94,-57
11:30:19,-10,90,-60
11:30:19,0,94,-44
11:30:19,2,99,-45
11:30:20,-5,92,-57
11:30:20,-14,96,-59
11:30:20,-12,91,-63
11:30:20,-8,95,-45
11:30:20,-3,97,-42
11:30:20,-1,97,-50
11:30:20,-11,92,-61
11:30:20,-11,92,-61
11:30:20,-8,90,-51
11:30:20,-1,93,-48
11:30:20,-5,99,-51
11:30:20,-1,94,-65
11:30:20,-14,93,-53
11:30:20,-12,94,-57
11:30:20,-4,94,-49
11:30:20,-4,96,-50
11:30:20,-4,94,-54
11:30:20,-9,91,-57
11:30:20,-13,89,-56
11:30:20,-5,93,-47
11:30:21,3,95,-52
11:30:21,-2,97,-51
11:30:21,-9,94,-57
11:30:21,-11,90,-55
11:30:21,-13,94,-44
11:30:21,-1,96,-50
11:30:21,0,94,-54
11:30:21,-7,92,-58
11:30:21,-12,91,-53
11:30:21,-11,90,-54
11:30:21,-3,98,-54
11:30:21,4,94,-56
11:30:21,-3,92,-50
11:30:21,-7,91,-54
11:30:21,-14,93,-52
11:30:21,-10,97,-53
11:30:21,-2,98,-52
11:30:21,-4,90,-49
11:30:21,-8,90,-50
11:30:21,-14,93,-57
11:30:22,-6,89,-61
11:30:22,-3,96,-50
11:30:22,3,95,-48
11:30:22,-6,91,-51
11:30:22,-16,91,-55
11:30:22,-12,95,-63
11:30:22,-7,93,-54
11:30:22,3,95,-46
11:30:22,-5,94,-43
11:30:22,-12,89,-54
11:30:22,-10,93,-64
11:30:22,-8,96,-57
11:30:22,2,96,-49
11:30:22,0,93,-48
11:30:22,-11,96,-51
11:30:22,-15,92,-61
11:30:22,-13,95,-59
11:30:22,-2,97,-52
11:30:22,-6,94,-48
11:30:23,-4,94,-55
11:30:23,-14,94,-55
11:30:23,-15,94,-62
11:30:23,-9,95,-52
11:30:23,0,94,-50
11:30:23,4,93,-53
11:30:23,-9,96,-60
11:30:23,-12,91,-65
11:30:23,-7,94,-56
11:30:23,-2,95,-48
11:30:23,-5,91,-46
11:30:23,-8,94,-60
11:30:23,-15,94,-63
11:30:23,-6,90,-57
11:30:23,4,94,-40
11:30:23,-2,100,-45
11:30:23,-8,95,-59
11:30:23,-10,95,-64
11:30:23,-11,92,-54
11:30:23,-4,95,-43
11:30:24,-3,99,-47
11:30:24,-4,98,-57
11:30:24,-12,94,-60
11:30:24,-10,91,-61
11:30:24,-11,90,-50
11:30:24,-5,94,-46
11:30:24,1,95,-51
11:30:24,-7,90,-58
11:30:24,-12,93,-58
11:30:24,-10,87,-54
11:30:24,-8,97,-48
11:30:24,3,100,-55
11:30:24,-5,96,-56
11:30:24,-11,91,-58
11:30:24,-13,94,-53
11:30:24,-7,93,-48
11:30:24,-3,98,-53
11:30:24,-7,98,-56
11:30:24,-5,87,-56
11:30:24,-19,91,-52
11:30:25,-6,94,-57
11:30:25,-5,96,-50
11:30:25,-1,95,-47
11:30:25,-7,94,-51
11:30:25,-15,92,-52
11:30:25,-12,95,-58
11:30:25,-8,98,-55
11:30:25,-1,95,-50
11:30:25,-4,93,-48
11:30:25,-7,91,-51
11:30:25,-17,91,-58
11:30:25,-6,96,-62
11:30:25,0,94,-44
11:30:25,0,91,-44
11:30:25,-12,94,-57
11:30:25,-18,93,-62
11:30:25,-9,93,-57
11:30:25,2,93,-50
11:30:25,-2,92,-42
11:30:26,-11,91,-52
11:30:26,-12,94,-59
11:30:26,-10,92,-61
11:30:26,-5,94,-51
11:30:26,0,94,-45
11:30:26,-6,97,-47
11:30:26,-7,94,-63
11:30:26,-15,95,-60
11:30:26,-8,92,-57
11:30:26,-6,94,-47
11:30:26,-6,98,-51
11:30:26,-5,94,-58
11:30:26,-13,91,-57
11:30:26,-10,93,-59
11:30:26,0,96,-51
11:30:26,-1,96,-49
11:30:26,-3,96,-57
11:30:26,-9,90,-58
11:30:26,-17,94,-56
11:30:26,-4,94,-52
11:30:27,2,94,-55
11:30:27,-6,96,-54
11:30:27,-10,90,-61
11:30:27,-9,88,-54
11:30:27,-14,93,-47
11:30:27,-4,97,-54
11:30:27,-5,97,-54
11:30:27,-13,93,-55
11:30:27,-15,92,-51
11:30:27,-11,91,-49
11:30:27,-8,96,-51
11:30:27,0,98,-53
11:30:27,-2,93,-56
11:30:27,-13,93,-55
11:30:27,-14,93,-57
11:30:27,-2,92,-56
11:30:27,-2,97,-47
11:30:27,0,93,-50
11:30:27,-10,88,-52
11:30:27,-16,91,-57
11:30:28,-12,90,-56
11:30:28,-3,93,-57
11:30:28,-1,94,-46
11:30:28,-13,91,-46
11:30:28,-11,90,-53
11:30:28,-17,97,-55
11:30:28,-2,95,-55
11:30:28,-7,93,-44
11:30:28,-3,91,-48
11:30:28,-15,94,-49
11:30:28,-8,93,-66
11:30:28,-8,92,-56
11:30:28,-1,96,-44
11:30:28,-5,95,-48
11:30:28,-2,91,-58
11:30:28,-15,94,-59
11:30:28,-13,94,-57
11:30:28,-3,97,-50
11:30:28,1,98,-48
11:30:28,-4,95,-58
11:30:29,-12,92,-63
11:30:29,-15,95,-61
11:30:29,-3,97,-53
11:30:29,2,95,-49
11:30:29,-9,98,-50
11:30:29,-7,89,-65
11:30:29,-17,92,-62
11:30:29,-7,95,-54
11:30:29,1,97,-53
11:30:29,-1,95,-54
11:30:29,-12,94,-58
11:30:29,-13,90,-61
11:30:29,-10,92,-59
11:30:29,-2,99,-52
11:30:29,0,96,-46
11:30:29,-4,96,-54
11:30:29,-14,92,-57
11:30:29,-9,91,-62
11:30:29,-5,97,-52
11:30:30,-1,98,-54
11:30:30,2,93,-54
11:30:30,-13,92,-60
11:30:30,-17,95,-57
11:30:30,-6,91,-60
11:30:30,-2,96,-52
11:30:30,1,96,-50
11:30:30,-6,91,-58
11:30:30,-13,94,-56
11:30:30,-11,94,-58
11:30:30,1,91,-58
11:30:30,-2,96,-45
11:30:30,-5,95,-49
11:30:30,-10,93,-58
11:30:30,-10,93,-62
11:30:30,-2,92,-50
11:30:30,-4,96,-46
11:30:30,-6,98,-48
11:30:30,-5,91,-59
11:30:30,-14,94,-62
11:30:31,-12,93,-53
11:30:31,-2,92,-44
11:30:31,1,97,-52
11:30:31,-4,95,-59
11:30:31,-8,89,-63
11:30:31,-16,94,-56
11:30:31,-9,97,-43
11:30:31,0,96,-54
11:30:31,-3,94,-53
11:30:31,-12,92,-59
11:30:31,-16,90,-52
11:30:31,-6,95,-56
11:30:31,-3,99,-49
11:30:31,0,93,-54
11:30:31,-8,94,-54
11:30:31,-9,92,-55
11:30:31,-15,95,-58
11:30:31,-4,97,-58
11:30:31,-2,96,-49
11:30:31,-1,90,-50
11:30:32,-12,92,-50
11:30:32,-7,94,-63
11:30:32,-6,96,-53
11:30:32,-5,97,-49
11:30:32,1,94,-46
11:30:32,-13,92,-51
11:30:32,-12,93,-67
11:30:32,-9,94,-57
11:30:32,-5,95,-48
11:30:32,-7,95,-45
11:30:32,-4,91,-52
11:30:32,-16,93,-60
11:30:32,-8,93,-63
11:30:32,-4,92,-49
11:30:32,-1,95,-42
11:30:32,-4,97,-52
11:30:32,-13,93,-57
11:30:32,-15,95,-59
11:30:32,-7,92,-49
11:30:32,0,95,-44
11:30:33,-9,97,-51
11:30:33,-7,93,-60
11:30:33,-9,89,-61
11:30:33,-16,93,-51
11:30:33,0,92,-52
11:30:33,-5,97,-44
11:30:33,1,94,-58
11:30:33,-14,93,-59
11:30:33,-12,91,-58
11:30:33,-6,96,-49
11:30:33,1,98,-48
11:30:33,1,92,-54
11:30:33,-17,92,-56
11:30:33,-12,89,-58
11:30:33,-13,94,-51
11:30:33,-4,100,-51
11:30:33,-1,95,-53
11:30:33,-7,91,-58
11:30:33,-9,92,-53
11:30:34,-12,94,-55
11:30:34,-1,99,-53
11:30:34,-9,97,-51
11:30:34,0,89,-57
11:30:34,-16,92,-50
11:30:34,-10,91,-58
11:30:34,1,94,-54
11:30:34,0,96,-52
11:30:34,0,91,-52
11:30:34,-6,89,-52
11:30:34,-16,97,-59
11:30:34,-6,93,-61
11:30:34,-2,94,-50
11:30:34,-3,95,-43
11:30:34,-6,92,-54
11:30:34,-12,92,-57
11:30:34,-13,93,-59
11:30:34,-2,95,-51
11:30:34,-3,93,-41
11:30:34,-8,96,-48
11:30:35,-8,91,-61
11:30:35,-18,95,-59
11:30:35,1,95,-54
11:30:35,-2,93,-41
11:30:35,-3,95,-51
11:30:35,-11,94,-58
11:30:35,-11,90,-61
11:30:35,-11,94,-52
11:30:35,-3,94,-47
11:30:35,-2,93,-50
11:30:35,-4,96,-61
11:30:35,-15,94,-55
11:30:35,-15,92,-57
11:30:35,-9,98,-44
11:30:35,1,96,-48
11:30:35,-2,93,-58
11:30:35,-14,93,-54
11:30:35,-15,91,-53
11:30:35,-5,93,-49
11:30:35,1,97,-51
11:30:36,-2,95,-53
11:30:36,-11,92,-57
11:30:36,-15,89,-58
11:30:36,-6,93,-55
11:30:36,-1,96,-56
11:30:36,-3,96,-55
11:30:36,-10,93,-52
11:30:36,-10,92,-54
11:30:36,-12,93,-58
11:30:36,-4,94,-58
11:30:36,-1,97,-51
11:30:36,-4,93,-51
11:30:36,-9,90,-53
11:30:36,-18,93,-58
11:30:36,-9,97,-55
11:30:36,1,95,-54
11:30:36,-3,96,-48
11:30:36,-6,89,-59
11:30:36,-17,95,-55
11:30:37,-16,95,-59
11:30:37,-4,95,-54
11:30:37,-2,98,-45
11:30:37,0,94,-55
11:30:37,-12,92,-55
11:30:37,-8,92,-63
11:30:37,-9,97,-52
11:30:37,2,93,-45
11:30:37,-12,96,-48
11:30:37,-7,93,-58
11:30:37,-7,90,-63
11:30:37,-13,95,-55
11:30:37,-3,93,-48
11:30:37,-5,95,-48
11:30:37,-8,95,-55
11:30:37,-9,92,-63
11:30:37,-13,90,-58
11:30:37,-4,96,-48
11:30:37,0,96,-46
11:30:37,-2,94,-54
11:30:38,-11,93,-58
11:30:38,-17,91,-57
11:30:38,-10,94,-52
11:30:38,0,98,-47
11:30:38,-2,95,-54
11:30:38,-10,92,-58
11:30:38,-17,93,-56
11:30:38,-11,90,-57
11:30:38,0,99,-50
11:30:38,0,96,-53
11:30:38,-8,92,-54
11:30:38,-12,93,-58
11:30:38,-11,92,-54
11:30:38,-6,97,-54
11:30:38,-1,97,-49
11:30:38,1,93,-54
11:30:38,-6,88,-54
11:30:38,-12,94,-61
11:30:38,-5,92,-53
11:30:38,0,93,-54
11:30:39,-2,96,-49
11:30:39,-9,91,-52
11:30:39,-12,92,-58
11:30:39,-15,97,-59
11:30:39,1,94,-57
11:30:39,3,94,-50
11:30:39,-12,94,-52
11:30:39,-8,88,-57
11:30:39,-14,95,-56
11:30:39,-6,96,-55
11:30:39,2,95,-46
11:30:39,-6,96,-46
11:30:39,-11,94,-55
11:30:39,-12,94,-60
11:30:39,-9,98,-58
11:30:39,-4,93,-52
11:30:39,-3,92,-49
11:30:39,-8,92,-53
11:30:39,-11,93,-61
11:30:39,-9,90,-63
11:30:40,0,93,-51
11:30:40,-5,98,-43
11:30:40,0,93,-53
11:30:40,-15,95,-60
11:30:40,-12,91,-62
11:30:40,-12,96,-49
11:30:40,-2,96,-40
11:30:40,-6,96,-51
11:30:40,-8,92,-60
11:30:40,-11,91,-59
11:30:40,-7,90,-52
11:30:40,-4,94,-48
11:30:40,-3,99,-52
11:30:40,-5,91,-53
11:30:40,-15,94,-56
11:30:40,-14,94,-52
11:30:40,-3,94,-55
11:30:40,-1,96,-51
11:30:40,-8,95,-51
11:30:41,-7,87,-58
11:30:41,-15,92,-53
11:30:41,-5,94,-59
11:30:41,3,93,-54
11:30:41,-1,95,-52
11:30:41,-16,94,-51
11:30:41,-11,91,-57
11:30:41,-14,98,-55
11:30:41,-3,96,-53
11:30:41,0,94,-48
11:30:41,-7,92,-50
11:30:41,-15,92,-57
11:30:41,-8,95,-62
11:30:41,-4,97,-52
11:30:41,0,94,-47
11:30:41,-5,91,-52
11:30:41,-9,95,-61
11:30:41,-14,95,-59
11:30:41,-9,93,-60
11:30:41,-4,94,-44
11:30:42,-1,94,-49
11:30:42,-6,93,-53
11:30:42,-12,95,-62
11:30:42,-4,89,-63
11:30:42,-4,97,-44
11:30:42,-3,97,-47
11:30:42,-5,95,-57
11:30:42,-9,91,-60
11:30:42,-16,93,-59
11:30:42,-8,90,-53
11:30:42,3,95,-47
11:30:42,0,96,-53
11:30:42,-5,91,-61
11:30:42,-17,91,-53
11:30:42,-10,92,-56
11:30:42,1,94,-49
11:30:42,-1,98,-53
11:30:42,-7,93,-60
11:30:42,-17,91,-56
11:30:42,-15,93,-55
11:30:43,-5,95,-47
11:30:43,0,95,-54
11:30:43,-6,94,-56
11:30:43,-11,90,-52
11:30:43,-10,92,-54
11:30:43,-10,96,-51
11:30:43,-2,97,-52
11:30:43,-2,94,-51
11:30:43,-10,93,-54
11:30:43,-14,91,-58
11:30:43,-13,97,-59
11:30:43,-1,93,-58
11:30:43,-7,96,-48
11:30:43,-4,92,-53
11:30:43,-13,91,-54
11:30:43,-15,92,-60
11:30:43,-4,98,-55
11:30:43,4,93,-49
11:30:43,-8,92,-45
11:30:43,-11,94,-58
11:30:44,-15,92,-62
11:30:44,-8,96,-60
11:30:44,2,94,-48
11:30:44,-5,93,-44
11:30:44,-6,91,-58
11:30:44,-14,92,-56
11:30:44,-9,91,-63
11:30:44,-3,94,-54
11:30:44,1,96,-48
11:30:44,-8,94,-49
11:30:44,-8,95,-58
11:30:44,-12,94,-64
11:30:44,-8,93,-54
11:30:44,-2,96,-38
11:30:44,1,94,-51
11:30:44,-2,89,-66
11:30:44,-22,92,-59
11:30:44,-7,91,-53
11:30:44,1,94,-47
11:30:45,-4,97,-48
11:30:45,-12,95,-60
11:30:45,-13,92,-56
11:30:45,-16,94,-54
11:30:45,-4,95,-49
11:30:45,-1,96,-51
11:30:45,-6,95,-59
11:30:45,-9,90,-58
11:30:45,-15,92,-54
11:30:45,-1,95,-54
11:30:45,2,95,-49
11:30:45,-7,94,-52
11:30:45,-10,93,-53
11:30:45,-12,91,-55
11:30:45,-12,94,-54
11:30:45,-5,98,-52
11:30:45,1,93,-53
11:30:45,-8,93,-53
11:30:45,-11,90,-57
11:30:45,-14,93,-59
11:30:46,-2,96,-56
11:30:46,0,96,-46
11:30:46,-5,90,-48
11:30:46,-9,93,-60
11:30:46,-15,94,-62
11:30:46,-4,95,-58
11:30:46,2,97,-50
11:30:46,-2,92,-49
11:30:46,-11,94,-51
11:30:46,-15,93,-61
11:30:46,-16,94,-60
11:30:46,-2,96,-52
11:30:46,2,94,-43
11:30:46,-2,92,-51
11:30:46,-13,95,-58
11:30:46,-7,93,-65
11:30:46,-3,91,-51
11:30:46,-5,97,-44
11:30:46,-3,97,-45
11:30:46,-8,90,-60
11:30:47,-11,93,-60
11:30:47,-7,93,-50
11:30:47,-2,95,-48
11:30:47,-6,98,-48
11:30:47,-6,91,-64
11:30:47,-16,90,-62
11:30:47,-18,94,-57
11:30:47,-3,94,-50
11:30:47,3,95,-50
11:30:47,-9,94,-53
11:30:47,-7,91,-55
11:30:47,-16,91,-56
11:30:47,-7,97,-50
11:30:47,0,96,-55
11:30:47,-7,93,-51
11:30:47,-4,92,-55
11:30:47,-15,90,-58
11:30:47,-10,95,-55
11:30:47,-6,99,-55
11:30:47,2,93,-51
11:30:48,-6,91,-52
11:30:48,-15,94,-55
11:30:48,-11,93,-61
11:30:48,-5,97,-51
11:30:48,2,96,-49
11:30:48,-6,93,-47
11:30:48,-12,96,-52
11:30:48,-14,94,-66
11:30:48,-6,95,-55
11:30:48,-4,95,-50
11:30:48,-3,96,-46
11:30:48,-6,88,-59
11:30:48,-16,94,-61
11:30:48,-10,93,-57
11:30:48,-1,92,-47
11:30:48,0,96,-47
11:30:48,-4,94,-54
11:30:48,-14,94,-61
11:30:48,-10,93,-56
11:30:49,-9,94,-52
11:30:49,2,96,-45
11:30:49,-5,96,-48
11:30:49,-7,91,-60
11:30:49,-12,92,-60
11:30:49,-9,92,-57
11:30:49,-4,96,-45
11:30:49,-2,94,-54
11:30:49,-1,93,-61
11:30:49,-13,89,-60
11:30:49,-15,95,-50
11:30:49,-3,98,-51
11:30:49,2,95,-49
11:30:49,-5,92,-55
11:30:49,-16,94,-54
11:30:49,-10,89,-56
11:30:49,-3,95,-54
11:30:49,1,97,-54
11:30:49,-4,94,-50
11:30:49,-11,91,-54
11:30:50,-10,91,-60
11:30:50,-13,95,-53
11:30:50,-2,98,-55
11:30:50,-3,97,-44
11:30:50,-4,92,-51
11:30:50,-12,91,-56
11:30:50,-13,91,-63
11:30:50,-4,97,-51
11:30:50,3,94,-49
11:30:50,-4,93,-43
11:30:50,-13,93,-54
11:30:50,-8,93,-66
11:30:50,-4,94,-57
11:30:50,-1,96,-46
11:30:50,-5,93,-48
11:30:50,-11,93,-56
11:30:50,-12,91,-63
11:30:50,-9,93,-57
11:30:50,-1,93,-45
11:30:50,3,94,-46
11:30:51,-7,93,-57
11:30:51,-7,91,-63
11:30:51,-17,96,-58
11:30:51,-3,93,-50
11:30:51,-3,96,-42
11:30:51,-9,96,-52
11:30:51,-9,91,-61
11:30:51,-10,88,-63
11:30:51,-6,92,-51
11:30:51,1,96,-51
11:30:51,1,95,-51
11:30:51,-4,92,-60
11:30:51,-13,90,-60
11:30:51,-11,93,-52
11:30:51,-3,97,-52
11:30:51,-1,99,-48
11:30:51,-7,94,-54
11:30:51,-14,93,-55
11:30:51,-14,92,-52
11:30:51,1,97,-51
11:30:52,-2,101,-51
11:30:52,3,93,-53
11:30:52,-11,92,-58
11:30:52,-13,91,-58
11:30:52,-10,95,-52
11:30:52,-6,98,-57
11:30:52,-1,93,-56
11:30:52,-8,91,-53
11:30:52,-14,93,-56
11:30:52,-9,90,-58
11:30:52,-5,95,-54
11:30:52,-1,95,-47
11:30:52,0,93,-50
11:30:52,-10,90,-55
11:30:52,-13,93,-64
11:30:52,-7,96,-55
11:30:52,5,95,-51
11:30:52,-2,95,-47
11:30:52,-5,90,-54
11:30:53,-16,96,-65
11:30:53,-7,94,-58
11:30:53,-3,93,-48
11:30:53,-7,96,-42
11:30:53,-5,94,-57
11:30:53,-14,94,-58
11:30:53,-9,95,-58
11:30:53,-2,96,-49
11:30:53,-5,95,-43
11:30:53,-5,96,-55
11:30:53,-12,93,-62
11:30:53,-15,93,-61
11:30:53,-12,93,-55
11:30:53,-4,95,-47
11:30:53,-3,94,-48
11:30:53,-8,94,-60
11:30:53,-14,90,-63
11:30:53,-14,92,-52
11:30:53,-4,96,-52
11:30:53,-2,95,-50
11:30:54,-7,96,-57
11:30:54,-15,91,-58
11:30:54,-15,93,-52
11:30:54,-4,96,-51
11:30:54,1,95,-51
11:30:54,0,94,-55
11:30:54,-8,90,-57
11:30:54,-14,92,-54
11:30:54,-8,93,-54
11:30:54,0,100,-53
11:30:54,0,93,-54
11:30:54,-7,91,-54
11:30:54,-9,92,-60
11:30:54,-11,91,-59
11:30:54,-6,96,-57
11:30:54,-3,97,-48
11:30:54,-4,90,-53
11:30:54,-8,91,-55
11:30:54,-18,94,-59
11:30:54,-1,96,-59
11:30:55,1,94,-50
11:30:55,1,93,-52
11:30:55,-16,93,-52
11:30:55,-18,93,-65
11:30:55,-5,92,-63
11:30:55,-5,95,-44
11:30:55,3,92,-48
11:30:55,-8,96,-52
11:30:55,-8,91,-63
11:30:55,-8,92,-59
11:30:55,-5,97,-48
11:30:55,1,96,-49
11:30:55,-7,96,-49
11:30:55,-6,93,-63
11:30:55,-11,91,-57
11:30:55,-9,93,-49
11:30:55,-5,99,-45
11:30:55,5,93,-57
11:30:55,-8,91,-56
11:30:55,-16,93,-60
11:30:56,-13,91,-51
11:30:56,-2,96,-51
11:30:56,-2,96,-52
11:30:56,-8,92,-56
11:30:56,-12,91,-59
11:30:56,-11,92,-52
11:30:56,-4,93,-56
11:30:56,-1,97,-53
11:30:56,-7,94,-52
11:30:56,-12,90,-54
11:30:56,-14,92,-56
11:30:56,-9,98,-50
11:30:56,0,96,-52
11:30:56,-7,97,-50
11:30:56,-9,92,-50
11:30:56,-10,91,-56
11:30:56,-15,97,-57
11:30:56,-2,93,-56
11:30:56,-1,94,-50
11:30:57,-6,95,-49
11:30:57,-10,91,-55
11:30:57,-16,95,-61
11:30:57,-10,96,-54
11:30:57,0,94,-49
11:30:57,-11,97,-44
11:30:57,-5,90,-57
11:30:57,-15,92,-63
11:30:57,-5,94,-60
11:30:57,-4,94,-49
11:30:57,-1,94,-43
11:30:57,-5,93,-55
11:30:57,-5,91,-65
11:30:57,-7,91,-59
11:30:57,-2,95,-50
11:30:57,-1,96,-40
11:30:57,-7,94,-50
11:30:57,-11,94,-61
11:30:57,-12,89,-61
11:30:57,-9,93,-49
11:30:58,1,95,-48
11:30:58,-2,96,-50
11:30:58,0,90,-58
11:30:58,-16,92,-59
11:30:58,-14,92,-53
11:30:58,-3,97,-47
11:30:58,-4,99,-48
11:30:58,-3,92,-56
11:30:58,-13,91,-62
11:30:58,-14,94,-55
11:30:58,-2,93,-49
11:30:58,0,98,-50
11:30:58,-1,95,-57
11:30:58,-11,92,-53
11:30:58,-13,93,-56
11:30:58,-9,97,-50
11:30:58,-3,97,-55
11:30:58,-1,94,-55
11:30:58,-10,92,-53
11:30:58,-13,91,-53
11:30:59,-9,94,-55
11:30:59,-3,95,-55
11:30:59,1,93,-50
11:30:59,-9,96,-50
11:30:59,-11,90,-58
11:30:59,-12,95,-57
11:30:59,-8,97,-53
11:30:59,0,95,-52
11:30:59,-5,95,-49
11:30:59,-9,91,-56
11:30:59,-16,92,-58
11:30:59,-13,97,-59
11:30:59,3,93,-54
11:30:59,0,93,-48
11:30:59,-5,92,-56
11:30:59,-16,91,-61
11:30:59,-10,95,-60
11:30:59,-3,96,-48
11:30:59,0,95,-43
11:31:00,-6,93,-52
11:31:00,-12,96,-63
11:31:00,-10,90,-60
11:31:00,-9,95,-50
11:31:00,-6,96,-41
11:31:00,3,93,-56
11:31:00,-4,92,-59
11:31:00,-12,92,-61
11:31:00,-10,89,-54
11:31:00,-3,97,-45
11:31:00,2,96,-51
11:31:00,-7,93,-56
11:31:00,-14,94,-60
11:31:00,-16,90,-55
11:31:00,-9,93,-48
11:31:00,0,98,-49
11:31:00,-4,94,-56
11:31:00,-9,88,-57
11:31:00,-11,91,-57
11:31:00,-6,94,-50
11:31:01,1,97,-54
11:31:01,-5,95,-53
11:31:01,-8,90,-56
11:31:01,-17,92,-53
11:31:01,-9,94,-59
11:31:01,0,94,-55
11:31:01,-7,97,-46
11:31:01,-5,94,-52
11:31:01,-5,89,-55
11:31:01,-16,95,-58
11:31:01,-1,95,-60
11:31:01,-1,94,-49
11:31:01,-2,93,-50
11:31:01,-8,96,-55
11:31:01,-14,91,-62
11:31:01,-11,96,-55
11:31:01,-3,97,-49
11:31:01,3,91,-48
11:31:01,-15,95,-53
11:31:01,-10,91,-64
11:31:02,-9,91,-62
11:31:02,-3,94,-47
11:31:02,3,95,-52
11:31:02,-10,95,-49
11:31:02,-10,94,-62
11:31:02,-15,94,-58
11:31:02,-4,93,-51
11:31:02,-4,98,-46
11:31:02,2,94,-52
11:31:02,-7,89,-61
11:31:02,-13,92,-58
11:31:02,-6,90,-57
11:31:02,-3,93,-51
11:31:02,-1,99,-51
11:31:02,-7,93,-52
11:31:02,-14,93,-56
11:31:02,-14,94,-57
11:31:02,3,90,-49
11:31:02,-5,99,-46
11:31:02,-2,93,-57
11:31:03,-12,91,-59
11:31:03,-15,90,-53
11:31:03,-4,94,-54
11:31:03,0,96,-53
11:31:03,-7,98,-52
11:31:03,-9,91,-54
11:31:03,-15,92,-58
11:31:03,-14,95,-56
11:31:03,-4,96,-55
11:31:03,-3,95,-45
11:31:03,-6,91,-50
11:31:03,-13,92,-55
11:31:03,-7,91,-61
11:31:03,-8,98,-55
11:31:03,2,96,-46
11:31:03,-2,92,-46
11:31:03,-9,95,-54
11:31:03,-16,94,-62
11:31:03,-8,92,-58
11:31:04,-4,95,-45
11:31:04,-2,94,-48
11:31:04,-8,92,-54
11:31:04,-15,94,-61
11:31:04,-12,90,-60
11:31:04,-2,94,-49
11:31:04,-2,97,-45
11:31:04,-5,94,-58
11:31:04,-15,93,-58
11:31:04,-12,93,-59
11:31:04,-6,91,-49
11:31:04,0,95,-50
11:31:04,-4,95,-53
11:31:04,-12,91,-61
11:31:04,-10,92,-60
11:31:04,-8,91,-52
11:31:04,-3,97,-46
11:31:04,-4,98,-51
11:31:04,-4,94,-57
11:31:04,-14,92,-54
11:31:05,-14,94,-58
11:31:05,-3,95,-48
11:31:05,0,97,-55
11:31:05,-6,97,-51
11:31:05,-5,89,-57
11:31:05,-19,94,-52
11:31:05,-4,95,-53
11:31:05,1,95,-53
11:31:05,-4,96,-50
11:31:05,-7,92,-54
11:31:05,-20,92,-53
11:31:05,-7,92,-59
11:31:05,-7,97,-50
11:31:05,1,95,-51
11:31:05,-9,92,-52
11:31:05,-14,92,-56
11:31:05,-11,94,-57
11:31:05,-2,95,-56
11:31:05,-1,97,-50
11:31:05,0,91,-51
11:31:06,-9,92,-55
11:31:06,-15,92,-60
11:31:06,-7,93,-61
11:31:06,-1,93,-52
11:31:06,-2,96,-46
11:31:06,-10,91,-55
11:31:06,-11,94,-63
11:31:06,-14,94,-61
11:31:06,-1,94,-49
11:31:06,1,96,-43
11:31:06,-10,96,-49
11:31:06,-15,94,-59
11:31:06,-16,96,-61
11:31:06,-8,94,-51
11:31:06,-2,97,-45
11:31:06,-6,95,-48
11:31:06,-7,91,-60
11:31:06,-14,94,-60
11:31:06,-7,93,-57
11:31:06,-5,93,-44
11:31:07,-6,97,-48
11:31:07,-4,95,-59
11:31:07,-10,88,-61
11:31:07,-15,93,-57
11:31:07,-7,93,-45
11:31:07,-4,97,-48
11:31:07,-5,94,-59
11:31:07,-9,90,-59
11:31:07,-11,89,-57
11:31:07,-9,97,-46
11:31:07,3,97,-51
11:31:07,-6,96,-53
11:31:07,-6,92,-62
11:31:07,-12,89,-55
11:31:07,-8,94,-51
11:31:07,2,98,-55
11:31:07,0,94,-48
11:31:07,-5,91,-55
11:31:07,-12,91,-54
11:31:08,-10,91,-57
11:31:08,-1,95,-55
11:31:08,-5,97,-47
11:31:08,-8,94,-47
11:31:08,-7,89,-59
11:31:08,-12,93,-58
11:31:08,-8,93,-57
11:31:08,-4,98,-46
11:31:08,0,94,-48
11:31:08,-7,91,-57
11:31:08,-18,93,-61
11:31:08,-11,94,-62
11:31:08,1,94,-52
11:31:08,0,95,-47
11:31:08,-9,94,-52
11:31:08,-14,92,-61
11:31:08,-13,96,-60
11:31:08,-3,95,-47
11:31:08,-2,97,-41
11:31:08,-3,97,-53
11:31:09,-7,92,-61
11:31:09,-14,91,-57
11:31:09,-7,93,-52
11:31:09,-2,97,-47
11:31:09,-1,94,-53
11:31:09,-10,95,-59
11:31:09,-11,91,-60
11:31:09,-10,92,-56
11:31:09,-4,95,-47
11:31:09,0,94,-48
11:31:09,-11,97,-54
11:31:09,-6,90,-60
11:31:09,-12,91,-56
11:31:09,-6,94,-46
11:31:09,1,98,-51
11:31:09,-2,93,-53
11:31:09,-10,95,-55
11:31:09,-12,90,-53
11:31:09,-7,94,-53
11:31:09,-4,97,-52
11:31:10,-4,96,-51
11:31:10,-12,92,-56
11:31:10,-15,92,-55
11:31:10,-11,93,-54
11:31:10,-2,96,-55
11:31:10,0,97,-48
11:31:10,-7,93,-51
11:31:10,-12,93,-55
11:31:10,-11,92,-57
11:31:10,-4,94,-59
11:31:10,-3,99,-50
11:31:10,-1,91,-48
11:31:10,-9,90,-54
11:31:10,-13,93,-61
11:31:10,-13,91,-61
11:31:10,0,95,-51
11:31:10,-8,95,-37
11:31:10,-3,90,-54
11:31:10,-14,92,-63
11:31:11,-14,95,-60
11:31:11,-3,95,-54
11:31:11,2,97,-48
11:31:11,-5,95,-48
11:31:11,-15,92,-57
11:31:11,-14,95,-65
11:31:11,-12,94,-53
11:31:11,-3,95,-46
11:31:11,-4,96,-47
11:31:11,-7,94,-56
11:31:11,-12,93,-61
11:31:11,-14,94,-52
11:31:11,-1,92,-47
11:31:11,-2,98,-46
11:31:11,-3,95,-56
11:31:11,-13,90,-59
11:31:11,-11,92,-60
11:31:11,-5,92,-48
11:31:11,-3,96,-48
11:31:11,-5,95,-56
11:31:12,-10,91,-57
11:31:12,-14,91,-58
11:31:12,-9,94,-53
11:31:12,0,94,-50
11:31:12,1,95,-50
11:31:12,-10,91,-59
11:31:12,-18,91,-52
11:31:12,-10,94,-54
11:31:12,-1,95,-54
11:31:12,-1,97,-51
11:31:12,-8,96,-53
11:31:12,-8,92,-53
11:31:12,-17,93,-55
11:31:12,-6,97,-55
11:31:12,-2,97,-53
11:31:12,-3,93,-50
11:31:12,-12,92,-54
11:31:12,-15,91,-55
11:31:12,-11,95,-57
11:31:12,-3,96,-54
11:31:13,-1,94,-50
11:31:13,-7,90,-53
11:31:13,-11,91,-59
11:31:13,-16,94,-60
11:31:13,1,95,-54
11:31:13,-2,95,-48
11:31:13,-6,91,-52
11:31:13,-14,93,-60
11:31:13,-14,91,-60
11:31:13,-7,94,-54
11:31:13,1,95,-43
11:31:13,0,92,-51
11:31:13,-9,94,-56
11:31:13,-16,94,-61
11:31:13,-11,94,-54
11:31:13,-3,94,-47
11:31:13,-1,96,-47
11:31:13,-3,95,-57
11:31:13,-7,91,-61
11:31:13,-15,95,-57
11:31:14,-5,94,-49
11:31:14,0,97,-43
11:31:14,1,96,-55
11:31:14,-6,90,-60
11:31:14,-17,90,-62
11:31:14,-7,93,-50
11:31:14,1,94,-54
11:31:14,-6,97,-48
11:31:14,-5,92,-60
11:31:14,-11,91,-59
11:31:14,-10,92,-54
11:31:14,-2,98,-53
11:31:14,-1,97,-49
11:31:14,-4,93,-54
11:31:14,-17,93,-54
11:31:14,-10,92,-53
11:31:14,-6,97,-55
11:31:14,1,95,-53
11:31:14,-1,90,-53
11:31:15,-6,91,-51
11:31:15,-10,91,-57
11:31:15,-6,94,-62
11:31:15,-2,97,-53
11:31:15,0,94,-52
11:31:15,-4,92,-52
11:31:15,-18,93,-58
11:31:15,-9,92,-61
11:31:15,-3,95,-57
11:31:15,1,96,-43
11:31:15,-4,91,-51
11:31:15,-11,91,-60
11:31:15,-11,94,-63
11:31:15,-9,94,-51
11:31:15,4,93,-48
11:31:15,-7,98,-47
11:31:15,-11,93,-59
11:31:15,-8,89,-67
11:31:15,-12,93,-56
11:31:15,1,91,-48
11:31:16,-1,95,-47
11:31:16,-10,95,-53
11:31:16,-10,91,-61
11:31:16,-16,94,-57
11:31:16,0,95,-49
11:31:16,3,94,-46
11:31:16,-7,98,-53
11:31:16,-6,92,-62
11:31:16,-16,90,-60
11:31:16,-9,94,-50
11:31:16,0,95,-49
11:31:16,2,93,-54
11:31:16,-7,91,-58
11:31:16,-11,88,-58
11:31:16,-12,92,-52
11:31:16,-8,97,-53
11:31:16,-1,95,-52
11:31:16,-5,92,-58
11:31:16,-15,94,-53
11:31:16,-11,90,-56
11:31:17,-7,97,-51
11:31:17,2,96,-52
11:31:17,-9,94,-53
11:31:17,-7,90,-51
11:31:17,-18,94,-55
11:31:17,-6,93,-59
11:31:17,-5,98,-50
11:31:17,-1,96,-46
11:31:17,-5,90,-52
11:31:17,-18,95,-58
11:31:17,-16,93,-62
11:31:17,-2,95,-50
11:31:17,2,93,-49
11:31:17,-1,93,-50
11:31:17,-6,91,-60
11:31:17,-18,97,-58
11:31:17,-2,93,-54
11:31:17,2,94,-45
11:31:17,-6,96,-49
11:31:17,-10,92,-62
11:31:18,-15,92,-63
11:31:18,-7,93,-58
11:31:18,0,91,-50
11:31:18,-4,93,-45
11:31:18,-9,96,-52
11:31:18,-10,92,-60
11:31:18,-9,93,-60
11:31:18,-4,93,-49
11:31:18,0,97,-45
11:31:18,-7,96,-51
11:31:18,-8,92,-60
11:31:18,-13,89,-57
11:31:18,-11,94,-47
11:31:18,-3,96,-49
11:31:18,-2,95,-52
11:31:18,-8,92,-56
11:31:18,-15,89,-59
11:31:18,-14,94,-49
11:31:18,-2,98,-54
11:31:19,-1,98,-49
11:31:19,-7,92,-48
11:31:19,-10,93,-56
11:31:19,-13,93,-55
11:31:19,-5,97,-55
11:31:19,-2,97,-52
11:31:19,-1,91,-50
11:31:19,-8,91,-51
11:31:19,-13,93,-58
11:31:19,-8,96,-58
11:31:19,-3,96,-52
11:31:19,0,97,-48
11:31:19,-10,92,-51
11:31:19,-17,96,-60
11:31:19,-10,91,-62
11:31:19,-3,96,-49
11:31:19,0,96,-45
11:31:19,-7,96,-50
11:31:19,-10,92,-58
11:31:19,-15,92,-64
11:31:20,-3,93,-55
11:31:20,0,94,-43
11:31:20,-2,94,-49
11:31:20,-11,94,-59
11:31:20,-12,92,-61
11:31:20,-12,96,-53
11:31:20,1,92,-47
11:31:20,-3,96,-45
11:31:20,-6,95,-58
11:31:20,-11,91,-57
11:31:20,-13,93,-57
11:31:20,1,94,-47
11:31:20,-1,96,-45
11:31:20,-2,97,-53
11:31:20,-13,93,-59
11:31:20,-13,89,-59
11:31:20,-14,96,-53
11:31:20,0,95,-51
11:31:20,-5,96,-52
11:31:20,-8,92,-58
11:31:21,-16,89,-56
11:31:21,-13,95,-55
11:31:21,1,95,-51
11:31:21,2,95,-50
11:31:21,-1,90,-58
11:31:21,-20,92,-55
11:31:21,-13,93,-52
11:31:21,-1,97,-51
11:31:21,-2,97,-51
11:31:21,-9,94,-51
11:31:21,-12,93,-51
11:31:21,-15,92,-56
11:31:21,-12,96,-58
11:31:21,-1,96,-53
11:31:21,-3,91,-45
11:31:21,-3,88,-56
11:31:21,-12,93,-60
11:31:21,-11,92,-61
11:31:21,-3,97,-53
11:31:21,-1,95,-43
11:31:22,-4,92,-51
11:31:22,-15,96,-58
11:31:22,-10,92,-66
11:31:22,-7,96,-50
11:31:22,1,96,-43
11:31:22,-2,93,-44
11:31:22,-10,92,-60
11:31:22,-10,91,-61
11:31:22,-4,91,-54
11:31:22,-4,93,-47
11:31:22,-4,99,-44
11:31:22,-3,92,-59
11:31:22,-14,95,-54
11:31:22,-9,92,-58
11:31:22,-1,92,-49
11:31:22,-4,95,-49
11:31:22,-8,98,-56
11:31:22,-4,89,-60
11:31:22,-12,92,-54
11:31:23,-7,94,-47
11:31:23,1,96,-52
11:31:23,-5,98,-53
11:31:23,-12,93,-57
11:31:23,-14,89,-57
11:31:23,-14,96,-51
11:31:23,1,94,-53
11:31:23,-3,94,-51
11:31:23,-9,93,-54
11:31:23,-13,90,-52
11:31:23,-13,95,-54
11:31:23,-3,98,-53
11:31:23,3,95,-52
11:31:23,-7,96,-51
11:31:23,-10,91,-56
11:31:23,-12,91,-56
11:31:23,-7,97,-59
11:31:23,1,97,-51
11:31:23,-6,93,-45
11:31:23,-7,93,-53
11:31:24,-15,91,-61
11:31:24,-13,93,-59
11:31:24,1,95,-53
11:31:24,2,94,-40
11:31:24,-1,93,-50
11:31:24,-12,94,-64
11:31:24,-13,92,-65
11:31:24,-6,94,-53
11:31:24,0,97,-47
11:31:24,0,90,-52
11:31:24,-13,96,-56
11:31:24,-9,91,-66
11:31:24,-5,90,-57
11:31:24,-2,92,-44
11:31:24,-4,97,-47
11:31:24,-4,91,-60
11:31:24,-15,95,-61
11:31:24,-13,94,-57
11:31:24,2,93,-50
11:31:24,-4,96,-44
11:31:25,-2,96,-56
11:31:25,-12,92,-58
11:31:25,-14,91,-63
11:31:25,-6,94,-47
11:31:25,2,95,-47
11:31:25,-4,99,-52
11:31:25,-9,93,-55
11:31:25,-16,91,-57
11:31:25,-15,96,-51
11:31:25,0,97,-48
11:31:25,0,96,-50
11:31:25,-14,94,-56
11:31:25,-11,91,-57
11:31:25,-12,92,-56
11:31:25,-4,93,-56
11:31:25,-3,97,-51
11:31:25,-2,92,-52
11:31:25,-10,87,-56
11:31:25,-12,92,-55
11:31:25,-6,97,-55
11:31:26,0,96,-53
11:31:26,-6,94,-52
11:31:26,-9,92,-55
11:31:26,-10,93,-57
11:31:26,-11,93,-63
11:31:26,-5,98,-49
11:31:26,1,90,-51
11:31:26,-10,93,-47
11:31:26,-5,92,-57
11:31:26,-15,93,-61
11:31:26,-2,97,-56
11:31:26,3,97,-44
11:31:26,-3,95,-47
11:31:26,-6,92,-62
11:31:26,-20,94,-60
11:31:26,-4,92,-62
11:31:26,0,94,-48
11:31:26,-5,93,-46
11:31:26,-4,89,-60
11:31:27,-17,93,-61
11:31:27,-5,92,-61
11:31:27,-5,94,-45
11:31:27,-4,97,-44
11:31:27,-4,94,-56
11:31:27,-13,92,-57
11:31:27,-13,96,-62
11:31:27,-5,93,-51
11:31:27,0,93,-42
11:31:27,0,93,-53
11:31:27,-9,93,-58
11:31:27,-12,91,-61
11:31:27,-11,92,-52
11:31:27,-3,94,-46
11:31:27,-3,98,-47
11:31:27,-9,97,-60
11:31:27,-11,91,-58
11:31:27,-10,93,-55
11:31:27,-2,96,-47
11:31:27,2,96,-52
11:31:28,-4,95,-55
11:31:28,-11,92,-59
11:31:28,-7,89,-56
11:31:28,-5,97,-52
11:31:28,-4,100,-50
11:31:28,-5,92,-53
11:31:28,-6,92,-56
11:31:28,-12,90,-55
11:31:28,-14,95,-54
11:31:28,-1,97,-56
11:31:28,1,93,-51
11:31:28,-8,91,-49
11:31:28,-10,94,-54
11:31:28,-13,91,-57
11:31:28,-2,96,-57
11:31:28,0,95,-46
11:31:28,-7,92,-45
11:31:28,-14,92,-57
11:31:28,-15,93,-61
11:31:28,-8,95,-56
11:31:29,0,97,-49
11:31:29,-5,94,-43
11:31:29,-7,90,-57
11:31:29,-14,93,-60
11:31:29,-13,93,-61
11:31:29,2,95,-50
11:31:29,2,95,-45
11:31:29,-7,95,-53
11:31:29,-12,93,-60
11:31:29,-10,95,-58
11:31:29,-7,95,-48
11:31:29,1,93,-47
11:31:29,-10,97,-50
11:31:29,-10,92,-60
11:31:29,-12,91,-63
11:31:29,-10,92,-53
11:31:29,0,93,-43
11:31:29,0,97,-49
11:31:29,-8,91,-61
11:31:29,-11,91,-61
11:31:30,-14,91,-52
11:31:30,3,93,-51
11:31:30,-3,98,-44
11:31:30,-6,96,-58
11:31:30,-14,91,-59
11:31:30,-18,96,-57
11:31:30,-4,94,-45
11:31:30,0,97,-48
11:31:30,-2,94,-58
11:31:30,-14,91,-60
11:31:30,-12,89,-53
11:31:30,-6,94,-53
11:31:30,-4,97,-50
11:31:30,-2,97,-51
11:31:30,-3,93,-59
11:31:30,-13,93,-53
11:31:30,-13,93,-58
11:31:30,-6,96,-56
11:31:30,-3,96,-48
11:31:31,-6,93,-49
11:31:31,-9,90,-59
11:31:31,-11,91,-60
11:31:31,-5,96,-56
11:31:31,5,96,-51
11:31:31,-3,92,-46
11:31:31,-9,92,-51
11:31:31,-19,93,-58
11:31:31,-10,94,-57
11:31:31,-6,97,-52
11:31:31,-1,94,-46
11:31:31,-11,91,-52
11:31:31,-15,95,-55
11:31:31,-10,93,-66
11:31:31,-4,96,-53
11:31:31,0,97,-44
11:31:31,-5,94,-47
11:31:31,-11,95,-56
11:31:31,-12,92,-66
11:31:31,-4,90,-56
11:31:32,-2,96,-45
11:31:32,-6,97,-45
11:31:32,-8,92,-58
11:31:32,-15,93,-60
11:31:32,-7,90,-57
11:31:32,-5,94,-47
11:31:32,6,98,-52
11:31:32,-7,95,-56
11:31:32,-15,91,-59
11:31:32,-15,93,-57
11:31:32,-4,96,-47
11:31:32,-1,98,-48
11:31:32,-2,93,-53
11:31:32,-13,89,-58
11:31:32,-10,89,-58
11:31:32,-7,95,-50
11:31:32,3,95,-53
11:31:32,-7,95,-51
11:31:32,-2,92,-57
11:31:32,-14,92,-52
11:31:33,-12,96,-57
11:31:33,-6,99,-55
11:31:33,2,95,-48
11:31:33,-3,94,-53
11:31:33,-14,91,-54
11:31:33,-16,95,-59
11:31:33,-5,96,-56
11:31:33,4,94,-55
11:31:33,-4,97,-46
11:31:33,-9,92,-52
11:31:33,-17,92,-59
11:31:33,-12,95,-60
11:31:33,2,95,-54
11:31:33,1,93,-46
11:31:33,-3,91,-52
11:31:33,-16,96,-56
11:31:33,-14,91,-61
11:31:33,-4,96,-52
11:31:33,-1,96,-42
11:31:34,-8,92,-48
11:31:34,-4,91,-61
11:31:34,-12,92,-61
11:31:34,-9,91,-55
11:31:34,3,95,-46
11:31:34,-2,94,-49
11:31:34,-7,92,-60
11:31:34,-14,91,-61
11:31:34,-16,93,-54
11:31:34,1,91,-50
11:31:34,-3,100,-44
11:31:34,-1,92,-59
11:31:34,-10,92,-61
11:31:34,-14,92,-57
11:31:34,-2,94,-45
11:31:34,4,97,-51
11:31:34,-4,95,-57
11:31:34,-14,89,-59
11:31:34,-16,94,-52
11:31:34,-9,95,-53
11:31:35,1,94,-53
11:31:35,-2,95,-52
11:31:35,-9,92,-55
11:31:35,-11,89,-54
11:31:35,-8,94,-61
11:31:35,-5,98,-54
11:31:35,-3,93,-50
11:31:35,-5,94,-49
11:31:35,-10,91,-53
11:31:35,-13,94,-61
11:31:35,-8,97,-54
11:31:35,0,94,-48
11:31:35,2,91,-48
11:31:35,-15,94,-54
11:31:35,-12,91,-65
11:31:35,-6,93,-58
11:31:35,-5,98,-47
11:31:35,0,93,-45
11:31:35,-11,96,-55
11:31:35,-12,94,-63
11:31:36,-10,92,-60
11:31:36,-6,97,-50
11:31:36,-1,95,-40
11:31:36,-11,96,-47
11:31:36,-6,92,-64
11:31:36,-11,90,-62
11:31:36,-8,93,-49
11:31:36,-3,96,-45
11:31:36,0,94,-51
11:31:36,-8,95,-57
11:31:36,-16,92,-58
11:31:36,-8,91,-55
11:31:36,-6,96,-48
11:31:36,3,96,-48
11:31:36,-7,93,-57
11:31:36,-17,92,-58
11:31:36,-12,92,-55
11:31:36,-3,94,-50
11:31:36,2,97,-52
11:31:36,-6,98,-55
11:31:37,-6,90,-55
11:31:37,-14,91,-51
11:31:37,-8,95,-54
11:31:37,-3,97,-50
11:31:37,-4,94,-49
11:31:37,-5,90,-54
11:31:37,-13,90,-54
11:31:37,-9,95,-63
11:31:37,-1,96,-56
11:31:37,-2,94,-48
11:31:37,-5,94,-46
11:31:37,-8,94,-60
11:31:37,-9,88,-64
11:31:37,-9,95,-53
11:31:37,3,95,-45
11:31:37,5,92,-51
11:31:37,-7,91,-61
11:31:37,-18,94,-66
11:31:37,-12,92,-57
11:31:38,-1,93,-49
11:31:38,2,97,-47
11:31:38,-6,92,-56
11:31:38,-12,91,-58
11:31:38,-10,92,-54
11:31:38,-4,94,-45
11:31:38,2,96,-50
11:31:38,-1,95,-53
11:31:38,-9,91,-59
11:31:38,-19,94,-54
11:31:38,-2,95,-54
11:31:38,0,95,-49
11:31:38,-4,97,-54
11:31:38,-8,93,-58
11:31:38,-16,91,-55
11:31:38,-12,93,-54
11:31:38,-7,95,-53
11:31:38,0,97,-50
11:31:38,-4,93,-54
11:31:38,-10,90,-57
11:31:39,-10,90,-58
11:31:39,-6,97,-56
11:31:39,2,96,-49
11:31:39,-4,92,-47
11:31:39,-8,91,-55
11:31:39,-10,90,-61
11:31:39,-14,96,-57
11:31:39,1,93,-51
11:31:39,-5,95,-47
11:31:39,-11,92,-54
11:31:39,-10,91,-62
11:31:39,-12,95,-60
11:31:39,-3,96,-55
11:31:39,-3,95,-44
11:31:39,-3,93,-52
11:31:39,-16,95,-57
11:31:39,-8,91,-63
11:31:39,-6,94,-54
11:31:39,2,95,-46
11:31:39,-3,94,-48
11:31:40,-6,92,-61
11:31:40,-13,92,-61
11:31:40,-9,93,-55
11:31:40,-3,95,-45
11:31:40,-4,98,-49
11:31:40,-6,94,-58
11:31:40,-19,94,-57
11:31:40,-10,91,-57
11:31:40,-3,94,-49
11:31:40,-3,98,-46
11:31:40,-6,95,-57
11:31:40,-9,90,-54
11:31:40,-13,92,-60
11:31:40,-4,97,-51
11:31:40,-1,96,-55
11:31:40,-6,97,-51
11:31:40,-9,90,-52
11:31:40,-16,92,-52
11:31:40,-10,94,-57
11:31:40,-3,94,-56
11:31:41,-3,95,-48
11:31:41,-2,91,-51
11:31:41,-14,93,-53
11:31:41,-14,93,-55
11:31:41,-3,97,-57
11:31:41,2,95,-48
11:31:41,-2,93,-52
11:31:41,-12,94,-57
11:31:41,-14,90,-61
11:31:41,-13,97,-57
11:31:41,-2,97,-51
11:31:41,-1,92,-45
11:31:41,-7,92,-52
11:31:41,-16,94,-58
11:31:41,-9,92,-61
11:31:41,-3,97,-47
11:31:41,-1,96,-49
11:31:41,-11,96,-48
11:31:41,-12,94,-62
11:31:42,-9,92,-62
11:31:42,-7,94,-49
11:31:42,-1,95,-44
11:31:42,-2,93,-50
11:31:42,-9,92,-58
11:31:42,-15,94,-62
11:31:42,-8,90,-55
11:31:42,1,93,-45
11:31:42,1,96,-46
11:31:42,-5,93,-59
11:31:42,-15,91,-59
11:31:42,-13,92,-54
11:31:42,-1,92,-50
11:31:42,-1,98,-48
11:31:42,-2,94,-57
11:31:42,-11,91,-58
11:31:42,-13,91,-55
11:31:42,-2,95,-55
11:31:42,-2,96,-52
11:31:42,0,95,-54
11:31:43,-6,91,-57
11:31:43,-11,89,-57
11:31:43,-13,93,-59
11:31:43,-8,97,-52
11:31:43,1,94,-53
11:31:43,-10,93,-48
11:31:43,-13,89,-55
11:31:43,-7,92,-62
11:31:43,-5,98,-55
11:31:43,2,95,-48
11:31:43,-3,94,-45
11:31:43,-14,94,-57
11:31:43,-17,93,-62
11:31:43,-8,93,-62
11:31:43,-5,96,-47
11:31:43,-4,94,-45
11:31:43,-6,93,-53
11:31:43,-14,94,-59
11:31:43,-11,92,-58
11:31:43,-2,96,-46
11:31:44,-2,96,-44
11:31:44,-9,95,-50
11:31:44,-11,94,-60
11:31:44,-8,90,-63
11:31:44,-10,96,-50
11:31:44,2,93,-48
11:31:44,-5,95,-45
11:31:44,-11,94,-59
11:31:44,-9,89,-67
11:31:44,-14,92,-51
11:31:44,2,92,-47
11:31:44,-3,99,-49
11:31:44,-5,93,-56
11:31:44,-14,92,-59
11:31:44,-11,93,-57
11:31:44,-5,94,-45
11:31:44,-3,101,-45
11:31:44,-5,97,-54
11:31:44,-10,92,-56
11:31:45,-11,92,-58
11:31:45,-5,93,-47
11:31:45,-7,99,-48
11:31:45,1,93,-59
11:31:45,-9,93,-58
11:31:45,-11,90,-59
11:31:45,-8,94,-55
11:31:45,-6,97,-52
11:31:45,-5,96,-51
11:31:45,-4,93,-57
11:31:45,-10,87,-57
11:31:45,-18,94,-56
11:31:45,-3,97,-56
11:31:45,-1,94,-47
11:31:45,0,91,-51
11:31:45,-13,91,-51
11:31:45,-14,93,-57
11:31:45,-6,97,-62
11:31:45,2,96,-46
11:31:45,-1,93,-44
11:31:46,-10,93,-54
11:31:46,-14,91,-61
11:31:46,-10,94,-63
11:31:46,-1,94,-50
11:31:46,-5,95,-46
11:31:46,-5,94,-51
11:31:46,-11,92,-60
11:31:46,-13,93,-63
11:31:46,1,98,-54
11:31:46,5,94,-49
11:31:46,1,92,-49
11:31:46,-13,96,-55
11:31:46,-9,92,-61
11:31:46,-12,95,-56
11:31:46,-2,96,-48
11:31:46,-5,92,-44
11:31:46,-6,93,-58
11:31:46,-9,93,-62
11:31:46,-17,91,-54
11:31:46,1,91,-46
11:31:47,-4,98,-46
11:31:47,-2,94,-60
11:31:47,-17,93,-53
11:31:47,-11,91,-61
11:31:47,-8,94,-48
11:31:47,-2,98,-49
11:31:47,-6,94,-55
11:31:47,-8,89,-58
11:31:47,-16,94,-57
11:31:47,-5,92,-55
11:31:47,1,97,-50
11:31:47,-3,98,-50
11:31:47,-8,94,-58
11:31:47,-10,88,-56
11:31:47,-16,96,-53
11:31:47,-7,97,-51
11:31:47,-1,95,-54
11:31:47,1,93,-54
11:31:47,-11,90,-56
11:31:47,-16,92,-54
11:31:48,-7,96,-54
11:31:48,0,96,-49
11:31:48,-1,95,-46
11:31:48,-12,92,-52
11:31:48,-12,90,-60
11:31:48,-14,98,-54
11:31:48,2,94,-54
11:31:48,-3,93,-49
11:31:48,-6,92,-51
11:31:48,-13,94,-54
11:31:48,-13,93,-62
11:31:48,-1,95,-58
11:31:48,0,96,-43
11:31:48,-2,93,-48
11:31:48,-11,92,-55
11:31:48,-12,95,-59
11:31:48,-7,95,-59
11:31:48,-6,99,-50
11:31:48,-1,90,-43
11:31:49,-7,94,-58
11:31:49,-16,93,-62
11:31:49,-10,91,-60
11:31:49,0,95,-50
11:31:49,-3,97,-41
11:31:49,-6,93,-55
11:31:49,-8,93,-65
11:31:49,-15,94,-61
11:31:49,-1,92,-47
11:31:49,-3,98,-48
11:31:49,-4,96,-52
11:31:49,-10,89,-64
11:31:49,-13,92,-56
11:31:49,-5,91,-51
11:31:49,0,93,-54
11:31:49,-4,98,-52
11:31:49,-7,92,-58
11:31:49,-14,90,-57
11:31:49,-8,94,-54
11:31:49,-3,95,-52
11:31:50,-1,97,-51
11:31:50,1,92,-54
11:31:50,-15,91,-56
11:31:50,-12,93,-55
11:31:50,-9,96,-54
11:31:50,3,95,-52
11:31:50,-4,93,-45
11:31:50,-5,91,-56
11:31:50,-18,91,-55
11:31:50,-12,96,-56
11:31:50,3,96,-54
11:31:50,-1,93,-48
11:31:50,-13,95,-48
11:31:50,-11,92,-59
11:31:50,-16,95,-57
11:31:50,2,96,-54
11:31:50,1,93,-50
11:31:50,-7,90,-47
11:31:50,-8,93,-57
11:31:50,-8,91,-64
11:31:51,-10,97,-54
11:31:51,-7,97,-46
11:31:51,-6,95,-44
11:31:51,-7,90,-56
11:31:51,-11,93,-64
11:31:51,-13,92,-60
11:31:51,-4,95,-48
11:31:51,4,94,-46
11:31:51,-7,94,-53
11:31:51,-8,91,-62
11:31:51,-15,93,-57
11:31:51,-3,93,-48
11:31:51,4,95,-47
11:31:51,-9,96,-50
11:31:51,-7,90,-60
11:31:51,-16,93,-55
11:31:51,-5,92,-49
11:31:51,0,96,-48
11:31:51,-2,93,-55
11:31:51,-9,95,-57
11:31:52,-15,90,-59
11:31:52,-10,94,-53
11:31:52,-4,97,-52
11:31:52,1,95,-53
11:31:52,-8,96,-52
11:31:52,-6,90,-54
11:31:52,-14,92,-53
11:31:52,-6,95,-56
11:31:52,0,98,-51
11:31:52,-1,92,-48
11:31:52,-7,94,-51
11:31:52,-10,92,-64
11:31:52,-13,95,-57
11:31:52,-3,99,-47
11:31:52,-5,94,-45
11:31:52,-8,94,-54
11:31:52,-9,93,-59
11:31:52,-16,95,-58
11:31:52,-6,95,-50
11:31:53,1,97,-45
11:31:53,-4,94,-52
11:31:53,-9,92,-62
11:31:53,-14,94,-61
11:31:53,-7,93,-51
11:31:53,-1,94,-42
11:31:53,-4,97,-48
11:31:53,-3,91,-60
11:31:53,-14,91,-56
11:31:53,-9,92,-57
11:31:53,-4,94,-48
11:31:53,1,95,-52
11:31:53,-4,94,-58
11:31:53,-9,89,-59
11:31:53,-16,90,-57
11:31:53,-3,97,-50
11:31:53,1,96,-51
11:31:53,1,93,-55
11:31:53,-9,92,-52
11:31:53,-16,87,-54
11:31:54,-9,94,-52
11:31:54,0,97,-53
11:31:54,-6,97,-50
11:31:54,-8,88,-59
11:31:54,-18,93,-52
11:31:54,-7,92,-55
11:31:54,0,95,-58
11:31:54,-2,95,-50
11:31:54,-2,91,-47
11:31:54,-9,91,-53
11:31:54,-11,95,-62
11:31:54,-7,95,-58
11:31:54,0,94,-48
11:31:54,-2,96,-46
11:31:54,-9,90,-55
11:31:54,-16,94,-60
11:31:54,-15,94,-58
11:31:54,-1,94,-52
11:31:54,-1,95,-43
11:31:54,-5,92,-54
11:31:55,-16,93,-58
11:31:55,-15,94,-61
11:31:55,0,94,-51
11:31:55,0,92,-45
11:31:55,-6,96,-49
11:31:55,-9,93,-61
11:31:55,-11,93,-61
11:31:55,-8,94,-54
11:31:55,0,94,-47
11:31:55,-2,94,-50
11:31:55,-10,95,-59
11:31:55,-10,89,-61
11:31:55,-8,90,-54
11:31:55,-8,98,-48
11:31:55,0,96,-49
11:31:55,-8,96,-59
11:31:55,-11,92,-57
11:31:55,-16,93,-52
11:31:55,-7,96,-53
11:31:55,2,98,-49
11:31:56,-3,95,-52
11:31:56,-11,92,-55
11:31:56,-12,89,-59
11:31:56,-8,93,-54
11:31:56,1,97,-55
11:31:56,0,96,-50
11:31:56,-11,92,-53
11:31:56,-11,92,-53
11:31:56,-11,92,-58
11:31:56,-4,98,-56
11:31:56,-2,96,-55
11:31:56,-3,89,-51
11:31:56,-9,92,-56
11:31:56,-12,93,-58
11:31:56,0,94,-58
11:31:56,2,93,-49
11:31:56,-4,96,-46
11:31:56,-5,92,-58
11:31:56,-17,95,-60
11:31:57,-8,94,-62
11:31:57,-2,93,-48
11:31:57,1,94,-41
11:31:57,-3,93,-57
11:31:57,-12,93,-62
11:31:57,-13,94,-61
11:31:57,0,93,-49
11:31:57,-2,96,-38
11:31:57,-8,96,-53
11:31:57,-9,94,-62
11:31:57,-14,92,-57
11:31:57,-7,93,-50
11:31:57,-3,94,-48
11:31:57,-2,93,-55
11:31:57,-7,91,-61
11:31:57,-15,91,-52
11:31:57,-10,91,-50
11:31:57,-5,97,-52
11:31:57,0,98,-50
11:31:57,-2,91,-57
11:31:58,-13,96,-54
11:31:58,-10,91,-56
11:31:58,-11,99,-51
11:31:58,-1,97,-52
11:31:58,1,93,-54
11:31:58,-8,91,-56
11:31:58,-11,88,-53
11:31:58,-12,95,-51
11:31:58,7,99,-53
11:31:58,-3,96,-46
11:31:58,-10,90,-52
11:31:58,-19,95,-56
11:31:58,-9,93,-59
11:31:58,-2,96,-54
11:31:58,-6,97,-45
11:31:58,-7,91,-50
11:31:58,-11,91,-58
11:31:58,-11,92,-63
11:31:58,-5,95,-54
11:31:58,-2,93,-44
11:31:59,-6,96,-44
11:31:59,-10,92,-55
11:31:59,-15,95,-61
11:31:59,-6,92,-60
11:31:59,-6,94,-49
11:31:59,-4,94,-47
11:31:59,-3,93,-58
11:31:59,-11,91,-62
11:31:59,-18,96,-58
11:31:59,1,93,-48
11:31:59,1,95,-44
11:31:59,-1,95,-57
11:31:59,-11,95,-61
11:31:59,-15,93,-57
11:31:59,-2,94,-51
11:31:59,0,95,-47
11:31:59,-3,96,-55
11:31:59,-6,91,-59
11:31:59,-17,91,-56
11:31:59,-9,93,-51
11:32:00,1,98,-48
11:32:00,3,95,-53
11:32:00,-10,94,-51
11:32:00,-8,92,-59
11:32:00,-13,90,-55
11:32:00,-11,99,-53
11:32:00,3,95,-54
11:32:00,-8,94,-52
11:32:00,-11,92,-57
11:32:00,-13,90,-57
11:32:00,-12,95,-52
11:32:00,-1,98,-53
11:32:00,0,94,-51
11:32:00,-8,91,-51
11:32:00,-14,90,-56
11:32:00,-14,94,-54
11:32:00,-2,99,-54
11:32:00,2,97,-50
11:32:00,-8,92,-46
11:32:01,-15,94,-60
11:32:01,-15,95,-63
11:32:01,-3,96,-52
11:32:01,0,95,-49
11:32:01,-5,93,-47
11:32:01,-6,92,-61
11:32:01,-9,94,-60
11:32:01,-8,92,-57
11:32:01,-3,95,-42
11:32:01,-4,96,-47
11:32:01,-6,94,-62
11:32:01,-16,93,-59
11:32:01,-16,93,-62
11:32:01,-5,94,-46
11:32:01,2,94,-45
11:32:01,-6,98,-52
11:32:01,-8,90,-64
11:32:01,-15,91,-57
11:32:01,-7,96,-48
11:32:01,-1,97,-50
11:32:02,-7,96,-54
11:32:02,-7,91,-58
11:32:02,-17,91,-55
11:32:02,-12,93,-54
11:32:02,-3,96,-54
11:32:02,-2,93,-51
11:32:02,-6,93,-54
11:32:02,-7,90,-59
11:32:02,-10,93,-50
11:32:02,-10,98,-51
11:32:02,0,98,-52
11:32:02,-3,94,-51
11:32:02,-10,93,-52
11:32:02,-17,92,-56
11:32:02,-9,94,-57
11:32:02,0,96,-53
11:32:02,2,93,-48
11:32:02,-13,91,-51
11:32:02,-12,91,-57
11:32:02,-11,92,-58
11:32:03,-3,95,-54
11:32:03,-3,97,-47
11:32:03,-5,89,-52
11:32:03,-17,95,-58
11:32:03,-12,96,-62
11:32:03,-4,96,-54
11:32:03,-1,96,-44
11:32:03,-5,93,-46
11:32:03,-1,90,-60
11:32:03,-15,95,-61
11:32:03,-9,91,-58
11:32:03,-2,94,-47
11:32:03,-5,97,-48
11:32:03,-3,92,-58
11:32:03,-15,94,-59
11:32:03,-12,93,-60
11:32:03,-2,93,-46
11:32:03,1,95,-47
11:32:03,-6,96,-55
11:32:03,-8,89,-58
11:32:04,-13,92,-56
11:32:04,-5,94,-50
11:32:04,1,96,-49
11:32:04,-5,97,-52
11:32:04,-8,93,-58
11:32:04,-16,89,-58
11:32:04,-8,94,-52
11:32:04,-7,98,-50
11:32:04,-5,93,-52
11:32:04,-6,92,-54
11:32:04,-11,91,-54
11:32:04,-10,89,-58
11:32:04,-2,97,-52
11:32:04,-1,96,-52
11:32:04,-1,92,-52
11:32:04,-14,93,-52
11:32:04,-15,93,-56
11:32:04,-9,94,-58
11:32:04,-1,96,-49
11:32:05,-2,93,-46
11:32:05,-6,90,-55
11:32:05,-13,92,-58
11:32:05,-10,95,-61
11:32:05,-1,95,-49
11:32:05,2,96,-43
11:32:05,-7,95,-48
11:32:05,-9,92,-61
11:32:05,-17,95,-62
11:32:05,1,91,-55
11:32:05,-7,96,-44
11:32:05,-5,93,-51
11:32:05,-5,92,-60
11:32:05,-17,91,-59
11:32:05,-14,93,-53
11:32:05,-5,94,-46
11:32:05,3,97,-51
11:32:05,-9,95,-56
11:32:05,-7,90,-60
11:32:05,-20,94,-52
11:32:06,-5,96,-50
11:32:06,-3,97,-48
11:32:06,-5,93,-52
11:32:06,-8,92,-55
11:32:06,-15,90,-54
11:32:06,-4,97,-52
11:32:06,5,99,-49
11:32:06,-5,92,-51
11:32:06,-10,92,-57
11:32:06,-12,89,-56
11:32:06,-11,96,-58
11:32:06,-2,96,-53
11:32:06,-2,94,-51
11:32:06,-10,91,-52
11:32:06,-13,91,-52
11:32:06,-12,93,-58
11:32:06,-3,95,-57
11:32:06,1,95,-49
11:32:06,1,90,-50
11:32:06,-14,92,-56
11:32:07,-14,92,-59
11:32:07,-11,97,-58
11:32:07,0,99,-51
11:32:07,-3,93,-46
11:32:07,-5,91,-53
11:32:07,-16,93,-61
11:32:07,-11,91,-62
11:32:07,-6,95,-47
11:32:07,6,96,-45
11:32:07,-3,93,-55
11:32:07,-11,95,-59
11:32:07,-11,91,-63
11:32:07,-3,93,-53
11:32:07,-4,97,-44
11:32:07,-5,94,-50
11:32:07,-13,95,-58
11:32:07,-10,92,-62
11:32:07,-9,90,-51
11:32:07,-4,94,-45
11:32:08,0,95,-50
11:32:08,-5,90,-60
11:32:08,-12,89,-63
11:32:08,-16,92,-54
11:32:08,-4,96,-44
11:32:08,1,96,-50
11:32:08,-1,95,-54
11:32:08,-14,91,-57
11:32:08,-13,92,-59
11:32:08,-8,96,-51
11:32:08,-1,98,-47
11:32:08,-1,94,-55
11:32:08,-11,90,-57
11:32:08,-13,92,-55
11:32:08,-5,94,-55
11:32:08,1,97,-56
11:32:08,-3,97,-48
11:32:08,-8,94,-51
11:32:08,-14,93,-55
11:32:08,-14,97,-59
11:32:09,-3,97,-55
11:32:09,-1,94,-49
11:32:09,-4,92,-44
11:32:09,-8,93,-55
11:32:09,-12,91,-57
11:32:09,-13,98,-53
11:32:09,-2,95,-47
11:32:09,0,91,-48
11:32:09,-14,95,-51
11:32:09,-12,90,-59
11:32:09,-17,98,-56
11:32:09,0,95,-50
11:32:09,-2,92,-44
11:32:09,-4,93,-52
11:32:09,-16,94,-63
11:32:09,-11,93,-64
11:32:09,-5,95,-49
11:32:09,1,95,-46
11:32:09,-10,94,-45
11:32:09,-12,94,-60
11:32:10,-9,92,-62
11:32:10,-6,92,-53
11:32:10,-1,96,-44
11:32:10,-4,97,-52
11:32:10,-10,93,-57
11:32:10,-12,93,-60
11:32:10,-17,92,-55
11:32:10,-2,94,-50
11:32:10,-3,99,-43
11:32:10,-1,93,-57
11:32:10,-10,92,-57
11:32:10,-14,91,-57
11:32:10,-3,92,-46
11:32:10,-3,99,-56
11:32:10,-3,94,-53
11:32:10,-14,90,-56
11:32:10,-13,92,-59
11:32:10,-11,91,-53
11:32:10,-3,96,-54
11:32:10,1,96,-54
11:32:11,-11,90,-53
11:32:11,-9,90,-58
11:32:11,-13,94,-57
11:32:11,-1,93,-54
11:32:11,-2,98,-50
11:32:11,-2,94,-52
11:32:11,-12,90,-51
11:32:11,-16,95,-60
11:32:11,-5,96,-56
11:32:11,-6,95,-47
11:32:11,-4,94,-48
11:32:11,-5,89,-57
11:32:11,-15,92,-61
11:32:11,-7,94,-64
11:32:11,-3,92,-50
11:32:11,2,94,-46
11:32:11,-8,95,-54
11:32:11,-13,92,-61
11:32:11,-14,94,-61
11:32:12,-2,95,-49
11:32:12,-2,93,-42
11:32:12,-4,93,-52
11:32:12,-11,92,-61
11:32:12,-13,90,-67
11:32:12,-5,94,-51
11:32:12,-1,94,-49
11:32:12,-2,95,-49
11:32:12,-10,94,-59
11:32:12,-14,91,-60
11:32:12,-10,94,-53
11:32:12,1,95,-48
11:32:12,-3,98,-53
11:32:12,-2,94,-57
11:32:12,-13,92,-59
11:32:12,-11,90,-52
11:32:12,-8,96,-46
11:32:12,1,98,-48
11:32:12,-3,94,-54
11:32:12,-3,91,-56
11:32:13,-16,92,-55
11:32:13,-12,95,-48
11:32:13,-2,99,-55
11:32:13,-2,95,-53
11:32:13,-13,94,-53
11:32:13,-15,91,-60
11:32:13,-12,93,-54
11:32:13,-3,96,-55
11:32:13,-3,98,-53
11:32:13,-5,90,-51
11:32:13,-12,92,-56
11:32:13,-9,93,-57
11:32:13,-9,96,-56
11:32:13,-1,98,-52
11:32:13,0,94,-49
11:32:13,-10,92,-51
11:32:13,-16,93,-61
11:32:13,-12,95,-62
11:32:13,0,94,-52
11:32:13,-4,97,-39
11:32:14,-7,89,-54
11:32:14,-15,92,-62
11:32:14,-13,94,-62
11:32:14,-4,94,-47
11:32:14,3,95,-42
11:32:14,-5,95,-50
11:32:14,-12,92,-55
11:32:14,-14,95,-60
11:32:14,-6,94,-55
11:32:14,0,92,-44
11:32:14,-3,95,-49
11:32:14,-8,91,-60
11:32:14,-13,90,-61
11:32:14,-5,91,-56
11:32:14,-5,94,-47
11:32:14,-4,97,-46
11:32:14,-8,96,-56
11:32:14,-9,92,-61
11:32:14,-14,90,-57
11:32:14,-7,95,-49
11:32:15,2,95,-49
11:32:15,-5,95,-57
11:32:15,-3,89,-58
11:32:15,-13,89,-57
11:32:15,-9,93,-50
11:32:15,-5,99,-49
11:32:15,2,97,-56
11:32:15,-8,90,-56
11:32:15,-16,94,-56
11:32:15,-9,92,-59
11:32:15,0,95,-56
11:32:15,-4,97,-50
11:32:15,-4,92,-51
11:32:15,-8,92,-53
11:32:15,-14,95,-61
11:32:15,-3,96,-58
11:32:15,-2,94,-51
11:32:15,-8,94,-47
11:32:15,-10,91,-55
11:32:16,-12,91,-64
11:32:16,-11,94,-60
11:32:16,-3,93,-47
11:32:16,-5,94,-41
11:32:16,-5,92,-54
11:32:16,-16,94,-56
11:32:16,-13,93,-63
11:32:16,1,93,-50
11:32:16,-3,95,-40
11:32:16,-6,94,-52
11:32:16,-10,94,-60
11:32:16,-12,90,-62
11:32:16,-8,97,-49
11:32:16,0,94,-43
11:32:16,-3,96,-48
11:32:16,-6,93,-60
11:32:16,-13,92,-59
11:32:16,-8,89,-56
11:32:16,-7,98,-47
11:32:16,1,95,-49
11:32:17,-9,93,-55
11:32:17,-11,94,-61
11:32:17,-11,90,-55
11:32:17,-12,97,-48
11:32:17,-1,98,-50
11:32:17,-4,95,-54
11:32:17,-12,90,-58
11:32:17,-11,90,-59
11:32:17,-8,91,-49
11:32:17,-1,99,-51
11:32:17,0,98,-49
11:32:17,-7,89,-52
11:32:17,-17,92,-54
11:32:17,-13,93,-52
11:32:17,-1,96,-55
11:32:17,-1,97,-51
11:32:17,-3,91,-51
11:32:17,-15,93,-50
11:32:17,-7,93,-57
11:32:17,1,96,-56
11:32:18,-2,96,-50
11:32:18,-1,94,-49
11:32:18,-3,89,-58
11:32:18,-20,94,-59
11:32:18,-11,96,-60
11:32:18,-2,94,-52
11:32:18,-3,96,-40
11:32:18,-9,94,-53
11:32:18,-13,90,-66
11:32:18,-12,94,-59
11:32:18,-1,92,-50
11:32:18,2,96,-39
11:32:18,-3,96,-50
11:32:18,-9,94,-61
11:32:18,-11,94,-59
11:32:18,-5,96,-51
11:32:18,3,95,-44
11:32:18,1,93,-50
11:32:18,-12,93,-56
11:32:19,-12,90,-64
11:32:19,-9,90,-51
11:32:19,-6,97,-46
11:32:19,1,96,-48
11:32:19,-4,94,-57
11:32:19,-10,93,-60
11:32:19,-10,90,-53
11:32:19,-8,98,-48
11:32:19,2,97,-49
11:32:19,-7,94,-52
11:32:19,-6,89,-60
11:32:19,-14,91,-51
11:32:19,-8,93,-52
11:32:19,-2,96,-50
11:32:19,0,96,-51
11:32:19,-4,89,-59
11:32:19,-19,93,-56
11:32:19,-9,94,-58
11:32:19,-2,94,-53
11:32:19,-4,97,-47
11:32:20,-5,92,-52
11:32:20,-13,90,-53
11:32:20,-13,94,-60
11:32:20,-2,95,-56
11:32:20,-5,96,-48
11:32:20,-1,94,-49
11:32:20,-10,91,-57
11:32:20,-19,95,-62
11:32:20,-8,95,-58
11:32:20,-2,94,-51
11:32:20,-9,98,-45
11:32:20,-6,92,-57
11:32:20,-10,90,-64
11:32:20,-10,95,-60
11:32:20,-6,95,-48
11:32:20,3,93,-43
11:32:20,-5,96,-51
11:32:20,-8,92,-62
11:32:20,-14,90,-61
11:32:20,-8,94,-47
11:32:21,0,95,-46
11:32:21,-4,92,-53
11:32:21,-10,93,-60
11:32:21,-10,88,-64
11:32:21,-11,90,-50
11:32:21,-3,96,-45
11:32:21,-3,95,-52
11:32:21,-3,91,-57
11:32:21,-12,91,-57
11:32:21,-14,93,-51
11:32:21,-5,96,-52
11:32:21,1,99,-47
11:32:21,-6,93,-52
11:32:21,-9,92,-54
11:32:21,-12,91,-57
11:32:21,-10,94,-50
11:32:21,3,97,-51
11:32:21,1,95,-53
11:32:21,-5,90,-54
11:32:21,-17,94,-54
11:32:22,-11,93,-54
11:32:22,1,94,-57
11:32:22,-5,97,-47
11:32:22,-6,91,-50
11:32:22,-14,92,-60
11:32:22,-14,95,-61
11:32:22,-3,92,-55
11:32:22,-2,93,-47
11:32:22,-3,95,-48
11:32:22,-6,92,-59
11:32:22,-13,91,-60
11:32:22,-3,93,-58
11:32:22,-2,94,-46
11:32:22,-4,94,-48
11:32:22,-10,95,-56
11:32:22,-11,92,-60
11:32:22,-14,94,-60
11:32:22,-9,94,-47
11:32:22,7,94,-43
11:32:23,-5,97,-55
11:32:23,-8,90,-61
11:32:23,-14,94,-58
11:32:23,-6,96,-48
11:32:23,0,97,-45
11:32:23,-4,97,-50
11:32:23,-9,92,-59
11:32:23,-15,92,-55
11:32:23,-11,94,-50
11:32:23,-5,98,-55
11:32:23,-5,96,-51
11:32:23,-5,91,-56
11:32:23,-13,91,-54
11:32:23,-12,92,-59
11:32:23,-3,96,-52
11:32:23,-4,98,-51
11:32:23,-1,90,-54
11:32:23,-9,92,-53
11:32:23,-16,92,-54
11:32:23,-9,95,-56
11:32:24,-4,97,-51
11:32:24,-1,96,-47
11:32:24,-3,89,-56
11:32:24,-12,93,-59
11:32:24,-13,94,-59
11:32:24,-1,94,-55
11:32:24,-2,96,-43
11:32:24,-7,92,-50
11:32:24,-11,92,-58
11:32:24,-13,96,-61
11:32:24,-4,95,-53
11:32:24,-3,93,-44
11:32:24,-3,95,-45
11:32:24,-13,93,-57
11:32:24,-15,93,-62
11:32:24,-10,93,-56
11:32:24,-1,95,-49
11:32:24,-4,98,-45
11:32:24,-5,96,-55
11:32:24,-10,92,-60
11:32:25,-13,93,-59
11:32:25,-8,96,-45
11:32:25,-3,98,-44
11:32:25,-3,94,-55
11:32:25,-13,90,-57
11:32:25,-13,91,-55
11:32:25,-6,94,-47
11:32:25,7,92,-54
11:32:25,0,96,-52
11:32:25,-8,92,-61
11:32:25,-17,92,-52
11:32:25,-8,93,-51
11:32:25,-3,96,-48
11:32:25,-5,95,-49
11:32:25,-6,90,-58
11:32:25,-11,91,-53
11:32:25,-10,90,-55
11:32:25,0,95,-52
11:32:25,3,97,-52
11:32:25,-4,93,-51
11:32:26,-10,91,-56
11:32:26,-15,93,-56
11:32:26,-5,94,-55
11:32:26,-4,98,-50
11:32:26,1,91,-52
11:32:26,-9,90,-52
11:32:26,-13,92,-60
11:32:26,-9,91,-65
11:32:26,0,96,-52
11:32:26,-5,97,-43
11:32:26,-4,95,-49
11:32:26,-13,93,-59
11:32:26,-18,97,-60
11:32:26,-6,95,-48
11:32:26,4,91,-49
11:32:26,-6,96,-45
11:32:26,-10,91,-58
11:32:26,-13,91,-63
11:32:26,-8,96,-54
11:32:27,-1,92,-50
11:32:27,-2,93,-50
11:32:27,-8,94,-56
11:32:27,-11,92,-61
11:32:27,-11,93,-54
11:32:27,-11,96,-44
11:32:27,0,95,-44
11:32:27,-6,96,-58
11:32:27,-11,91,-59
11:32:27,-13,92,-56
11:32:27,-3,93,-51
11:32:27,4,96,-47
11:32:27,-1,94,-56
11:32:27,-10,92,-60
11:32:27,-15,92,-62
11:32:27,-5,93,-54
11:32:27,-3,98,-50
11:32:27,-3,96,-46
11:32:27,-10,95,-59
11:32:27,-12,92,-58
11:32:28,-9,93,-53
11:32:28,-6,99,-51
11:32:28,-1,97,-52
11:32:28,-3,93,-53
11:32:28,-10,92,-57
11:32:28,-10,89,-58
11:32:28,-7,96,-55
11:32:28,2,96,-56
11:32:28,-4,94,-45
11:32:28,-6,91,-56
11:32:28,-21,93,-57
11:32:28,-7,90,-60
11:32:28,-7,95,-49
11:32:28,-4,97,-47
11:32:28,-2,89,-56
11:32:28,-17,92,-57
11:32:28,-6,94,-65
11:32:28,-7,94,-50
11:32:28,-1,96,-42
11:32:28,-6,94,-51
11:32:29,-15,93,-56
11:32:29,-16,95,-63
11:32:29,-6,92,-52
11:32:29,0,92,-45
11:32:29,-7,96,-45
11:32:29,-1,92,-60
11:32:29,-15,94,-57
11:32:29,-6,92,-57
11:32:29,-5,94,-51
11:32:29,1,94,-48
11:32:29,-7,95,-55
11:32:29,-8,91,-60
11:32:29,-13,89,-53
11:32:29,-7,94,-53
11:32:29,-2,100,-46
11:32:29,-7,96,-53
11:32:29,-5,91,-59
11:32:29,-15,91,-54
11:32:29,-8,94,-56
11:32:29,-2,97,-54
11:32:30,-6,96,-54
11:32:30,-10,91,-56
11:32:30,-17,90,-57
11:32:30,-11,94,-56
11:32:30,0,96,-54
11:32:30,3,95,-50
11:32:30,-4,90,-54
11:32:30,-8,92,-55
11:32:30,-12,92,-61
11:32:30,-6,95,-58
11:32:30,0,96,-50
11:32:30,-3,93,-45
11:32:30,-8,90,-54
11:32:30,-14,94,-61
11:32:30,-8,92,-64
11:32:30,0,92,-51
11:32:30,-3,95,-41
11:32:30,-4,92,-53
11:32:30,-14,92,-61
11:32:31,-10,94,-65
11:32:31,-3,92,-50
11:32:31,-2,96,-44
11:32:31,-5,97,-52
11:32:31,-10,91,-60
11:32:31,-13,94,-62
11:32:31,-10,93,-54
11:32:31,-3,93,-45
11:32:31,-4,97,-53
11:32:31,-9,94,-59
11:32:31,-11,89,-63
11:32:31,-14,94,-50
11:32:31,3,95,-48
11:32:31,-2,96,-50
11:32:31,-4,94,-58
11:32:31,-14,91,-52
11:32:31,-11,91,-57
11:32:31,-8,95,-50
11:32:31,5,96,-49
11:32:31,-2,94,-54
11:32:32,-8,93,-56
11:32:32,-15,88,-56
11:32:32,-11,92,-53
11:32:32,6,96,-57
11:32:32,-7,98,-50
11:32:32,-10,93,-57
11:32:32,-16,93,-53
11:32:32,-12,94,-56
11:32:32,-8,98,-52
11:32:32,-4,97,-52
11:32:32,-7,90,-51
11:32:32,-11,91,-52
11:32:32,-15,92,-57
11:32:32,-5,98,-56
11:32:32,-4,98,-49
11:32:32,-3,92,-50
11:32:32,-10,91,-54
11:32:32,-15,94,-59
11:32:32,-11,94,-59
11:32:32,-7,99,-49
11:32:33,0,93,-47
11:32:33,-12,92,-50
11:32:33,-11,94,-60
11:32:33,-14,95,-57
11:32:33,-2,96,-52
11:32:33,1,96,-43
11:32:33,-3,93,-46
11:32:33,-8,90,-59
11:32:33,-18,94,-58
11:32:33,-2,95,-56
11:32:33,-5,95,-47
11:32:33,-9,98,-50
11:32:33,-12,89,-54
11:32:33,-15,95,-61
11:32:33,-5,92,-60
11:32:33,-3,94,-47
11:32:33,-3,95,-45
11:32:33,-9,92,-54
11:32:33,-9,93,-61
11:32:33,-14,96,-55
11:32:34,-7,93,-48
11:32:34,1,94,-47
11:32:34,-6,97,-54
11:32:34,-10,93,-58
11:32:34,-12,91,-59
11:32:34,-7,92,-51
11:32:34,-2,94,-49
11:32:34,-8,97,-50
11:32:34,-9,93,-57
11:32:34,-13,90,-59
11:32:34,-10,93,-55
11:32:34,-3,97,-47
11:32:34,1,97,-49
11:32:34,-7,94,-55
11:32:34,-15,90,-52
11:32:34,-10,90,-56
11:32:34,-6,96,-50
11:32:34,1,96,-52
11:32:34,-2,91,-53
11:32:35,-11,92,-54
11:32:35,-9,90,-59
11:32:35,-9,94,-57
11:32:35,4,94,-56
11:32:35,-3,97,-50
11:32:35,-10,92,-53
11:32:35,-15,94,-55
11:32:35,-11,93,-59
11:32:35,-6,98,-53
11:32:35,4,96,-50
11:32:35,-11,93,-47
11:32:35,-14,93,-55
11:32:35,-12,92,-58
11:32:35,-4,94,-56
11:32:35,4,94,-47
11:32:35,-1,94,-46
11:32:35,-6,91,-56
11:32:35,-18,97,-62
11:32:35,-7,94,-60
11:32:35,-1,93,-46
11:32:36,-3,93,-43
11:32:36,-7,92,-59
11:32:36,-10,92,-61
11:32:36,-11,93,-59
11:32:36,-1,91,-50
11:32:36,1,92,-45
11:32:36,-3,99,-50
11:32:36,-12,92,-60
11:32:36,-17,93,-59
11:32:36,-12,97,-50
11:32:36,2,93,-44
11:32:36,-4,96,-53
11:32:36,-13,97,-59
11:32:36,-16,90,-58
11:32:36,-16,94,-52
11:32:36,0,94,-49
11:32:36,4,96,-48
11:32:36,-9,98,-54
11:32:36,-10,90,-59
11:32:36,-14,95,-53
11:32:37,-1,93,-55
11:32:37,0,98,-49
11:32:37,-6,96,-55
11:32:37,-13,90,-55
11:32:37,-17,92,-53
11:32:37,-6,94,-54
11:32:37,1,94,-56
11:32:37,-7,96,-46
11:32:37,-7,92,-56
11:32:37,-14,90,-56
11:32:37,-15,93,-60
11:32:37,-5,96,-57
11:32:37,2,95,-50
11:32:37,-4,91,-51
11:32:37,-14,95,-54
11:32:37,-12,93,-61
11:32:37,-9,98,-56
11:32:37,-1,95,-49
11:32:37,-4,95,-44
11:32:38,-13,92,-54
11:32:38,-11,90,-64
11:32:38,-11,94,-60
11:32:38,-2,95,-49
11:32:38,0,94,-47
11:32:38,-12,93,-50
11:32:38,-11,94,-61
11:32:38,-12,93,-58
11:32:38,0,94,-52
11:32:38,-3,95,-40
11:32:38,-5,94,-50
11:32:38,-10,94,-60
11:32:38,-16,91,-60
11:32:38,-7,91,-54
11:32:38,1,95,-47
11:32:38,-3,95,-51
11:32:38,-12,93,-59
11:32:38,-16,94,-61
11:32:38,-9,90,-56
11:32:38,-4,95,-47
11:32:39,4,96,-49
11:32:39,-9,92,-56
11:32:39,-13,91,-62
11:32:39,-9,95,-51
11:32:39,-2,94,-48
11:32:39,1,97,-52
11:32:39,-4,96,-53
11:32:39,-4,87,-56
11:32:39,-16,94,-56
11:32:39,-12,95,-53
11:32:39,-2,97,-52
11:32:39,1,95,-51
11:32:39,-9,93,-54
11:32:39,-13,89,-58
11:32:39,-12,95,-54
11:32:39,-1,95,-54
11:32:39,3,93,-52
11:32:39,-8,93,-51
11:32:39,-12,89,-55
11:32:39,-13,94,-57
11:32:40,-5,95,-56
11:32:40,-2,95,-50
11:32:40,-6,94,-44
11:32:40,-17,93,-52
11:32:40,-13,92,-63
11:32:40,-5,93,-62
11:32:40,-3,96,-47
11:32:40,-2,91,-47
11:32:40,-8,94,-56
11:32:40,-10,91,-63
11:32:40,-12,93,-59
11:32:40,-6,96,-50
11:32:40,-1,96,-47
11:32:40,-9,97,-50
11:32:40,-9,95,-61
11:32:40,-15,94,-56
11:32:40,-5,93,-51
11:32:40,2,96,-41
11:32:40,2,94,-52
11:32:40,-12,94,-60
11:32:41,-13,91,-61
11:32:41,-8,89,-54
11:32:41,-6,96,-43
11:32:41,1,98,-52
11:32:41,-8,93,-60
11:32:41,-10,90,-57
11:32:41,-14,91,-53
11:32:41,-7,95,-47
11:32:41,-1,97,-50
11:32:41,-5,93,-55
11:32:41,-7,87,-58
11:32:41,-14,94,-58
11:32:41,-3,97,-53
11:32:41,-1,94,-56
11:32:41,-5,95,-49
11:32:41,-6,92,-54
11:32:41,-13,91,-55
11:32:41,-12,96,-59
11:32:41,1,95,-53
11:32:42,-3,96,-47
11:32:42,-2,92,-47
11:32:42,-11,92,-55
11:32:42,-11,95,-59
11:32:42,-6,98,-53
11:32:42,5,95,-46
11:32:42,-6,96,-45
11:32:42,-8,92,-58
11:32:42,-17,92,-63
11:32:42,-5,93,-57
11:32:42,0,93,-49
11:32:42,-6,93,-47
11:32:42,-10,94,-53
11:32:42,-14,93,-63
11:32:42,-11,92,-61
11:32:42,0,95,-51
11:32:42,-4,96,-46
11:32:42,-7,95,-55
11:32:42,-11,93,-59
11:32:42,-13,92,-58
11:32:43,-6,93,-49
11:32:43,-6,97,-42
11:32:43,-1,93,-51
11:32:43,-8,92,-63
11:32:43,-10,91,-61
11:32:43,-8,91,-51
11:32:43,1,94,-46
11:32:43,-1,99,-50
11:32:43,-3,93,-58
11:32:43,-15,90,-57
11:32:43,-6,93,-58
11:32:43,0,93,-52
11:32:43,4,96,-50
11:32:43,-5,93,-50
11:32:43,-6,91,-54
11:32:43,-11,91,-57
11:32:43,-4,95,-59
11:32:43,0,94,-55
11:32:43,-7,94,-47
11:32:43,-14,93,-52
11:32:44,-8,90,-59
11:32:44,-18,98,-56
11:32:44,-2,96,-59
11:32:44,-3,93,-47
11:32:44,-4,93,-48
11:32:44,-9,94,-60
11:32:44,-14,92,-58
11:32:44,-1,96,-55
11:32:44,3,95,-49
11:32:44,-3,94,-46
11:32:44,-9,91,-58
11:32:44,-18,94,-63
11:32:44,-7,92,-54
11:32:44,-5,95,-42
11:32:44,2,97,-47
11:32:44,-11,94,-57
11:32:44,-16,94,-60
11:32:44,-10,93,-58
11:32:44,-2,95,-43
11:32:44,1,99,-50
11:32:45,-5,95,-56
11:32:45,-10,90,-63
11:32:45,-14,92,-56
11:32:45,-9,94,-50
11:32:45,1,95,-50
11:32:45,-3,97,-51
11:32:45,-8,91,-59
11:32:45,-12,92,-57
11:32:45,-8,93,-51
11:32:45,-1,98,-48
11:32:45,-4,97,-48
11:32:45,-9,96,-57
11:32:45,-15,89,-58
11:32:45,-14,94,-54
11:32:45,-3,99,-50
11:32:45,-1,95,-48
11:32:45,-8,94,-45
11:32:45,-9,91,-54
11:32:45,-16,94,-54
11:32:46,-5,98,-57
11:32:46,0,99,-45
11:32:46,-6,91,-46
11:32:46,-11,95,-51
11:32:46,-14,94,-58
11:32:46,-13,94,-61
11:32:46,1,93,-56
11:32:46,-6,93,-44
11:32:46,-5,93,-51
11:32:46,-11,93,-57
11:32:46,-14,93,-61
11:32:46,-6,93,-51
11:32:46,0,96,-45
11:32:46,-2,96,-49
11:32:46,-8,91,-62
11:32:46,-17,94,-60
11:32:46,-8,91,-52
11:32:46,-1,95,-42
11:32:46,-6,97,-46
11:32:46,-9,92,-60
11:32:47,-13,93,-62
11:32:47,-12,90,-56
11:32:47,0,94,-48
11:32:47,-7,99,-48
11:32:47,-7,97,-53
11:32:47,-9,91,-58
11:32:47,-13,94,-53
11:32:47,-7,96,-46
11:32:47,0,95,-52
11:32:47,-8,96,-55
11:32:47,-6,89,-58
11:32:47,-14,91,-55
11:32:47,-10,94,-57
11:32:47,-1,95,-58
11:32:47,1,96,-49
11:32:47,-8,93,-50
11:32:47,-12,91,-55
11:32:47,-13,95,-58
11:32:47,-4,99,-55
11:32:47,-1,95,-48
11:32:48,-4,91,-48
11:32:48,-11,89,-54
11:32:48,-10,92,-57
11:32:48,-4,96,-57
11:32:48,3,95,-48
11:32:48,-3,91,-48
11:32:48,-13,93,-56
11:32:48,-13,93,-57
11:32:48,-8,94,-60
11:32:48,-7,98,-49
11:32:48,-3,94,-48
11:32:48,-3,90,-51
11:32:48,-12,95,-59
11:32:48,-8,90,-65
11:32:48,-5,94,-45
11:32:48,3,94,-46
11:32:48,-10,95,-51
11:32:48,-9,94,-60
11:32:48,-15,93,-61
11:32:48,-9,90,-53
11:32:49,-2,98,-49
11:32:49,-4,96,-54
11:32:49,-6,90,-59
11:32:49,-14,91,-54
11:32:49,-11,92,-53
11:32:49,-1,94,-50
11:32:49,0,97,-55
11:32:49,-8,97,-55
11:32:49,-12,91,-54
11:32:49,-10,92,-57
11:32:49,-3,94,-52
11:32:49,-4,98,-55
11:32:49,-4,96,-52
11:32:49,-12,90,-51
11:32:49,-14,91,-56
11:32:49,-11,93,-54
11:32:49,4,92,-58
11:32:49,-5,96,-45
11:32:49,1,89,-54
11:32:50,-10,92,-58
11:32:50,-12,93,-62
11:32:50,-6,96,-54
11:32:50,1,91,-43
11:32:50,-6,95,-49
11:32:50,-17,93,-56
11:32:50,-15,93,-68
11:32:50,-5,94,-55
11:32:50,1,92,-47
11:32:50,-2,94,-48
11:32:50,-8,96,-57
11:32:50,-14,90,-63
11:32:50,-12,96,-57
11:32:50,-4,96,-47
11:32:50,-2,95,-44
11:32:50,-6,96,-55
11:32:50,-14,94,-59
11:32:50,-14,92,-61
11:32:50,-2,94,-48
11:32:50,1,94,-42
11:32:51,1,95,-51
11:32:51,-7,92,-63
11:32:51,-15,91,-56
11:32:51,-4,92,-48
11:32:51,-3,99,-49
11:32:51,-5,97,-52
11:32:51,-7,90,-62
11:32:51,-17,94,-55
11:32:51,-12,89,-52
11:32:51,-2,94,-53
11:32:51,-1,96,-51
11:32:51,-8,93,-54
11:32:51,-9,89,-56
11:32:51,-18,93,-55
11:32:51,-8,97,-48
11:32:51,-4,98,-51
11:32:51,-2,96,-59
11:32:51,-11,89,-51
11:32:51,-19,93,-56
11:32:51,-12,94,-57
11:32:52,-4,97,-55
11:32:52,-4,96,-50
11:32:52,-8,92,-49
11:32:52,-12,90,-52
11:32:52,-8,95,-57
11:32:52,-2,98,-54
11:32:52,5,93,-50
11:32:52,-6,97,-49
11:32:52,-9,92,-55
11:32:52,-12,93,-63
11:32:52,-7,96,-56
11:32:52,-1,94,-50
11:32:52,-1,92,-45
11:32:52,-7,91,-60
11:32:52,-18,94,-59
11:32:52,-7,89,-60
11:32:52,-4,94,-45
11:32:52,0,92,-47
11:32:52,-6,92,-54
11:32:53,-15,94,-60
11:32:53,-10,90,-59
11:32:53,-4,92,-49
11:32:53,-1,97,-43
11:32:53,-3,94,-52
11:32:53,-12,95,-60
11:32:53,-12,91,-60
11:32:53,-10,92,-51
11:32:53,0,97,-44
11:32:53,-2,96,-54
11:32:53,-7,92,-65
11:32:53,-19,94,-56
11:32:53,-16,93,-52
11:32:53,-2,97,-50
11:32:53,1,96,-53
11:32:53,-12,93,-55
11:32:53,-13,90,-56
11:32:53,-13,93,-51
11:32:53,-8,94,-51
11:32:53,-3,99,-53
11:32:54,-2,94,-55
11:32:54,-12,91,-52
11:32:54,-18,90,-56
11:32:54,-2,94,-59
11:32:54,-9,98,-53
11:32:54,0,94,-53
11:32:54,-3,89,-50
11:32:54,-11,91,-54
11:32:54,-12,95,-58
11:32:54,-3,96,-53
11:32:54,1,93,-46
11:32:54,-3,95,-46
11:32:54,-6,91,-59
11:32:54,-16,96,-61
11:32:54,-5,99,-55
11:32:54,2,91,-44
11:32:54,-6,94,-50
11:32:54,-15,94,-55
11:32:54,-13,91,-63
11:32:54,-8,93,-56
11:32:55,-1,93,-55
11:32:55,-5,94,-42
11:32:55,-11,95,-52
11:32:55,-8,94,-61
11:32:55,-9,91,-61
11:32:55,-5,97,-44
11:32:55,1,96,-46
11:32:55,-11,97,-50
11:32:55,-7,93,-62
11:32:55,-12,89,-61
11:32:55,-11,94,-49
11:32:55,-1,94,-46
11:32:55,-5,95,-51
11:32:55,-7,93,-60
11:32:55,-12,90,-59
11:32:55,-13,91,-52
11:32:55,-2,97,-48
11:32:55,5,97,-51
11:32:55,-2,91,-57
11:32:55,-13,93,-57
11:32:56,-10,91,-53
11:32:56,-9,96,-50
11:32:56,-2,99,-48
11:32:56,-4,93,-53
11:32:56,-8,90,-53
11:32:56,-17,96,-55
11:32:56,-7,94,-60
11:32:56,-5,95,-53
11:32:56,-2,94,-50
11:32:56,-8,93,-50
11:32:56,-12,91,-60
11:32:56,-18,95,-57
11:32:56,-5,93,-54
11:32:56,1,95,-45
11:32:56,-7,94,-49
11:32:56,-9,91,-57
11:32:56,-16,95,-62
11:32:56,-6,97,-57
11:32:56,2,94,-45
11:32:57,-7,96,-45
11:32:57,-9,92,-59
11:32:57,-14,91,-61
11:32:57,-8,93,-56
11:32:57,1,95,-46
11:32:57,-5,95,-43
11:32:57,-7,93,-57
11:32:57,-5,92,-66
11:32:57,-14,90,-54
11:32:57,-2,95,-53
11:32:57,-4,98,-44
11:32:57,-6,95,-49
11:32:57,-7,89,-57
11:32:57,-11,90,-57
11:32:57,-5,92,-51
11:32:57,-4,98,-46
11:32:57,3,95,-57
11:32:57,-8,91,-57
11:32:57,-18,93,-57
11:32:57,-11,91,-55
11:32:58,-6,97,-49
11:32:58,0,96,-53
11:32:58,-11,94,-49
11:32:58,-11,90,-58
11:32:58,-16,94,-54
11:32:58,-3,94,-56
11:32:58,-1,97,-50
11:32:58,-1,95,-50
11:32:58,-7,90,-51
11:32:58,-15,95,-60
11:32:58,-6,98,-57
11:32:58,-3,95,-50
11:32:58,-4,93,-46
11:32:58,-4,92,-55
11:32:58,-14,93,-58
11:32:58,-11,94,-60
11:32:58,-2,95,-52
11:32:58,0,93,-46
11:32:58,-2,93,-48
11:32:58,-9,92,-61
11:32:59,-19,94,-61
11:32:59,-3,94,-56
11:32:59,1,94,-45
11:32:59,-7,93,-45
11:32:59,-6,92,-58
11:32:59,-13,91,-62
11:32:59,-6,90,-57
11:32:59,-6,96,-43
11:32:59,1,95,-46
11:32:59,-5,93,-56
11:32:59,-11,94,-61
11:32:59,-10,89,-57
11:32:59,-10,96,-42
11:32:59,2,95,-51
11:32:59,-7,94,-54
11:32:59,-6,93,-59
11:32:59,-15,92,-55
11:32:59,-9,93,-50
11:32:59,-3,97,-49
11:32:59,0,96,-57
11:33:00,-8,92,-56
11:33:00,-12,91,-59
11:33:00,-11,93,-54
11:33:00,-8,95,-52
11:33:00,-2,99,-49
11:33:00,-7,91,-54
11:33:00,-12,91,-52
11:33:00,-15,94,-54
11:33:00,-1,94,-56
11:33:00,0,96,-53
11:33:00,-6,95,-48
11:33:00,-11,89,-56
11:33:00,-12,92,-58
11:33:00,-10,95,-58
11:33:00,-2,93,-50
11:33:00,-10,97,-45
11:33:00,-4,91,-53
11:33:00,-13,93,-59
11:33:00,-14,97,-59
11:33:01,-8,95,-53
11:33:01,-6,97,-46
11:33:01,2,92,-50
11:33:01,-10,92,-57
11:33:01,-14,96,-63
11:33:01,-4,96,-57
11:33:01,1,92,-43
11:33:01,-4,96,-46
11:33:01,-12,93,-61
11:33:01,-15,90,-65
11:33:01,-14,98,-53
11:33:01,2,92,-47
11:33:01,1,94,-47
11:33:01,-12,93,-57
11:33:01,-13,90,-62
11:33:01,-11,93,-58
11:33:01,-3,92,-50
11:33:01,1,94,-45
11:33:01,-2,96,-55
11:33:01,-7,92,-61
11:33:02,-12,92,-59
11:33:02,-8,96,-48
11:33:02,-3,98,-45
11:33:02,0,92,-56
11:33:02,-10,94,-56
11:33:02,-14,90,-57
11:33:02,-14,94,-50
11:33:02,-4,96,-46
11:33:02,-4,97,-52
11:33:02,2,91,-60
11:33:02,-15,92,-58
11:33:02,-13,90,-54
11:33:02,-3,97,-53
11:33:02,0,98,-51
11:33:02,-2,92,-55
11:33:02,-14,92,-51
11:33:02,-12,90,-56
11:33:02,-5,96,-59
11:33:02,0,94,-55
11:33:02,-1,92,-48
11:33:03,-14,92,-52
11:33:03,-15,94,-56
11:33:03,-8,93,-63
11:33:03,-2,95,-56
11:33:03,0,96,-49
11:33:03,-7,94,-48
11:33:03,-10,93,-60
11:33:03,-11,94,-65
11:33:03,-4,94,-57
11:33:03,1,95,-45
11:33:03,-2,96,-45
11:33:03,-14,94,-55
11:33:03,-17,95,-64
11:33:03,-9,93,-58
11:33:03,0,95,-45
11:33:03,-2,97,-49
11:33:03,-8,94,-59
11:33:03,-14,92,-61
11:33:03,-13,94,-55
11:33:03,0,93,-47
11:33:04,-6,100,-44
11:33:04,-5,95,-54
11:33:04,-14,92,-58
11:33:04,-13,92,-59
11:33:04,-8,92,-49
11:33:04,-1,95,-49
11:33:04,-4,97,-53
11:33:04,-7,90,-58
11:33:04,-11,90,-53
11:33:04,-14,92,-51
11:33:04,-3,97,-47
11:33:04,-3,96,-51
11:33:04,-5,95,-56
11:33:04,-10,90,-55
11:33:04,-11,92,-54
11:33:04,-5,98,-47
11:33:04,3,95,-54
11:33:04,-2,93,-53
11:33:04,-12,90,-49
11:33:05,-13,91,-53
11:33:05,-4,98,-58
11:33:05,4,93,-52
11:33:05,-7,94,-44
11:33:05,-13,93,-51
11:33:05,-14,90,-58
11:33:05,-11,96,-58
11:33:05,-4,95,-53
11:33:05,-1,93,-45
11:33:05,-10,94,-47
11:33:05,-7,90,-58
11:33:05,-14,94,-60
11:33:05,-5,95,-59
11:33:05,4,93,-45
11:33:05,0,91,-45
11:33:05,-11,96,-57
11:33:05,-9,91,-60
11:33:05,-7,92,-52
11:33:05,-3,98,-44
11:33:05,-1,94,-44
11:33:06,-8,91,-61
11:33:06,-15,95,-63
11:33:06,-6,89,-58
11:33:06,-4,95,-46
11:33:06,-4,99,-46
11:33:06,-3,95,-58
11:33:06,-14,94,-61
11:33:06,-16,94,-55
11:33:06,-6,92,-46
11:33:06,-1,96,-51
11:33:06,-4,97,-55
11:33:06,-6,90,-61
11:33:06,-11,90,-57
11:33:06,-10,94,-45
11:33:06,-1,94,-54
11:33:06,-5,98,-48
11:33:06,-10,93,-55
11:33:06,-10,88,-54
11:33:06,-16,93,-56
11:33:06,0,99,-50
11:33:07,-1,97,-50
11:33:07,-4,95,-48
11:33:07,-13,87,-56
11:33:07,-13,94,-58
11:33:07,-5,95,-57
11:33:07,1,95,-53
11:33:07,0,90,-48
11:33:07,-11,95,-51
11:33:07,-13,92,-58
11:33:07,-7,96,-60
11:33:07,-3,99,-54
11:33:07,0,92,-51
11:33:07,-8,91,-50
11:33:07,-13,92,-55
11:33:07,-15,95,-61
11:33:07,-5,95,-56
11:33:07,-2,94,-47
11:33:07,-2,91,-50
11:33:07,-11,95,-57
11:33:07,-8,90,-66
11:33:08,-11,95,-53
11:33:08,5,93,-49
11:33:08,-1,94,-43
11:33:08,-13,93,-58
11:33:08,-16,91,-65
11:33:08,-13,94,-56
11:33:08,-5,97,-47
11:33:08,1,94,-47
11:33:08,-7,91,-57
11:33:08,-14,93,-62
11:33:08,-8,91,-59
11:33:08,-3,92,-46
11:33:08,4,97,-49
11:33:08,-6,97,-51
11:33:08,-10,92,-59
11:33:08,-14,94,-56
11:33:08,-5,89,-53
11:33:08,-8,96,-52
11:33:08,-7,98,-51
11:33:09,-5,89,-58
11:33:09,-9,91,-59
11:33:09,-10,91,-56
11:33:09,-2,95,-48
11:33:09,2,98,-52
11:33:09,0,95,-53
11:33:09,-12,89,-52
11:33:09,-18,96,-58
11:33:09,-9,95,-56
11:33:09,1,95,-53
11:33:09,-8,94,-44
11:33:09,-4,90,-56
11:33:09,-14,90,-56
11:33:09,-10,95,-58
11:33:09,6,95,-55
11:33:09,-3,92,-45
11:33:09,-11,95,-51
11:33:09,-10,92,-55
11:33:09,-13,95,-61
11:33:09,-6,98,-51
11:33:10,1,92,-50
11:33:10,-10,96,-44
11:33:10,-10,90,-57
11:33:10,-18,94,-62
11:33:10,-5,95,-57
11:33:10,3,93,-48
11:33:10,-2,95,-45
11:33:10,-8,94,-60
11:33:10,-14,93,-63
11:33:10,-8,93,-55
11:33:10,-5,97,-44
11:33:10,-2,97,-47
11:33:10,-11,97,-58
11:33:10,-9,91,-61
11:33:10,-17,91,-54
11:33:10,-1,94,-52
11:33:10,1,97,-48
11:33:10,-1,94,-56
11:33:10,-9,94,-57
11:33:10,-17,93,-54
11:33:11,-3,91,-52
11:33:11,-5,100,-49
11:33:11,-1,96,-51
11:33:11,-8,89,-58
11:33:11,-12,93,-59
11:33:11,-12,88,-53
11:33:11,-6,97,-53
11:33:11,-1,97,-52
11:33:11,-3,91,-51
11:33:11,-10,92,-51
11:33:11,-15,92,-57
11:33:11,-8,98,-54
11:33:11,2,96,-51
11:33:11,-3,96,-51
11:33:11,-7,89,-56
11:33:11,-15,94,-58
11:33:11,-8,95,-58
11:33:11,-2,93,-49
11:33:11,-4,96,-43
11:33:12,-6,92,-52
11:33:12,-12,93,-59
11:33:12,-12,95,-61
11:33:12,1,93,-53
11:33:12,-2,95,-39
11:33:12,-4,96,-51
11:33:12,-8,94,-57
11:33:12,-17,94,-63
11:33:12,-6,94,-48
11:33:12,-1,93,-45
11:33:12,-3,95,-51
11:33:12,-6,93,-59
11:33:12,-18,93,-61
11:33:12,-12,90,-57
11:33:12,-4,95,-46
11:33:12,3,93,-48
11:33:12,-4,95,-60
11:33:12,-16,92,-59
11:33:12,-17,93,-51
11:33:12,-4,94,-52
11:33:13,1,97,-51
11:33:13,-3,92,-57
11:33:13,-11,93,-57
11:33:13,-11,89,-55
11:33:13,-6,93,-49
11:33:13,-6,100,-49
11:33:13,-5,96,-55
11:33:13,-9,91,-60
11:33:13,-13,93,-56
11:33:13,-17,94,-53
11:33:13,-5,97,-55
11:33:13,0,97,-51
11:33:13,-7,91,-55
11:33:13,-11,91,-55
11:33:13,-13,92,-53
11:33:13,-3,96,-54
11:33:13,6,96,-51
11:33:13,-3,95,-49
11:33:13,-9,91,-50
11:33:13,-16,94,-62
11:33:14,-13,95,-57
11:33:14,-6,94,-52
11:33:14,-6,96,-45
11:33:14,-9,87,-57
11:33:14,-13,93,-58
11:33:14,-9,93,-62
11:33:14,-4,95,-49
11:33:14,0,94,-45
11:33:14,-5,96,-49
11:33:14,-7,94,-58
11:33:14,-11,94,-62
11:33:14,-8,96,-54
11:33:14,-5,94,-40
11:33:14,-3,93,-50
11:33:14,-7,94,-63
11:33:14,-14,90,-58
11:33:14,-13,92,-55
11:33:14,-3,95,-46
11:33:14,2,98,-45
11:33:14,-4,96,-56
11:33:15,-12,94,-60
11:33:15,-15,91,-55
11:33:15,-5,98,-53
11:33:15,-2,99,-48
11:33:15,-11,95,-51
11:33:15,-11,93,-60
11:33:15,-14,90,-53
11:33:15,-5,93,-49
11:33:15,1,96,-52
11:33:15,-5,95,-53
11:33:15,-6,87,-59
11:33:15,-17,93,-50
11:33:15,-9,92,-56
11:33:15,-6,99,-55
11:33:15,-5,97,-49
11:33:15,-5,93,-49
11:33:15,-11,89,-57
11:33:15,-18,96,-58
11:33:15,-6,95,-56
11:33:16,2,98,-46
11:33:16,-3,93,-50
11:33:16,-3,90,-58
11:33:16,-20,96,-59
11:33:16,-8,96,-56
11:33:16,-2,94,-50
11:33:16,-1,94,-46
11:33:16,-12,93,-52
11:33:16,-14,94,-59
11:33:16,-11,95,-58
11:33:16,-1,93,-48
11:33:16,0,92,-43
11:33:16,-6,98,-48
11:33:16,-7,92,-63
11:33:16,-15,93,-59
11:33:16,-9,96,-53
11:33:16,0,96,-43
11:33:16,-3,92,-52
11:33:16,-10,94,-59
11:33:16,-14,90,-58
11:33:17,-13,93,-49
11:33:17,3,92,-50
11:33:17,-1,95,-50
11:33:17,-3,92,-59
11:33:17,-11,91,-59
11:33:17,-11,90,-55
11:33:17,3,97,-50
11:33:17,0,96,-49
11:33:17,-8,95,-54
11:33:17,-12,93,-58
11:33:17,-14,89,-52
11:33:17,-7,96,-53
11:33:17,-2,98,-52
11:33:17,2,91,-52
11:33:17,-8,92,-51
11:33:17,-11,93,-56
11:33:17,-8,93,-59
11:33:17,-7,98,-54
11:33:17,-1,96,-48
11:33:17,-5,91,-48
11:33:18,-8,90,-58
11:33:18,-17,95,-60
11:33:18,-10,95,-54
11:33:18,4,93,-52
11:33:18,-8,97,-43
11:33:18,-9,92,-56
11:33:18,-17,94,-64
11:33:18,-10,94,-57
11:33:18,4,92,-50
11:33:18,-6,98,-43
11:33:18,-9,91,-56
11:33:18,-12,92,-62
11:33:18,-15,94,-59
11:33:18,0,92,-50
11:33:18,-2,94,-42
11:33:18,-5,98,-50
11:33:18,-5,93,-60
11:33:18,-11,91,-58
11:33:18,-5,93,-47
11:33:18,1,94,-49
11:33:19,-5,97,-51
11:33:19,-5,93,-56
11:33:19,-16,92,-51
11:33:19,-8,92,-59
11:33:19,-6,94,-54
11:33:19,-1,96,-52
11:33:19,-6,92,-53
11:33:19,-10,91,-57
11:33:19,-15,93,-54
11:33:19,-4,96,-51
11:33:19,-2,100,-50
11:33:19,-1,92,-52
11:33:19,-16,95,-53
11:33:19,-11,89,-57
11:33:19,-12,97,-55
11:33:19,3,96,-54
11:33:19,-5,93,-53
11:33:19,-8,90,-49
11:33:19,-13,92,-57
11:33:20,-9,94,-58
11:33:20,0,95,-56
11:33:20,-3,97,-47
11:33:20,-2,91,-48
11:33:20,-12,93,-56
11:33:20,-12,95,-63
11:33:20,-8,97,-50
11:33:20,0,94,-47
11:33:20,0,91,-47
11:33:20,-12,92,-55
11:33:20,-15,94,-63
11:33:20,-9,94,-56
11:33:20,1,91,-51
11:33:20,-6,96,-43
11:33:20,-10,91,-54
11:33:20,-16,94,-64
11:33:20,-9,93,-63
11:33:20,-3,95,-43
11:33:20,-3,95,-47
11:33:20,-5,96,-57
11:33:21,-9,88,-62
11:33:21,-14,93,-58
11:33:21,-5,94,-48
11:33:21,0,95,-46
11:33:21,-5,98,-51
11:33:21,-4,92,-63
11:33:21,-16,92,-59
11:33:21,-12,93,-52
11:33:21,0,96,-46
11:33:21,-4,96,-52
11:33:21,-7,94,-63
11:33:21,-15,91,-56
11:33:21,-14,89,-53
11:33:21,-1,95,-44
11:33:21,3,96,-51
11:33:21,-4,92,-55
11:33:21,-10,93,-56
11:33:21,-18,92,-51
11:33:21,-4,96,-53
11:33:21,0,99,-49
11:33:22,-3,92,-54
11:33:22,-11,90,-57
11:33:22,-14,90,-54
11:33:22,-13,93,-54
11:33:22,-2,97,-53
11:33:22,0,94,-54
11:33:22,-7,93,-49
11:33:22,-11,93,-55
11:33:22,-7,93,-62
11:33:22,-9,98,-52
11:33:22,0,97,-50
11:33:22,-4,94,-44
11:33:22,-8,93,-56
11:33:22,-13,93,-62
11:33:22,-11,93,-58
11:33:22,-1,93,-50
11:33:22,-6,96,-45
11:33:22,-2,93,-59
11:33:22,-15,93,-62
11:33:22,-13,95,-56
11:33:23,2,92,-50
11:33:23,-5,97,-42
11:33:23,-4,94,-55
11:33:23,-15,93,-59
11:33:23,-16,96,-61
11:33:23,-5,94,-49
11:33:23,-5,94,-44
11:33:23,2,93,-53
11:33:23,-9,92,-60
11:33:23,-13,89,-58
11:33:23,-10,93,-53
11:33:23,-5,95,-42
11:33:23,-6,97,-45
11:33:23,-8,95,-59
11:33:23,-13,90,-59
11:33:23,-12,94,-53
11:33:23,-2,98,-50
11:33:23,4,96,-52
11:33:23,-6,95,-54
11:33:24,-12,93,-57
11:33:24,-12,89,-57
11:33:24,-9,98,-49
11:33:24,3,97,-50
11:33:24,-5,95,-51
11:33:24,-10,92,-60
11:33:24,-15,91,-52
11:33:24,-11,95,-51
11:33:24,-1,98,-51
11:33:24,-6,95,-48
11:33:24,-1,89,-56
11:33:24,-14,90,-56
11:33:24,-8,92,-59
11:33:24,-7,96,-55
11:33:24,2,96,-50
11:33:24,-4,92,-45
11:33:24,-14,95,-53
11:33:24,-15,94,-59
11:33:24,-8,93,-60
11:33:24,-4,97,-50
11:33:25,0,95,-39
11:33:25,-13,91,-54
11:33:25,-14,92,-64
11:33:25,-15,94,-61
11:33:25,3,96,-52
11:33:25,-4,95,-45
11:33:25,-3,93,-55
11:33:25,-14,95,-59
11:33:25,-18,96,-59
11:33:25,-2,92,-49
11:33:25,-3,97,-41
11:33:25,-9,96,-51
11:33:25,-7,91,-63
11:33:25,-13,92,-60
11:33:25,-9,93,-50
11:33:25,2,92,-53
11:33:25,-5,98,-45
11:33:25,-9,93,-62
11:33:25,-14,90,-61
11:33:25,-13,93,-58
11:33:26,-4,94,-47
11:33:26,1,94,-49
11:33:26,-4,96,-61
11:33:26,-11,90,-56
11:33:26,-12,90,-53
11:33:26,-7,95,-51
11:33:26,5,96,-52
11:33:26,-1,93,-53
11:33:26,-12,90,-52
11:33:26,-10,89,-57
11:33:26,-8,97,-52
11:33:26,2,98,-58
11:33:26,-6,96,-48
11:33:26,-7,91,-50
11:33:26,-13,92,-55
11:33:26,-9,92,-59
11:33:26,-5,97,-55
11:33:26,4,95,-47
11:33:26,0,90,-51
11:33:27,-9,93,-56
11:33:27,-12,94,-59
11:33:27,-12,95,-55
11:33:27,-4,97,-46
11:33:27,-3,93,-44
11:33:27,-7,92,-55
11:33:27,-14,92,-62
11:33:27,-14,93,-58
11:33:27,-2,94,-53
11:33:27,-1,93,-44
11:33:27,-5,93,-54
11:33:27,-16,95,-59
11:33:27,-5,94,-61
11:33:27,-6,94,-44
11:33:27,2,95,-47
11:33:27,-5,95,-54
11:33:27,-9,92,-60
11:33:27,-11,91,-56
11:33:27,-4,92,-52
11:33:27,-1,95,-48
11:33:28,-2,97,-52
11:33:28,-12,93,-56
11:33:28,-9,89,-59
11:33:28,-15,96,-52
11:33:28,-2,97,-54
11:33:28,1,96,-46
11:33:28,-6,94,-51
11:33:28,-7,90,-58
11:33:28,-19,92,-55
11:33:28,-5,95,-55
11:33:28,-1,97,-49
11:33:28,-3,95,-49
11:33:28,-11,92,-53
11:33:28,-12,93,-57
11:33:28,-8,94,-60
11:33:28,-2,95,-48
11:33:28,-3,94,-46
11:33:28,-6,90,-54
11:33:28,-15,95,-59
11:33:28,-10,92,-63
11:33:29,-4,94,-49
11:33:29,4,95,-46
11:33:29,-4,94,-49
11:33:29,-9,92,-57
11:33:29,-12,94,-61
11:33:29,-10,93,-54
11:33:29,-3,97,-44
11:33:29,-4,95,-46
11:33:29,-5,91,-57
11:33:29,-14,92,-63
11:33:29,-9,92,-58
11:33:29,-1,91,-45
11:33:29,-3,98,-41
11:33:29,-4,93,-60
11:33:29,-10,90,-61
11:33:29,-17,93,-52
11:33:29,1,95,-48
11:33:29,-2,96,-46
11:33:29,1,96,-60
11:33:29,-10,89,-56
11:33:30,-16,91,-53
11:33:30,-10,96,-48
11:33:30,0,93,-54
11:33:30,-8,98,-46
11:33:30,2,89,-56
11:33:30,-14,91,-54
11:33:30,-12,95,-56
11:33:30,-8,97,-52
11:33:30,-2,96,-46
11:33:30,-3,93,-51
11:33:30,-9,92,-55
11:33:30,-12,91,-60
11:33:30,-8,98,-57
11:33:30,2,97,-49
11:33:30,-3,90,-50
11:33:30,-12,94,-54
11:33:30,-13,93,-59
11:33:30,-11,92,-63
11:33:30,3,94,-55
11:33:31,-3,94,-46
11:33:31,-12,93,-51
11:33:31,-15,93,-59
11:33:31,-11,96,-62
11:33:31,-6,98,-44
11:33:31,3,95,-47
11:33:31,-3,93,-51
11:33:31,-11,96,-58
11:33:31,-9,89,-65
11:33:31,-11,94,-48
11:33:31,2,95,-48
11:33:31,-3,96,-46
11:33:31,-7,95,-58
11:33:31,-15,94,-62
11:33:31,-12,92,-55
11:33:31,1,96,-49
11:33:31,-2,100,-40
11:33:31,-3,91,-60
11:33:31,-11,93,-60
11:33:31,-15,90,-55
11:33:32,-7,94,-46
11:33:32,-3,96,-51
11:33:32,1,94,-57
11:33:32,-13,90,-58
11:33:32,-15,92,-54
11:33:32,-6,93,-55
11:33:32,-1,98,-56
11:33:32,-5,97,-52
11:33:32,-12,92,-49
11:33:32,-13,94,-59
11:33:32,-14,95,-57
11:33:32,-7,97,-55
11:33:32,-2,98,-48
11:33:32,-3,91,-50
11:33:32,-12,91,-52
11:33:32,-17,95,-57
11:33:32,-1,94,-58
11:33:32,-2,97,-46
11:33:32,-5,97,-44
11:33:32,-8,91,-56
11:33:33,-11,94,-65
11:33:33,-12,93,-59
11:33:33,2,92,-49
11:33:33,-2,95,-45
11:33:33,-5,93,-54
11:33:33,-14,92,-60
11:33:33,-12,94,-58
11:33:33,-2,95,-46
11:33:33,0,94,-42
11:33:33,-2,95,-56
11:33:33,-13,94,-59
11:33:33,-14,92,-63
11:33:33,-6,95,-49
11:33:33,-2,93,-51
11:33:33,-7,96,-52
11:33:33,-7,94,-56
11:33:33,-12,88,-57
11:33:33,-11,92,-56
11:33:33,-4,97,-47
11:33:33,6,95,-52
11:33:34,-9,95,-55
11:33:34,-15,92,-59
11:33:34,-14,91,-55
11:33:34,-6,97,-49
11:33:34,1,100,-46
11:33:34,-6,95,-56
11:33:34,-11,92,-54
11:33:34,-14,88,-55
11:33:34,-7,95,-52
11:33:34,1,94,-54
11:33:34,-2,93,-50
11:33:34,-9,90,-55
11:33:34,-14,91,-56
11:33:34,-12,94,-58
11:33:34,-6,95,-55
11:33:34,-2,98,-46
11:33:34,-6,90,-47
11:33:34,-11,94,-56
11:33:34,-17,93,-61
11:33:35,-3,93,-57
11:33:35,-7,99,-45
11:33:35,-1,92,-49
11:33:35,-6,90,-57
11:33:35,-15,95,-60
11:33:35,-6,92,-61
11:33:35,-8,99,-43
11:33:35,-2,97,-45
11:33:35,-3,93,-54
11:33:35,-17,96,-61
11:33:35,-10,90,-59
11:33:35,-2,95,-49
11:33:35,0,95,-46
11:33:35,-8,97,-50
11:33:35,-8,90,-60
11:33:35,-7,92,-59
11:33:35,-7,94,-53
11:33:35,-3,94,-45
11:33:35,-4,97,-52
11:33:35,-11,93,-57
11:33:36,-12,89,-58
11:33:36,-14,95,-55
11:33:36,-4,93,-50
11:33:36,-4,96,-49
11:33:36,0,92,-58
11:33:36,-13,90,-54
11:33:36,-11,92,-50
11:33:36,-4,97,-51
11:33:36,0,100,-46
11:33:36,-3,95,-54
11:33:36,-14,92,-57
11:33:36,-14,93,-50
11:33:36,-9,98,-52
11:33:36,1,98,-60
11:33:36,-5,93,-50
11:33:36,-6,91,-53
11:33:36,-14,92,-56
11:33:36,-8,93,-57
11:33:36,-6,99,-51
11:33:36,2,95,-48
11:33:37,-12,93,-48
11:33:37,-8,95,-58
11:33:37,-14,94,-61
11:33:37,-4,96,-54
11:33:37,1,94,-53
11:33:37,-3,91,-47
11:33:37,-10,90,-56
11:33:37,-19,95,-62
11:33:37,-7,93,-57
11:33:37,2,93,-54
11:33:37,-9,97,-39
11:33:37,-1,91,-61
11:33:37,-17,94,-62
11:33:37,-14,95,-59
11:33:37,-2,94,-47
11:33:37,-4,97,-45
11:33:37,0,94,-58
11:33:37,-8,92,-61
11:33:37,-16,93,-56
11:33:37,-2,94,-50
11:33:38,-2,97,-48
11:33:38,-3,97,-54
11:33:38,-8,94,-56
11:33:38,-12,90,-53
11:33:38,-10,97,-53
11:33:38,0,94,-53
11:33:38,-3,96,-52
11:33:38,-6,92,-52
11:33:38,-8,91,-59
11:33:38,-15,91,-55
11:33:38,-2,97,-52
11:33:38,3,98,-49
11:33:38,-6,93,-51
11:33:38,-9,94,-53
11:33:38,-16,89,-58
11:33:38,-5,95,-63
11:33:38,-2,97,-52
11:33:38,-7,93,-45
11:33:38,-6,89,-52
11:33:39,-16,94,-60
11:33:39,-8,95,-58
11:33:39,-3,96,-52
11:33:39,-3,96,-47
11:33:39,-6,93,-50
11:33:39,-11,93,-60
11:33:39,-14,94,-63
11:33:39,-3,94,-54
11:33:39,-2,95,-43
11:33:39,-2,95,-49
11:33:39,-5,89,-60
11:33:39,-11,94,-62
11:33:39,-8,93,-58
11:33:39,-1,91,-43
11:33:39,-4,95,-44
11:33:39,-7,96,-58
11:33:39,-11,87,-64
11:33:39,-16,96,-56
11:33:39,1,92,-46
11:33:39,-1,96,-49
11:33:40,-4,94,-57
11:33:40,-8,89,-57
11:33:40,-9,90,-57
11:33:40,-7,97,-49
11:33:40,0,99,-50
11:33:40,-2,91,-53
11:33:40,-13,91,-52
11:33:40,-13,92,-54
11:33:40,-7,92,-59
11:33:40,-5,99,-49
11:33:40,1,95,-52
11:33:40,-6,93,-51
11:33:40,-10,94,-51
11:33:40,-12,91,-59
11:33:40,-4,98,-54
11:33:40,1,98,-53
11:33:40,-9,94,-50
11:33:40,-10,90,-56
11:33:40,-15,93,-58
11:33:40,-4,93,-59
11:33:41,-2,95,-45
11:33:41,-2,93,-45
11:33:41,-9,91,-55
11:33:41,-19,96,-58
11:33:41,-6,94,-59
11:33:41,-3,93,-46
11:33:41,-3,97,-40
11:33:41,-5,92,-55
11:33:41,-11,90,-58
11:33:41,-14,96,-61
11:33:41,-4,92,-51
11:33:41,-1,97,-44
11:33:41,-4,95,-49
11:33:41,-5,94,-58
11:33:41,-12,92,-60
11:33:41,-5,93,-59
11:33:41,2,95,-44
11:33:41,0,96,-46
11:33:41,-4,93,-60
11:33:42,-10,90,-59
11:33:42,-12,91,-54
11:33:42,-6,98,-47
11:33:42,0,96,-52
11:33:42,-9,94,-53
11:33:42,-12,91,-52
11:33:42,-16,93,-53
11:33:42,-3,97,-56
11:33:42,0,99,-54
11:33:42,-3,91,-54
11:33:42,-9,90,-54
11:33:42,-15,92,-55
11:33:42,-11,93,-56
11:33:42,-2,96,-54
11:33:42,-2,96,-52
11:33:42,-2,91,-48
11:33:42,-14,92,-55
11:33:42,-16,95,-56
11:33:42,-3,96,-55
11:33:42,-1,97,-45
11:33:43,-4,92,-46
11:33:43,-9,90,-55
11:33:43,-15,96,-61
11:33:43,-4,92,-60
11:33:43,2,92,-44
11:33:43,0,95,-41
11:33:43,-7,92,-57
11:33:43,-14,91,-61
11:33:43,-7,93,-55
11:33:43,2,92,-47
11:33:43,-5,95,-48
11:33:43,-10,96,-52
11:33:43,-13,91,-60
11:33:43,-15,95,-55
11:33:43,-3,93,-49
11:33:43,-2,95,-47
11:33:43,-1,97,-55
11:33:43,-10,92,-60
11:33:43,-16,90,-60
11:33:43,-8,93,-50
11:33:44,2,97,-48
11:33:44,-4,96,-49
11:33:44,-9,95,-56
11:33:44,-15,90,-54
11:33:44,-20,93,-54
11:33:44,-3,97,-51
11:33:44,3,95,-53
11:33:44,-6,93,-54
11:33:44,-10,90,-57
11:33:44,-13,91,-53
11:33:44,-4,94,-54
11:33:44,2,97,-55
11:33:44,-7,94,-49
11:33:44,-13,92,-52
11:33:44,-12,91,-55
11:33:44,-9,92,-55
11:33:44,-2,97,-56
11:33:44,-1,95,-48
11:33:44,-1,87,-53
11:33:44,-8,91,-56
11:33:45,-19,95,-57
11:33:45,-2,95,-57
11:33:45,-5,97,-42
11:33:45,-1,93,-50
11:33:45,-9,90,-58
11:33:45,-15,96,-59
11:33:45,-8,93,-56
11:33:45,-2,92,-45
11:33:45,-1,94,-45
11:33:45,-6,92,-58
11:33:45,-16,93,-63
11:33:45,-13,95,-58
11:33:45,-1,95,-48
11:33:45,-2,94,-44
11:33:45,-11,95,-55
11:33:45,-6,92,-64
11:33:45,-13,94,-56
11:33:45,-3,93,-47
11:33:45,-3,95,-43
11:33:46,-6,96,-49
11:33:46,-6,92,-61
11:33:46,-10,89,-57
11:33:46,-9,92,-48
11:33:46,-4,100,-48
11:33:46,-1,96,-54
11:33:46,-8,93,-55
11:33:46,-15,89,-55
11:33:46,-11,91,-58
11:33:46,-10,99,-51
11:33:46,2,92,-56
11:33:46,-8,96,-51
11:33:46,-12,90,-55
11:33:46,-12,91,-54
11:33:46,-5,97,-52
11:33:46,0,98,-51
11:33:46,0,90,-56
11:33:46,-12,94,-55
11:33:46,-13,91,-55
11:33:46,-7,96,-56
11:33:47,-1,99,-53
11:33:47,-4,94,-45
11:33:47,-9,91,-51
11:33:47,-12,92,-58
11:33:47,-14,92,-62
11:33:47,-5,97,-53
11:33:47,-2,95,-44
11:33:47,-3,92,-47
11:33:47,-10,92,-53
11:33:47,-12,94,-65
11:33:47,-11,93,-54
11:33:47,0,95,-48
11:33:47,1,92,-48
11:33:47,-7,92,-56
11:33:47,-16,95,-63
11:33:47,-9,91,-60
11:33:47,-3,92,-49
11:33:47,-2,97,-41
11:33:47,-3,92,-57
11:33:47,-10,92,-66
11:33:48,-17,96,-58
11:33:48,2,93,-47
11:33:48,1,95,-45
11:33:48,-4,97,-55
11:33:48,-7,91,-60
11:33:48,-16,90,-59
11:33:48,-10,93,-48
11:33:48,-3,94,-44
11:33:48,0,98,-53
11:33:48,-4,90,-62
11:33:48,-19,92,-56
11:33:48,-10,91,-55
11:33:48,0,97,-50
11:33:48,3,96,-50
11:33:48,-4,95,-57
11:33:48,-16,91,-52
11:33:48,-13,90,-55
11:33:48,-3,97,-49
11:33:48,0,95,-52
11:33:48,-3,92,-58
11:33:49,-14,92,-51
11:33:49,-14,92,-54
11:33:49,-3,95,-54
11:33:49,-2,97,-56
11:33:49,-3,94,-50
11:33:49,-10,91,-53
11:33:49,-8,93,-58
11:33:49,-12,95,-59
11:33:49,-5,98,-58
11:33:49,-2,95,-46
11:33:49,0,90,-49
11:33:49,-8,93,-58
11:33:49,-11,92,-64
11:33:49,-6,95,-55
11:33:49,1,94,-51
11:33:49,-5,94,-43
11:33:49,-8,91,-55
11:33:49,-15,94,-65
11:33:49,-15,94,-57
11:33:50,1,93,-51
11:33:50,-4,96,-44
11:33:50,-9,92,-55
11:33:50,-18,95,-59
11:33:50,-10,92,-58
11:33:50,3,91,-51
11:33:50,2,94,-46
11:33:50,-5,96,-54
11:33:50,-10,91,-60
11:33:50,-13,94,-58
11:33:50,-2,94,-50
11:33:50,-2,95,-47
11:33:50,-5,97,-52
11:33:50,-2,90,-57
11:33:50,-15,90,-59
11:33:50,-14,93,-53
11:33:50,-5,96,-52
11:33:50,0,95,-54
11:33:50,-2,93,-54
11:33:50,-16,90,-51
11:33:51,-10,92,-59
11:33:51,-8,99,-53
11:33:51,-1,95,-55
11:33:51,-5,97,-50
11:33:51,-12,89,-54
11:33:51,-13,93,-54
11:33:51,-8,94,-57
11:33:51,2,96,-53
11:33:51,-5,94,-49
11:33:51,-3,90,-55
11:33:51,-13,92,-54
11:33:51,-10,94,-59
11:33:51,1,96,-57
11:33:51,-3,95,-45
11:33:51,-6,93,-48
11:33:51,-12,93,-54
11:33:51,-14,94,-61
11:33:51,-5,96,-53
11:33:51,3,93,-46
11:33:51,-4,94,-46
11:33:52,-8,92,-60
11:33:52,-16,95,-61
11:33:52,-5,88,-58
11:33:52,0,92,-47
11:33:52,-5,98,-44
11:33:52,-6,91,-57
11:33:52,-17,91,-62
11:33:52,-11,93,-56
11:33:52,-4,92,-45
11:33:52,0,96,-43
11:33:52,-7,95,-59
11:33:52,-12,92,-60
11:33:52,-12,93,-59
11:33:52,-5,94,-49
11:33:52,-4,95,-47
11:33:52,-4,97,-55
11:33:52,-12,92,-56
11:33:52,-12,91,-55
11:33:52,-16,94,-49
11:33:52,-3,93,-52
11:33:53,-1,98,-52
11:33:53,-2,94,-54
11:33:53,-8,89,-55
11:33:53,-14,94,-52
11:33:53,-3,97,-55
11:33:53,3,97,-51
11:33:53,0,93,-54
11:33:53,-9,89,-51
11:33:53,-11,90,-59
11:33:53,-10,97,-58
11:33:53,1,93,-55
11:33:53,-5,94,-50
11:33:53,-10,91,-51
11:33:53,-14,91,-56
11:33:53,-7,94,-64
11:33:53,-2,96,-52
11:33:53,-1,95,-44
11:33:53,-5,92,-49
11:33:53,-12,96,-57
11:33:54,-11,89,-64
11:33:54,-8,97,-56
11:33:54,4,92,-46
11:33:54,-9,97,-43
11:33:54,-7,92,-61
11:33:54,-16,95,-57
11:33:54,-10,91,-58
11:33:54,0,96,-45
11:33:54,2,96,-45
11:33:54,-9,92,-59
11:33:54,-15,93,-62
11:33:54,-10,90,-58
11:33:54,-8,95,-48
11:33:54,-1,96,-46
11:33:54,-4,93,-54
11:33:54,-13,92,-61
11:33:54,-12,90,-56
11:33:54,-6,92,-50
11:33:54,0,95,-44
11:33:54,-2,94,-55
11:33:55,-6,92,-59
11:33:55,-15,93,-56
11:33:55,-3,90,-56
11:33:55,-12,98,-44
11:33:55,0,97,-53
11:33:55,-3,92,-55
11:33:55,-15,91,-50
11:33:55,-10,94,-56
11:33:55,-7,97,-49
11:33:55,2,97,-52
