17:27:22,6,-1,19
17:27:22,10,-10,29
17:27:22,6,-17,36
17:27:22,4,-21,30
17:27:22,5,-19,25
17:27:22,-5,-5,16
17:27:22,-22,9,14
17:27:22,-10,24,-2
17:27:22,3,25,-11
17:27:22,-11,26,-14
17:27:22,-19,28,-9
17:27:22,-11,27,-4
17:27:22,9,19,5
17:27:22,-10,-1,18
17:27:22,-4,-20,26
17:27:22,-12,-25,34
17:27:23,-12,-18,33
17:27:23,-5,-11,24
17:27:23,0,-7,23
17:27:23,4,-3,10
17:27:23,-4,11,-1
17:27:23,-16,25,-10
17:27:23,-22,35,-13
17:27:23,-17,33,-12
17:27:23,-13,19,-4
17:27:23,-12,8,6
17:27:23,-3,7,12
17:27:23,-2,4,22
17:27:23,3,-12,26
17:27:23,8,-22,32
17:27:23,4,-26,34
17:27:23,-4,-16,26
17:27:23,-5,-5,24
17:27:23,-2,10,4
17:27:23,-3,14,-7
17:27:23,-7,10,-12
17:27:24,-18,25,-13
17:27:24,11,37,-12
17:27:24,-7,34,-4
17:27:24,1,12,4
17:27:24,0,-6,15
17:27:24,4,-15,27
17:27:24,-10,-9,27
17:27:24,2,-14,31
17:27:24,2,-17,29
17:27:24,1,-16,22
17:27:24,-1,-7,11
17:27:24,-12,11,2
17:27:24,-9,23,-5
17:27:24,-13,28,-13
17:27:24,-9,24,-12
17:27:24,-16,22,-9
17:27:24,1,19,-1
17:27:24,-17,17,10
17:27:24,-7,5,15
17:27:24,-4,-13,24
17:27:25,3,-27,35
17:27:25,-1,-26,36
17:27:25,-3,-13,27
17:27:25,-4,-3,18
17:27:25,-1,3,7
17:27:25,-3,6,0
17:27:25,-5,22,-12
17:27:25,-14,32,-11
17:27:25,-29,36,-10
17:27:25,-13,28,-5
17:27:25,-17,11,3
17:27:25,-12,-6,16
17:27:25,-3,-9,23
17:27:25,-11,-7,28
17:27:25,3,-15,29
17:27:25,8,-20,30
17:27:25,8,-17,25
17:27:25,-2,-5,15
17:27:25,-9,9,9
17:27:25,-13,22,-1
17:27:26,-6,28,-10
17:27:26,-11,26,-13
17:27:26,-13,24,-12
17:27:26,3,27,-3
17:27:26,-5,19,6
17:27:26,-1,6,14
17:27:26,-1,-16,24
17:27:26,1,-28,34
17:27:26,-14,-25,34
17:27:26,-12,-12,28
17:27:26,-5,-5,17
17:27:26,4,1,12
17:27:26,-7,8,1
17:27:26,-7,22,-12
17:27:26,-20,35,-13
17:27:26,-19,36,-12
17:27:26,-10,21,-8
17:27:26,3,6,7
17:27:26,4,0,14
17:27:27,-3,4,19
17:27:27,-3,-6,29
17:27:27,-3,-16,35
17:27:27,8,-24,34
17:27:27,1,-20,28
17:27:27,-6,-8,21
17:27:27,-11,8,10
17:27:27,-11,19,-2
17:27:27,1,21,-12
17:27:27,-16,26,-11
17:27:27,-13,29,-10
17:27:27,-16,30,-3
17:27:27,-1,19,4
17:27:27,-13,-1,16
17:27:27,5,-18,28
17:27:27,2,-26,34
17:27:27,-7,-17,33
17:27:27,-6,-12,28
17:27:27,1,-8,20
17:27:27,5,-4,11
17:27:28,-6,10,0
17:27:28,-11,23,-7
17:27:28,-22,34,-8
17:27:28,-18,37,-15
17:27:28,-16,21,-7
17:27:28,3,9,1
17:27:28,-9,4,13
17:27:28,1,6,15
17:27:28,-1,-5,25
17:27:28,1,-20,35
17:27:28,8,-26,32
17:27:28,-5,-21,27
17:27:28,-7,-6,18
17:27:28,-7,5,9
17:27:28,0,14,2
17:27:28,-11,18,-3
17:27:28,-8,25,-16
17:27:28,-14,32,-13
17:27:28,-25,31,-4
17:27:28,-1,23,1
17:27:29,-12,3,13
17:27:29,2,-16,27
17:27:29,2,-20,30
17:27:29,-5,-16,35
17:27:29,-3,-14,31
17:27:29,-1,-13,24
17:27:29,-1,-7,17
17:27:29,-1,5,2
17:27:29,-16,19,-3
17:27:29,-19,32,-10
17:27:29,-13,32,-15
17:27:29,4,22,-10
17:27:29,10,15,1
17:27:29,3,12,8
17:27:29,-3,9,18
17:27:29,1,-6,26
17:27:29,6,-17,32
17:27:29,7,-28,37
17:27:29,8,-22,29
17:27:29,-12,-5,23
17:27:30,-10,5,13
17:27:30,-9,15,0
17:27:30,-5,15,-8
17:27:30,-13,28,-14
17:27:30,-13,31,-11
17:27:30,-16,32,-7
17:27:30,-21,22,4
17:27:30,8,2,9
17:27:30,14,-12,26
17:27:30,0,-21,32
17:27:30,-8,-13,33
17:27:30,-5,-15,33
17:27:30,-4,-13,25
17:27:30,10,-10,16
17:27:30,-8,8,3
17:27:30,-11,17,-3
17:27:30,-26,32,-8
17:27:30,-13,35,-14
17:27:30,-13,21,-11
17:27:31,3,13,-1
17:27:31,6,12,8
17:27:31,-21,9,14
17:27:31,-8,-5,25
17:27:31,-12,-17,30
17:27:31,6,-28,35
17:27:31,-1,-23,30
17:27:31,-12,-9,25
17:27:31,-7,6,12
17:27:31,-12,17,1
17:27:31,1,19,-8
17:27:31,-7,27,-17
17:27:31,-16,32,-12
17:27:31,-28,34,-4
17:27:31,-15,21,1
17:27:31,4,4,12
17:27:31,9,-12,23
17:27:31,7,-21,31
17:27:31,-2,-14,33
17:27:31,-4,-14,27
17:27:32,10,-11,26
17:27:32,4,-10,14
17:27:32,0,5,7
17:27:32,-15,19,-5
17:27:32,-20,30,-6
17:27:32,-14,32,-14
17:27:32,-12,23,-8
17:27:32,-2,14,-2
17:27:32,-10,14,7
17:27:32,-8,11,14
17:27:32,7,-3,21
17:27:32,-2,-18,29
17:27:32,9,-28,35
17:27:32,3,-23,31
17:27:32,-7,-8,24
17:27:32,-3,4,13
17:27:32,-10,13,3
17:27:32,0,14,-4
17:27:32,-13,29,-14
17:27:32,-19,34,-13
17:27:33,-26,35,-7
17:27:33,6,23,-1
17:27:33,-13,3,8
17:27:33,-11,-11,21
17:27:33,-14,-15,32
17:27:33,-1,-14,33
17:27:33,3,-15,36
17:27:33,11,-16,23
17:27:33,4,-8,17
17:27:33,-5,4,9
17:27:33,-19,18,0
17:27:33,-19,30,-7
17:27:33,-8,29,-15
17:27:33,-3,21,-8
17:27:33,-16,19,-5
17:27:33,-25,22,5
17:27:33,-19,11,11
17:27:33,-12,-7,24
17:27:33,5,-25,31
17:27:33,-1,-27,32
17:27:34,-8,-17,29
17:27:34,-9,-6,19
17:27:34,-11,0,18
17:27:34,8,5,2
17:27:34,-12,20,-8
17:27:34,-9,29,-14
17:27:34,-21,37,-11
17:27:34,-12,29,-10
17:27:34,9,15,-2
17:27:34,-12,-2,11
17:27:34,1,-10,23
17:27:34,0,-8,28
17:27:34,0,-14,33
17:27:34,-3,-18,31
17:27:34,3,-17,24
17:27:34,-3,-8,20
17:27:34,-13,8,7
17:27:34,-15,23,0
17:27:34,-15,30,-10
17:27:35,-9,25,-11
17:27:35,-16,24,-13
17:27:35,-16,23,-1
17:27:35,-5,20,7
17:27:35,-8,8,13
17:27:35,6,-12,25
17:27:35,5,-26,35
17:27:35,-6,-27,36
17:27:35,-1,-13,25
17:27:35,0,-6,19
17:27:35,4,0,11
17:27:35,-7,8,1
17:27:35,-2,21,-9
17:27:35,-17,33,-15
17:27:35,-22,35,-12
17:27:35,-5,29,-8
17:27:35,-17,11,3
17:27:35,-9,-2,11
17:27:35,4,-5,22
17:27:35,1,-4,26
17:27:36,4,-15,33
17:27:36,-4,-20,29
17:27:36,0,-20,27
17:27:36,-1,-9,18
17:27:36,-15,7,10
17:27:36,-12,22,-2
17:27:36,-14,29,-8
17:27:36,-5,25,-13
17:27:36,-19,24,-11
17:27:36,-17,25,-4
17:27:36,-13,22,8
17:27:36,-3,5,17
17:27:36,4,-13,25
17:27:36,7,-26,38
17:27:36,1,-25,33
17:27:36,-6,-11,29
17:27:36,3,-3,16
17:27:36,-5,3,13
17:27:36,-2,8,0
17:27:36,-5,22,-10
17:27:37,-18,34,-14
17:27:37,-4,35,-12
17:27:37,4,25,-6
17:27:37,15,6,5
17:27:37,-4,-3,15
17:27:37,5,-2,21
17:27:37,3,-6,27
17:27:37,2,-17,33
17:27:37,8,-21,31
17:27:37,7,-17,24
17:27:37,-6,-6,17
17:27:37,-14,10,9
17:27:37,-11,23,-4
17:27:37,-11,25,-13
17:27:37,-13,24,-13
17:27:37,-19,24,-9
17:27:37,-23,24,-1
17:27:37,-19,16,7
17:27:37,-7,-1,16
17:27:37,1,-20,27
17:27:38,2,-27,34
17:27:38,-4,-19,31
17:27:38,-1,-10,22
17:27:38,0,-4,17
17:27:38,4,2,4
17:27:38,-4,14,-7
17:27:38,-16,28,-12
17:27:38,-15,37,-14
17:27:38,-13,33,-10
17:27:38,7,18,-3
17:27:38,8,3,8
17:27:38,6,-4,20
17:27:38,9,-2,21
17:27:38,-9,-12,36
17:27:38,10,-20,28
17:27:38,-4,-20,29
17:27:38,-1,-15,20
17:27:38,-9,4,12
17:27:38,-16,16,3
17:27:38,-3,26,-10
17:27:39,-14,24,-9
17:27:39,-12,27,-12
17:27:39,-10,27,-5
17:27:39,-19,23,3
17:27:39,0,7,14
17:27:39,16,-14,25
17:27:39,9,-26,36
17:27:39,-2,-22,37
17:27:39,1,-13,30
17:27:39,-12,-3,23
17:27:39,3,-2,13
17:27:39,3,9,2
17:27:39,-4,22,-9
17:27:39,-21,35,-11
17:27:39,-17,35,-13
17:27:39,-9,25,-10
17:27:39,-16,8,5
17:27:39,7,1,13
17:27:39,-17,1,20
17:27:40,-2,-8,28
17:27:40,-5,-17,32
17:27:40,13,-24,30
17:27:40,-3,-17,19
17:27:40,-4,-2,19
17:27:40,-5,12,1
17:27:40,-13,24,-5
17:27:40,-6,21,-10
17:27:40,-15,29,-16
17:27:40,-22,28,-7
17:27:40,-9,29,1
17:27:40,-13,11,11
17:27:40,8,-8,21
17:27:40,1,-22,34
17:27:40,1,-24,34
17:27:40,-14,-15,30
17:27:40,6,-9,25
17:27:40,-1,-5,17
17:27:40,0,3,3
17:27:40,-11,17,-3
17:27:41,-15,30,-12
17:27:41,-19,36,-12
17:27:41,7,26,-9
17:27:41,-18,12,0
17:27:41,6,4,10
17:27:41,-8,7,15
17:27:41,-6,-5,25
17:27:41,5,-17,32
17:27:41,-1,-26,32
17:27:41,4,-24,29
17:27:41,-11,-9,22
17:27:41,-10,6,11
17:27:41,-9,18,-3
17:27:41,-2,20,-10
17:27:41,4,28,-18
17:27:41,-19,33,-10
17:27:41,-25,31,-6
17:27:41,-15,18,9
17:27:41,13,-5,15
17:27:41,4,-18,31
17:27:42,3,-24,36
17:27:42,-10,-15,33
17:27:42,-1,-11,29
17:27:42,0,-8,20
17:27:42,-1,-1,11
17:27:42,-6,14,-2
17:27:42,-23,29,-8
17:27:42,-13,37,-16
17:27:42,-12,29,-13
17:27:42,2,15,-3
17:27:42,-4,9,5
17:27:42,-8,13,13
17:27:42,-4,0,21
17:27:42,5,-15,33
17:27:42,7,-26,31
17:27:42,5,-25,31
17:27:42,-8,-9,23
17:27:42,-8,1,12
17:27:42,-5,12,1
17:27:42,0,18,-7
17:27:43,-3,26,-16
17:27:43,-17,33,-11
17:27:43,4,34,-11
17:27:43,-20,22,4
17:27:43,6,3,10
17:27:43,8,-13,24
17:27:43,-2,-20,33
17:27:43,3,-14,33
17:27:43,-8,-15,34
17:27:43,8,-13,21
17:27:43,-1,-7,14
17:27:43,-4,5,-1
17:27:43,-13,20,-6
17:27:43,-15,30,-12
17:27:43,-12,31,-11
17:27:43,0,19,-10
17:27:43,8,14,0
17:27:43,-1,12,8
17:27:43,-3,8,17
17:27:44,-5,-9,28
17:27:44,10,-23,33
17:27:44,8,-28,35
17:27:44,0,-21,27
17:27:44,-8,-4,21
17:27:44,-4,6,9
17:27:44,-2,14,-1
17:27:44,-4,19,-11
17:27:44,-6,30,-18
17:27:44,-22,34,-11
17:27:44,-12,29,-6
17:27:44,-11,17,7
17:27:44,4,-6,18
17:27:44,11,-17,28
17:27:44,4,-17,31
17:27:44,0,-13,33
17:27:44,-6,-13,31
17:27:44,7,-12,19
17:27:44,-1,-1,11
17:27:44,-2,12,-3
17:27:45,-15,28,-9
17:27:45,-16,35,-13
17:27:45,-1,28,-13
17:27:45,-20,16,-5
17:27:45,-2,12,4
17:27:45,-3,10,12
17:27:45,-6,1,21
17:27:45,-6,-15,30
17:27:45,2,-28,32
17:27:45,-1,-26,28
17:27:45,-8,-11,22
17:27:45,-6,3,10
17:27:45,-8,11,2
17:27:45,-6,16,-8
17:27:45,-10,26,-15
17:27:45,-3,32,-14
17:27:45,-23,34,-6
17:27:45,-1,25,0
17:27:45,-15,6,7
17:27:45,4,-13,23
17:27:46,2,-19,30
17:27:46,-7,-15,32
17:27:46,-2,-14,28
17:27:46,3,-12,26
17:27:46,2,-9,15
17:27:46,-8,5,5
17:27:46,-12,16,-2
17:27:46,-20,30,-13
17:27:46,-15,32,-10
17:27:46,-10,21,-10
17:27:46,-16,12,0
17:27:46,-11,9,10
17:27:46,-5,5,17
17:27:46,2,-7,28
17:27:46,-7,-22,29
17:27:46,2,-28,34
17:27:46,-4,-20,23
17:27:46,-6,-4,20
17:27:46,-6,8,7
17:27:46,-2,15,-4
17:27:47,-8,17,-10
17:27:47,-3,29,-17
17:27:47,-17,31,-10
17:27:47,-2,31,-7
17:27:47,-3,16,4
17:27:47,4,-2,15
17:27:47,5,-17,28
17:27:47,8,-18,35
17:27:47,-3,-14,31
17:27:47,-1,-11,31
17:27:47,1,-9,21
17:27:47,4,-5,14
17:27:47,-2,10,2
17:27:47,-17,25,-4
17:27:47,-17,34,-13
17:27:47,-7,31,-11
17:27:47,3,17,-7
17:27:47,17,11,4
17:27:47,6,11,9
17:27:48,10,4,18
17:27:48,6,-9,30
17:27:48,8,-23,36
17:27:48,7,-28,33
17:27:48,-3,-17,27
17:27:48,-7,-2,20
17:27:48,-18,10,8
17:27:48,-4,17,-4
17:27:48,-11,22,-12
17:27:48,-6,30,-15
17:27:48,-13,30,-9
17:27:48,-9,31,-3
17:27:48,-4,14,8
17:27:48,-2,-4,17
17:27:48,-9,-18,31
17:27:48,3,-18,34
17:27:48,-1,-14,31
17:27:48,5,-10,23
17:27:48,6,-9,20
17:27:48,-1,1,6
17:27:49,-8,12,1
17:27:49,-13,26,-8
17:27:49,-21,34,-12
17:27:49,-13,30,-11
17:27:49,3,13,-4
17:27:49,-19,7,8
17:27:49,-1,10,12
17:27:49,0,-2,21
17:27:49,4,-16,31
17:27:49,-3,-25,33
17:27:49,6,-24,31
17:27:49,-11,-11,19
17:27:49,-13,4,18
17:27:49,-5,16,0
17:27:49,-5,20,-11
17:27:49,-11,25,-14
17:27:49,-7,29,-16
17:27:49,-17,30,-6
17:27:49,-25,23,2
17:27:49,-10,2,13
17:27:50,5,-19,26
17:27:50,-2,-26,35
17:27:50,3,-16,32
17:27:50,-7,-13,29
17:27:50,3,-9,20
17:27:50,0,-3,10
17:27:50,0,10,1
17:27:50,-12,23,-10
17:27:50,-4,34,-13
17:27:50,-2,33,-14
17:27:50,-5,18,-7
17:27:50,-20,7,4
17:27:50,1,1,14
17:27:50,1,1,20
17:27:50,-5,-8,31
17:27:50,5,-20,35
17:27:50,-1,-26,33
17:27:50,4,-18,24
17:27:50,-15,0,19
17:27:50,-14,12,8
17:27:51,-12,24,-4
17:27:51,-10,23,-11
17:27:51,-13,27,-14
17:27:51,-21,27,-6
17:27:51,-5,26,1
17:27:51,-17,12,10
17:27:51,9,-10,21
17:27:51,6,-24,34
17:27:51,2,-27,38
17:27:51,-1,-12,30
17:27:51,-1,-8,26
17:27:51,5,-4,12
17:27:51,1,5,6
17:27:51,-12,20,-8
17:27:51,-16,32,-9
17:27:51,-4,35,-15
17:27:51,2,27,-9
17:27:51,-12,10,-2
17:27:51,-13,2,14
17:27:52,0,1,18
17:27:52,-4,-6,25
17:27:52,5,-17,34
17:27:52,9,-25,33
17:27:52,9,-20,28
17:27:52,-7,-7,18
17:27:52,-7,9,12
17:27:52,-15,16,-3
17:27:52,-5,21,-11
17:27:52,-10,27,-16
17:27:52,-14,28,-10
17:27:52,-23,30,-4
17:27:52,-15,16,10
17:27:52,6,-1,16
17:27:52,18,-20,30
17:27:52,7,-26,37
17:27:52,-4,-15,31
17:27:52,2,-10,28
17:27:52,5,-4,18
17:27:52,2,0,8
17:27:53,-5,14,-3
17:27:53,-17,27,-9
17:27:53,-20,35,-12
17:27:53,-12,30,-11
17:27:53,4,14,-3
17:27:53,-12,5,5
17:27:53,-19,6,16
17:27:53,-11,-1,24
17:27:53,3,-15,32
17:27:53,4,-25,33
17:27:53,7,-24,29
17:27:53,-2,-14,22
17:27:53,-7,2,14
17:27:53,-8,15,3
17:27:53,-3,19,-10
17:27:53,-13,24,-12
17:27:53,-9,27,-16
17:27:53,-21,32,-6
17:27:53,-11,22,2
17:27:53,5,7,10
17:27:54,6,-16,26
17:27:54,8,-24,35
17:27:54,-8,-16,32
17:27:54,-7,-11,31
17:27:54,-3,-12,26
17:27:54,4,-6,15
17:27:54,-3,8,1
17:27:54,-12,22,-5
17:27:54,-24,33,-8
17:27:54,-18,35,-12
17:27:54,-11,21,-9
17:27:54,-12,10,2
17:27:54,-10,5,12
17:27:54,-7,6,15
17:27:54,0,-5,25
17:27:54,6,-20,29
17:27:54,3,-26,33
17:27:54,0,-21,26
17:27:54,-7,-5,19
17:27:54,-3,6,9
17:27:55,-5,14,-3
17:27:55,-5,17,-7
17:27:55,-7,29,-19
17:27:55,-12,34,-14
17:27:55,4,33,-10
17:27:55,14,18,2
17:27:55,-12,-1,12
17:27:55,-5,-15,26
17:27:55,-1,-17,32
17:27:55,-3,-14,32
17:27:55,2,-14,30
17:27:55,5,-12,19
17:27:55,3,-4,10
17:27:55,-4,8,1
17:27:55,-11,23,-5
17:27:55,-8,29,-14
17:27:55,-6,29,-13
17:27:55,-12,19,-9
17:27:55,2,17,0
17:27:56,-16,20,2
17:27:56,7,9,14
17:27:56,-9,-5,24
17:27:56,3,-26,34
17:27:56,9,-28,35
17:27:56,-1,-14,32
17:27:56,-7,-5,22
17:27:56,3,3,18
17:27:56,6,5,1
17:27:56,-3,21,-9
17:27:56,-17,32,-11
17:27:56,-18,36,-14
17:27:56,-18,29,-4
17:27:56,-8,10,-2
17:27:56,-3,0,9
17:27:56,1,1,21
17:27:56,-13,-4,24
17:27:56,5,-16,35
17:27:56,10,-24,28
17:27:56,9,-20,26
17:27:57,-8,-9,23
17:27:57,-4,5,11
17:27:57,-14,19,0
17:27:57,-2,19,-11
17:27:57,-15,29,-17
17:27:57,-21,29,-11
17:27:57,-25,29,-2
17:27:57,-2,20,3
17:27:57,-4,1,11
17:27:57,5,-17,26
17:27:57,7,-24,37
17:27:57,-6,-17,32
17:27:57,-1,-14,32
17:27:57,7,-12,21
17:27:57,1,-6,13
17:27:57,-7,8,-1
17:27:57,-17,23,-7
17:27:57,-12,32,-13
17:27:57,-12,32,-12
17:27:57,3,19,-8
17:27:58,1,15,-1
17:27:58,2,14,7
17:27:58,-3,7,16
17:27:58,-3,-7,27
17:27:58,5,-24,33
17:27:58,4,-28,34
17:27:58,-1,-22,32
17:27:58,-10,-5,23
17:27:58,-1,4,13
17:27:58,-5,10,0
17:27:58,-5,18,-7
17:27:58,-14,31,-14
17:27:58,-24,36,-11
17:27:58,-12,33,-8
17:27:58,-16,15,1
17:27:58,4,-1,13
17:27:58,4,-11,23
17:27:58,1,-9,28
17:27:58,0,-14,31
17:27:58,-3,-17,30
17:27:59,2,-17,25
17:27:59,6,-9,15
17:27:59,-8,4,8
17:27:59,-15,18,-3
17:27:59,-9,26,-7
17:27:59,-8,23,-14
17:27:59,-13,24,-12
17:27:59,-14,24,-5
17:27:59,-23,23,4
17:27:59,-12,8,14
17:27:59,10,-11,24
17:27:59,6,-25,35
17:27:59,0,-25,37
17:27:59,-11,-13,31
17:27:59,-3,-8,28
17:27:59,-2,-2,15
17:27:59,4,4,6
17:27:59,-8,17,-6
17:27:59,-19,31,-11
17:28:00,-17,36,-14
17:28:00,-18,29,-10
17:28:00,7,12,-1
17:28:00,-19,4,10
17:28:00,-4,2,18
17:28:00,4,-3,21
17:28:00,1,-16,30
17:28:00,3,-23,31
17:28:00,0,-23,30
17:28:00,2,-13,21
17:28:00,-15,3,10
17:28:00,-4,13,-1
17:28:00,-4,20,-10
17:28:00,-6,25,-12
17:28:00,-13,28,-17
17:28:00,-7,31,-9
17:28:00,-15,27,0
17:28:00,-18,10,10
17:28:00,-5,-11,20
17:28:00,-7,-23,34
17:28:01,-13,-22,32
17:28:01,-11,-12,30
17:28:01,-2,-11,26
17:28:01,5,-4,13
17:28:01,-4,5,4
17:28:01,-5,17,-7
17:28:01,-22,31,-10
17:28:01,-15,35,-15
17:28:01,-16,28,-11
17:28:01,14,10,1
17:28:01,-12,7,9
17:28:01,-5,9,14
17:28:01,-10,-4,25
17:28:01,0,-16,33
17:28:01,11,-24,31
17:28:01,3,-20,29
17:28:01,-6,-10,24
17:28:01,-13,4,15
17:28:01,-4,15,-2
17:28:01,-3,20,-9
17:28:02,-8,25,-15
17:28:02,-17,30,-13
17:28:02,-23,32,-7
17:28:02,-18,22,1
17:28:02,-15,8,11
17:28:02,-10,-15,25
17:28:02,-8,-24,34
17:28:02,-8,-16,33
17:28:02,-1,-12,30
17:28:02,2,-11,24
17:28:02,6,-8,14
17:28:02,-6,7,0
17:28:02,-12,16,-5
17:28:02,-17,32,-12
17:28:02,-13,32,-15
17:28:02,-12,23,-10
17:28:02,-18,13,-1
17:28:02,-17,8,9
17:28:02,-7,6,16
17:28:02,-2,-4,24
17:28:03,6,-18,28
17:28:03,0,-26,32
17:28:03,4,-22,33
17:28:03,-7,-8,21
17:28:03,-10,6,12
17:28:03,-13,14,2
17:28:03,-1,18,-6
17:28:03,-14,27,-15
17:28:03,-17,31,-9
17:28:03,-30,31,-5
17:28:03,2,25,-1
17:28:03,3,5,9
17:28:03,0,-10,22
17:28:03,1,-20,34
17:28:03,-4,-14,33
17:28:03,-2,-15,32
17:28:03,3,-13,26
17:28:03,3,-9,18
17:28:03,2,2,5
17:28:03,-6,13,-1
17:28:04,-24,28,-8
17:28:04,-12,32,-16
17:28:04,-13,25,-11
17:28:04,-14,15,-5
17:28:04,-5,10,5
17:28:04,2,12,10
17:28:04,3,2,20
17:28:04,-1,-14,30
17:28:04,4,-26,35
17:28:04,11,-25,31
17:28:04,-4,-14,25
17:28:04,-4,0,13
17:28:04,-7,10,2
17:28:04,-5,15,-7
17:28:04,2,20,-13
17:28:04,3,29,-15
17:28:04,-22,32,-11
17:28:04,-5,27,-3
17:28:04,-2,14,8
17:28:05,8,-5,17
17:28:05,-8,-19,26
17:28:05,6,-21,35
17:28:05,-2,-15,31
17:28:05,4,-11,29
17:28:05,3,-9,22
17:28:05,1,-2,11
17:28:05,-6,10,2
17:28:05,-18,24,-5
17:28:05,-19,35,-10
17:28:05,-20,34,-10
17:28:05,-10,17,-7
17:28:05,-20,9,0
17:28:05,-11,4,13
17:28:05,-3,3,20
17:28:05,-3,-8,27
17:28:05,2,-19,29
17:28:05,10,-22,28
17:28:05,0,-16,22
17:28:05,-8,-4,19
17:28:06,-13,10,6
17:28:06,-14,22,-2
17:28:06,-7,23,-10
17:28:06,-16,25,-12
17:28:06,-15,26,-10
17:28:06,-29,25,-1
17:28:06,0,18,5
17:28:06,-12,1,19
17:28:06,7,-17,29
17:28:06,10,-25,39
17:28:06,-4,-21,34
17:28:06,-5,-10,29
17:28:06,-12,-2,22
17:28:06,-4,6,11
17:28:06,-5,9,1
17:28:06,-8,23,-9
17:28:06,-16,33,-14
17:28:06,-21,37,-11
17:28:06,-16,25,-4
17:28:06,5,9,4
17:28:07,7,-3,14
17:28:07,8,-11,26
17:28:07,0,-7,28
17:28:07,-1,-14,34
17:28:07,-2,-16,31
17:28:07,6,-14,20
17:28:07,-3,-3,15
17:28:07,-6,7,7
17:28:07,-17,21,0
17:28:07,-16,33,-9
17:28:07,-14,28,-14
17:28:07,-13,19,-8
17:28:07,-8,17,0
17:28:07,-13,16,8
17:28:07,-4,10,15
17:28:07,1,-8,25
17:28:07,5,-22,29
17:28:07,9,-27,34
17:28:07,-4,-20,30
17:28:08,-4,-6,21
17:28:08,-7,5,12
17:28:08,-10,15,0
17:28:08,-7,17,-9
17:28:08,-14,28,-16
17:28:08,-15,30,-10
17:28:08,-26,31,-3
17:28:08,-16,18,4
17:28:08,4,2,10
17:28:08,-4,-15,26
17:28:08,1,-25,33
17:28:08,-5,-18,32
17:28:08,0,-12,25
17:28:08,-1,-10,21
17:28:08,2,-3,12
17:28:08,-5,9,-1
17:28:08,-7,19,-9
17:28:08,-17,32,-14
17:28:08,-12,34,-12
17:28:08,-11,27,-8
17:28:09,6,10,3
17:28:09,7,0,12
17:28:09,10,-5,21
17:28:09,2,-6,28
17:28:09,-1,-13,34
17:28:09,-2,-16,33
17:28:09,6,-18,23
17:28:09,4,-7,15
17:28:09,-13,9,10
17:28:09,-20,23,3
17:28:09,-17,32,-12
17:28:09,-14,28,-14
17:28:09,-11,19,-8
17:28:09,-18,16,1
17:28:09,-1,14,7
17:28:09,-13,4,16
17:28:09,0,-11,22
17:28:09,3,-22,33
17:28:09,1,-26,31
17:28:09,-7,-16,25
17:28:10,-9,-1,14
17:28:10,-8,10,6
17:28:10,-9,15,-4
17:28:10,0,20,-12
17:28:10,-6,29,-15
17:28:10,-23,30,-9
17:28:10,-12,28,-1
17:28:10,-3,13,9
17:28:10,7,-2,19
17:28:10,4,-21,31
17:28:10,0,-25,35
17:28:10,-1,-16,33
17:28:10,-3,-9,25
17:28:10,-1,-5,17
17:28:10,-3,-1,8
17:28:10,-1,13,-3
17:28:10,-14,27,-11
17:28:10,-19,36,-11
17:28:10,-26,34,-11
17:28:10,-14,19,-2
17:28:11,-8,2,6
17:28:11,-11,-6,17
17:28:11,-4,-8,26
17:28:11,-9,-11,29
17:28:11,3,-17,32
17:28:11,3,-16,25
17:28:11,8,-10,18
17:28:11,-10,2,7
17:28:11,-14,18,4
17:28:11,-15,31,-12
17:28:11,-14,32,-13
17:28:11,-10,20,-11
17:28:11,-1,14,-2
17:28:11,8,13,8
17:28:11,-2,9,17
17:28:11,1,-7,29
17:28:11,0,-19,35
17:28:11,5,-27,34
17:28:11,-1,-21,28
17:28:11,-7,-5,21
17:28:12,-15,7,13
17:28:12,-14,20,-1
17:28:12,-9,19,-7
17:28:12,-14,24,-11
17:28:12,-15,26,-11
17:28:12,-11,28,1
17:28:12,-14,17,7
17:28:12,-10,-2,19
17:28:12,10,-21,27
17:28:12,1,-26,35
17:28:12,-3,-20,30
17:28:12,-4,-8,22
17:28:12,-2,-3,12
17:28:12,-2,4,4
17:28:12,-5,13,-8
17:28:12,3,25,-15
17:28:12,-18,36,-12
17:28:12,-25,33,-9
17:28:12,-4,21,-1
17:28:13,-10,2,7
17:28:13,-4,-11,22
17:28:13,3,-12,30
17:28:13,0,-11,31
17:28:13,6,-13,29
17:28:13,-1,-12,25
17:28:13,1,-7,17
17:28:13,-6,4,8
17:28:13,-16,20,-1
17:28:13,-16,34,-11
17:28:13,-18,32,-11
17:28:13,5,18,-8
17:28:13,2,14,2
17:28:13,-6,13,8
17:28:13,-7,5,20
17:28:13,7,-7,24
17:28:13,3,-22,35
17:28:13,10,-26,34
17:28:13,8,-19,26
17:28:13,-10,1,17
17:28:14,-13,12,6
17:28:14,-3,23,-6
17:28:14,-9,22,-12
17:28:14,-8,28,-16
17:28:14,-20,27,-8
17:28:14,-13,24,0
17:28:14,-21,11,10
17:28:14,9,-8,21
17:28:14,8,-25,36
17:28:14,16,-28,39
17:28:14,-2,-12,26
17:28:14,-5,-6,23
17:28:14,1,3,10
17:28:14,3,5,2
17:28:14,-4,22,-12
17:28:14,-20,32,-12
17:28:14,-10,35,-14
17:28:14,-2,28,-6
17:28:14,8,13,2
17:28:14,9,-4,17
17:28:15,11,-15,25
17:28:15,-4,-10,29
17:28:15,-3,-15,33
17:28:15,-3,-13,27
17:28:15,3,-11,21
17:28:15,-3,2,9
17:28:15,-11,13,-1
17:28:15,-20,28,-6
17:28:15,-14,34,-13
17:28:15,-13,25,-14
17:28:15,7,14,-3
17:28:15,-20,9,8
17:28:15,-17,10,13
17:28:15,11,-7,26
17:28:15,-9,-17,31
17:28:15,5,-26,32
17:28:15,8,-20,24
17:28:15,-7,-5,19
17:28:15,-14,9,5
17:28:15,-6,19,-7
17:28:16,-3,20,-14
17:28:16,-13,28,-15
17:28:16,-16,28,-7
17:28:16,-19,23,-1
17:28:16,-3,13,11
17:28:16,10,-6,21
17:28:16,10,-25,36
17:28:16,-3,-30,34
17:28:16,-10,-15,28
17:28:16,-6,-6,23
17:28:16,0,0,10
17:28:16,-5,6,1
17:28:16,-5,22,-13
17:28:16,-12,31,-14
17:28:16,-16,35,-13
17:28:16,-14,26,-1
17:28:16,-14,10,5
17:28:16,0,-8,20
17:28:16,9,-15,27
17:28:17,-8,-15,31
17:28:17,0,-15,34
17:28:17,-1,-13,26
17:28:17,7,-9,19
17:28:17,0,3,6
17:28:17,-14,17,1
17:28:17,-16,31,-9
17:28:17,-24,35,-13
17:28:17,-9,23,-11
17:28:17,-17,11,2
17:28:17,-10,3,10
17:28:17,-3,3,18
17:28:17,-1,-7,22
17:28:17,-4,-17,34
17:28:17,4,-24,27
17:28:17,4,-15,22
17:28:17,-7,-5,13
17:28:17,-3,12,6
17:28:17,-15,23,-8
17:28:17,-6,27,-15
17:28:18,-12,24,-9
17:28:18,-1,22,-7
17:28:18,-17,23,1
17:28:18,-1,14,9
17:28:18,4,-3,28
17:28:18,8,-21,33
17:28:18,4,-29,36
17:28:18,-2,-18,30
17:28:18,-11,-5,26
17:28:18,-8,5,12
17:28:18,-7,10,1
17:28:18,-4,18,-9
17:28:18,-13,29,-14
17:28:18,-23,35,-9
17:28:18,-22,30,-5
17:28:18,-15,15,3
17:28:18,-9,-6,15
17:28:18,-12,-19,30
17:28:18,-5,-16,34
17:28:18,-2,-15,26
17:28:19,3,-13,26
17:28:19,6,-6,13
17:28:19,-5,5,2
17:28:19,-11,16,-7
17:28:19,-15,32,-12
17:28:19,-13,33,-13
17:28:19,10,25,-9
17:28:19,12,7,3
17:28:19,7,2,13
17:28:19,-3,3,16
17:28:19,2,-6,28
17:28:19,0,-17,35
17:28:19,13,-24,33
17:28:19,3,-16,23
17:28:19,-1,-1,18
17:28:19,-11,15,6
17:28:19,-14,28,-8
17:28:19,-4,25,-14
17:28:19,-15,23,-13
17:28:19,-5,22,-3
17:28:20,2,17,5
17:28:20,-14,7,15
17:28:20,12,-11,26
17:28:20,7,-25,37
17:28:20,6,-29,34
17:28:20,-14,-11,25
17:28:20,-3,0,18
17:28:20,-16,10,3
17:28:20,-1,13,-5
17:28:20,-12,28,-18
17:28:20,-20,32,-11
17:28:20,-23,30,-4
17:28:20,-1,20,1
17:28:20,13,-1,14
17:28:20,-15,-18,27
17:28:20,4,-26,35
17:28:20,-11,-16,31
17:28:20,-2,-10,27
17:28:20,-2,-6,13
17:28:21,3,1,5
17:28:21,3,15,-9
17:28:21,-18,31,-12
17:28:21,-19,36,-14
17:28:21,-12,26,-7
17:28:21,7,9,3
17:28:21,-14,-3,13
17:28:21,-4,-6,20
17:28:21,-8,-10,30
17:28:21,1,-16,29
17:28:21,6,-18,27
17:28:21,5,-13,19
17:28:21,-2,-1,12
17:28:21,-12,18,1
17:28:21,-18,30,-8
17:28:21,-6,32,-12
17:28:21,-16,22,-6
17:28:21,0,14,-1
17:28:21,-5,16,6
17:28:21,-1,7,13
17:28:22,-3,-7,28
17:28:22,6,-25,30
17:28:22,-2,-25,31
17:28:22,-3,-16,25
17:28:22,-9,-2,15
17:28:22,-7,11,3
17:28:22,2,17,-8
17:28:22,-15,25,-11
17:28:22,-17,27,-13
17:28:22,-23,29,-5
17:28:22,-4,21,3
17:28:22,-6,3,11
17:28:22,12,-19,27
17:28:22,6,-27,36
17:28:22,-9,-17,32
17:28:22,0,-11,26
17:28:22,-2,-5,17
17:28:22,-2,3,6
17:28:22,-2,16,-7
17:28:22,-22,32,-12
17:28:23,-18,36,-13
17:28:23,-25,29,-6
17:28:23,8,9,0
17:28:23,-17,-3,13
17:28:23,3,-6,28
17:28:23,-6,-9,29
17:28:23,-5,-17,36
17:28:23,4,-18,26
17:28:23,4,-12,23
17:28:23,2,-1,8
17:28:23,-17,19,2
17:28:23,-13,28,-9
17:28:23,-7,31,-16
17:28:23,-12,20,-8
17:28:23,-11,17,-2
17:28:23,-14,17,8
17:28:23,3,4,15
17:28:23,-7,-11,31
17:28:23,5,-28,33
17:28:23,7,-24,30
17:28:24,-8,-11,21
17:28:24,-5,4,10
17:28:24,-8,11,1
17:28:24,4,17,-9
17:28:24,-14,27,-15
17:28:24,-14,30,-10
17:28:24,-2,28,-4
17:28:24,-19,18,8
17:28:24,3,-2,16
17:28:24,-9,-20,30
17:28:24,-1,-26,38
17:28:24,-7,-15,32
17:28:24,-7,-9,29
17:28:24,4,-3,17
17:28:24,-7,3,6
17:28:24,-1,18,-5
17:28:24,-24,31,-10
17:28:24,-13,38,-10
17:28:24,-3,27,-6
17:28:25,12,8,2
17:28:25,5,-5,16
17:28:25,2,-6,24
17:28:25,3,-9,30
17:28:25,8,-14,28
17:28:25,9,-16,31
17:28:25,11,-13,16
17:28:25,-2,2,9
17:28:25,-19,17,-1
17:28:25,-10,31,-12
17:28:25,-12,29,-11
17:28:25,-1,19,-10
17:28:25,-8,14,1
17:28:25,1,13,10
17:28:25,0,3,20
17:28:25,10,-11,32
17:28:25,12,-24,30
17:28:25,-1,-24,29
17:28:25,3,-13,20
17:28:25,-11,4,9
17:28:26,-4,16,-3
17:28:26,-7,23,-8
17:28:26,-13,26,-11
17:28:26,8,25,-16
17:28:26,-21,27,-4
17:28:26,-3,18,4
17:28:26,-10,2,18
17:28:26,7,-21,29
17:28:26,4,-28,34
17:28:26,-6,-18,29
17:28:26,-9,-9,24
17:28:26,-3,-3,12
17:28:26,1,5,3
17:28:26,-13,19,-6
17:28:26,-12,28,-14
17:28:26,-13,35,-12
17:28:26,-19,29,-3
17:28:26,4,12,4
17:28:26,-14,-8,15
17:28:26,7,-16,32
17:28:27,-5,-14,30
17:28:27,-2,-14,32
17:28:27,1,-15,29
17:28:27,8,-8,18
17:28:27,-3,4,6
17:28:27,-11,18,-1
17:28:27,-25,30,-10
17:28:27,-15,34,-15
17:28:27,-11,22,-9
17:28:27,8,11,2
17:28:27,-5,2,11
17:28:27,-19,1,20
17:28:27,4,-9,29
17:28:27,3,-19,31
17:28:27,9,-23,29
17:28:27,1,-14,18
17:28:27,-1,1,10
17:28:27,2,15,-2
17:28:27,-13,25,-11
17:28:27,10,26,-15
17:28:28,-18,24,-8
17:28:28,-5,19,-3
17:28:28,-11,18,5
17:28:28,3,8,14
17:28:28,-9,-8,27
17:28:28,-7,-26,30
17:28:28,-2,-26,31
17:28:28,-9,-16,29
17:28:28,-1,-2,18
17:28:28,-9,7,7
17:28:28,2,15,-4
17:28:28,-10,21,-11
17:28:28,-16,29,-14
17:28:28,-24,30,-8
17:28:28,-1,27,-3
17:28:28,-16,9,10
17:28:28,13,-10,22
17:28:28,-3,-23,31
17:28:28,0,-21,36
17:28:29,1,-14,30
17:28:29,-4,-4,22
17:28:29,3,2,12
17:28:29,-2,6,1
17:28:29,3,22,-10
17:28:29,-19,33,-13
17:28:29,-20,37,-11
17:28:29,-18,27,-5
17:28:29,-8,8,1
17:28:29,-10,-5,15
17:28:29,1,-11,29
17:28:29,5,-9,25
17:28:29,2,-15,34
17:28:29,-3,-16,25
17:28:29,-1,-12,21
17:28:29,-3,0,5
17:28:29,-15,16,0
17:28:29,-17,28,-9
17:28:29,-15,32,-14
17:28:29,-13,22,-8
17:28:30,-12,13,-4
17:28:30,-15,11,9
17:28:30,-11,7,17
17:28:30,-2,-5,25
17:28:30,3,-22,30
17:28:30,1,-27,32
17:28:30,0,-19,29
17:28:30,-9,-2,15
17:28:30,-13,11,6
17:28:30,7,19,-7
17:28:30,-10,22,-11
17:28:30,-4,28,-17
17:28:30,-2,29,-8
17:28:30,-4,26,-2
17:28:30,3,13,9
17:28:30,9,-5,19
17:28:30,8,-21,29
17:28:30,4,-26,37
17:28:30,-4,-14,31
17:28:30,-5,-8,27
17:28:31,-1,-1,18
17:28:31,-4,2,6
17:28:31,-4,18,-7
17:28:31,-15,30,-11
17:28:31,-24,37,-10
17:28:31,-20,30,-10
17:28:31,-13,15,-1
17:28:31,0,-3,11
17:28:31,-1,-10,26
17:28:31,-8,-9,26
17:28:31,1,-15,33
17:28:31,3,-16,30
17:28:31,2,-14,22
17:28:31,-3,-2,12
17:28:31,-8,9,5
17:28:31,-15,24,-5
17:28:31,-9,31,-11
17:28:31,8,24,-14
17:28:31,-8,19,-6
17:28:31,-4,15,3
17:28:32,-5,15,8
17:28:32,-2,4,21
17:28:32,5,-9,30
17:28:32,12,-28,35
17:28:32,8,-25,31
17:28:32,-3,-11,25
17:28:32,-15,2,17
17:28:32,-12,13,6
17:28:32,-6,15,-5
17:28:32,-7,25,-12
17:28:32,-17,30,-12
17:28:32,-28,32,-3
17:28:32,-20,24,4
17:28:32,-12,3,10
17:28:32,-9,-16,27
17:28:32,-14,-24,36
17:28:32,-12,-17,30
17:28:32,-10,-12,24
17:28:32,-2,-7,22
17:28:32,8,-3,9
17:28:33,3,12,-4
17:28:33,-15,25,-6
17:28:33,-18,35,-14
17:28:33,-21,34,-11
17:28:33,-12,18,-5
17:28:33,-15,2,6
17:28:33,-9,0,16
17:28:33,-9,-2,24
17:28:33,-6,-13,30
17:28:33,1,-19,31
17:28:33,5,-19,23
17:28:33,-1,-10,19
17:28:33,-5,4,7
17:28:33,-9,18,-1
17:28:33,-9,25,-9
17:28:33,-10,23,-11
17:28:33,-1,23,-11
17:28:33,-17,20,-2
17:28:33,-8,19,5
17:28:34,-1,7,15
17:28:34,-6,-8,23
17:28:34,-3,-27,32
17:28:34,10,-27,35
17:28:34,-3,-13,28
17:28:34,-4,-5,16
17:28:34,-6,4,6
17:28:34,-3,8,-1
17:28:34,-6,21,-14
17:28:34,-14,31,-13
17:28:34,-15,35,-13
17:28:34,-2,28,-3
17:28:34,-17,12,2
17:28:34,4,-6,17
17:28:34,1,-17,30
17:28:34,-5,-13,31
17:28:34,-4,-15,34
17:28:34,-2,-12,30
17:28:34,5,-10,18
17:28:34,-3,3,8
17:28:35,-10,14,0
17:28:35,-21,29,-5
17:28:35,-17,37,-12
17:28:35,-13,27,-12
17:28:35,-14,14,-5
17:28:35,1,9,9
17:28:35,-7,8,14
17:28:35,-15,-4,24
17:28:35,-5,-17,33
17:28:35,5,-26,32
17:28:35,1,-20,31
17:28:35,-3,-9,21
17:28:35,-9,7,12
17:28:35,-12,18,-1
17:28:35,-1,20,-9
17:28:35,-12,25,-15
17:28:35,-18,27,-9
17:28:35,-5,27,-7
17:28:35,-22,19,5
17:28:35,7,4,15
17:28:36,0,-16,28
17:28:36,4,-25,36
17:28:36,-1,-21,34
17:28:36,-4,-11,27
17:28:36,-5,-4,20
17:28:36,2,1,6
17:28:36,-7,10,2
17:28:36,-4,23,-12
17:28:36,-21,35,-11
17:28:36,-20,34,-12
17:28:36,-17,23,-4
17:28:36,17,2,6
17:28:36,-5,-6,18
17:28:36,3,-10,29
17:28:36,-1,-12,30
17:28:36,-2,-16,35
17:28:36,0,-16,28
17:28:36,3,-11,19
17:28:36,-4,2,5
17:28:36,-16,19,2
17:28:37,-16,31,-10
17:28:37,-12,31,-13
17:28:37,-4,20,-10
17:28:37,-18,16,0
17:28:37,-8,13,7
17:28:37,-11,9,13
17:28:37,1,-11,32
17:28:37,11,-25,34
17:28:37,2,-26,36
17:28:37,0,-18,23
17:28:37,-10,-2,22
17:28:37,-9,9,8
17:28:37,1,16,-6
17:28:37,-3,21,-10
17:28:37,-14,29,-15
17:28:37,-19,31,-8
17:28:37,-10,28,-5
17:28:37,-12,10,11
17:28:37,7,-11,20
17:28:38,-8,-22,32
17:28:38,0,-18,32
17:28:38,4,-13,31
17:28:38,-4,-10,23
17:28:38,-2,-6,15
17:28:38,3,6,1
17:28:38,-16,21,-6
17:28:38,-14,33,-10
17:28:38,-13,38,-12
17:28:38,-11,23,-9
17:28:38,-3,8,2
17:28:38,8,3,10
17:28:38,3,4,16
17:28:38,10,-8,27
17:28:38,-2,-17,33
17:28:38,13,-24,29
17:28:38,8,-17,24
17:28:38,-11,-1,16
17:28:38,-6,11,4
17:28:38,-6,22,-5
17:28:39,-1,20,-14
17:28:39,-12,28,-15
17:28:39,-25,27,-6
17:28:39,-1,27,-2
17:28:39,0,12,10
17:28:39,10,-6,18
17:28:39,4,-23,32
17:28:39,-4,-27,37
17:28:39,-6,-16,32
17:28:39,1,-8,23
17:28:39,2,-4,16
17:28:39,0,1,6
17:28:39,-7,14,-5
17:28:39,-16,29,-5
17:28:39,-25,35,-12
17:28:39,-11,30,-11
17:28:39,-13,11,-3
17:28:39,11,2,10
17:28:39,-14,0,19
17:28:39,-4,-4,25
17:28:40,6,-14,32
17:28:40,0,-21,31
17:28:40,2,-18,24
17:28:40,0,-8,16
17:28:40,-8,7,10
17:28:40,-12,21,-1
17:28:40,-4,24,-12
17:28:40,-4,24,-14
17:28:40,-10,26,-11
17:28:40,-10,28,-6
17:28:40,-5,19,4
17:28:40,-11,3,15
17:28:40,12,-21,29
17:28:40,5,-25,32
17:28:40,-10,-18,31
17:28:40,3,-10,18
17:28:40,-2,-5,16
17:28:40,0,1,6
17:28:40,-6,15,-7
17:28:40,-11,26,-14
17:28:41,-17,37,-12
17:28:41,-15,34,-11
17:28:41,7,17,-3
17:28:41,0,4,7
17:28:41,3,-1,17
17:28:41,-10,-3,22
17:28:41,3,-11,32
17:28:41,5,-20,32
17:28:41,4,-22,31
17:28:41,3,-14,22
17:28:41,-16,6,13
17:28:41,-16,17,4
17:28:41,-12,26,-7
17:28:41,-13,23,-12
17:28:41,-14,26,-14
17:28:41,-22,25,-3
17:28:41,-18,22,5
17:28:41,-14,8,12
17:28:41,7,-12,20
17:28:42,-7,-24,33
17:28:42,-2,-26,36
17:28:42,-1,-12,22
17:28:42,-4,-6,19
17:28:42,1,0,8
17:28:42,-5,7,1
17:28:42,-5,21,-13
17:28:42,-20,34,-13
17:28:42,-21,34,-12
17:28:42,-19,26,-5
17:28:42,1,7,2
17:28:42,-13,-2,11
17:28:42,0,-6,26
17:28:42,-2,-7,28
17:28:42,-3,-15,31
17:28:42,8,-17,29
17:28:42,4,-17,24
17:28:42,-2,-6,17
17:28:42,-11,11,5
17:28:42,-19,22,0
17:28:43,-10,28,-13
17:28:43,-4,25,-12
17:28:43,-16,23,-11
17:28:43,-2,21,1
17:28:43,0,16,8
17:28:43,-11,3,19
17:28:43,9,-15,29
17:28:43,8,-29,37
17:28:43,0,-25,36
17:28:43,-9,-11,26
17:28:43,-12,-1,19
17:28:43,-9,7,9
17:28:43,-4,10,1
17:28:43,-6,24,-16
17:28:43,-4,31,-15
17:28:43,-22,33,-10
17:28:43,5,26,-5
17:28:43,11,10,5
17:28:43,4,-8,21
17:28:43,5,-17,30
17:28:44,-7,-13,31
17:28:44,-7,-14,33
17:28:44,-2,-12,29
17:28:44,4,-11,19
17:28:44,-1,1,9
17:28:44,-7,13,2
17:28:44,-19,28,-4
17:28:44,-13,35,-13
17:28:44,-11,29,-12
17:28:44,-17,15,-5
17:28:44,-11,10,4
17:28:44,-14,11,15
17:28:44,-12,-2,21
17:28:44,2,-16,27
17:28:44,7,-24,30
17:28:44,-2,-21,26
17:28:44,-6,-12,21
17:28:44,-6,4,13
17:28:44,-11,14,2
17:28:44,-6,21,-10
17:28:45,-12,25,-13
17:28:45,-11,26,-15
17:28:45,-11,29,-6
17:28:45,-9,23,1
17:28:45,6,8,14
17:28:45,12,-13,24
17:28:45,1,-24,33
17:28:45,-2,-22,34
17:28:45,-5,-11,32
17:28:45,-6,-7,23
17:28:45,-3,0,15
17:28:45,2,4,4
17:28:45,-7,18,-5
17:28:45,-17,32,-12
17:28:45,-20,36,-13
17:28:45,-17,27,-8
17:28:45,-12,10,-1
17:28:45,-13,-1,12
17:28:45,-14,-3,23
17:28:46,-5,-7,27
17:28:46,1,-18,30
17:28:46,2,-20,28
17:28:46,5,-17,21
17:28:46,-4,-7,13
17:28:46,-9,8,4
17:28:46,-11,19,-2
17:28:46,-7,25,-11
17:28:46,-5,24,-13
17:28:46,-5,25,-10
17:28:46,-20,23,-2
17:28:46,-1,20,4
17:28:46,-15,6,14
17:28:46,5,-13,23
17:28:46,7,-24,31
17:28:46,-4,-25,33
17:28:46,-8,-10,31
17:28:46,-6,-5,18
17:28:46,-2,4,10
17:28:46,-7,7,3
17:28:47,-9,21,-11
17:28:47,-11,30,-15
17:28:47,3,35,-13
17:28:47,-3,28,-9
17:28:47,3,12,1
17:28:47,-4,0,10
17:28:47,2,-7,24
17:28:47,-7,-6,26
17:28:47,-4,-14,35
17:28:47,1,-17,31
17:28:47,2,-18,25
17:28:47,2,-8,18
17:28:47,-16,5,8
17:28:47,-11,20,2
17:28:47,-20,27,-10
17:28:47,-7,26,-13
17:28:47,-15,22,-13
17:28:47,-15,20,-1
17:28:47,-23,15,7
17:28:47,3,7,11
17:28:48,-7,-7,23
17:28:48,-6,-26,32
17:28:48,1,-27,36
17:28:48,-2,-14,26
17:28:48,-7,-4,21
17:28:48,-3,1,13
17:28:48,-2,7,-2
17:28:48,-10,21,-7
17:28:48,-11,30,-15
17:28:48,-22,36,-12
17:28:48,1,29,-8
17:28:48,-15,16,-1
17:28:48,8,-3,14
17:28:48,-2,-9,23
17:28:48,-6,-9,28
17:28:48,-3,-14,32
17:28:48,-1,-18,34
17:28:48,3,-18,23
17:28:48,1,-8,16
17:28:48,2,5,4
17:28:49,-19,22,0
17:28:49,-6,29,-11
17:28:49,-11,27,-13
17:28:49,-14,22,-10
17:28:49,-21,19,-4
17:28:49,-8,19,8
17:28:49,-3,9,9
17:28:49,1,-7,25
17:28:49,0,-24,29
17:28:49,-6,-26,35
17:28:49,-9,-16,26
17:28:49,-4,-5,24
17:28:49,-5,0,11
17:28:49,-3,7,7
17:28:49,-8,15,-6
17:28:49,-12,29,-15
17:28:49,-22,36,-13
17:28:49,-25,32,-8
17:28:49,-13,20,-2
17:28:50,-15,-2,11
17:28:50,-8,-10,23
17:28:50,-14,-10,25
17:28:50,-9,-12,32
17:28:50,0,-18,31
17:28:50,2,-15,18
17:28:50,-5,-6,12
17:28:50,-11,6,1
17:28:50,-11,20,0
17:28:50,-8,28,-17
17:28:50,-13,29,-12
17:28:50,-8,20,-16
17:28:50,-20,20,-4
17:28:50,0,18,6
17:28:50,1,9,15
17:28:50,1,-6,27
17:28:50,6,-21,33
17:28:50,6,-27,37
17:28:50,-10,-16,26
17:28:50,-2,-7,24
17:28:51,-6,2,13
17:28:51,6,6,2
17:28:51,-9,15,-6
17:28:51,-9,25,-17
17:28:51,-19,35,-13
17:28:51,-18,30,-10
17:28:51,-17,19,-2
17:28:51,4,0,9
17:28:51,-11,-8,18
17:28:51,-5,-6,25
17:28:51,-5,-10,27
17:28:51,-3,-17,29
17:28:51,7,-16,23
17:28:51,-4,-12,19
17:28:51,-5,-1,12
17:28:51,-17,17,0
17:28:51,-15,29,-7
17:28:51,-11,28,-14
17:28:51,-11,23,-9
17:28:51,-19,20,-7
17:28:52,-20,21,4
17:28:52,-18,13,9
17:28:52,-12,-5,22
17:28:52,4,-22,27
17:28:52,-5,-25,31
17:28:52,3,-22,30
17:28:52,-6,-8,22
17:28:52,-4,-1,12
17:28:52,-2,5,6
17:28:52,-6,12,-3
17:28:52,-12,24,-15
17:28:52,-9,34,-15
17:28:52,-20,35,-11
17:28:52,-19,24,-3
17:28:52,-12,6,4
17:28:52,4,-7,16
17:28:52,0,-13,26
17:28:52,-5,-10,28
17:28:52,-5,-16,33
17:28:52,3,-14,26
17:28:53,9,-11,21
17:28:53,0,-1,9
17:28:53,-5,9,4
17:28:53,-14,25,-6
17:28:53,-12,31,-9
17:28:53,-6,27,-16
17:28:53,-2,20,-9
17:28:53,-12,18,-3
17:28:53,-1,16,8
17:28:53,-13,8,14
17:28:53,2,-8,27
17:28:53,7,-22,30
17:28:53,5,-25,33
17:28:53,-3,-20,28
17:28:53,-6,-5,21
17:28:53,-6,2,13
17:28:53,-5,13,-1
17:28:53,-10,16,-7
17:28:53,-11,28,-17
17:28:54,-18,30,-9
17:28:54,-22,30,-9
17:28:54,-19,22,4
17:28:54,-13,4,8
17:28:54,4,-12,21
17:28:54,0,-22,32
17:28:54,-2,-18,32
17:28:54,-1,-13,25
17:28:54,3,-12,24
17:28:54,2,-5,15
17:28:54,-6,2,5
17:28:54,-12,13,-2
17:28:54,-13,29,-11
17:28:54,-21,33,-15
17:28:54,-11,28,-9
17:28:54,-1,13,-4
17:28:54,16,5,4
17:28:54,15,1,16
17:28:54,0,1,21
17:28:54,-3,-9,31
17:28:55,0,-18,33
17:28:55,1,-23,30
17:28:55,4,-17,23
17:28:55,-13,-2,13
17:28:55,-16,12,7
17:28:55,-13,24,-4
17:28:55,-8,24,-12
17:28:55,-9,25,-13
17:28:55,-3,23,-12
17:28:55,-24,25,-2
17:28:55,-16,18,6
17:28:55,1,2,19
17:28:55,2,-15,23
17:28:55,-3,-25,32
17:28:55,0,-25,31
17:28:55,-10,-11,26
17:28:55,-2,-3,18
17:28:55,-3,1,10
17:28:55,0,7,0
17:28:55,-11,20,-11
17:28:56,-3,29,-14
17:28:56,-18,35,-12
17:28:56,-1,28,-7
17:28:56,-7,13,0
17:28:56,14,-3,14
17:28:56,10,-12,26
17:28:56,1,-8,26
17:28:56,-4,-13,35
17:28:56,-2,-14,31
17:28:56,6,-16,25
17:28:56,-2,-6,13
17:28:56,-5,4,9
17:28:56,-17,20,2
17:28:56,-11,32,-6
17:28:56,-11,30,-14
17:28:56,-15,21,-9
17:28:56,-13,18,-4
17:28:56,-20,16,5
17:28:56,0,11,10
17:28:56,-7,-6,21
17:28:57,0,-19,29
17:28:57,-5,-27,34
17:28:57,-2,-21,30
17:28:57,-5,-7,21
17:28:57,-6,3,9
17:28:57,0,9,4
17:28:57,3,11,-6
17:28:57,-14,28,-15
17:28:57,-13,31,-13
17:28:57,-26,34,-7
17:28:57,0,24,-1
17:28:57,9,9,5
17:28:57,6,-10,21
17:28:57,8,-17,29
17:28:57,-6,-12,30
17:28:57,2,-15,32
17:28:57,2,-13,29
17:28:57,10,-12,21
17:28:57,10,2,8
17:28:57,-11,12,1
17:28:58,-16,26,-4
17:28:58,-16,35,-14
17:28:58,-16,28,-11
17:28:58,-8,16,-6
17:28:58,-20,9,4
17:28:58,-17,9,12
17:28:58,-17,2,21
17:28:58,-4,-12,31
17:28:58,6,-24,33
17:28:58,8,-24,29
17:28:58,0,-16,24
17:28:58,-7,1,14
17:28:58,-9,11,4
17:28:58,-8,17,-5
17:28:58,-7,20,-13
17:28:58,-9,29,-17
17:28:58,-18,28,-9
17:28:58,-22,27,0
17:28:58,-4,16,7
17:28:59,5,2,15
17:28:59,5,-19,26
17:28:59,11,-24,37
17:28:59,-8,-15,30
17:28:59,-8,-11,31
17:28:59,-3,-9,25
17:28:59,2,-6,14
17:28:59,-2,10,-3
17:28:59,-17,22,-8
17:28:59,-15,35,-13
17:28:59,-23,34,-9
17:28:59,-9,25,-8
17:28:59,-17,9,0
17:28:59,-13,3,11
17:28:59,-17,0,18
17:28:59,-14,-8,26
17:28:59,-9,-17,30
17:28:59,7,-22,31
17:28:59,4,-18,25
17:28:59,-5,-9,19
17:29:00,-12,8,7
17:29:00,-12,19,0
17:29:00,-7,24,-11
17:29:00,-9,23,-10
17:29:00,-14,25,-14
17:29:00,-17,26,-2
17:29:00,-16,20,2
17:29:00,-3,6,18
17:29:00,-5,-11,20
17:29:00,3,-23,33
17:29:00,3,-26,33
17:29:00,-11,-12,27
17:29:00,4,-6,17
17:29:00,-2,1,11
17:29:00,-1,4,1
17:29:00,-9,21,-10
17:29:00,-15,30,-10
17:29:00,-21,36,-14
17:29:00,-5,28,-7
17:29:00,-16,18,-4
17:29:01,2,-1,14
17:29:01,2,-7,19
17:29:01,-4,-5,26
17:29:01,0,-12,28
17:29:01,-2,-18,35
17:29:01,11,-19,23
17:29:01,-2,-8,17
17:29:01,-1,-1,8
17:29:01,-17,17,3
17:29:01,-8,27,-10
17:29:01,-15,31,-12
17:29:01,-10,21,-10
17:29:01,-18,19,-5
17:29:01,-9,19,4
17:29:01,-14,13,12
17:29:01,-1,-5,23
17:29:01,-1,-20,28
17:29:01,4,-26,36
17:29:01,5,-23,30
17:29:01,-6,-8,21
17:29:02,-8,0,13
17:29:02,-1,8,2
17:29:02,-4,13,-6
17:29:02,-6,28,-16
17:29:02,-8,31,-12
17:29:02,-17,32,-13
17:29:02,-13,22,-1
17:29:02,-14,10,5
17:29:02,-4,-9,21
17:29:02,8,-17,28
17:29:02,-10,-12,29
17:29:02,2,-14,29
17:29:02,-6,-14,28
17:29:02,5,-11,16
17:29:02,-5,3,8
17:29:02,-8,12,6
17:29:02,-17,29,-6
17:29:02,-20,33,-11
17:29:02,-11,26,-14
17:29:03,-14,16,-4
17:29:03,-5,12,4
17:29:03,-5,12,11
17:29:03,-7,0,20
17:29:03,-3,-15,32
17:29:03,10,-26,31
17:29:03,-4,-23,32
17:29:03,0,-15,25
17:29:03,-12,2,17
17:29:03,-9,12,5
17:29:03,-9,19,-8
17:29:03,-6,21,-12
17:29:03,-15,28,-15
17:29:03,-19,30,-8
17:29:03,-26,27,-3
17:29:03,-14,10,10
17:29:03,6,-7,15
17:29:03,-1,-18,31
17:29:03,0,-23,32
17:29:03,-6,-12,31
17:29:04,-2,-11,23
17:29:04,-2,-7,15
17:29:04,6,-1,7
17:29:04,-3,14,-6
17:29:04,-10,24,-9
17:29:04,-15,36,-16
17:29:04,-6,30,-10
17:29:04,-10,17,-6
17:29:04,0,5,9
17:29:04,5,-1,13
17:29:04,-2,1,21
17:29:04,7,-10,29
17:29:04,-3,-17,37
17:29:04,11,-21,29
17:29:04,2,-16,24
17:29:04,-2,-5,15
17:29:04,-16,13,7
17:29:04,-5,25,-4
17:29:04,-12,29,-12
17:29:04,-13,24,-12
17:29:05,-16,24,-10
17:29:05,-22,18,1
17:29:05,-17,14,12
17:29:05,-8,-1,20
17:29:05,5,-16,29
17:29:05,5,-27,33
17:29:05,4,-24,33
17:29:05,-3,-11,24
17:29:05,-10,2,15
17:29:05,-2,8,5
17:29:05,-8,15,-5
17:29:05,6,22,-13
17:29:05,-17,30,-12
17:29:05,-4,32,-9
17:29:05,-4,27,-3
17:29:05,-19,13,7
17:29:05,-9,-4,17
17:29:05,2,-16,27
17:29:05,5,-19,35
17:29:05,-7,-13,31
17:29:06,-8,-12,30
17:29:06,3,-8,20
17:29:06,2,-4,12
17:29:06,4,11,0
17:29:06,-14,24,-7
17:29:06,-20,35,-10
17:29:06,-17,34,-10
17:29:06,-3,23,-5
17:29:06,-1,7,3
17:29:06,-6,3,11
17:29:06,-9,0,21
17:29:06,2,-7,26
17:29:06,-5,-16,32
17:29:06,4,-21,29
17:29:06,-3,-18,23
17:29:06,-2,-8,19
17:29:06,-11,8,6
17:29:06,-13,21,-2
17:29:06,-16,29,-8
17:29:07,-11,26,-14
17:29:07,-14,21,-7
17:29:07,-7,17,-4
17:29:07,0,16,7
17:29:07,-3,9,12
17:29:07,-1,-5,29
17:29:07,1,-18,31
17:29:07,9,-28,34
17:29:07,-2,-20,30
17:29:07,-5,-7,21
17:29:07,-16,5,14
17:29:07,-7,15,1
17:29:07,-9,20,-6
17:29:07,-8,24,-12
17:29:07,-18,27,-11
17:29:07,-21,29,-5
17:29:07,-22,25,1
17:29:07,-14,11,8
17:29:07,1,-6,17
17:29:07,0,-19,27
17:29:08,-4,-24,34
17:29:08,-5,-15,29
17:29:08,-4,-8,20
17:29:08,-1,-4,13
17:29:08,-3,3,6
17:29:08,-9,14,-1
17:29:08,-11,24,-12
17:29:08,-21,35,-13
17:29:08,-23,32,-9
17:29:08,-2,22,-2
17:29:08,-6,7,4
17:29:08,-2,-7,16
17:29:08,2,-11,27
17:29:08,-9,-10,26
17:29:08,-2,-14,35
17:29:08,2,-16,27
17:29:08,6,-10,19
17:29:08,2,-2,9
17:29:08,-13,11,3
17:29:08,-12,26,-7
17:29:09,-22,33,-13
17:29:09,-10,29,-10
17:29:09,-17,16,-7
17:29:09,-9,12,4
17:29:09,-6,7,12
17:29:09,-7,3,20
17:29:09,3,-9,27
17:29:09,2,-20,35
17:29:09,8,-24,30
17:29:09,-5,-17,23
17:29:09,-4,-2,17
17:29:09,-12,10,5
17:29:09,-12,22,-5
17:29:09,-10,25,-12
17:29:09,-7,24,-11
17:29:09,-17,24,-11
17:29:09,-2,23,0
17:29:09,-8,17,8
17:29:09,-3,2,18
17:29:09,12,-12,26
17:29:10,0,-25,37
17:29:10,12,-27,36
17:29:10,-14,-10,25
17:29:10,-6,-1,19
17:29:10,-11,11,6
17:29:10,-2,15,-4
17:29:10,0,22,-11
17:29:10,-13,29,-15
17:29:10,-21,29,-6
17:29:10,-9,27,-6
17:29:10,-1,14,5
17:29:10,8,-2,13
17:29:10,16,-16,28
17:29:10,3,-23,32
17:29:10,-1,-14,32
17:29:10,-4,-12,29
17:29:10,2,-7,19
17:29:10,3,-4,12
17:29:10,-3,10,-3
17:29:11,-12,21,-9
17:29:11,-21,31,-12
17:29:11,-15,32,-13
17:29:11,-1,25,-7
17:29:11,-12,10,4
17:29:11,1,-2,13
17:29:11,5,-5,19
17:29:11,-13,-8,28
17:29:11,-5,-13,29
17:29:11,5,-18,32
17:29:11,4,-15,19
17:29:11,-6,-5,17
17:29:11,-2,5,3
17:29:11,-18,21,-4
17:29:11,-12,30,-11
17:29:11,-14,30,-14
17:29:11,-8,22,-11
17:29:11,0,18,1
17:29:11,-4,11,8
17:29:11,-6,10,16
17:29:12,-2,-6,24
17:29:12,0,-17,32
17:29:12,11,-27,32
17:29:12,0,-19,29
17:29:12,-3,-10,20
17:29:12,-14,6,9
17:29:12,-9,16,-1
17:29:12,-11,26,-8
17:29:12,-5,24,-14
17:29:12,-15,26,-13
17:29:12,-21,25,-4
17:29:12,-24,19,6
17:29:12,5,8,11
17:29:12,8,-7,22
17:29:12,-7,-23,31
17:29:12,11,-27,34
17:29:12,-3,-17,29
17:29:12,0,-6,19
17:29:12,-3,1,11
17:29:12,-3,8,2
17:29:13,-11,13,-2
17:29:13,-6,28,-17
17:29:13,-18,32,-12
17:29:13,-17,31,-9
17:29:13,-14,22,2
17:29:13,2,7,8
17:29:13,5,-9,21
17:29:13,2,-18,29
17:29:13,-2,-17,33
17:29:13,-2,-13,31
17:29:13,1,-10,28
17:29:13,3,-7,17
17:29:13,-5,-1,8
17:29:13,-2,12,-2
17:29:13,-16,25,-9
17:29:13,-25,33,-9
17:29:13,-21,35,-11
17:29:13,-10,22,-5
17:29:13,-12,5,4
17:29:13,-13,-4,15
17:29:14,-10,-6,25
17:29:14,-15,-13,28
17:29:14,-7,-15,29
17:29:14,-4,-17,22
17:29:14,1,-11,19
17:29:14,-5,-1,9
17:29:14,-10,11,3
17:29:14,-19,24,-7
17:29:14,-5,33,-10
17:29:14,-13,27,-14
17:29:14,-14,16,-6
17:29:14,-16,10,2
17:29:14,5,9,12
17:29:14,4,2,20
17:29:14,3,-11,29
17:29:14,8,-19,32
17:29:14,8,-25,32
17:29:14,-3,-17,24
17:29:14,-6,-2,16
17:29:15,-20,10,8
17:29:15,-12,24,-5
17:29:15,-11,24,-12
17:29:15,-7,24,-12
17:29:15,-21,23,-11
17:29:15,-20,21,0
17:29:15,-4,18,9
17:29:15,-11,4,16
17:29:15,4,-15,23
17:29:15,-1,-25,33
17:29:15,5,-26,32
17:29:15,-8,-12,25
17:29:15,-7,-1,11
17:29:15,-1,7,8
17:29:15,-6,11,-1
17:29:15,-2,19,-10
17:29:15,2,29,-14
17:29:15,-23,30,-11
17:29:15,-18,27,-2
17:29:15,-2,15,5
17:29:16,8,2,15
17:29:16,6,-18,26
17:29:16,-7,-22,32
17:29:16,-3,-19,31
17:29:16,-3,-13,26
17:29:16,4,-8,16
17:29:16,1,-2,11
17:29:16,-1,7,-1
17:29:16,-13,18,-10
17:29:16,-12,31,-13
17:29:16,-18,33,-13
17:29:16,-13,26,-6
17:29:16,5,9,1
17:29:16,7,0,9
17:29:16,12,-5,21
17:29:16,3,-6,21
17:29:16,-2,-12,31
17:29:16,-1,-16,31
17:29:16,8,-15,23
17:29:16,4,-8,17
17:29:17,-2,2,9
17:29:17,-16,18,2
17:29:17,-19,26,-6
17:29:17,-15,28,-12
17:29:17,-16,24,-12
17:29:17,-12,18,-3
17:29:17,-21,13,6
17:29:17,-14,9,16
17:29:17,-12,-3,22
17:29:17,-4,-17,34
17:29:17,2,-26,30
17:29:17,6,-21,30
17:29:17,-2,-11,19
17:29:17,-14,5,10
17:29:17,-6,18,-1
17:29:17,-12,21,-9
17:29:17,-4,24,-11
17:29:17,-20,25,-13
17:29:17,-17,24,-4
17:29:17,-17,21,7
17:29:18,-14,9,12
17:29:18,-10,-10,23
17:29:18,7,-26,32
17:29:18,6,-27,38
17:29:18,-6,-15,26
17:29:18,-4,-4,21
17:29:18,0,1,7
17:29:18,-2,8,1
17:29:18,-7,15,-7
17:29:18,-10,26,-15
17:29:18,-16,32,-14
17:29:18,0,32,-9
17:29:18,-12,21,1
17:29:18,1,5,10
17:29:18,5,-10,20
17:29:18,4,-18,30
17:29:18,1,-12,30
17:29:18,-3,-13,31
17:29:18,1,-11,26
17:29:19,1,-7,16
17:29:19,0,4,6
17:29:19,-7,15,-1
17:29:19,-22,28,-5
17:29:19,-24,35,-10
17:29:19,-18,30,-8
17:29:19,-10,17,-3
17:29:19,-17,7,7
17:29:19,-6,3,17
17:29:19,-5,-1,22
17:29:19,1,-10,26
17:29:19,4,-19,29
17:29:19,6,-23,27
17:29:19,10,-13,21
17:29:19,-15,3,14
17:29:19,-8,15,5
17:29:19,-14,25,-7
17:29:19,-7,26,-12
17:29:19,-10,24,-13
17:29:19,-2,21,-8
17:29:20,-24,21,2
17:29:20,-18,14,8
17:29:20,-8,-4,21
17:29:20,2,-20,27
17:29:20,1,-26,32
17:29:20,-6,-21,30
17:29:20,-4,-10,24
17:29:20,-6,-2,14
17:29:20,-5,7,5
17:29:20,-1,11,-3
17:29:20,-14,24,-13
17:29:20,-9,32,-12
17:29:20,-15,34,-8
17:29:20,-16,28,-4
17:29:20,1,10,4
17:29:20,2,-6,17
17:29:20,3,-16,29
17:29:20,1,-11,28
17:29:20,2,-14,29
17:29:20,-1,-13,25
17:29:21,10,-10,18
17:29:21,-1,-1,9
17:29:21,-4,9,1
17:29:21,-20,23,-8
17:29:21,-15,31,-12
17:29:21,-18,28,-12
17:29:21,-11,19,-7
17:29:21,1,12,2
17:29:21,-6,5,13
17:29:21,0,4,16
17:29:21,-6,-6,23
17:29:21,4,-18,30
17:29:21,6,-25,29
17:29:21,0,-17,25
17:29:21,-10,-6,13
17:29:21,-9,7,12
17:29:21,-2,17,-2
17:29:21,-7,23,-11
17:29:21,-8,26,-11
17:29:21,2,25,-14
17:29:22,5,28,-7
17:29:22,-3,21,0
17:29:22,0,9,13
17:29:22,-8,-8,18
17:29:22,-5,-22,28
17:29:22,-10,-24,34
17:29:22,-14,-14,28
17:29:22,-3,-9,25
17:29:22,-2,-2,16
17:29:22,-3,3,7
17:29:22,1,13,-4
17:29:22,-18,30,-11
17:29:22,-20,36,-12
17:29:22,-23,33,-11
17:29:22,-11,15,-4
17:29:22,1,1,9
17:29:22,-12,-7,18
17:29:22,-17,-5,27
17:29:22,-12,-14,28
17:29:22,-7,-16,32
17:29:23,8,-17,26
17:29:23,5,-10,18
17:29:23,-9,0,9
17:29:23,-12,16,2
17:29:23,-13,25,-9
17:29:23,-7,30,-12
17:29:23,-12,24,-9
17:29:23,-12,20,-8
17:29:23,-17,18,2
17:29:23,-7,14,11
17:29:23,0,0,17
17:29:23,-6,-16,28
17:29:23,6,-28,34
17:29:23,0,-24,34
17:29:23,-10,-9,23
17:29:23,-12,0,17
17:29:23,-2,8,5
17:29:23,-6,14,-5
17:29:23,-8,25,-12
17:29:24,-16,30,-14
17:29:24,-23,32,-9
17:29:24,-10,29,-5
17:29:24,-6,14,5
17:29:24,3,-3,12
17:29:24,-3,-13,24
17:29:24,-3,-15,33
17:29:24,-5,-15,32
17:29:24,-4,-14,32
17:29:24,4,-10,21
17:29:24,3,-5,14
17:29:24,-2,6,2
17:29:24,-18,20,-4
17:29:24,-17,33,-10
17:29:24,-24,33,-11
17:29:24,-10,21,-9
17:29:24,-11,11,0
17:29:24,-13,7,8
17:29:24,-10,3,16
17:29:24,-13,-4,24
17:29:25,-6,-15,27
17:29:25,-1,-20,29
17:29:25,0,-20,26
17:29:25,-6,-10,18
17:29:25,-7,4,10
17:29:25,-6,14,-1
17:29:25,-5,21,-10
17:29:25,-9,23,-12
17:29:25,-11,25,-14
17:29:25,11,23,-9
17:29:25,-2,23,-3
17:29:25,0,16,11
17:29:25,2,-2,19
17:29:25,-2,-15,28
17:29:25,10,-27,34
17:29:25,-5,-22,30
17:29:25,-5,-9,26
17:29:25,-14,-2,20
17:29:25,-5,5,10
17:29:25,-4,9,3
17:29:26,-2,22,-13
17:29:26,-20,32,-14
17:29:26,-7,34,-11
17:29:26,-5,27,-7
17:29:26,4,16,1
17:29:26,-13,-1,11
17:29:26,-11,-13,24
17:29:26,-9,-12,28
17:29:26,-8,-14,29
17:29:26,4,-15,28
17:29:26,7,-13,20
17:29:26,3,-7,13
17:29:26,-7,2,4
17:29:26,-11,16,-3
17:29:26,-14,30,-9
17:29:26,-3,32,-15
17:29:26,-10,23,-9
17:29:26,2,14,-4
17:29:26,5,13,5
17:29:26,-3,11,9
17:29:27,-1,2,21
17:29:27,-4,-11,28
17:29:27,8,-23,31
17:29:27,1,-23,32
17:29:27,4,-19,27
17:29:27,-15,-3,16
17:29:27,-15,9,10
17:29:27,-13,18,-4
17:29:27,8,19,-12
17:29:27,-14,28,-14
17:29:27,-17,27,-10
17:29:27,-10,26,-3
17:29:27,2,17,2
17:29:27,-14,6,11
17:29:27,10,-13,25
17:29:27,2,-23,31
17:29:27,-4,-19,32
17:29:27,-10,-12,26
17:29:27,-3,-6,22
17:29:28,2,-1,12
17:29:28,-5,5,3
17:29:28,2,17,-9
17:29:28,-15,30,-12
17:29:28,-24,35,-12
17:29:28,-18,32,-10
17:29:28,-15,19,-1
17:29:28,-10,2,7
17:29:28,-13,-7,18
17:29:28,10,-8,24
17:29:28,3,-11,28
17:29:28,1,-15,30
17:29:28,1,-16,25
17:29:28,7,-14,20
17:29:28,-4,-1,12
17:29:28,-12,13,3
17:29:28,-18,25,-4
17:29:28,-14,33,-13
17:29:28,-17,28,-13
17:29:28,-7,16,-5
17:29:29,-11,12,0
17:29:29,-12,14,11
17:29:29,-15,4,21
17:29:29,-5,-11,29
17:29:29,1,-21,31
17:29:29,-4,-23,31
17:29:29,7,-19,27
17:29:29,-11,-2,14
17:29:29,-5,10,6
17:29:29,-12,17,-5
17:29:29,-5,21,-8
17:29:29,-13,25,-15
17:29:29,-15,26,-12
17:29:29,-22,26,-4
17:29:29,-11,20,4
17:29:29,-12,5,15
17:29:29,3,-15,20
17:29:29,2,-22,30
17:29:29,-10,-24,31
17:29:29,-3,-12,29
17:29:30,-1,-7,22
17:29:30,-2,-2,11
17:29:30,3,3,4
17:29:30,-13,18,-7
17:29:30,-15,29,-11
17:29:30,-21,36,-12
17:29:30,-20,32,-10
17:29:30,-16,16,0
17:29:30,-11,-1,9
17:29:30,-10,-10,21
17:29:30,-16,-10,25
17:29:30,-6,-11,29
17:29:30,0,-15,27
17:29:30,8,-15,21
17:29:30,1,-7,6
17:29:30,-1,1,12
17:29:30,-20,15,4
17:29:30,-14,24,-9
17:29:30,-11,32,-17
17:29:30,-10,23,-12
17:29:31,-12,16,-5
17:29:31,-3,10,4
17:29:31,-11,11,12
17:29:31,-5,2,17
17:29:31,5,-14,32
17:29:31,0,-25,27
17:29:31,3,-21,30
17:29:31,-3,-17,21
17:29:31,-13,0,16
17:29:31,-7,10,5
17:29:31,-12,19,-7
17:29:31,-12,24,-7
17:29:31,-10,28,-19
17:29:31,-26,26,-5
