11:06:11,-5,11,-210
11:06:11,9,11,-206
11:06:11,8,7,-209
11:06:11,4,1,-210
11:06:11,3,11,-204
11:06:11,6,11,-204
11:06:11,8,13,-212
11:06:11,3,12,-205
11:06:11,0,19,-205
11:06:12,1,10,-207
11:06:12,6,2,-217
11:06:12,8,10,-215
11:06:12,6,3,-214
11:06:12,1,5,-209
11:06:12,3,3,-206
11:06:12,1,6,-213
11:06:12,-2,12,-208
11:06:12,-3,19,-203
11:06:12,1,8,-207
11:06:12,4,7,-212
11:06:12,1,9,-208
11:06:12,0,17,-205
11:06:12,-4,14,-207
11:06:12,10,6,-211
11:06:12,7,-2,-211
11:06:12,3,14,-209
11:06:12,1,6,-206
11:06:12,-1,12,-209
11:06:12,4,10,-200
11:06:13,-1,7,-204
11:06:13,4,21,-205
11:06:13,6,9,-208
11:06:13,8,9,-215
11:06:13,0,2,-208
11:06:13,8,10,-213
11:06:13,2,3,-209
11:06:13,3,7,-217
11:06:13,1,11,-208
11:06:13,-2,16,-208
11:06:13,0,12,-203
11:06:13,0,10,-210
11:06:13,4,8,-210
11:06:13,5,13,-210
11:06:13,6,7,-205
11:06:13,-2,-2,-207
11:06:13,5,5,-204
11:06:13,4,11,-209
11:06:13,-2,13,-199
11:06:13,4,13,-204
11:06:14,4,10,-212
11:06:14,-1,12,-210
11:06:14,2,20,-206
11:06:14,1,7,-206
11:06:14,-2,2,-203
11:06:14,9,3,-210
11:06:14,3,11,-207
11:06:14,3,16,-207
11:06:14,2,8,-206
11:06:14,3,7,-209
11:06:14,2,7,-209
11:06:14,1,16,-206
11:06:14,0,11,-209
11:06:14,3,7,-204
11:06:14,5,5,-211
11:06:14,6,9,-207
11:06:14,4,6,-210
11:06:14,7,4,-212
11:06:14,4,6,-209
11:06:14,5,11,-212
11:06:15,-3,12,-209
11:06:15,3,11,-211
11:06:15,10,8,-209
11:06:15,0,10,-206
11:06:15,0,8,-208
11:06:15,2,8,-207
11:06:15,7,8,-211
11:06:15,7,3,-209
11:06:15,11,11,-207
11:06:15,-1,9,-203
11:06:15,3,7,-206
11:06:15,1,8,-214
11:06:15,1,19,-211
11:06:15,-1,11,-206
11:06:15,7,16,-211
11:06:15,11,9,-216
11:06:15,3,4,-217
11:06:15,-3,9,-204
11:06:15,-1,2,-210
11:06:16,7,6,-212
11:06:16,7,12,-215
11:06:16,1,17,-210
11:06:16,-3,6,-206
11:06:16,5,10,-210
11:06:16,1,6,-207
11:06:16,5,19,-208
11:06:16,-1,7,-204
11:06:16,6,5,-208
11:06:16,7,7,-211
11:06:16,10,11,-206
11:06:16,1,14,-204
11:06:16,2,9,-206
11:06:16,4,11,-210
11:06:16,-3,11,-204
11:06:16,-9,20,-205
11:06:16,1,6,-204
11:06:16,5,6,-212
11:06:16,9,5,-211
11:06:16,6,12,-213
11:06:17,2,1,-206
11:06:17,10,11,-209
11:06:17,1,9,-202
11:06:17,2,12,-209
11:06:17,-3,17,-202
11:06:17,7,9,-209
11:06:17,7,5,-213
11:06:17,0,11,-212
11:06:17,5,10,-206
11:06:17,4,4,-208
11:06:17,7,7,-210
11:06:17,5,4,-208
11:06:17,2,14,-208
11:06:17,1,17,-206
11:06:17,2,13,-206
11:06:17,1,6,-202
11:06:17,5,18,-206
11:06:17,3,15,-208
11:06:17,3,6,-214
11:06:17,6,3,-212
11:06:18,0,7,-210
11:06:18,0,2,-208
11:06:18,1,7,-213
11:06:18,3,5,-209
11:06:18,4,9,-214
11:06:18,-1,10,-206
11:06:18,-1,11,-203
11:06:18,6,9,-208
11:06:18,10,5,-208
11:06:18,2,12,-211
11:06:18,0,4,-209
11:06:18,2,7,-205
11:06:18,8,3,-207
11:06:18,1,10,-210
11:06:18,2,14,-206
11:06:18,-1,10,-206
11:06:18,6,11,-209
11:06:18,3,5,-215
11:06:18,-3,12,-203
11:06:18,-1,12,-206
11:06:19,7,10,-210
11:06:19,3,0,-215
11:06:19,3,12,-207
11:06:19,-1,14,-202
11:06:19,1,9,-209
11:06:19,6,10,-211
11:06:19,4,10,-207
11:06:19,-2,12,-209
11:06:19,-2,2,-209
11:06:19,9,10,-215
11:06:19,4,1,-210
11:06:19,4,6,-208
11:06:19,-3,7,-214
11:06:19,7,6,-210
11:06:19,4,5,-208
11:06:19,1,14,-203
11:06:19,-1,9,-208
11:06:19,1,14,-209
11:06:19,6,9,-206
11:06:20,6,12,-209
11:06:20,5,10,-201
11:06:20,-2,7,-208
11:06:20,5,4,-209
11:06:20,4,12,-209
11:06:20,2,18,-206
11:06:20,-4,10,-207
11:06:20,6,18,-208
11:06:20,4,6,-207
11:06:20,6,15,-207
11:06:20,0,6,-210
11:06:20,6,8,-212
11:06:20,4,-1,-208
11:06:20,3,7,-210
11:06:20,3,10,-206
11:06:20,-1,14,-210
11:06:20,2,5,-208
11:06:20,4,9,-209
11:06:20,0,17,-209
11:06:20,0,12,-205
11:06:21,2,13,-209
11:06:21,10,1,-208
11:06:21,8,14,-211
11:06:21,-4,9,-205
11:06:21,3,8,-210
11:06:21,-3,7,-206
11:06:21,0,9,-204
11:06:21,-1,21,-204
11:06:21,0,18,-210
11:06:21,5,5,-208
11:06:21,5,14,-209
11:06:21,2,14,-205
11:06:21,-2,4,-210
11:06:21,6,3,-214
11:06:21,4,5,-212
11:06:21,-3,13,-213
11:06:21,-5,8,-205
11:06:21,6,10,-210
11:06:21,6,2,-211
11:06:21,3,12,-208
11:06:22,-1,10,-210
11:06:22,-2,10,-212
11:06:22,7,3,-207
11:06:22,6,6,-205
11:06:22,0,6,-207
11:06:22,4,9,-206
11:06:22,3,7,-210
11:06:22,3,10,-208
11:06:22,-3,20,-206
11:06:22,-5,13,-204
11:06:22,6,13,-208
11:06:22,7,3,-207
11:06:22,6,7,-209
11:06:22,7,6,-208
11:06:22,6,10,-212
11:06:22,3,6,-207
11:06:22,3,9,-210
11:06:22,-1,15,-207
11:06:22,0,12,-208
11:06:23,9,10,-209
11:06:23,3,9,-213
11:06:23,2,17,-208
11:06:23,2,8,-209
11:06:23,1,10,-204
11:06:23,8,5,-210
11:06:23,2,8,-212
11:06:23,0,8,-209
11:06:23,-1,12,-209
11:06:23,2,9,-207
11:06:23,2,14,-213
11:06:23,-2,14,-202
11:06:23,-1,16,-205
11:06:23,4,5,-204
11:06:23,0,8,-209
11:06:23,11,10,-208
11:06:23,2,10,-203
11:06:23,2,12,-199
11:06:23,6,10,-212
11:06:23,1,13,-206
11:06:24,-4,13,-203
11:06:24,0,7,-214
11:06:24,4,7,-213
11:06:24,9,5,-206
11:06:24,8,7,-205
11:06:24,2,3,-207
11:06:24,6,-2,-208
11:06:24,2,3,-202
11:06:24,10,10,-207
11:06:24,-1,11,-206
11:06:24,5,13,-210
11:06:24,5,9,-211
11:06:24,3,14,-209
11:06:24,-2,5,-214
11:06:24,1,6,-204
11:06:24,3,1,-210
11:06:24,11,10,-206
11:06:24,4,8,-203
11:06:24,5,16,-213
11:06:24,5,5,-203
11:06:25,7,10,-208
11:06:25,1,18,-207
11:06:25,-1,14,-207
11:06:25,7,10,-212
11:06:25,3,4,-206
11:06:25,8,5,-208
11:06:25,0,5,-207
11:06:25,4,13,-212
11:06:25,2,8,-208
11:06:25,-1,11,-207
11:06:25,-4,17,-210
11:06:25,0,10,-203
11:06:25,-2,4,-202
11:06:25,5,6,-217
11:06:25,3,12,-205
11:06:25,1,-1,-204
11:06:25,2,2,-209
11:06:25,2,7,-208
11:06:25,1,9,-207
11:06:25,-2,11,-204
11:06:26,7,14,-206
11:06:26,-2,7,-207
11:06:26,4,17,-212
11:06:26,-1,9,-206
11:06:26,5,9,-208
11:06:26,8,3,-207
11:06:26,9,7,-210
11:06:26,-2,3,-205
11:06:26,2,14,-209
11:06:26,1,3,-210
11:06:26,4,5,-210
11:06:26,6,14,-207
11:06:26,1,14,-209
11:06:26,4,9,-208
11:06:26,4,8,-209
11:06:26,0,9,-211
11:06:26,0,11,-209
11:06:26,3,9,-212
11:06:26,2,1,-213
11:06:27,7,0,-209
11:06:27,1,10,-203
11:06:27,-2,9,-205
11:06:27,5,7,-209
11:06:27,6,13,-212
11:06:27,2,17,-205
11:06:27,4,17,-206
11:06:27,5,6,-201
11:06:27,14,7,-213
11:06:27,6,11,-208
11:06:27,4,10,-210
11:06:27,8,12,-208
11:06:27,2,7,-206
11:06:27,3,12,-205
11:06:27,3,13,-205
11:06:27,1,15,-212
11:06:27,7,4,-211
11:06:27,1,5,-216
11:06:27,1,9,-208
11:06:27,0,2,-210
11:06:28,3,3,-210
11:06:28,6,4,-209
11:06:28,4,2,-208
11:06:28,0,13,-212
11:06:28,1,8,-209
11:06:28,5,9,-211
11:06:28,5,16,-210
11:06:28,0,17,-204
11:06:28,2,13,-208
11:06:28,10,5,-210
11:06:28,6,6,-208
11:06:28,3,11,-212
11:06:28,2,11,-207
11:06:28,3,7,-205
11:06:28,11,12,-203
11:06:28,-2,13,-209
11:06:28,-2,16,-213
11:06:28,2,5,-212
11:06:28,1,-2,-211
11:06:28,9,5,-206
11:06:29,-1,11,-206
11:06:29,0,4,-208
11:06:29,2,6,-206
11:06:29,3,11,-210
11:06:29,2,12,-206
11:06:29,5,18,-209
11:06:29,0,9,-206
11:06:29,3,7,-209
11:06:29,5,10,-212
11:06:29,0,8,-208
11:06:29,6,11,-203
11:06:29,10,2,-207
11:06:29,6,6,-204
11:06:29,4,18,-209
11:06:29,3,15,-205
11:06:29,0,7,-214
11:06:29,10,15,-207
11:06:29,2,13,-212
11:06:29,-1,7,-210
11:06:30,-3,3,-207
11:06:30,6,-3,-211
11:06:30,7,6,-212
11:06:30,4,14,-208
11:06:30,1,8,-209
11:06:30,10,9,-212
11:06:30,4,10,-205
11:06:30,-7,16,-207
11:06:30,-4,15,-208
11:06:30,2,0,-212
11:06:30,15,9,-211
11:06:30,2,4,-209
11:06:30,2,12,-205
11:06:30,0,8,-209
11:06:30,7,3,-211
11:06:30,4,14,-203
11:06:30,-3,12,-205
11:06:30,6,14,-209
11:06:30,4,10,-205
11:06:30,7,15,-209
11:06:31,0,6,-205
11:06:31,2,11,-210
11:06:31,2,2,-208
11:06:31,4,8,-210
11:06:31,-2,16,-203
11:06:31,-8,15,-203
11:06:31,3,9,-211
11:06:31,9,6,-212
11:06:31,-1,10,-207
11:06:31,-1,10,-208
11:06:31,1,8,-207
11:06:31,3,4,-210
11:06:31,-1,3,-208
11:06:31,-1,9,-207
11:06:31,6,6,-206
11:06:31,1,9,-210
11:06:31,4,15,-208
11:06:31,-1,17,-208
11:06:31,2,20,-204
11:06:31,2,7,-207
11:06:32,5,9,-202
11:06:32,0,8,-206
11:06:32,6,9,-208
11:06:32,-1,4,-206
11:06:32,10,5,-209
11:06:32,3,9,-205
11:06:32,3,13,-208
11:06:32,5,8,-212
11:06:32,1,11,-209
11:06:32,2,5,-206
11:06:32,2,17,-207
11:06:32,-3,10,-205
11:06:32,1,2,-213
11:06:32,13,3,-209
11:06:32,3,7,-210
11:06:32,6,11,-209
11:06:32,6,7,-209
11:06:32,2,6,-211
11:06:32,0,12,-205
11:06:32,5,19,-208
11:06:33,-1,4,-210
11:06:33,8,10,-209
11:06:33,7,6,-206
11:06:33,5,12,-204
11:06:33,-2,10,-208
11:06:33,3,9,-209
11:06:33,3,6,-208
11:06:33,-2,14,-209
11:06:33,-2,13,-208
11:06:33,4,5,-206
11:06:33,1,14,-212
11:06:33,6,10,-210
11:06:33,0,10,-209
11:06:33,5,1,-208
11:06:33,6,2,-211
11:06:33,0,7,-205
11:06:33,0,12,-208
11:06:33,0,6,-202
11:06:33,4,8,-211
11:06:34,8,15,-206
11:06:34,-2,16,-205
11:06:34,-2,10,-207
11:06:34,5,11,-208
11:06:34,12,9,-209
11:06:34,5,8,-209
11:06:34,2,16,-208
11:06:34,5,5,-207
11:06:34,4,4,-211
11:06:34,3,15,-206
11:06:34,-2,21,-205
11:06:34,3,10,-207
11:06:34,8,9,-211
11:06:34,2,6,-209
11:06:34,-1,6,-210
11:06:34,0,7,-208
11:06:34,-1,0,-210
11:06:34,5,7,-213
11:06:34,0,11,-206
11:06:34,1,17,-206
11:06:35,6,10,-208
11:06:35,6,8,-207
11:06:35,-4,3,-208
11:06:35,0,19,-207
11:06:35,4,7,-206
11:06:35,-1,7,-204
11:06:35,2,3,-208
11:06:35,3,9,-206
11:06:35,0,3,-207
11:06:35,5,8,-206
11:06:35,12,6,-208
11:06:35,-7,11,-209
11:06:35,1,9,-205
11:06:35,8,16,-211
11:06:35,6,6,-208
11:06:35,-1,8,-204
11:06:35,0,16,-208
11:06:35,-1,9,-211
11:06:35,2,5,-208
11:06:35,4,5,-212
11:06:36,5,7,-205
11:06:36,1,4,-204
11:06:36,3,8,-209
11:06:36,4,7,-206
11:06:36,5,14,-204
11:06:36,-1,15,-207
11:06:36,10,20,-207
11:06:36,5,7,-209
11:06:36,2,4,-207
11:06:36,1,11,-206
11:06:36,1,9,-208
11:06:36,7,4,-210
11:06:36,10,9,-207
11:06:36,1,11,-206
11:06:36,1,11,-205
11:06:36,6,10,-210
11:06:36,5,9,-205
11:06:36,3,18,-208
11:06:36,1,12,-206
11:06:36,2,9,-213
11:06:37,3,3,-206
11:06:37,2,6,-207
11:06:37,3,7,-205
11:06:37,1,11,-209
11:06:37,7,4,-207
11:06:37,0,7,-208
11:06:37,3,12,-203
11:06:37,0,17,-212
11:06:37,5,11,-204
11:06:37,8,5,-212
11:06:37,5,15,-213
11:06:37,0,3,-207
11:06:37,5,6,-209
11:06:37,9,3,-210
11:06:37,-2,10,-207
11:06:37,-2,16,-202
11:06:37,4,14,-211
11:06:37,7,9,-206
11:06:37,4,13,-207
11:06:38,2,13,-205
11:06:38,4,5,-210
11:06:38,5,5,-207
11:06:38,4,2,-215
11:06:38,10,4,-209
11:06:38,-5,11,-208
11:06:38,2,12,-212
11:06:38,-2,3,-210
11:06:38,6,15,-210
11:06:38,-2,8,-207
11:06:38,5,12,-209
11:06:38,5,2,-212
11:06:38,11,4,-208
11:06:38,8,8,-207
11:06:38,2,10,-208
11:06:38,2,5,-210
11:06:38,-3,3,-212
11:06:38,8,15,-209
11:06:38,1,17,-204
11:06:38,7,19,-207
11:06:39,5,7,-206
11:06:39,9,13,-207
11:06:39,-2,6,-206
11:06:39,4,9,-212
11:06:39,5,0,-211
11:06:39,2,10,-210
11:06:39,1,12,-210
11:06:39,-3,7,-209
11:06:39,1,11,-209
11:06:39,0,7,-210
11:06:39,2,15,-209
11:06:39,-7,11,-207
11:06:39,9,10,-216
11:06:39,6,6,-209
11:06:39,10,8,-212
11:06:39,-3,9,-205
11:06:39,5,11,-212
11:06:39,3,5,-211
11:06:39,4,14,-210
11:06:39,-1,12,-208
11:06:40,-2,6,-208
11:06:40,0,7,-211
11:06:40,9,3,-208
11:06:40,8,15,-208
11:06:40,-2,12,-204
11:06:40,6,8,-209
11:06:40,6,6,-208
11:06:40,6,13,-210
11:06:40,-1,16,-210
11:06:40,6,14,-207
11:06:40,4,1,-211
11:06:40,-3,7,-208
11:06:40,1,19,-208
11:06:40,3,6,-209
11:06:40,7,-2,-213
11:06:40,8,5,-213
11:06:40,7,7,-204
11:06:40,-1,13,-207
11:06:40,0,7,-208
11:06:41,8,11,-208
11:06:41,4,19,-209
11:06:41,-1,15,-207
11:06:41,3,10,-209
11:06:41,4,4,-209
11:06:41,7,8,-203
11:06:41,2,5,-208
11:06:41,3,9,-208
11:06:41,9,5,-208
11:06:41,7,11,-209
11:06:41,2,13,-202
11:06:41,-4,18,-206
11:06:41,0,11,-204
11:06:41,9,6,-218
11:06:41,5,11,-210
11:06:41,0,6,-208
11:06:41,1,2,-210
11:06:41,4,3,-211
11:06:41,2,6,-207
11:06:41,0,13,-208
11:06:42,2,15,-209
11:06:42,11,2,-210
11:06:42,7,13,-211
11:06:42,2,11,-205
11:06:42,-1,12,-209
11:06:42,3,8,-209
11:06:42,8,5,-211
11:06:42,6,5,-208
11:06:42,-5,13,-203
11:06:42,5,2,-209
11:06:42,4,5,-211
11:06:42,7,8,-203
11:06:42,-1,13,-208
11:06:42,5,20,-208
11:06:42,8,6,-210
11:06:42,5,10,-211
11:06:42,7,9,-208
11:06:42,1,8,-208
11:06:42,8,1,-217
11:06:42,9,2,-216
11:06:43,1,8,-212
11:06:43,-2,14,-211
11:06:43,4,6,-208
11:06:43,2,5,-213
11:06:43,2,11,-207
11:06:43,-5,23,-209
11:06:43,-2,8,-204
11:06:43,8,5,-214
11:06:43,7,5,-210
11:06:43,3,6,-206
11:06:43,0,6,-209
11:06:43,1,5,-207
11:06:43,3,3,-213
11:06:43,1,10,-205
11:06:43,-3,15,-201
11:06:43,5,13,-207
11:06:43,9,9,-205
11:06:43,-1,13,-208
11:06:43,-2,13,-209
11:06:43,0,6,-205
11:06:44,13,2,-213
11:06:44,5,3,-209
11:06:44,0,11,-208
11:06:44,-8,14,-204
11:06:44,1,10,-214
11:06:44,4,10,-210
11:06:44,6,15,-209
11:06:44,-2,13,-208
11:06:44,3,8,-207
11:06:44,7,6,-211
11:06:44,3,3,-211
11:06:44,-1,9,-209
11:06:44,-1,6,-202
11:06:44,4,9,-208
11:06:44,4,9,-206
11:06:44,-4,17,-209
11:06:44,2,11,-204
11:06:44,9,17,-209
11:06:44,11,7,-210
11:06:45,4,8,-209
11:06:45,1,13,-210
11:06:45,-3,3,-209
11:06:45,3,5,-204
11:06:45,3,12,-212
11:06:45,3,20,-207
11:06:45,0,10,-211
11:06:45,8,9,-211
11:06:45,5,8,-207
11:06:45,1,19,-213
11:06:45,4,9,-206
11:06:45,4,3,-213
11:06:45,9,1,-213
11:06:45,5,8,-212
11:06:45,-3,5,-205
11:06:45,2,10,-210
11:06:45,10,6,-203
11:06:45,0,10,-206
11:06:45,3,15,-204
11:06:45,0,18,-208
11:06:46,5,4,-210
11:06:46,-1,6,-205
11:06:46,8,15,-211
11:06:46,-1,5,-209
11:06:46,2,11,-210
11:06:46,6,0,-207
11:06:46,8,11,-207
11:06:46,6,12,-204
11:06:46,2,15,-208
11:06:46,1,7,-204
11:06:46,1,16,-206
11:06:46,2,6,-206
11:06:46,-3,8,-213
11:06:46,11,2,-209
11:06:46,7,7,-210
11:06:46,1,7,-206
11:06:46,-1,11,-207
11:06:46,6,10,-207
11:06:46,-1,4,-213
11:06:46,-2,13,-207
11:06:47,-3,11,-210
11:06:47,0,9,-211
11:06:47,5,7,-210
11:06:47,8,6,-210
11:06:47,3,7,-202
11:06:47,2,11,-210
11:06:47,6,6,-207
11:06:47,2,9,-204
11:06:47,1,15,-205
11:06:47,-9,12,-208
11:06:47,4,13,-208
11:06:47,11,4,-210
11:06:47,4,12,-204
11:06:47,-7,6,-204
11:06:47,5,5,-208
11:06:47,0,4,-208
11:06:47,3,13,-211
11:06:47,-3,12,-205
11:06:47,2,8,-207
11:06:47,9,8,-207
11:06:48,-3,7,-202
11:06:48,-1,10,-209
11:06:48,3,6,-208
11:06:48,6,6,-208
11:06:48,2,1,-211
11:06:48,8,6,-205
11:06:48,0,0,-205
11:06:48,10,10,-209
11:06:48,3,5,-209
11:06:48,7,12,-212
11:06:48,-6,14,-204
11:06:48,4,17,-208
11:06:48,3,2,-207
11:06:48,1,7,-211
11:06:48,2,18,-204
11:06:48,2,1,-208
11:06:48,6,5,-210
11:06:48,6,7,-206
11:06:48,-1,10,-205
11:06:49,-3,12,-207
11:06:49,5,11,-209
11:06:49,-2,-1,-204
11:06:49,7,15,-210
11:06:49,-2,9,-207
11:06:49,5,8,-209
11:06:49,7,-1,-207
11:06:49,7,8,-208
11:06:49,-3,4,-211
11:06:49,2,9,-205
11:06:49,3,-3,-208
11:06:49,5,9,-207
11:06:49,7,14,-211
11:06:49,-1,16,-204
11:06:49,4,12,-206
11:06:49,11,5,-206
11:06:49,5,13,-214
11:06:49,-6,8,-206
11:06:49,3,7,-206
11:06:49,6,3,-207
11:06:50,5,11,-209
11:06:50,3,11,-205
11:06:50,2,14,-205
11:06:50,5,9,-209
11:06:50,6,10,-213
11:06:50,-1,18,-207
11:06:50,-4,9,-207
11:06:50,4,4,-205
11:06:50,13,3,-213
11:06:50,6,7,-211
11:06:50,7,8,-210
11:06:50,6,5,-211
11:06:50,5,2,-210
11:06:50,0,10,-205
11:06:50,-3,10,-206
11:06:50,4,16,-212
11:06:50,6,4,-204
11:06:50,5,8,-206
11:06:50,0,15,-203
11:06:50,1,8,-213
11:06:51,4,4,-210
11:06:51,4,6,-207
11:06:51,2,11,-208
11:06:51,6,12,-204
11:06:51,7,13,-205
11:06:51,1,2,-209
11:06:51,2,15,-210
11:06:51,-3,13,-206
11:06:51,3,10,-211
11:06:51,6,1,-209
11:06:51,6,5,-212
11:06:51,6,7,-208
11:06:51,0,13,-211
11:06:51,1,6,-204
11:06:51,3,8,-211
11:06:51,1,14,-205
11:06:51,-1,16,-209
11:06:51,0,13,-210
11:06:51,1,3,-213
11:06:52,7,6,-206
11:06:52,2,6,-213
11:06:52,1,10,-212
11:06:52,5,7,-208
11:06:52,7,9,-204
11:06:52,3,11,-207
11:06:52,-2,12,-208
11:06:52,3,6,-208
11:06:52,2,14,-210
11:06:52,2,16,-203
11:06:52,2,11,-210
11:06:52,4,4,-205
11:06:52,4,5,-206
11:06:52,8,4,-209
11:06:52,-5,13,-207
11:06:52,5,10,-208
11:06:52,7,3,-213
11:06:52,3,15,-207
11:06:52,-4,13,-209
11:06:52,0,14,-214
11:06:53,4,5,-215
11:06:53,8,7,-214
11:06:53,5,8,-206
11:06:53,1,11,-212
11:06:53,9,3,-208
11:06:53,4,0,-209
11:06:53,5,7,-202
11:06:53,0,13,-206
11:06:53,2,17,-205
11:06:53,1,9,-211
11:06:53,1,13,-209
11:06:53,0,15,-211
11:06:53,4,4,-206
11:06:53,6,5,-211
11:06:53,8,9,-208
11:06:53,4,11,-208
11:06:53,-2,11,-205
11:06:53,3,12,-205
11:06:53,6,7,-210
11:06:53,-1,9,-209
11:06:54,-3,22,-209
11:06:54,3,10,-207
11:06:54,2,1,-211
11:06:54,8,4,-209
11:06:54,2,13,-210
11:06:54,0,2,-206
11:06:54,4,7,-217
11:06:54,9,7,-216
11:06:54,-3,13,-207
11:06:54,4,12,-208
11:06:54,0,10,-210
11:06:54,1,15,-209
11:06:54,9,8,-214
11:06:54,4,14,-207
11:06:54,4,6,-211
11:06:54,4,6,-212
11:06:54,9,7,-208
11:06:54,5,16,-213
11:06:54,3,14,-207
11:06:54,8,9,-208
11:06:55,10,12,-211
11:06:55,3,18,-206
11:06:55,1,10,-208
11:06:55,0,2,-210
11:06:55,10,7,-212
11:06:55,2,9,-208
11:06:55,-3,6,-209
11:06:55,-1,5,-210
11:06:55,3,9,-209
11:06:55,2,7,-207
11:06:55,4,11,-206
11:06:55,-2,7,-205
11:06:55,1,13,-211
11:06:55,8,9,-209
11:06:55,8,9,-214
11:06:55,4,10,-205
11:06:55,-2,1,-207
11:06:55,7,6,-209
11:06:55,0,14,-209
11:06:56,2,14,-203
11:06:56,4,11,-210
11:06:56,10,8,-210
11:06:56,-2,11,-205
11:06:56,-4,13,-209
11:06:56,7,3,-201
11:06:56,7,3,-207
11:06:56,9,12,-207
11:06:56,0,17,-206
11:06:56,2,14,-200
11:06:56,2,5,-207
11:06:56,9,13,-211
11:06:56,1,11,-201
11:06:56,-3,14,-214
11:06:56,8,3,-214
11:06:56,10,3,-211
11:06:56,3,4,-206
11:06:56,0,13,-206
11:06:56,1,10,-210
11:06:56,1,5,-213
11:06:57,2,9,-205
11:06:57,-2,15,-202
11:06:57,-1,21,-206
11:06:57,0,8,-213
11:06:57,6,6,-211
11:06:57,0,2,-213
11:06:57,0,12,-211
11:06:57,8,8,-204
11:06:57,8,6,-209
11:06:57,5,8,-201
11:06:57,-4,18,-203
11:06:57,-1,16,-203
11:06:57,7,13,-205
11:06:57,8,8,-204
11:06:57,0,14,-208
11:06:57,3,10,-209
11:06:57,6,7,-210
11:06:57,5,2,-207
11:06:57,7,14,-211
11:06:57,1,8,-204
11:06:58,3,12,-206
11:06:58,6,9,-207
11:06:58,-3,10,-209
11:06:58,1,20,-205
11:06:58,10,9,-209
11:06:58,8,4,-214
11:06:58,6,4,-205
11:06:58,1,9,-208
11:06:58,2,3,-210
11:06:58,5,9,-212
11:06:58,10,5,-213
11:06:58,-3,11,-210
11:06:58,3,18,-200
11:06:58,1,13,-209
11:06:58,3,6,-207
11:06:58,11,1,-208
11:06:58,2,17,-207
11:06:58,-1,4,-206
11:06:58,5,6,-209
11:06:58,2,7,-207
11:06:59,4,14,-206
11:06:59,2,10,-202
11:06:59,1,10,-210
11:06:59,7,4,-209
11:06:59,1,12,-209
11:06:59,2,3,-206
11:06:59,-1,4,-209
11:06:59,7,8,-205
11:06:59,7,6,-208
11:06:59,0,10,-205
11:06:59,-1,9,-208
11:06:59,4,7,-211
11:06:59,8,10,-210
11:06:59,2,21,-205
11:06:59,1,9,-209
11:06:59,4,12,-215
11:06:59,9,10,-204
11:06:59,1,12,-207
11:06:59,-1,6,-210
11:07:00,1,11,-206
11:07:00,10,7,-205
11:07:00,2,14,-207
11:07:00,-1,19,-207
11:07:00,-1,11,-210
11:07:00,7,11,-212
11:07:00,5,13,-201
11:07:00,2,3,-209
11:07:00,3,5,-209
11:07:00,1,6,-205
11:07:00,-1,4,-208
11:07:00,0,15,-209
11:07:00,-2,12,-204
11:07:00,2,0,-206
11:07:00,9,8,-211
11:07:00,0,11,-212
11:07:00,-5,14,-207
11:07:00,3,3,-212
11:07:00,9,1,-208
11:07:00,12,7,-209
11:07:01,3,12,-210
11:07:01,-1,8,-202
11:07:01,7,10,-213
11:07:01,3,13,-205
11:07:01,1,16,-205
11:07:01,-2,12,-205
11:07:01,3,8,-210
11:07:01,4,6,-208
11:07:01,4,3,-208
11:07:01,4,12,-208
11:07:01,5,8,-216
11:07:01,0,8,-207
11:07:01,3,11,-210
11:07:01,-3,12,-210
11:07:01,3,5,-209
11:07:01,5,16,-209
11:07:01,1,8,-214
11:07:01,0,11,-208
11:07:01,2,6,-206
11:07:01,2,1,-210
11:07:02,3,2,-208
11:07:02,7,10,-212
11:07:02,-4,9,-206
11:07:02,6,9,-211
11:07:02,3,5,-208
11:07:02,-3,12,-203
11:07:02,-1,19,-207
11:07:02,3,8,-205
11:07:02,2,14,-211
11:07:02,5,7,-206
11:07:02,5,9,-205
11:07:02,5,1,-208
11:07:02,4,8,-211
11:07:02,4,5,-210
11:07:02,8,11,-208
11:07:02,-1,9,-201
11:07:02,10,10,-209
11:07:02,5,9,-209
11:07:02,-1,11,-213
11:07:03,-4,12,-209
11:07:03,5,5,-210
11:07:03,8,5,-208
11:07:03,4,9,-208
11:07:03,-2,9,-208
11:07:03,0,0,-208
11:07:03,3,8,-210
11:07:03,10,7,-208
11:07:03,4,19,-205
11:07:03,-1,9,-207
11:07:03,4,13,-209
11:07:03,4,7,-210
11:07:03,2,11,-212
11:07:03,6,13,-205
11:07:03,2,5,-204
11:07:03,8,3,-208
11:07:03,3,13,-209
11:07:03,1,17,-204
11:07:03,1,15,-202
11:07:03,7,13,-203
11:07:04,4,2,-208
11:07:04,1,13,-210
11:07:04,-1,5,-207
11:07:04,4,10,-212
11:07:04,4,5,-204
11:07:04,6,15,-212
11:07:04,3,1,-202
11:07:04,6,12,-211
11:07:04,8,7,-209
11:07:04,5,11,-206
11:07:04,-4,21,-205
11:07:04,-4,12,-207
11:07:04,7,7,-211
11:07:04,3,0,-210
11:07:04,9,5,-212
11:07:04,1,5,-205
11:07:04,6,7,-210
11:07:04,-1,9,-204
11:07:04,2,12,-208
11:07:04,3,17,-204
11:07:05,4,16,-211
11:07:05,1,4,-208
11:07:05,5,12,-207
11:07:05,1,11,-205
11:07:05,2,6,-210
11:07:05,2,9,-209
11:07:05,6,3,-209
11:07:05,6,9,-206
11:07:05,-6,14,-206
11:07:05,1,12,-208
11:07:05,3,6,-207
11:07:05,5,18,-211
11:07:05,-2,13,-207
11:07:05,-1,13,-210
11:07:05,1,4,-208
11:07:05,12,8,-208
11:07:05,3,5,-205
11:07:05,-5,15,-209
11:07:05,4,9,-210
11:07:05,1,12,-212
11:07:06,6,11,-205
11:07:06,-3,13,-206
11:07:06,1,9,-211
11:07:06,3,3,-209
11:07:06,5,10,-208
11:07:06,-2,8,-209
11:07:06,3,5,-213
11:07:06,1,5,-204
11:07:06,4,12,-206
11:07:06,6,17,-204
11:07:06,-1,14,-205
11:07:06,5,8,-210
11:07:06,5,11,-212
11:07:06,5,10,-206
11:07:06,-5,6,-213
11:07:06,4,9,-205
11:07:06,8,0,-213
11:07:06,10,12,-211
11:07:06,-5,15,-206
11:07:07,-6,17,-207
11:07:07,2,4,-208
11:07:07,-4,17,-209
11:07:07,0,11,-208
11:07:07,-3,9,-204
11:07:07,3,3,-212
11:07:07,4,5,-211
11:07:07,7,11,-207
11:07:07,-3,7,-202
11:07:07,5,13,-209
11:07:07,5,6,-210
11:07:07,7,18,-205
11:07:07,-5,16,-208
11:07:07,0,16,-207
11:07:07,5,2,-208
11:07:07,7,5,-209
11:07:07,0,6,-212
11:07:07,-1,9,-206
11:07:07,0,-3,-209
11:07:07,8,7,-209
11:07:08,3,11,-204
11:07:08,-6,11,-204
11:07:08,6,10,-210
11:07:08,0,3,-209
11:07:08,1,12,-210
11:07:08,-1,13,-209
11:07:08,5,11,-216
11:07:08,5,1,-208
11:07:08,2,9,-211
11:07:08,-1,6,-203
11:07:08,2,12,-205
11:07:08,10,2,-210
11:07:08,4,13,-203
11:07:08,1,19,-204
11:07:08,-1,9,-205
11:07:08,1,0,-207
11:07:08,7,7,-213
11:07:08,14,13,-211
11:07:08,3,14,-206
11:07:08,0,10,-205
11:07:09,6,11,-202
11:07:09,2,15,-209
11:07:09,0,14,-207
11:07:09,-1,15,-209
11:07:09,7,14,-212
11:07:09,10,5,-211
11:07:09,7,8,-207
11:07:09,-2,8,-206
11:07:09,5,6,-212
11:07:09,5,7,-209
11:07:09,5,16,-208
11:07:09,1,12,-205
11:07:09,1,13,-212
11:07:09,3,5,-210
11:07:09,6,10,-210
11:07:09,3,7,-206
11:07:09,5,9,-214
11:07:09,7,8,-214
11:07:09,-1,7,-209
11:07:09,2,9,-205
11:07:10,0,14,-209
11:07:10,1,7,-201
11:07:10,3,8,-207
11:07:10,6,16,-205
11:07:10,3,16,-207
11:07:10,2,15,-209
11:07:10,5,-2,-205
11:07:10,12,12,-211
11:07:10,0,8,-204
11:07:10,6,10,-211
11:07:10,1,12,-208
11:07:10,0,13,-208
11:07:10,3,14,-206
11:07:10,-1,9,-207
11:07:10,1,7,-208
11:07:10,5,3,-212
11:07:10,4,7,-209
11:07:10,-1,2,-204
11:07:10,0,7,-208
11:07:11,4,1,-210
11:07:11,3,7,-207
11:07:11,-3,17,-202
11:07:11,0,9,-206
11:07:11,1,4,-206
11:07:11,4,13,-201
11:07:11,-5,15,-206
11:07:11,1,15,-213
11:07:11,1,7,-210
11:07:11,8,2,-210
11:07:11,4,10,-212
11:07:11,1,11,-203
11:07:11,2,9,-208
11:07:11,10,3,-213
11:07:11,4,17,-206
11:07:11,-10,11,-205
11:07:11,3,15,-212
11:07:11,6,-2,-215
11:07:11,7,7,-210
11:07:11,-1,9,-213
11:07:12,2,13,-214
11:07:12,8,7,-208
11:07:12,3,8,-211
11:07:12,-2,16,-201
11:07:12,-6,14,-207
11:07:12,4,13,-212
11:07:12,5,7,-214
11:07:12,-2,10,-210
11:07:12,-5,0,-205
11:07:12,7,11,-209
11:07:12,10,5,-205
11:07:12,0,9,-211
11:07:12,-2,18,-205
11:07:12,-4,16,-208
11:07:12,-1,14,-209
11:07:12,7,7,-208
11:07:12,4,14,-208
11:07:12,3,7,-212
11:07:12,2,7,-212
11:07:12,7,3,-211
11:07:13,6,10,-205
11:07:13,0,9,-204
11:07:13,6,12,-209
11:07:13,5,3,-203
11:07:13,2,12,-206
11:07:13,-3,12,-205
11:07:13,2,12,-211
11:07:13,7,3,-209
11:07:13,8,4,-213
11:07:13,6,3,-212
11:07:13,3,8,-207
11:07:13,1,6,-205
11:07:13,6,4,-212
11:07:13,-1,9,-208
11:07:13,-2,18,-206
11:07:13,8,12,-205
11:07:13,6,5,-204
11:07:13,-2,18,-206
11:07:13,-1,12,-203
11:07:14,5,12,-205
11:07:14,2,7,-211
11:07:14,6,6,-209
11:07:14,4,7,-203
11:07:14,3,17,-210
11:07:14,4,9,-204
11:07:14,1,11,-212
11:07:14,2,12,-204
11:07:14,-1,16,-209
11:07:14,2,7,-209
11:07:14,1,0,-212
11:07:14,4,9,-208
11:07:14,-5,6,-211
11:07:14,8,6,-214
11:07:14,7,1,-210
11:07:14,4,3,-206
11:07:14,-1,11,-203
11:07:14,-4,17,-204
11:07:14,3,3,-204
11:07:14,7,8,-213
11:07:15,-1,13,-208
11:07:15,-5,15,-211
11:07:15,1,8,-210
11:07:15,3,3,-212
11:07:15,3,5,-212
11:07:15,1,14,-204
11:07:15,-1,12,-208
11:07:15,1,9,-211
11:07:15,3,15,-204
11:07:15,-1,19,-205
11:07:15,7,19,-209
11:07:15,1,3,-206
11:07:15,8,6,-207
11:07:15,1,6,-206
11:07:15,-5,8,-207
11:07:15,3,0,-211
11:07:15,10,6,-212
11:07:15,5,7,-212
11:07:15,-5,16,-210
11:07:15,-1,10,-205
11:07:16,-2,7,-208
11:07:16,0,7,-205
11:07:16,6,18,-207
11:07:16,1,9,-208
11:07:16,3,1,-215
11:07:16,-1,7,-205
11:07:16,7,10,-209
11:07:16,0,9,-211
11:07:16,6,7,-208
11:07:16,4,4,-205
11:07:16,-2,8,-208
11:07:16,-1,22,-202
11:07:16,5,14,-205
11:07:16,3,9,-210
11:07:16,11,11,-207
11:07:16,4,13,-209
11:07:16,2,6,-210
11:07:16,2,7,-209
11:07:16,5,5,-207
11:07:16,1,14,-206
11:07:17,-2,10,-203
11:07:17,-3,10,-212
11:07:17,4,10,-209
11:07:17,3,6,-207
11:07:17,-5,13,-206
11:07:17,-1,1,-209
11:07:17,7,8,-210
11:07:17,2,6,-202
11:07:17,-4,21,-206
11:07:17,1,15,-203
11:07:17,4,2,-209
11:07:17,8,11,-207
11:07:17,0,16,-208
11:07:17,-3,15,-210
11:07:17,2,4,-212
11:07:17,12,11,-209
11:07:17,4,10,-208
11:07:17,1,12,-205
11:07:17,7,12,-205
11:07:18,2,8,-206
11:07:18,7,12,-207
11:07:18,-1,9,-206
11:07:18,0,12,-206
11:07:18,4,5,-208
11:07:18,8,2,-205
11:07:18,4,11,-210
11:07:18,7,7,-208
11:07:18,0,4,-205
11:07:18,2,10,-215
11:07:18,-1,13,-207
11:07:18,3,18,-207
11:07:18,1,8,-206
11:07:18,7,8,-211
11:07:18,4,8,-207
11:07:18,3,13,-205
11:07:18,13,6,-211
11:07:18,6,10,-208
11:07:18,5,5,-214
11:07:18,0,10,-200
11:07:19,4,11,-203
11:07:19,3,6,-205
11:07:19,11,11,-208
11:07:19,6,8,-200
11:07:19,4,11,-206
11:07:19,8,5,-207
11:07:19,5,8,-208
11:07:19,4,3,-205
11:07:19,-3,10,-204
11:07:19,1,13,-206
11:07:19,7,7,-213
11:07:19,3,9,-209
11:07:19,-6,17,-207
11:07:19,1,15,-210
11:07:19,4,11,-208
11:07:19,8,1,-217
11:07:19,5,2,-204
11:07:19,3,10,-209
11:07:19,7,10,-210
11:07:19,-4,7,-209
11:07:20,2,13,-208
11:07:20,-3,18,-209
11:07:20,5,12,-210
11:07:20,5,0,-212
11:07:20,8,10,-209
11:07:20,4,12,-211
11:07:20,4,10,-206
11:07:20,7,3,-205
11:07:20,7,11,-206
11:07:20,0,17,-209
11:07:20,-5,19,-203
11:07:20,1,12,-207
11:07:20,9,5,-211
11:07:20,5,12,-208
11:07:20,-2,7,-206
11:07:20,3,9,-212
11:07:20,3,0,-210
11:07:20,5,4,-205
11:07:20,-7,18,-210
11:07:21,-1,10,-205
11:07:21,5,3,-209
11:07:21,3,11,-209
11:07:21,-3,9,-207
11:07:21,-5,14,-206
11:07:21,7,4,-207
11:07:21,9,2,-209
11:07:21,6,5,-207
11:07:21,1,17,-207
11:07:21,-1,7,-207
11:07:21,4,9,-210
11:07:21,7,12,-203
11:07:21,-2,17,-211
11:07:21,-1,19,-209
11:07:21,9,6,-212
11:07:21,7,9,-205
11:07:21,5,12,-204
11:07:21,6,6,-207
11:07:21,2,2,-213
11:07:21,7,6,-210
11:07:22,3,6,-205
11:07:22,-3,14,-207
11:07:22,2,10,-212
11:07:22,9,3,-211
11:07:22,5,2,-208
11:07:22,2,18,-207
11:07:22,-4,10,-206
11:07:22,3,0,-211
11:07:22,8,8,-207
11:07:22,1,8,-208
11:07:22,6,9,-204
11:07:22,4,2,-209
11:07:22,7,8,-209
11:07:22,4,13,-207
11:07:22,-3,19,-205
11:07:22,-4,10,-212
11:07:22,7,9,-208
11:07:22,-1,8,-209
11:07:22,1,16,-205
11:07:22,-2,12,-212
11:07:23,5,5,-207
11:07:23,10,9,-208
11:07:23,-2,18,-206
11:07:23,0,18,-201
11:07:23,2,9,-206
11:07:23,2,8,-211
11:07:23,0,7,-204
11:07:23,-2,12,-209
11:07:23,2,14,-208
11:07:23,7,0,-207
11:07:23,-3,3,-203
11:07:23,-1,8,-208
11:07:23,0,3,-206
11:07:23,8,5,-210
11:07:23,7,9,-211
11:07:23,3,18,-207
11:07:23,-1,13,-208
11:07:23,3,11,-207
11:07:23,5,7,-209
11:07:23,0,11,-212
11:07:24,2,11,-209
11:07:24,3,6,-210
11:07:24,8,5,-210
11:07:24,5,4,-211
11:07:24,-1,18,-211
11:07:24,4,7,-204
11:07:24,6,13,-215
11:07:24,1,11,-209
11:07:24,3,19,-209
11:07:24,-2,9,-205
11:07:24,5,6,-210
11:07:24,7,1,-209
11:07:24,3,6,-205
11:07:24,1,4,-205
11:07:24,5,13,-211
11:07:24,0,10,-204
11:07:24,-2,6,-211
11:07:24,3,19,-206
11:07:24,-1,6,-208
11:07:25,10,9,-209
11:07:25,0,4,-207
11:07:25,2,10,-204
11:07:25,3,3,-206
11:07:25,8,7,-210
11:07:25,10,7,-212
11:07:25,2,11,-207
11:07:25,-3,12,-204
11:07:25,3,12,-208
11:07:25,1,12,-204
11:07:25,9,10,-207
11:07:25,11,13,-209
11:07:25,6,5,-204
11:07:25,1,9,-211
11:07:25,3,11,-209
11:07:25,1,17,-207
11:07:25,6,13,-200
11:07:25,-1,4,-209
11:07:25,5,7,-210
11:07:25,0,14,-209
11:07:26,-5,5,-203
11:07:26,1,10,-211
11:07:26,7,11,-208
11:07:26,2,5,-208
11:07:26,4,14,-204
11:07:26,-2,9,-210
11:07:26,4,11,-211
11:07:26,0,3,-208
11:07:26,6,15,-212
11:07:26,-6,10,-201
11:07:26,9,5,-209
11:07:26,10,4,-207
11:07:26,4,4,-202
11:07:26,0,10,-205
11:07:26,-3,12,-209
11:07:26,6,14,-212
11:07:26,-6,11,-202
11:07:26,1,15,-207
11:07:26,8,11,-208
11:07:26,8,-3,-210
11:07:27,4,3,-209
11:07:27,3,11,-210
11:07:27,2,8,-211
11:07:27,3,6,-207
11:07:27,3,10,-208
11:07:27,-2,17,-208
11:07:27,0,17,-207
11:07:27,5,14,-210
11:07:27,2,10,-213
11:07:27,8,7,-215
11:07:27,5,15,-211
11:07:27,4,5,-206
11:07:27,10,8,-209
11:07:27,3,9,-204
11:07:27,-2,11,-212
11:07:27,8,16,-208
11:07:27,8,7,-209
11:07:27,4,9,-209
11:07:27,7,13,-207
11:07:27,3,8,-204
11:07:28,5,1,-207
11:07:28,2,8,-209
11:07:28,5,8,-213
11:07:28,0,14,-212
11:07:28,3,11,-207
11:07:28,6,4,-211
11:07:28,0,9,-203
11:07:28,2,18,-214
11:07:28,-4,10,-207
11:07:28,5,8,-210
11:07:28,6,5,-210
11:07:28,1,11,-210
11:07:28,2,5,-204
11:07:28,5,1,-202
11:07:28,4,2,-208
11:07:28,1,15,-205
11:07:28,-4,24,-208
11:07:28,3,9,-212
11:07:28,6,7,-208
11:07:29,-2,2,-207
11:07:29,-4,20,-204
11:07:29,3,10,-208
11:07:29,7,8,-208
11:07:29,2,4,-210
11:07:29,9,15,-210
11:07:29,1,7,-205
11:07:29,2,8,-209
11:07:29,4,4,-209
11:07:29,1,9,-211
11:07:29,2,14,-206
11:07:29,2,9,-209
11:07:29,9,5,-205
11:07:29,2,13,-208
11:07:29,-2,11,-208
11:07:29,-1,2,-208
11:07:29,8,4,-213
11:07:29,4,1,-211
11:07:29,9,12,-206
11:07:29,1,9,-206
11:07:30,3,9,-208
11:07:30,7,7,-212
11:07:30,2,18,-205
11:07:30,-6,17,-210
11:07:30,5,16,-214
11:07:30,5,3,-210
11:07:30,-1,5,-207
11:07:30,2,7,-208
11:07:30,4,6,-212
11:07:30,8,4,-210
11:07:30,6,11,-211
11:07:30,3,16,-209
11:07:30,-1,12,-206
11:07:30,7,12,-208
11:07:30,5,2,-208
11:07:30,-4,17,-209
11:07:30,-1,8,-211
11:07:30,5,11,-213
11:07:30,4,-1,-211
11:07:30,5,11,-211
11:07:31,-1,11,-203
11:07:31,2,11,-209
11:07:31,4,6,-210
11:07:31,-2,14,-207
11:07:31,4,20,-207
11:07:31,0,5,-209
11:07:31,6,7,-206
11:07:31,7,-2,-213
11:07:31,3,8,-210
11:07:31,-1,2,-208
11:07:31,1,7,-207
11:07:31,8,9,-212
11:07:31,4,10,-204
11:07:31,-1,15,-201
11:07:31,3,16,-205
11:07:31,9,5,-209
11:07:31,2,12,-211
11:07:31,0,14,-203
11:07:31,2,2,-211
11:07:32,6,-5,-205
11:07:32,2,3,-213
11:07:32,-4,4,-205
11:07:32,-3,8,-205
11:07:32,2,13,-204
11:07:32,1,1,-208
11:07:32,7,16,-212
11:07:32,-3,10,-205
11:07:32,0,9,-211
11:07:32,6,5,-210
11:07:32,12,8,-209
11:07:32,5,3,-209
11:07:32,1,7,-212
11:07:32,4,4,-212
11:07:32,7,1,-210
11:07:32,-2,11,-208
11:07:32,0,12,-208
11:07:32,8,15,-208
11:07:32,8,5,-212
11:07:32,3,12,-208
11:07:33,-4,6,-208
11:07:33,2,7,-207
11:07:33,7,-3,-210
11:07:33,8,5,-212
11:07:33,0,6,-209
11:07:33,1,10,-210
11:07:33,0,8,-208
11:07:33,4,7,-215
11:07:33,-1,12,-206
11:07:33,3,16,-211
11:07:33,0,8,-210
11:07:33,7,10,-211
11:07:33,9,8,-209
11:07:33,4,12,-209
11:07:33,1,4,-211
11:07:33,6,10,-209
11:07:33,1,9,-209
11:07:33,-1,13,-208
11:07:33,2,12,-205
11:07:33,1,10,-208
11:07:34,7,14,-208
11:07:34,3,15,-209
11:07:34,-2,1,-209
11:07:34,4,5,-207
11:07:34,6,3,-211
11:07:34,7,4,-202
11:07:34,1,13,-209
11:07:34,6,11,-212
11:07:34,3,12,-207
11:07:34,7,10,-207
11:07:34,-3,7,-205
11:07:34,-2,10,-207
11:07:34,-2,6,-213
11:07:34,11,9,-212
11:07:34,1,10,-199
11:07:34,0,10,-214
11:07:34,-2,15,-205
11:07:34,0,8,-211
11:07:34,1,9,-209
11:07:34,-3,15,-203
11:07:35,3,13,-207
11:07:35,5,4,-216
11:07:35,4,7,-209
11:07:35,-1,4,-208
11:07:35,3,4,-206
11:07:35,4,5,-207
11:07:35,15,8,-207
11:07:35,4,15,-205
11:07:35,-5,17,-204
11:07:35,-1,8,-206
11:07:35,13,9,-216
11:07:35,6,15,-202
11:07:35,3,9,-213
11:07:35,4,9,-213
11:07:35,6,2,-210
11:07:35,7,5,-205
11:07:35,2,12,-209
11:07:35,3,8,-209
11:07:35,0,7,-208
11:07:36,6,11,-208
11:07:36,0,14,-198
11:07:36,-2,13,-205
11:07:36,3,3,-213
11:07:36,9,13,-211
11:07:36,4,9,-207
11:07:36,1,10,-207
11:07:36,3,3,-205
11:07:36,6,3,-209
11:07:36,2,13,-205
11:07:36,-1,17,-203
11:07:36,4,12,-208
11:07:36,7,5,-207
11:07:36,6,8,-211
11:07:36,8,11,-201
11:07:36,-1,14,-202
11:07:36,0,-1,-210
11:07:36,7,4,-208
11:07:36,4,13,-211
11:07:36,1,17,-211
11:07:37,7,11,-208
11:07:37,-1,6,-209
11:07:37,5,5,-208
11:07:37,-3,9,-205
11:07:37,5,8,-211
11:07:37,11,0,-211
11:07:37,5,4,-211
11:07:37,2,8,-206
11:07:37,1,9,-207
11:07:37,6,9,-211
11:07:37,5,2,-206
11:07:37,1,16,-206
11:07:37,1,11,-206
11:07:37,2,13,-205
11:07:37,8,7,-211
11:07:37,2,10,-204
11:07:37,0,11,-207
11:07:37,2,5,-210
11:07:37,8,7,-207
11:07:37,9,3,-211
11:07:38,-1,8,-205
11:07:38,2,7,-207
11:07:38,1,10,-211
11:07:38,8,7,-210
11:07:38,5,17,-208
11:07:38,-4,10,-209
11:07:38,0,10,-209
11:07:38,10,3,-213
11:07:38,3,5,-208
11:07:38,6,7,-211
11:07:38,11,1,-210
11:07:38,7,6,-214
11:07:38,6,11,-204
11:07:38,1,22,-206
11:07:38,3,10,-209
11:07:38,0,6,-214
11:07:38,10,2,-210
11:07:38,8,9,-208
11:07:38,2,8,-207
11:07:38,3,3,-209
11:07:39,4,3,-212
11:07:39,7,3,-208
11:07:39,0,9,-205
11:07:39,3,14,-203
11:07:39,2,7,-210
11:07:39,0,7,-207
11:07:39,5,19,-210
11:07:39,-3,10,-211
11:07:39,-1,7,-209
11:07:39,6,0,-215
11:07:39,8,7,-213
11:07:39,0,2,-214
11:07:39,2,7,-209
11:07:39,4,3,-204
11:07:39,5,9,-209
11:07:39,-1,11,-209
11:07:39,0,13,-207
11:07:39,8,6,-213
11:07:39,4,14,-208
11:07:40,2,16,-209
11:07:40,-2,5,-207
11:07:40,5,7,-211
11:07:40,7,-1,-209
11:07:40,5,10,-207
11:07:40,2,10,-204
11:07:40,3,9,-210
11:07:40,7,15,-210
11:07:40,10,18,-208
11:07:40,2,10,-209
11:07:40,5,14,-215
11:07:40,2,3,-212
11:07:40,5,4,-214
11:07:40,5,6,-208
11:07:40,-3,5,-206
11:07:40,2,1,-206
11:07:40,3,1,-212
11:07:40,-3,13,-204
11:07:40,-2,11,-204
11:07:40,4,13,-210
11:07:41,2,11,-207
11:07:41,6,13,-210
11:07:41,0,1,-210
11:07:41,1,7,-208
11:07:41,4,0,-204
11:07:41,2,11,-213
11:07:41,4,9,-211
11:07:41,6,13,-212
11:07:41,2,10,-206
11:07:41,-3,11,-209
11:07:41,4,12,-209
11:07:41,-1,11,-205
11:07:41,10,4,-206
11:07:41,8,3,-216
11:07:41,11,6,-210
11:07:41,-7,12,-207
11:07:41,4,11,-207
11:07:41,9,3,-210
11:07:41,0,12,-210
11:07:41,-2,16,-211
11:07:42,-4,10,-211
11:07:42,10,8,-214
11:07:42,4,-1,-204
11:07:42,2,12,-207
11:07:42,-7,11,-202
11:07:42,6,19,-208
11:07:42,6,7,-204
11:07:42,5,18,-208
11:07:42,-6,13,-204
11:07:42,2,5,-211
11:07:42,6,4,-211
11:07:42,2,9,-205
11:07:42,5,13,-210
11:07:42,1,6,-205
11:07:42,9,2,-206
11:07:42,6,10,-207
11:07:42,4,20,-202
11:07:42,-4,17,-207
11:07:42,6,15,-208
11:07:43,4,5,-208
11:07:43,-1,9,-210
11:07:43,-3,4,-205
11:07:43,4,1,-210
11:07:43,3,0,-209
11:07:43,1,4,-211
11:07:43,-4,9,-211
11:07:43,1,11,-211
11:07:43,1,8,-213
11:07:43,7,10,-206
11:07:43,1,16,-211
11:07:43,-4,10,-212
11:07:43,4,13,-213
11:07:43,9,-4,-211
11:07:43,5,14,-213
11:07:43,0,12,-205
11:07:43,2,10,-208
11:07:43,6,7,-205
11:07:43,-4,6,-206
11:07:43,-1,14,-211
11:07:44,-2,10,-207
11:07:44,7,7,-209
11:07:44,-2,2,-214
11:07:44,0,12,-207
11:07:44,-7,6,-206
11:07:44,1,11,-214
11:07:44,3,7,-208
11:07:44,-1,17,-205
11:07:44,2,16,-210
11:07:44,-1,12,-215
11:07:44,0,2,-212
11:07:44,5,6,-210
11:07:44,0,8,-206
11:07:44,1,6,-213
11:07:44,5,7,-212
11:07:44,3,-2,-212
11:07:44,4,5,-209
11:07:44,1,14,-212
11:07:44,3,10,-205
11:07:44,-1,3,-208
11:07:45,1,17,-206
11:07:45,-5,9,-204
11:07:45,6,10,-209
11:07:45,5,-1,-208
11:07:45,6,6,-208
11:07:45,1,1,-210
11:07:45,5,10,-211
11:07:45,10,4,-209
11:07:45,-2,6,-211
11:07:45,3,17,-203
11:07:45,-5,13,-209
11:07:45,2,4,-212
11:07:45,4,2,-209
11:07:45,1,16,-206
11:07:45,-1,7,-210
11:07:45,1,9,-206
11:07:45,6,1,-207
11:07:45,5,9,-212
11:07:45,-1,5,-209
11:07:45,0,11,-212
11:07:46,5,6,-211
11:07:46,4,15,-208
11:07:46,-1,12,-205
11:07:46,2,20,-208
11:07:46,3,7,-209
11:07:46,3,9,-212
11:07:46,6,11,-204
11:07:46,1,4,-205
11:07:46,7,5,-212
11:07:46,6,4,-214
11:07:46,-3,4,-204
11:07:46,0,15,-205
11:07:46,6,21,-209
11:07:46,4,3,-207
11:07:46,2,10,-203
11:07:46,-1,5,-211
11:07:46,-1,13,-205
11:07:46,3,4,-211
11:07:46,12,6,-209
11:07:47,2,8,-212
11:07:47,-1,10,-209
11:07:47,2,17,-211
11:07:47,-1,7,-209
11:07:47,3,11,-206
11:07:47,-4,10,-210
11:07:47,-1,8,-210
11:07:47,5,2,-211
11:07:47,7,8,-206
11:07:47,1,8,-209
11:07:47,7,14,-208
11:07:47,5,8,-208
11:07:47,7,5,-210
11:07:47,-1,13,-200
11:07:47,-1,18,-205
11:07:47,-1,11,-207
11:07:47,6,5,-211
11:07:47,6,6,-207
11:07:47,1,4,-213
11:07:47,3,5,-206
11:07:48,2,4,-214
11:07:48,6,6,-206
11:07:48,0,14,-208
11:07:48,7,8,-212
11:07:48,3,3,-207
11:07:48,6,7,-207
11:07:48,-3,9,-208
11:07:48,5,18,-205
11:07:48,1,12,-212
11:07:48,6,7,-211
11:07:48,3,9,-209
11:07:48,2,8,-213
11:07:48,6,8,-210
11:07:48,4,9,-210
11:07:48,6,4,-212
11:07:48,6,16,-206
11:07:48,5,8,-202
11:07:48,5,8,-210
11:07:48,3,5,-209
11:07:48,-2,20,-206
11:07:49,-2,12,-208
11:07:49,5,12,-211
11:07:49,6,4,-211
11:07:49,4,5,-215
11:07:49,-2,7,-206
11:07:49,6,6,-209
11:07:49,1,3,-204
11:07:49,4,7,-208
11:07:49,-5,11,-207
11:07:49,-2,19,-208
11:07:49,12,8,-214
11:07:49,3,5,-204
11:07:49,1,16,-213
11:07:49,-3,11,-202
11:07:49,10,5,-209
11:07:49,8,3,-210
11:07:49,3,9,-207
11:07:49,1,13,-207
11:07:49,6,10,-209
11:07:49,7,10,-203
11:07:50,-3,10,-212
11:07:50,0,17,-214
11:07:50,-1,8,-208
11:07:50,11,8,-212
11:07:50,10,1,-207
11:07:50,-2,13,-203
11:07:50,-3,6,-209
11:07:50,1,10,-212
11:07:50,8,7,-210
11:07:50,1,16,-207
11:07:50,0,17,-206
11:07:50,0,7,-211
11:07:50,6,7,-205
11:07:50,5,1,-214
11:07:50,3,4,-206
11:07:50,3,4,-215
11:07:50,7,9,-215
11:07:50,3,7,-203
11:07:50,7,14,-210
11:07:51,0,18,-206
11:07:51,3,14,-209
11:07:51,4,6,-211
11:07:51,2,20,-209
11:07:51,-1,13,-203
11:07:51,1,6,-208
11:07:51,6,2,-210
11:07:51,10,9,-204
11:07:51,-2,9,-206
11:07:51,5,11,-207
11:07:51,1,8,-212
11:07:51,-2,7,-207
11:07:51,3,15,-206
11:07:51,-2,13,-208
11:07:51,4,5,-216
11:07:51,5,9,-209
11:07:51,9,8,-210
11:07:51,-2,6,-205
11:07:51,4,5,-215
11:07:51,9,-5,-207
11:07:52,9,6,-210
11:07:52,-1,9,-210
11:07:52,3,14,-210
11:07:52,5,4,-205
11:07:52,-1,10,-209
11:07:52,0,14,-207
11:07:52,3,16,-209
11:07:52,2,5,-208
11:07:52,7,4,-210
11:07:52,5,14,-206
11:07:52,-6,13,-207
11:07:52,6,12,-206
11:07:52,6,1,-206
11:07:52,4,11,-207
11:07:52,-2,11,-204
11:07:52,0,6,-214
11:07:52,1,7,-208
11:07:52,9,5,-211
11:07:52,7,12,-213
11:07:52,-1,0,-205
11:07:53,3,-2,-213
11:07:53,2,6,-212
11:07:53,1,14,-205
11:07:53,-5,11,-209
11:07:53,9,20,-209
11:07:53,0,6,-213
11:07:53,3,12,-207
11:07:53,-3,9,-204
11:07:53,0,1,-206
11:07:53,13,6,-207
11:07:53,11,9,-203
11:07:53,1,13,-207
11:07:53,2,12,-208
11:07:53,6,9,-208
11:07:53,4,12,-206
11:07:53,1,16,-208
11:07:53,0,8,-206
11:07:53,2,13,-210
11:07:53,4,5,-209
11:07:54,4,9,-211
11:07:54,0,2,-209
11:07:54,0,11,-213
11:07:54,10,7,-208
11:07:54,1,14,-205
11:07:54,1,10,-203
11:07:54,0,9,-204
11:07:54,4,5,-214
11:07:54,7,13,-210
11:07:54,8,16,-211
11:07:54,-3,0,-208
11:07:54,3,7,-215
11:07:54,-1,2,-209
11:07:54,-1,6,-209
11:07:54,0,12,-203
11:07:54,4,13,-205
11:07:54,8,6,-209
11:07:54,9,19,-211
11:07:54,2,11,-207
11:07:54,0,5,-213
11:07:55,-2,2,-211
11:07:55,4,2,-216
11:07:55,9,8,-216
11:07:55,3,10,-212
11:07:55,7,7,-206
11:07:55,5,5,-210
11:07:55,-5,15,-208
11:07:55,-4,12,-204
11:07:55,3,17,-204
11:07:55,1,5,-211
11:07:55,4,11,-208
11:07:55,4,3,-206
11:07:55,-3,7,-210
11:07:55,7,3,-210
11:07:55,6,6,-215
11:07:55,-3,13,-204
11:07:55,1,14,-206
11:07:55,7,10,-208
11:07:55,5,7,-209
11:07:55,5,14,-210
11:07:56,-3,9,-207
11:07:56,5,8,-208
11:07:56,3,2,-215
11:07:56,6,8,-205
11:07:56,-2,10,-205
11:07:56,1,12,-211
11:07:56,5,9,-213
11:07:56,1,10,-209
11:07:56,2,8,-202
11:07:56,-1,23,-205
11:07:56,2,5,-206
11:07:56,4,7,-215
11:07:56,4,13,-208
11:07:56,5,7,-199
11:07:56,8,7,-210
11:07:56,5,7,-210
11:07:56,-1,10,-205
11:07:56,1,17,-202
11:07:56,8,13,-209
11:07:56,5,9,-209
11:07:57,5,14,-207
11:07:57,-1,17,-208
11:07:57,2,10,-209
11:07:57,0,3,-205
11:07:57,13,4,-213
11:07:57,4,10,-204
11:07:57,3,13,-213
11:07:57,4,11,-205
11:07:57,3,1,-213
11:07:57,4,17,-208
11:07:57,-7,14,-213
11:07:57,5,8,-207
11:07:57,2,0,-205
11:07:57,14,10,-210
11:07:57,-1,11,-207
11:07:57,1,10,-208
11:07:57,11,2,-206
11:07:57,2,12,-210
11:07:57,2,18,-212
11:07:58,-5,13,-206
11:07:58,8,6,-207
11:07:58,12,-1,-211
11:07:58,0,12,-208
11:07:58,-5,14,-201
11:07:58,2,10,-206
11:07:58,7,10,-207
11:07:58,4,6,-209
11:07:58,1,15,-206
11:07:58,-3,7,-208
11:07:58,0,5,-210
11:07:58,4,-1,-211
11:07:58,6,9,-214
11:07:58,-4,3,-206
11:07:58,3,6,-210
11:07:58,6,9,-209
11:07:58,-4,9,-213
11:07:58,-3,14,-205
11:07:58,6,22,-213
11:07:58,1,0,-202
11:07:59,5,7,-207
11:07:59,-2,10,-206
11:07:59,0,6,-206
11:07:59,6,6,-211
11:07:59,7,7,-215
11:07:59,5,8,-207
11:07:59,-1,11,-207
11:07:59,3,9,-208
11:07:59,10,7,-210
11:07:59,2,13,-206
11:07:59,-3,13,-214
11:07:59,-1,17,-207
11:07:59,5,0,-209
11:07:59,7,6,-207
11:07:59,-5,4,-205
11:07:59,3,7,-210
11:07:59,5,5,-208
11:07:59,6,8,-213
11:07:59,1,17,-208
11:07:59,-3,17,-201
11:08:00,4,9,-209
11:08:00,6,4,-210
11:08:00,1,11,-212
11:08:00,-4,9,-212
11:08:00,6,6,-208
11:08:00,6,5,-210
11:08:00,6,9,-209
11:08:00,2,6,-205
11:08:00,5,7,-208
11:08:00,6,6,-205
11:08:00,7,5,-210
11:08:00,-3,16,-207
11:08:00,-1,16,-204
11:08:00,6,9,-207
11:08:00,7,3,-206
11:08:00,2,13,-203
11:08:00,-2,18,-210
11:08:00,3,2,-207
11:08:00,4,6,-204
11:08:00,-1,5,-210
11:08:01,-1,11,-210
11:08:01,6,8,-207
11:08:01,5,8,-203
11:08:01,2,12,-210
11:08:01,1,13,-211
11:08:01,-1,15,-207
11:08:01,6,6,-211
11:08:01,16,6,-214
11:08:01,-3,5,-208
11:08:01,7,7,-213
11:08:01,4,2,-204
11:08:01,3,5,-203
11:08:01,1,11,-204
11:08:01,-3,26,-208
11:08:01,1,13,-210
11:08:01,6,14,-211
11:08:01,6,9,-205
11:08:01,-2,10,-206
11:08:01,0,8,-209
11:08:02,6,5,-214
11:08:02,5,2,-212
11:08:02,1,7,-209
11:08:02,2,8,-213
11:08:02,4,10,-212
11:08:02,2,12,-204
11:08:02,2,9,-204
11:08:02,-1,19,-215
11:08:02,0,5,-208
11:08:02,8,9,-215
11:08:02,3,5,-207
11:08:02,3,16,-210
11:08:02,2,4,-213
11:08:02,5,11,-216
11:08:02,7,1,-206
11:08:02,0,16,-212
11:08:02,0,17,-201
11:08:02,3,11,-210
11:08:02,8,7,-207
11:08:02,4,12,-213
11:08:03,0,14,-209
11:08:03,2,2,-207
11:08:03,1,5,-208
11:08:03,2,2,-205
11:08:03,1,16,-212
11:08:03,0,11,-208
11:08:03,3,11,-208
11:08:03,6,7,-213
11:08:03,6,14,-214
11:08:03,-5,7,-210
11:08:03,1,8,-213
11:08:03,10,10,-211
11:08:03,8,10,-207
11:08:03,1,10,-207
11:08:03,2,5,-207
11:08:03,2,10,-211
11:08:03,7,8,-212
11:08:03,4,22,-208
11:08:03,-3,15,-206
11:08:03,-1,10,-208
11:08:04,8,8,-211
11:08:04,9,5,-213
11:08:04,4,1,-203
11:08:04,2,14,-212
11:08:04,6,2,-209
11:08:04,2,17,-209
11:08:04,2,19,-204
11:08:04,-4,7,-207
11:08:04,5,14,-216
11:08:04,3,4,-211
11:08:04,-2,11,-205
11:08:04,1,6,-210
11:08:04,3,7,-212
11:08:04,10,5,-209
11:08:04,8,15,-210
11:08:04,-1,14,-204
11:08:04,4,7,-210
11:08:04,7,12,-212
11:08:04,-2,13,-209
11:08:05,1,9,-209
11:08:05,1,8,-207
11:08:05,11,3,-208
11:08:05,6,3,-207
11:08:05,7,9,-208
11:08:05,-8,6,-205
11:08:05,6,8,-210
11:08:05,5,8,-207
11:08:05,1,20,-203
11:08:05,0,12,-202
11:08:05,3,16,-207
11:08:05,6,8,-208
11:08:05,11,2,-214
11:08:05,0,10,-209
11:08:05,2,-1,-212
11:08:05,3,9,-212
11:08:05,1,5,-205
11:08:05,1,10,-205
11:08:05,1,9,-207
11:08:05,11,14,-210
11:08:06,2,9,-211
11:08:06,4,16,-207
11:08:06,-3,6,-210
11:08:06,4,6,-208
11:08:06,7,-1,-212
11:08:06,8,14,-208
11:08:06,7,10,-208
11:08:06,6,9,-210
11:08:06,6,10,-203
11:08:06,-2,11,-205
11:08:06,2,25,-205
11:08:06,1,9,-206
11:08:06,8,5,-212
11:08:06,6,2,-207
11:08:06,5,13,-209
11:08:06,1,0,-204
11:08:06,4,10,-208
11:08:06,9,2,-210
11:08:06,0,15,-208
11:08:06,7,15,-208
11:08:07,3,10,-213
11:08:07,3,8,-211
11:08:07,3,11,-211
11:08:07,1,11,-211
11:08:07,2,0,-207
11:08:07,8,3,-213
11:08:07,6,5,-206
11:08:07,1,15,-209
11:08:07,4,10,-203
11:08:07,4,12,-210
11:08:07,2,5,-210
11:08:07,8,18,-207
11:08:07,3,9,-208
11:08:07,3,9,-210
11:08:07,5,3,-205
11:08:07,9,7,-206
11:08:07,2,9,-202
11:08:07,3,4,-205
11:08:07,8,0,-205
11:08:07,0,10,-210
11:08:08,2,19,-208
11:08:08,0,12,-208
11:08:08,7,9,-209
11:08:08,4,7,-210
11:08:08,2,19,-205
11:08:08,-1,5,-212
11:08:08,0,6,-211
11:08:08,9,3,-205
11:08:08,9,10,-208
11:08:08,2,10,-211
11:08:08,5,9,-212
11:08:08,4,10,-208
11:08:08,2,9,-207
11:08:08,-1,19,-204
11:08:08,9,10,-212
11:08:08,8,5,-213
11:08:08,5,3,-210
11:08:08,11,7,-208
11:08:08,0,8,-205
11:08:09,4,8,-209
11:08:09,8,9,-209
11:08:09,3,13,-204
11:08:09,2,10,-206
11:08:09,5,19,-209
11:08:09,2,8,-209
11:08:09,3,10,-208
11:08:09,1,14,-206
11:08:09,1,5,-206
11:08:09,6,2,-212
11:08:09,-4,2,-214
11:08:09,2,8,-207
11:08:09,0,12,-207
11:08:09,6,14,-208
11:08:09,5,6,-211
11:08:09,-2,17,-212
11:08:09,-3,13,-203
11:08:09,4,13,-210
11:08:09,8,0,-206
11:08:09,11,8,-214
11:08:10,2,8,-210
11:08:10,-6,14,-205
11:08:10,4,10,-207
11:08:10,-2,7,-206
11:08:10,13,20,-206
11:08:10,-2,10,-209
11:08:10,5,13,-209
11:08:10,9,1,-210
11:08:10,11,10,-209
11:08:10,-4,13,-204
11:08:10,-1,9,-203
11:08:10,10,12,-212
11:08:10,-1,7,-206
11:08:10,-6,17,-210
11:08:10,-4,4,-206
11:08:10,6,5,-213
11:08:10,7,4,-211
11:08:10,5,17,-206
11:08:10,-5,3,-206
11:08:10,0,14,-207
11:08:11,4,3,-209
11:08:11,4,8,-208
11:08:11,-1,13,-206
11:08:11,0,14,-209
11:08:11,5,0,-206
11:08:11,5,9,-212
11:08:11,-1,12,-205
11:08:11,-4,8,-206
11:08:11,7,1,-208
11:08:11,8,6,-207
11:08:11,5,9,-205
11:08:11,2,13,-205
11:08:11,5,13,-209
11:08:11,8,3,-212
11:08:11,2,15,-209
11:08:11,-4,13,-209
11:08:11,5,13,-210
11:08:11,3,1,-206
11:08:11,2,5,-207
11:08:12,-5,9,-208
11:08:12,4,9,-210
11:08:12,-1,3,-203
11:08:12,11,2,-208
11:08:12,8,16,-204
11:08:12,-4,10,-207
11:08:12,4,13,-207
11:08:12,5,8,-211
11:08:12,6,8,-211
11:08:12,1,1,-206
11:08:12,6,9,-212
11:08:12,4,-6,-208
11:08:12,5,8,-209
11:08:12,0,14,-203
11:08:12,0,12,-209
11:08:12,3,7,-211
11:08:12,6,9,-205
11:08:12,2,13,-205
11:08:12,3,17,-207
11:08:12,7,9,-208
11:08:13,13,2,-214
11:08:13,1,11,-206
11:08:13,0,5,-211
11:08:13,2,10,-208
11:08:13,4,3,-208
11:08:13,2,11,-206
11:08:13,-8,12,-208
11:08:13,0,16,-208
11:08:13,4,10,-210
11:08:13,5,2,-215
11:08:13,5,5,-211
11:08:13,3,6,-212
11:08:13,3,5,-208
11:08:13,1,4,-212
11:08:13,2,7,-207
11:08:13,0,11,-208
11:08:13,10,16,-210
11:08:13,0,4,-206
11:08:13,-2,16,-203
11:08:13,0,10,-206
11:08:14,6,9,-209
11:08:14,10,1,-206
11:08:14,3,8,-206
11:08:14,5,6,-206
11:08:14,1,11,-206
11:08:14,6,7,-206
11:08:14,5,4,-208
11:08:14,9,14,-209
11:08:14,-1,12,-210
11:08:14,5,12,-212
11:08:14,6,3,-213
11:08:14,10,8,-205
11:08:14,4,2,-210
11:08:14,6,9,-211
11:08:14,5,7,-210
11:08:14,4,13,-210
11:08:14,0,7,-209
11:08:14,-8,18,-208
11:08:14,1,12,-209
11:08:14,6,8,-207
11:08:15,3,11,-207
11:08:15,0,8,-210
11:08:15,4,9,-209
11:08:15,9,7,-209
11:08:15,5,3,-209
11:08:15,3,11,-205
11:08:15,3,8,-207
11:08:15,3,9,-212
11:08:15,2,9,-198
11:08:15,3,19,-210
11:08:15,1,13,-207
11:08:15,2,7,-212
11:08:15,9,7,-210
11:08:15,1,9,-211
11:08:15,-3,11,-208
11:08:15,-1,4,-207
11:08:15,4,6,-209
11:08:15,7,3,-209
11:08:15,2,8,-212
11:08:16,0,8,-205
11:08:16,6,14,-213
11:08:16,8,5,-207
11:08:16,-2,22,-203
11:08:16,-5,10,-206
11:08:16,0,8,-207
11:08:16,1,3,-205
11:08:16,3,9,-207
11:08:16,3,7,-210
11:08:16,8,7,-210
11:08:16,16,6,-203
11:08:16,-1,13,-208
11:08:16,-3,17,-207
11:08:16,1,10,-209
11:08:16,10,7,-209
11:08:16,10,3,-205
11:08:16,5,18,-207
11:08:16,0,6,-207
11:08:16,6,0,-211
11:08:16,3,6,-208
11:08:17,8,11,-207
11:08:17,1,11,-208
11:08:17,1,13,-212
11:08:17,8,14,-206
11:08:17,-5,13,-214
11:08:17,-2,12,-204
11:08:17,4,8,-210
11:08:17,10,2,-212
11:08:17,5,-2,-212
11:08:17,4,15,-208
11:08:17,-2,7,-205
11:08:17,4,7,-211
11:08:17,6,4,-213
11:08:17,2,15,-210
11:08:17,4,14,-202
11:08:17,-3,8,-207
11:08:17,4,6,-204
11:08:17,7,7,-211
11:08:17,7,6,-206
11:08:17,2,5,-209
11:08:18,11,3,-211
11:08:18,6,8,-206
11:08:18,9,16,-209
11:08:18,1,18,-212
11:08:18,6,13,-209
11:08:18,5,0,-206
11:08:18,6,20,-205
11:08:18,2,6,-207
11:08:18,-1,6,-213
11:08:18,4,0,-213
11:08:18,9,4,-208
11:08:18,6,1,-211
11:08:18,-1,10,-210
11:08:18,7,6,-210
11:08:18,0,10,-210
11:08:18,0,15,-201
11:08:18,-2,16,-215
11:08:18,6,13,-208
11:08:18,8,3,-212
11:08:18,7,13,-208
11:08:19,1,2,-208
11:08:19,3,7,-208
11:08:19,3,5,-215
11:08:19,8,16,-202
11:08:19,2,16,-204
11:08:19,-4,11,-203
11:08:19,5,6,-208
11:08:19,8,10,-207
11:08:19,7,11,-213
11:08:19,-2,5,-210
11:08:19,7,5,-208
11:08:19,4,7,-209
11:08:19,5,6,-206
11:08:19,-6,5,-210
11:08:19,1,7,-213
11:08:19,2,10,-213
11:08:19,6,15,-210
11:08:19,-1,12,-210
11:08:19,7,14,-211
11:08:20,5,3,-205
11:08:20,6,7,-211
11:08:20,9,9,-213
11:08:20,-4,8,-203
11:08:20,4,3,-214
11:08:20,5,12,-212
11:08:20,3,14,-205
11:08:20,-7,13,-206
11:08:20,5,11,-207
11:08:20,2,3,-209
11:08:20,6,14,-210
11:08:20,1,11,-211
11:08:20,2,12,-205
11:08:20,5,5,-210
11:08:20,10,10,-205
11:08:20,4,15,-203
11:08:20,6,12,-208
11:08:20,11,12,-212
11:08:20,2,3,-213
11:08:20,3,13,-210
11:08:21,3,2,-209
11:08:21,8,1,-210
11:08:21,8,2,-212
11:08:21,7,15,-213
11:08:21,-4,7,-204
11:08:21,0,8,-207
11:08:21,4,1,-210
11:08:21,2,15,-204
11:08:21,-3,14,-205
11:08:21,0,10,-210
11:08:21,3,4,-204
11:08:21,1,1,-208
11:08:21,8,10,-211
11:08:21,-2,6,-210
11:08:21,6,7,-211
11:08:21,3,8,-210
11:08:21,1,17,-206
11:08:21,1,6,-207
11:08:21,10,18,-207
11:08:21,9,3,-206
11:08:22,2,9,-210
11:08:22,-4,7,-204
11:08:22,3,11,-210
11:08:22,6,5,-210
11:08:22,11,7,-212
11:08:22,2,12,-203
11:08:22,5,15,-208
11:08:22,5,7,-211
11:08:22,-1,3,-209
11:08:22,7,21,-209
11:08:22,0,8,-213
11:08:22,0,12,-213
11:08:22,6,0,-212
11:08:22,0,7,-210
11:08:22,1,3,-203
11:08:22,7,12,-213
11:08:22,4,4,-214
11:08:22,0,14,-210
11:08:22,1,13,-210
11:08:23,-1,16,-202
11:08:23,6,10,-206
11:08:23,12,6,-212
11:08:23,8,17,-208
11:08:23,3,9,-207
11:08:23,5,7,-207
11:08:23,4,4,-207
11:08:23,-1,9,-204
11:08:23,3,9,-207
11:08:23,2,13,-213
11:08:23,9,7,-212
11:08:23,6,11,-207
11:08:23,-3,6,-206
11:08:23,0,15,-213
11:08:23,3,4,-214
11:08:23,3,2,-212
11:08:23,4,10,-208
11:08:23,-2,10,-208
11:08:23,3,9,-209
11:08:23,3,9,-215
11:08:24,5,15,-206
11:08:24,1,11,-206
11:08:24,6,16,-207
11:08:24,7,6,-210
11:08:24,5,11,-204
11:08:24,2,8,-206
11:08:24,3,1,-211
11:08:24,6,3,-210
11:08:24,6,6,-207
11:08:24,1,4,-208
11:08:24,1,18,-206
11:08:24,4,11,-206
11:08:24,6,9,-208
11:08:24,10,19,-206
11:08:24,1,11,-206
11:08:24,4,15,-210
11:08:24,0,-3,-203
11:08:24,10,9,-209
11:08:24,-3,14,-207
11:08:24,-2,11,-207
11:08:25,6,10,-215
11:08:25,3,5,-210
11:08:25,3,11,-206
11:08:25,1,3,-209
11:08:25,0,7,-206
11:08:25,11,0,-208
11:08:25,8,12,-208
11:08:25,0,7,-202
11:08:25,4,10,-211
11:08:25,2,6,-210
11:08:25,1,14,-209
11:08:25,-3,14,-205
11:08:25,3,15,-210
11:08:25,7,5,-208
11:08:25,4,3,-209
11:08:25,4,7,-209
11:08:25,-2,7,-211
11:08:25,8,8,-211
11:08:25,13,6,-210
11:08:25,5,16,-202
11:08:26,-6,13,-203
11:08:26,4,21,-208
11:08:26,3,6,-213
11:08:26,4,11,-210
11:08:26,-2,8,-205
11:08:26,-4,3,-213
11:08:26,4,2,-211
11:08:26,4,4,-207
11:08:26,0,6,-201
11:08:26,1,8,-212
11:08:26,3,12,-204
11:08:26,5,7,-210
11:08:26,4,12,-207
11:08:26,-4,10,-207
11:08:26,-3,16,-207
11:08:26,3,6,-212
11:08:26,7,8,-208
11:08:26,1,4,-212
11:08:26,5,10,-210
11:08:27,2,2,-210
11:08:27,9,9,-209
11:08:27,-4,15,-204
11:08:27,-5,13,-210
11:08:27,4,13,-209
11:08:27,5,6,-210
11:08:27,7,10,-206
11:08:27,4,7,-208
11:08:27,5,4,-207
11:08:27,9,2,-213
11:08:27,2,4,-209
11:08:27,2,1,-208
11:08:27,6,7,-213
11:08:27,6,8,-210
11:08:27,4,7,-210
11:08:27,0,14,-207
11:08:27,2,19,-208
11:08:27,-3,5,-209
11:08:27,7,11,-210
11:08:27,8,12,-212
11:08:28,3,2,-208
11:08:28,4,3,-212
11:08:28,5,6,-206
11:08:28,8,7,-205
11:08:28,0,9,-209
11:08:28,2,6,-209
11:08:28,6,9,-207
11:08:28,11,5,-205
11:08:28,-5,19,-200
11:08:28,-4,19,-202
11:08:28,-1,8,-210
11:08:28,5,11,-205
11:08:28,5,4,-212
11:08:28,4,13,-210
11:08:28,3,6,-206
11:08:28,3,4,-211
11:08:28,-1,10,-211
11:08:28,0,11,-210
11:08:28,3,6,-212
11:08:28,6,8,-210
11:08:29,2,8,-210
11:08:29,-1,17,-208
11:08:29,2,8,-208
11:08:29,6,6,-210
11:08:29,10,5,-212
11:08:29,9,14,-212
11:08:29,-6,3,-210
11:08:29,4,6,-207
11:08:29,-2,6,-204
11:08:29,-1,6,-200
11:08:29,0,17,-206
11:08:29,-2,10,-208
11:08:29,2,12,-208
11:08:29,-2,5,-203
11:08:29,8,9,-208
11:08:29,0,2,-210
11:08:29,4,7,-211
11:08:29,7,2,-214
11:08:29,1,16,-208
11:08:29,-4,17,-201
11:08:30,4,15,-207
11:08:30,6,8,-210
11:08:30,6,8,-213
11:08:30,-3,14,-213
11:08:30,3,12,-217
11:08:30,1,3,-211
11:08:30,4,2,-210
11:08:30,2,13,-211
11:08:30,5,6,-214
11:08:30,3,9,-208
11:08:30,4,6,-209
11:08:30,2,16,-206
11:08:30,-2,14,-203
11:08:30,-1,14,-211
11:08:30,7,7,-209
11:08:30,3,5,-211
11:08:30,2,2,-207
11:08:30,1,12,-210
11:08:30,-2,3,-202
11:08:31,2,15,-204
11:08:31,-4,15,-198
11:08:31,2,10,-204
11:08:31,12,16,-212
11:08:31,8,8,-208
11:08:31,5,14,-215
11:08:31,5,4,-209
11:08:31,0,4,-209
11:08:31,5,3,-211
11:08:31,3,11,-210
11:08:31,-3,8,-203
11:08:31,2,11,-209
11:08:31,8,7,-207
11:08:31,4,12,-206
11:08:31,2,15,-206
11:08:31,-1,2,-203
11:08:31,10,5,-214
11:08:31,0,2,-208
11:08:31,10,12,-212
11:08:31,0,7,-204
11:08:32,5,11,-215
11:08:32,9,6,-209
11:08:32,-4,15,-207
11:08:32,-1,14,-207
11:08:32,0,13,-207
11:08:32,11,9,-212
11:08:32,4,10,-204
11:08:32,2,16,-209
11:08:32,2,9,-205
11:08:32,9,9,-207
11:08:32,0,2,-207
11:08:32,1,25,-202
11:08:32,-3,20,-206
11:08:32,0,8,-207
11:08:32,3,2,-204
11:08:32,3,15,-217
11:08:32,6,7,-213
11:08:32,6,3,-211
11:08:32,4,2,-212
11:08:32,3,6,-207
11:08:33,-4,7,-203
11:08:33,-1,12,-210
11:08:33,4,9,-209
11:08:33,1,14,-205
11:08:33,5,18,-203
11:08:33,-5,15,-204
11:08:33,4,9,-206
11:08:33,10,-2,-217
11:08:33,11,11,-211
11:08:33,-1,9,-211
11:08:33,1,10,-203
11:08:33,4,11,-211
11:08:33,-5,14,-204
11:08:33,-1,14,-205
11:08:33,6,4,-205
11:08:33,12,7,-207
11:08:33,0,0,-208
11:08:33,2,11,-208
11:08:33,0,7,-209
11:08:33,6,8,-210
11:08:34,4,8,-204
11:08:34,1,17,-209
11:08:34,1,10,-208
11:08:34,0,14,-206
11:08:34,1,5,-210
11:08:34,-1,5,-210
11:08:34,3,16,-210
11:08:34,4,6,-203
11:08:34,8,0,-211
11:08:34,0,10,-209
11:08:34,1,13,-208
11:08:34,4,11,-206
11:08:34,7,16,-210
11:08:34,9,3,-206
11:08:34,3,18,-211
11:08:34,0,8,-204
11:08:34,6,9,-214
11:08:34,6,8,-210
11:08:34,2,15,-210
11:08:35,0,5,-207
11:08:35,8,9,-213
11:08:35,4,4,-208
11:08:35,1,9,-210
11:08:35,-2,18,-204
11:08:35,-6,10,-208
11:08:35,7,13,-212
11:08:35,8,6,-208
11:08:35,6,14,-208
11:08:35,1,-2,-204
11:08:35,0,2,-211
11:08:35,6,3,-207
11:08:35,4,12,-212
11:08:35,1,10,-203
11:08:35,4,9,-214
11:08:35,3,3,-204
11:08:35,4,8,-206
11:08:35,3,21,-208
11:08:35,0,10,-210
11:08:35,5,6,-209
11:08:36,6,-1,-205
11:08:36,7,9,-209
