11:38:00,4,-96,-116
11:38:00,7,-94,-115
11:38:00,5,-103,-116
11:38:00,-2,-88,-108
11:38:00,0,-103,-102
11:38:00,5,-102,-114
11:38:00,1,-94,-108
11:38:00,1,-91,-125
11:38:00,3,-96,-114
11:38:00,9,-104,-115
11:38:00,3,-106,-101
11:38:00,3,-88,-110
11:38:00,3,-99,-108
11:38:00,7,-94,-108
11:38:00,2,-96,-114
11:38:00,3,-92,-104
11:38:00,8,-89,-114
11:38:00,11,-96,-108
11:38:00,5,-101,-117
11:38:01,7,-98,-122
11:38:01,10,-101,-110
11:38:01,10,-100,-102
11:38:01,4,-99,-117
11:38:01,-5,-89,-109
11:38:01,7,-110,-111
11:38:01,1,-100,-113
11:38:01,4,-112,-114
11:38:01,5,-105,-102
11:38:01,1,-97,-108
11:38:01,-2,-102,-109
11:38:01,-2,-101,-106
11:38:01,6,-98,-111
11:38:01,16,-108,-110
11:38:01,3,-110,-121
11:38:01,9,-92,-101
11:38:01,5,-90,-107
11:38:01,6,-96,-110
11:38:01,6,-109,-105
11:38:01,9,-94,-108
11:38:02,6,-107,-103
11:38:02,10,-107,-115
11:38:02,11,-95,-111
11:38:02,3,-101,-115
11:38:02,6,-100,-116
11:38:02,6,-97,-113
11:38:02,5,-106,-110
11:38:02,4,-106,-110
11:38:02,4,-98,-107
11:38:02,8,-104,-111
11:38:02,2,-109,-104
11:38:02,2,-106,-114
11:38:02,9,-96,-109
11:38:02,11,-110,-107
11:38:02,7,-96,-119
11:38:02,6,-101,-123
11:38:02,4,-102,-106
11:38:02,-2,-102,-112
11:38:02,-2,-109,-118
11:38:02,1,-100,-107
11:38:03,10,-104,-129
11:38:03,7,-103,-113
11:38:03,8,-107,-114
11:38:03,0,-95,-107
11:38:03,4,-95,-105
11:38:03,11,-106,-106
11:38:03,-8,-97,-97
11:38:03,10,-104,-107
11:38:03,7,-95,-112
11:38:03,9,-99,-115
11:38:03,8,-99,-108
11:38:03,3,-88,-116
11:38:03,4,-107,-110
11:38:03,8,-108,-116
11:38:03,6,-108,-103
11:38:03,5,-101,-121
11:38:03,6,-102,-114
11:38:03,3,-102,-109
11:38:03,0,-105,-107
11:38:03,-1,-100,-111
11:38:04,6,-98,-117
11:38:04,0,-106,-105
11:38:04,7,-101,-114
11:38:04,8,-107,-115
11:38:04,6,-101,-112
11:38:04,3,-96,-108
11:38:04,5,-102,-114
11:38:04,0,-98,-105
11:38:04,3,-101,-119
11:38:04,10,-100,-104
11:38:04,4,-103,-106
11:38:04,10,-102,-99
11:38:04,5,-95,-114
11:38:04,9,-93,-117
11:38:04,7,-104,-115
11:38:04,4,-102,-106
11:38:04,5,-103,-119
11:38:04,7,-100,-110
11:38:04,6,-100,-126
11:38:05,4,-103,-117
11:38:05,1,-97,-109
11:38:05,4,-100,-111
11:38:05,4,-104,-111
11:38:05,7,-112,-98
11:38:05,8,-111,-115
11:38:05,-1,-98,-104
11:38:05,5,-105,-115
11:38:05,5,-101,-109
11:38:05,5,-95,-111
11:38:05,-5,-95,-111
11:38:05,9,-106,-115
11:38:05,8,-104,-105
11:38:05,5,-103,-104
11:38:05,6,-101,-109
11:38:05,8,-102,-112
11:38:05,6,-101,-97
11:38:05,11,-94,-112
11:38:05,9,-97,-105
11:38:05,5,-95,-114
11:38:06,1,-95,-129
11:38:06,2,-109,-118
11:38:06,7,-98,-106
11:38:06,10,-105,-111
11:38:06,5,-101,-108
11:38:06,9,-102,-103
11:38:06,-1,-96,-101
11:38:06,5,-98,-104
11:38:06,8,-98,-123
11:38:06,6,-109,-116
11:38:06,5,-109,-112
11:38:06,1,-93,-115
11:38:06,7,-102,-112
11:38:06,1,-101,-112
11:38:06,2,-93,-120
11:38:06,1,-102,-107
11:38:06,-2,-94,-116
11:38:06,1,-92,-105
11:38:06,1,-94,-114
11:38:06,2,-101,-104
11:38:07,1,-97,-116
11:38:07,-5,-94,-96
11:38:07,5,-101,-100
11:38:07,6,-108,-111
11:38:07,1,-97,-107
11:38:07,10,-98,-112
11:38:07,-1,-103,-104
11:38:07,6,-103,-116
11:38:07,9,-104,-114
11:38:07,2,-104,-105
11:38:07,7,-95,-111
11:38:07,6,-105,-109
11:38:07,1,-106,-104
11:38:07,4,-99,-112
11:38:07,6,-102,-127
11:38:07,3,-108,-122
11:38:07,4,-99,-110
11:38:07,1,-101,-119
11:38:07,9,-102,-103
11:38:07,0,-103,-104
11:38:08,3,-102,-104
11:38:08,4,-93,-116
11:38:08,11,-100,-114
11:38:08,2,-92,-108
11:38:08,6,-101,-95
11:38:08,12,-100,-109
11:38:08,9,-107,-109
11:38:08,4,-99,-98
11:38:08,11,-102,-104
11:38:08,3,-108,-106
11:38:08,6,-103,-108
11:38:08,0,-102,-107
11:38:08,1,-103,-119
11:38:08,0,-100,-112
11:38:08,5,-96,-109
11:38:08,1,-102,-98
11:38:08,2,-103,-116
11:38:08,5,-100,-116
11:38:08,4,-104,-115
11:38:09,-7,-96,-118
11:38:09,5,-96,-128
11:38:09,12,-106,-103
11:38:09,3,-107,-116
11:38:09,8,-101,-113
11:38:09,9,-106,-113
11:38:09,12,-108,-112
11:38:09,7,-104,-107
11:38:09,6,-108,-106
11:38:09,12,-86,-120
11:38:09,11,-103,-114
11:38:09,0,-100,-102
11:38:09,11,-107,-106
11:38:09,4,-98,-117
11:38:09,7,-94,-116
11:38:09,9,-93,-115
11:38:09,1,-101,-105
11:38:09,1,-103,-122
11:38:09,-2,-100,-114
11:38:09,1,-104,-102
11:38:10,3,-102,-105
11:38:10,0,-106,-106
11:38:10,0,-107,-107
11:38:10,11,-105,-115
11:38:10,3,-96,-114
11:38:10,1,-95,-120
11:38:10,8,-103,-116
11:38:10,1,-95,-118
11:38:10,8,-101,-109
11:38:10,4,-98,-107
11:38:10,5,-96,-106
11:38:10,8,-96,-104
11:38:10,1,-96,-111
11:38:10,3,-106,-98
11:38:10,14,-99,-109
11:38:10,-1,-101,-109
11:38:10,11,-92,-114
11:38:10,4,-101,-115
11:38:10,8,-98,-94
11:38:10,5,-109,-115
11:38:11,1,-107,-111
11:38:11,1,-105,-117
11:38:11,1,-101,-107
11:38:11,2,-93,-111
11:38:11,2,-86,-112
11:38:11,5,-106,-96
11:38:11,6,-100,-106
11:38:11,2,-93,-117
11:38:11,6,-108,-113
11:38:11,4,-98,-116
11:38:11,4,-103,-112
11:38:11,2,-102,-104
11:38:11,2,-103,-110
11:38:11,7,-97,-106
11:38:11,5,-94,-113
11:38:11,3,-100,-111
11:38:11,0,-100,-111
11:38:11,12,-87,-112
11:38:11,11,-94,-105
11:38:11,9,-110,-108
11:38:12,10,-104,-99
11:38:12,15,-102,-124
11:38:12,2,-104,-118
11:38:12,3,-96,-109
11:38:12,7,-107,-109
11:38:12,0,-104,-117
11:38:12,5,-105,-109
11:38:12,8,-111,-104
11:38:12,4,-101,-111
11:38:12,0,-93,-124
11:38:12,6,-112,-107
11:38:12,3,-96,-109
11:38:12,9,-101,-114
11:38:12,5,-106,-108
11:38:12,7,-100,-111
11:38:12,0,-92,-120
11:38:12,3,-103,-116
11:38:12,5,-102,-109
11:38:12,3,-102,-109
11:38:13,5,-100,-106
11:38:13,7,-97,-112
11:38:13,2,-98,-115
11:38:13,9,-102,-107
11:38:13,3,-101,-110
11:38:13,11,-103,-106
11:38:13,9,-101,-124
11:38:13,10,-94,-111
11:38:13,1,-106,-124
11:38:13,2,-95,-107
11:38:13,5,-105,-117
11:38:13,3,-106,-111
11:38:13,4,-101,-111
11:38:13,4,-106,-106
11:38:13,6,-102,-112
11:38:13,6,-97,-109
11:38:13,6,-107,-107
11:38:13,1,-103,-108
11:38:13,8,-92,-118
11:38:13,11,-99,-117
11:38:14,2,-97,-109
11:38:14,2,-98,-103
11:38:14,2,-101,-108
11:38:14,7,-95,-99
11:38:14,8,-99,-100
11:38:14,6,-91,-108
11:38:14,4,-104,-112
11:38:14,8,-97,-120
11:38:14,12,-97,-108
11:38:14,10,-104,-112
11:38:14,8,-96,-112
11:38:14,12,-99,-116
11:38:14,1,-90,-111
11:38:14,4,-103,-109
11:38:14,-1,-99,-112
11:38:14,5,-93,-124
11:38:14,-4,-95,-119
11:38:14,5,-101,-113
11:38:14,2,-96,-118
11:38:14,7,-101,-116
11:38:15,13,-110,-109
11:38:15,13,-91,-106
11:38:15,6,-96,-104
11:38:15,1,-107,-109
11:38:15,-3,-96,-108
11:38:15,7,-104,-111
11:38:15,3,-103,-131
11:38:15,5,-101,-106
11:38:15,0,-92,-112
11:38:15,11,-103,-116
11:38:15,9,-107,-107
11:38:15,9,-102,-107
11:38:15,11,-103,-109
11:38:15,6,-94,-114
11:38:15,2,-102,-116
11:38:15,8,-102,-122
11:38:15,5,-101,-109
11:38:15,3,-110,-118
11:38:15,7,-95,-107
11:38:15,6,-110,-118
11:38:16,7,-100,-115
11:38:16,4,-108,-122
11:38:16,9,-96,-106
11:38:16,2,-103,-102
11:38:16,0,-96,-114
11:38:16,3,-91,-115
11:38:16,2,-101,-109
11:38:16,6,-100,-108
11:38:16,1,-91,-110
11:38:16,6,-103,-115
11:38:16,5,-106,-117
11:38:16,9,-91,-115
11:38:16,8,-99,-101
11:38:16,5,-93,-100
11:38:16,0,-98,-119
11:38:16,6,-91,-111
11:38:16,-1,-91,-99
11:38:16,7,-103,-113
11:38:16,6,-91,-101
11:38:17,5,-103,-110
11:38:17,4,-100,-106
11:38:17,7,-96,-117
11:38:17,2,-98,-121
11:38:17,-1,-101,-117
11:38:17,9,-95,-107
11:38:17,5,-103,-110
11:38:17,3,-96,-105
11:38:17,10,-106,-115
11:38:17,12,-94,-108
11:38:17,10,-95,-108
11:38:17,-4,-98,-112
11:38:17,9,-107,-104
11:38:17,6,-108,-129
11:38:17,0,-88,-106
11:38:17,12,-107,-102
11:38:17,12,-97,-112
11:38:17,7,-98,-115
11:38:17,4,-101,-95
11:38:17,8,-100,-105
11:38:18,8,-115,-106
11:38:18,5,-107,-118
11:38:18,1,-105,-106
11:38:18,5,-106,-123
11:38:18,7,-96,-107
11:38:18,1,-100,-117
11:38:18,6,-107,-111
11:38:18,4,-98,-117
11:38:18,5,-92,-107
11:38:18,8,-102,-117
11:38:18,-1,-104,-101
11:38:18,8,-105,-113
11:38:18,4,-105,-112
11:38:18,0,-102,-99
11:38:18,2,-101,-107
11:38:18,4,-107,-119
11:38:18,-6,-111,-115
11:38:18,-2,-87,-126
11:38:18,2,-107,-115
11:38:18,-1,-98,-106
11:38:19,10,-93,-120
11:38:19,3,-103,-110
11:38:19,6,-100,-103
11:38:19,9,-99,-96
11:38:19,0,-97,-101
11:38:19,4,-97,-114
11:38:19,0,-100,-116
11:38:19,2,-104,-109
11:38:19,5,-96,-112
11:38:19,-4,-100,-116
11:38:19,5,-107,-104
11:38:19,2,-100,-119
11:38:19,6,-95,-99
11:38:19,-2,-99,-105
11:38:19,8,-108,-110
11:38:19,5,-89,-114
11:38:19,-1,-111,-101
11:38:19,1,-113,-109
11:38:19,2,-100,-122
11:38:19,5,-95,-113
11:38:20,8,-93,-100
11:38:20,6,-103,-110
11:38:20,5,-102,-112
11:38:20,3,-77,-112
11:38:20,13,-98,-112
11:38:20,-1,-92,-105
11:38:20,9,-98,-95
11:38:20,5,-96,-120
11:38:20,-1,-99,-106
11:38:20,5,-97,-112
11:38:20,3,-101,-131
11:38:20,-1,-106,-108
11:38:20,10,-100,-111
11:38:20,4,-104,-122
11:38:20,1,-97,-115
11:38:20,1,-106,-110
11:38:20,5,-107,-111
11:38:20,-3,-103,-103
11:38:20,2,-101,-130
11:38:21,4,-98,-119
11:38:21,8,-101,-110
11:38:21,8,-100,-112
11:38:21,1,-104,-108
11:38:21,1,-96,-112
11:38:21,10,-101,-107
11:38:21,9,-99,-116
11:38:21,7,-94,-105
11:38:21,11,-101,-116
11:38:21,3,-104,-121
11:38:21,8,-101,-104
11:38:21,14,-100,-113
11:38:21,2,-102,-115
11:38:21,1,-100,-116
11:38:21,0,-100,-119
11:38:21,1,-112,-125
11:38:21,4,-98,-118
11:38:21,-5,-109,-114
11:38:21,1,-95,-116
11:38:21,-4,-99,-113
11:38:22,9,-104,-92
11:38:22,-5,-93,-115
11:38:22,6,-110,-110
11:38:22,3,-98,-112
11:38:22,8,-108,-102
11:38:22,9,-105,-113
11:38:22,10,-101,-112
11:38:22,5,-105,-105
11:38:22,10,-104,-110
11:38:22,6,-93,-103
11:38:22,9,-103,-112
11:38:22,-1,-92,-104
11:38:22,11,-101,-114
11:38:22,2,-90,-114
11:38:22,4,-87,-112
11:38:22,3,-96,-118
11:38:22,5,-104,-109
11:38:22,2,-108,-105
11:38:22,0,-109,-112
11:38:22,-1,-108,-102
11:38:23,12,-92,-119
11:38:23,7,-101,-111
11:38:23,-13,-99,-106
11:38:23,3,-107,-106
11:38:23,-1,-94,-112
11:38:23,10,-115,-108
11:38:23,6,-99,-123
11:38:23,3,-102,-110
11:38:23,8,-96,-103
11:38:23,6,-105,-106
11:38:23,2,-100,-102
11:38:23,10,-97,-103
11:38:23,8,-98,-120
11:38:23,9,-99,-106
11:38:23,13,-109,-102
11:38:23,-2,-105,-114
11:38:23,9,-95,-126
11:38:23,7,-102,-113
11:38:23,5,-94,-117
11:38:23,9,-108,-107
11:38:24,-1,-106,-111
11:38:24,3,-105,-116
11:38:24,4,-104,-114
11:38:24,-1,-90,-108
11:38:24,5,-101,-116
11:38:24,1,-103,-96
11:38:24,8,-101,-105
11:38:24,2,-96,-106
11:38:24,0,-100,-107
11:38:24,7,-98,-109
11:38:24,10,-96,-109
11:38:24,8,-96,-117
11:38:24,2,-100,-112
11:38:24,-2,-103,-105
11:38:24,5,-98,-112
11:38:24,5,-97,-109
11:38:24,1,-97,-114
11:38:24,8,-102,-106
11:38:24,9,-93,-110
11:38:25,3,-97,-110
11:38:25,4,-97,-104
11:38:25,4,-96,-115
11:38:25,-1,-106,-112
11:38:25,0,-100,-118
11:38:25,-3,-92,-119
11:38:25,-2,-93,-121
11:38:25,-1,-97,-102
11:38:25,7,-98,-108
11:38:25,2,-99,-110
11:38:25,13,-101,-116
11:38:25,5,-100,-109
11:38:25,5,-94,-122
11:38:25,2,-100,-112
11:38:25,3,-93,-122
11:38:25,0,-104,-110
11:38:25,8,-101,-113
11:38:25,3,-98,-128
11:38:25,-3,-99,-105
11:38:25,7,-102,-114
11:38:26,7,-98,-109
11:38:26,3,-105,-109
11:38:26,-2,-94,-110
11:38:26,6,-102,-108
11:38:26,3,-101,-118
11:38:26,0,-95,-126
11:38:26,7,-98,-119
11:38:26,5,-108,-114
11:38:26,4,-95,-120
11:38:26,9,-99,-117
11:38:26,5,-101,-100
11:38:26,6,-104,-118
11:38:26,4,-104,-122
11:38:26,5,-103,-100
11:38:26,8,-100,-114
11:38:26,2,-99,-108
11:38:26,7,-99,-107
11:38:26,1,-97,-118
11:38:26,-1,-101,-117
11:38:26,7,-105,-111
11:38:27,8,-99,-112
11:38:27,3,-90,-112
11:38:27,9,-97,-106
11:38:27,7,-97,-103
11:38:27,11,-90,-100
11:38:27,6,-102,-102
11:38:27,4,-100,-97
11:38:27,3,-105,-116
11:38:27,9,-99,-116
11:38:27,1,-105,-110
11:38:27,-5,-109,-100
11:38:27,8,-105,-114
11:38:27,-1,-103,-122
11:38:27,1,-95,-117
11:38:27,12,-99,-108
11:38:27,-4,-88,-116
11:38:27,5,-99,-115
11:38:27,3,-102,-118
11:38:27,2,-110,-104
11:38:28,11,-101,-102
11:38:28,8,-105,-107
11:38:28,7,-109,-118
11:38:28,2,-83,-108
11:38:28,6,-102,-109
11:38:28,1,-104,-101
11:38:28,4,-97,-115
11:38:28,9,-97,-104
11:38:28,4,-96,-111
11:38:28,11,-103,-106
11:38:28,3,-105,-112
11:38:28,4,-103,-117
11:38:28,7,-109,-112
11:38:28,6,-105,-108
11:38:28,8,-104,-131
11:38:28,7,-94,-118
11:38:28,3,-101,-109
11:38:28,0,-107,-112
11:38:28,6,-103,-105
11:38:28,4,-108,-116
11:38:29,6,-100,-121
11:38:29,3,-93,-114
11:38:29,8,-95,-103
11:38:29,-2,-97,-100
11:38:29,3,-111,-118
11:38:29,1,-101,-118
11:38:29,8,-97,-118
11:38:29,0,-100,-105
11:38:29,10,-105,-101
11:38:29,11,-102,-100
11:38:29,7,-98,-100
11:38:29,4,-99,-106
11:38:29,6,-100,-105
11:38:29,7,-98,-111
11:38:29,5,-99,-108
11:38:29,1,-105,-113
11:38:29,10,-101,-123
11:38:29,8,-111,-110
11:38:29,1,-98,-113
11:38:29,0,-97,-123
11:38:30,5,-95,-112
11:38:30,4,-100,-113
11:38:30,4,-94,-100
11:38:30,1,-95,-102
11:38:30,5,-104,-114
11:38:30,8,-105,-120
11:38:30,7,-105,-101
11:38:30,1,-108,-112
11:38:30,4,-102,-114
11:38:30,4,-98,-110
11:38:30,4,-98,-96
11:38:30,8,-96,-108
11:38:30,7,-98,-124
11:38:30,9,-104,-101
11:38:30,-1,-103,-107
11:38:30,4,-100,-124
11:38:30,6,-101,-119
11:38:30,6,-100,-106
11:38:30,4,-107,-117
11:38:30,0,-99,-105
11:38:31,2,-96,-124
11:38:31,7,-99,-103
11:38:31,9,-96,-114
11:38:31,1,-103,-101
11:38:31,4,-93,-121
11:38:31,3,-106,-118
11:38:31,9,-110,-124
11:38:31,2,-98,-112
11:38:31,5,-103,-125
11:38:31,1,-97,-109
11:38:31,10,-106,-114
11:38:31,7,-104,-112
11:38:31,14,-102,-114
11:38:31,9,-100,-106
11:38:31,8,-100,-101
11:38:31,6,-90,-106
11:38:31,4,-97,-107
11:38:31,8,-95,-111
11:38:31,4,-100,-116
11:38:32,6,-95,-104
11:38:32,-1,-104,-113
11:38:32,1,-95,-111
11:38:32,0,-93,-124
11:38:32,8,-101,-104
11:38:32,7,-96,-125
11:38:32,14,-99,-112
11:38:32,7,-99,-105
11:38:32,0,-105,-118
11:38:32,5,-102,-113
11:38:32,0,-102,-101
11:38:32,2,-113,-110
11:38:32,14,-100,-104
11:38:32,2,-95,-113
11:38:32,5,-98,-114
11:38:32,8,-100,-108
11:38:32,1,-108,-110
11:38:32,3,-93,-123
11:38:32,4,-109,-116
11:38:32,2,-101,-103
11:38:33,2,-86,-112
11:38:33,2,-100,-110
11:38:33,3,-95,-105
11:38:33,10,-91,-111
11:38:33,5,-105,-115
11:38:33,6,-100,-119
11:38:33,1,-101,-119
11:38:33,10,-101,-108
11:38:33,4,-106,-118
11:38:33,6,-93,-117
11:38:33,6,-105,-100
11:38:33,1,-105,-115
11:38:33,7,-102,-112
11:38:33,5,-104,-109
11:38:33,3,-102,-117
11:38:33,3,-103,-117
11:38:33,0,-94,-101
11:38:33,6,-103,-111
11:38:33,12,-99,-101
11:38:33,8,-95,-110
11:38:34,-1,-103,-102
11:38:34,12,-102,-110
11:38:34,3,-101,-95
11:38:34,6,-99,-109
11:38:34,4,-96,-105
11:38:34,5,-91,-106
11:38:34,-2,-104,-111
11:38:34,-5,-97,-125
11:38:34,0,-102,-111
11:38:34,4,-109,-117
11:38:34,6,-104,-122
11:38:34,6,-103,-108
11:38:34,-3,-104,-107
11:38:34,6,-113,-103
11:38:34,5,-103,-105
11:38:34,5,-99,-112
11:38:34,8,-101,-101
11:38:34,8,-111,-110
11:38:34,-3,-102,-110
11:38:34,1,-99,-114
11:38:35,11,-108,-106
11:38:35,6,-98,-115
11:38:35,2,-101,-105
11:38:35,7,-100,-100
11:38:35,4,-89,-116
11:38:35,8,-98,-104
11:38:35,6,-96,-97
11:38:35,9,-97,-106
11:38:35,1,-104,-107
11:38:35,2,-110,-111
11:38:35,0,-92,-105
11:38:35,5,-104,-117
11:38:35,7,-101,-113
11:38:35,4,-96,-119
11:38:35,14,-101,-120
11:38:35,1,-96,-122
11:38:35,2,-104,-109
11:38:35,-1,-90,-112
11:38:35,2,-95,-108
11:38:36,11,-95,-120
11:38:36,7,-103,-112
11:38:36,8,-110,-109
11:38:36,1,-93,-112
11:38:36,5,-96,-115
11:38:36,8,-102,-113
11:38:36,10,-91,-120
11:38:36,8,-97,-96
11:38:36,9,-97,-112
11:38:36,0,-98,-102
11:38:36,11,-92,-112
11:38:36,7,-98,-98
11:38:36,2,-106,-112
11:38:36,9,-106,-121
11:38:36,7,-100,-115
11:38:36,2,-101,-126
11:38:36,5,-96,-118
11:38:36,7,-100,-120
11:38:36,7,-105,-106
11:38:36,10,-104,-115
11:38:37,10,-109,-109
11:38:37,0,-102,-116
11:38:37,4,-105,-115
11:38:37,6,-90,-106
11:38:37,1,-89,-126
11:38:37,7,-104,-104
11:38:37,7,-99,-108
11:38:37,9,-103,-112
11:38:37,6,-103,-110
11:38:37,9,-94,-109
11:38:37,10,-97,-113
11:38:37,9,-97,-103
11:38:37,-7,-102,-93
11:38:37,3,-87,-108
11:38:37,10,-111,-107
11:38:37,7,-104,-103
11:38:37,6,-90,-109
11:38:37,10,-100,-107
11:38:37,5,-98,-115
11:38:37,6,-102,-112
11:38:38,2,-107,-120
11:38:38,0,-107,-114
11:38:38,3,-94,-113
11:38:38,12,-99,-114
11:38:38,1,-98,-117
11:38:38,2,-100,-107
11:38:38,6,-102,-106
11:38:38,11,-113,-118
11:38:38,0,-96,-113
11:38:38,4,-98,-98
11:38:38,-3,-104,-114
11:38:38,4,-102,-109
11:38:38,4,-109,-112
11:38:38,9,-103,-114
11:38:38,9,-100,-101
11:38:38,5,-106,-111
11:38:38,6,-99,-108
11:38:38,9,-108,-108
11:38:38,3,-98,-98
11:38:38,2,-95,-106
11:38:39,3,-106,-110
11:38:39,1,-95,-109
11:38:39,2,-105,-119
11:38:39,2,-104,-115
11:38:39,-1,-105,-111
11:38:39,4,-105,-116
11:38:39,11,-107,-106
11:38:39,2,-104,-109
11:38:39,3,-102,-111
11:38:39,-1,-95,-118
11:38:39,7,-98,-117
11:38:39,5,-100,-118
11:38:39,0,-100,-115
11:38:39,12,-98,-113
11:38:39,2,-105,-114
11:38:39,3,-99,-107
11:38:39,3,-104,-119
11:38:39,11,-101,-114
11:38:39,10,-98,-99
11:38:40,5,-101,-100
11:38:40,7,-96,-120
11:38:40,4,-90,-104
11:38:40,7,-108,-114
11:38:40,2,-103,-105
11:38:40,12,-96,-107
11:38:40,8,-102,-107
11:38:40,10,-104,-117
11:38:40,7,-100,-103
11:38:40,3,-106,-117
11:38:40,2,-104,-103
11:38:40,8,-101,-111
11:38:40,9,-98,-116
11:38:40,5,-91,-113
11:38:40,2,-107,-113
11:38:40,5,-93,-116
11:38:40,4,-103,-102
11:38:40,10,-101,-103
11:38:40,4,-105,-118
11:38:40,11,-99,-109
11:38:41,11,-105,-113
11:38:41,6,-107,-101
11:38:41,7,-102,-106
11:38:41,4,-101,-111
11:38:41,8,-91,-108
11:38:41,5,-92,-112
11:38:41,3,-98,-110
11:38:41,0,-98,-101
11:38:41,4,-102,-109
11:38:41,8,-108,-104
11:38:41,-2,-105,-120
11:38:41,3,-109,-114
11:38:41,2,-95,-117
11:38:41,2,-110,-121
11:38:41,7,-103,-106
11:38:41,6,-104,-115
11:38:41,5,-99,-109
11:38:41,3,-106,-98
11:38:41,12,-101,-110
11:38:41,1,-102,-98
11:38:42,4,-102,-120
11:38:42,9,-100,-112
11:38:42,3,-105,-111
11:38:42,6,-98,-105
11:38:42,10,-95,-107
11:38:42,9,-103,-111
11:38:42,11,-97,-107
11:38:42,7,-95,-114
11:38:42,11,-102,-103
11:38:42,5,-97,-104
11:38:42,9,-102,-120
11:38:42,8,-108,-104
11:38:42,5,-90,-117
11:38:42,6,-104,-115
11:38:42,1,-101,-115
11:38:42,2,-97,-109
11:38:42,10,-98,-114
11:38:42,-1,-95,-115
11:38:42,-4,-103,-96
11:38:42,5,-101,-107
11:38:43,5,-117,-106
11:38:43,0,-103,-110
11:38:43,4,-97,-112
11:38:43,8,-99,-115
11:38:43,4,-106,-109
11:38:43,8,-111,-106
11:38:43,3,-98,-108
11:38:43,5,-100,-104
11:38:43,-3,-94,-111
11:38:43,7,-100,-112
11:38:43,8,-100,-120
11:38:43,3,-97,-116
11:38:43,11,-95,-106
11:38:43,9,-102,-119
11:38:43,10,-92,-116
11:38:43,9,-94,-113
11:38:43,0,-88,-115
11:38:43,7,-102,-110
11:38:43,10,-107,-108
11:38:44,4,-101,-112
11:38:44,4,-98,-108
11:38:44,-2,-94,-114
11:38:44,-2,-91,-125
11:38:44,6,-101,-113
11:38:44,4,-102,-99
11:38:44,8,-93,-117
11:38:44,4,-105,-114
11:38:44,3,-93,-102
11:38:44,4,-91,-105
11:38:44,6,-107,-113
11:38:44,1,-97,-113
11:38:44,12,-93,-102
11:38:44,0,-102,-110
11:38:44,6,-88,-121
11:38:44,2,-105,-111
11:38:44,7,-95,-113
11:38:44,7,-95,-112
11:38:44,10,-99,-109
11:38:44,6,-94,-107
11:38:45,4,-100,-105
11:38:45,3,-101,-112
11:38:45,2,-101,-118
11:38:45,0,-112,-110
11:38:45,11,-96,-108
11:38:45,1,-96,-105
11:38:45,1,-99,-107
11:38:45,3,-104,-111
11:38:45,9,-100,-110
11:38:45,7,-102,-104
11:38:45,5,-99,-106
11:38:45,2,-99,-115
11:38:45,3,-98,-105
11:38:45,4,-104,-105
11:38:45,10,-103,-101
11:38:45,2,-100,-118
11:38:45,10,-100,-107
11:38:45,11,-92,-108
11:38:45,5,-99,-113
11:38:45,2,-99,-108
11:38:46,7,-102,-103
11:38:46,9,-106,-105
11:38:46,8,-92,-112
11:38:46,2,-85,-103
11:38:46,1,-94,-113
11:38:46,5,-103,-104
11:38:46,5,-105,-105
11:38:46,10,-104,-99
11:38:46,7,-102,-108
11:38:46,3,-94,-115
11:38:46,10,-92,-114
11:38:46,4,-100,-122
11:38:46,4,-103,-112
11:38:46,11,-96,-113
11:38:46,-4,-100,-111
11:38:46,7,-103,-112
11:38:46,9,-98,-118
11:38:46,2,-82,-111
11:38:46,3,-105,-103
11:38:47,6,-102,-94
11:38:47,13,-101,-97
11:38:47,7,-94,-109
11:38:47,9,-108,-117
11:38:47,1,-92,-102
11:38:47,3,-106,-107
11:38:47,8,-104,-105
11:38:47,2,-99,-114
11:38:47,4,-100,-105
11:38:47,1,-92,-113
11:38:47,-1,-104,-109
11:38:47,1,-97,-107
11:38:47,1,-103,-118
11:38:47,3,-89,-119
11:38:47,6,-108,-111
11:38:47,4,-102,-108
11:38:47,-4,-105,-99
11:38:47,2,-102,-101
11:38:47,10,-103,-112
11:38:47,5,-105,-107
11:38:48,6,-92,-111
11:38:48,6,-107,-107
11:38:48,-1,-105,-116
11:38:48,-2,-98,-98
11:38:48,7,-100,-104
11:38:48,7,-97,-110
11:38:48,4,-94,-102
11:38:48,5,-96,-107
11:38:48,9,-89,-118
11:38:48,1,-97,-97
11:38:48,10,-109,-114
11:38:48,3,-100,-112
11:38:48,6,-94,-109
11:38:48,2,-102,-110
11:38:48,8,-101,-114
11:38:48,-1,-100,-123
11:38:48,7,-105,-105
11:38:48,4,-99,-120
11:38:48,13,-101,-123
11:38:48,-2,-91,-117
11:38:49,9,-109,-112
11:38:49,-1,-101,-112
11:38:49,8,-99,-105
11:38:49,4,-100,-117
11:38:49,9,-105,-124
11:38:49,6,-103,-106
11:38:49,3,-109,-114
11:38:49,10,-104,-101
11:38:49,10,-97,-107
11:38:49,10,-103,-99
11:38:49,8,-94,-114
11:38:49,8,-99,-113
11:38:49,6,-94,-109
11:38:49,1,-89,-117
11:38:49,9,-107,-110
11:38:49,4,-99,-116
11:38:49,0,-107,-123
11:38:49,0,-96,-113
11:38:49,0,-99,-110
11:38:49,3,-102,-112
11:38:50,5,-91,-120
11:38:50,6,-106,-110
11:38:50,4,-95,-107
11:38:50,5,-96,-114
11:38:50,0,-99,-116
11:38:50,0,-107,-101
11:38:50,5,-94,-102
11:38:50,3,-99,-117
11:38:50,6,-99,-113
11:38:50,3,-110,-110
11:38:50,9,-117,-111
11:38:50,10,-99,-105
11:38:50,5,-92,-106
11:38:50,5,-97,-115
11:38:50,6,-92,-92
11:38:50,3,-93,-112
11:38:50,8,-100,-107
11:38:50,6,-102,-98
11:38:50,4,-96,-101
11:38:51,10,-96,-106
11:38:51,2,-110,-105
11:38:51,-2,-103,-117
11:38:51,6,-100,-115
11:38:51,6,-103,-112
11:38:51,-5,-95,-107
11:38:51,7,-102,-120
11:38:51,3,-99,-109
11:38:51,0,-104,-102
11:38:51,7,-97,-107
11:38:51,4,-100,-114
11:38:51,2,-91,-112
11:38:51,12,-95,-111
11:38:51,7,-99,-107
11:38:51,3,-106,-107
11:38:51,-1,-107,-103
11:38:51,1,-95,-116
11:38:51,13,-105,-108
11:38:51,12,-103,-109
11:38:51,10,-103,-99
11:38:52,6,-98,-111
11:38:52,3,-92,-118
11:38:52,13,-101,-104
11:38:52,0,-99,-122
11:38:52,15,-102,-109
11:38:52,-3,-98,-105
11:38:52,7,-96,-111
11:38:52,-3,-93,-113
11:38:52,2,-107,-119
11:38:52,0,-105,-106
11:38:52,4,-98,-110
11:38:52,8,-104,-105
11:38:52,14,-112,-105
11:38:52,1,-99,-114
11:38:52,2,-91,-113
11:38:52,9,-101,-111
11:38:52,8,-99,-116
11:38:52,2,-89,-102
11:38:52,8,-105,-106
11:38:52,5,-102,-115
11:38:53,9,-99,-104
11:38:53,-1,-112,-99
11:38:53,10,-94,-103
11:38:53,7,-94,-110
11:38:53,2,-92,-99
11:38:53,6,-96,-113
11:38:53,13,-106,-113
11:38:53,5,-97,-112
11:38:53,2,-111,-118
11:38:53,3,-98,-106
11:38:53,4,-107,-114
11:38:53,0,-100,-115
11:38:53,3,-101,-123
11:38:53,4,-96,-121
11:38:53,11,-110,-102
11:38:53,6,-102,-117
11:38:53,2,-105,-112
11:38:53,2,-94,-114
11:38:53,6,-100,-104
11:38:53,-3,-88,-114
11:38:54,4,-99,-113
11:38:54,6,-99,-116
11:38:54,7,-100,-112
11:38:54,11,-100,-123
11:38:54,6,-99,-102
11:38:54,4,-89,-120
11:38:54,6,-99,-96
11:38:54,10,-97,-110
11:38:54,2,-96,-113
11:38:54,13,-104,-101
11:38:54,7,-98,-115
11:38:54,4,-106,-110
11:38:54,9,-102,-111
11:38:54,2,-97,-125
11:38:54,9,-110,-109
11:38:54,8,-101,-116
11:38:54,2,-104,-108
11:38:54,-2,-97,-102
11:38:54,4,-104,-103
11:38:55,-1,-105,-117
11:38:55,7,-98,-105
11:38:55,8,-107,-109
11:38:55,5,-105,-114
11:38:55,2,-100,-113
11:38:55,5,-88,-113
11:38:55,3,-105,-119
11:38:55,1,-106,-121
11:38:55,4,-101,-101
11:38:55,10,-102,-117
11:38:55,6,-100,-104
11:38:55,7,-98,-103
11:38:55,4,-99,-109
11:38:55,13,-102,-98
11:38:55,8,-99,-113
11:38:55,1,-88,-116
11:38:55,4,-102,-114
11:38:55,4,-108,-106
11:38:55,5,-108,-99
11:38:55,4,-109,-98
11:38:56,8,-105,-120
11:38:56,5,-90,-108
11:38:56,2,-100,-119
11:38:56,9,-104,-123
11:38:56,4,-85,-114
11:38:56,7,-103,-102
11:38:56,1,-100,-111
11:38:56,3,-93,-114
11:38:56,1,-99,-114
11:38:56,4,-96,-122
11:38:56,3,-105,-124
11:38:56,9,-102,-110
11:38:56,1,-90,-111
11:38:56,7,-85,-111
11:38:56,11,-95,-100
11:38:56,4,-99,-96
11:38:56,7,-99,-106
11:38:56,9,-101,-105
11:38:56,6,-92,-123
11:38:56,1,-103,-99
11:38:57,16,-93,-121
11:38:57,1,-102,-115
11:38:57,10,-103,-120
11:38:57,5,-105,-117
11:38:57,6,-101,-111
11:38:57,3,-101,-106
11:38:57,5,-104,-109
11:38:57,8,-104,-98
11:38:57,7,-99,-108
11:38:57,9,-94,-103
11:38:57,1,-96,-116
11:38:57,9,-102,-104
11:38:57,4,-94,-114
11:38:57,6,-94,-113
11:38:57,5,-109,-109
11:38:57,4,-90,-107
11:38:57,13,-92,-112
11:38:57,5,-99,-106
11:38:57,13,-111,-109
11:38:57,6,-106,-105
11:38:58,0,-104,-105
11:38:58,6,-103,-105
11:38:58,6,-94,-120
11:38:58,0,-102,-116
11:38:58,2,-99,-129
11:38:58,2,-97,-113
11:38:58,-2,-98,-103
11:38:58,8,-101,-112
11:38:58,2,-106,-105
11:38:58,-5,-94,-122
11:38:58,1,-91,-104
11:38:58,3,-98,-106
11:38:58,-1,-101,-104
11:38:58,6,-103,-103
11:38:58,9,-98,-109
11:38:58,3,-102,-111
11:38:58,0,-93,-110
11:38:58,4,-103,-114
11:38:58,3,-90,-107
11:38:59,7,-108,-100
11:38:59,4,-100,-102
11:38:59,7,-100,-100
11:38:59,3,-103,-107
11:38:59,10,-98,-100
11:38:59,8,-94,-119
11:38:59,2,-94,-105
11:38:59,1,-103,-119
11:38:59,0,-101,-109
11:38:59,7,-103,-116
11:38:59,-3,-95,-113
11:38:59,7,-106,-114
11:38:59,3,-94,-115
11:38:59,2,-96,-125
11:38:59,8,-107,-112
11:38:59,6,-109,-104
11:38:59,7,-96,-113
11:38:59,7,-108,-105
11:38:59,3,-102,-112
11:38:59,9,-98,-116
11:39:00,4,-99,-113
11:39:00,8,-96,-114
11:39:00,6,-86,-109
11:39:00,8,-95,-112
11:39:00,7,-103,-100
11:39:00,2,-97,-98
11:39:00,9,-102,-110
11:39:00,6,-91,-110
11:39:00,4,-93,-120
11:39:00,9,-98,-111
11:39:00,3,-105,-113
11:39:00,6,-99,-124
11:39:00,8,-114,-110
11:39:00,2,-93,-105
11:39:00,2,-112,-104
11:39:00,4,-98,-112
11:39:00,6,-108,-129
11:39:00,8,-107,-108
11:39:00,-3,-96,-115
11:39:00,6,-95,-115
11:39:01,9,-102,-117
11:39:01,8,-96,-113
11:39:01,3,-101,-119
11:39:01,3,-99,-111
11:39:01,-1,-92,-116
11:39:01,6,-95,-101
11:39:01,5,-101,-101
11:39:01,8,-89,-112
11:39:01,10,-98,-107
11:39:01,9,-93,-116
11:39:01,9,-98,-100
11:39:01,5,-90,-124
11:39:01,5,-94,-111
11:39:01,0,-97,-115
11:39:01,3,-109,-103
11:39:01,5,-109,-129
11:39:01,11,-108,-118
11:39:01,2,-103,-111
11:39:01,8,-104,-102
11:39:01,4,-106,-111
11:39:02,2,-106,-103
11:39:02,4,-96,-118
11:39:02,5,-106,-116
11:39:02,7,-101,-113
11:39:02,9,-103,-111
11:39:02,12,-98,-108
11:39:02,4,-99,-118
11:39:02,3,-98,-113
11:39:02,6,-99,-102
11:39:02,10,-100,-111
11:39:02,12,-102,-101
11:39:02,8,-101,-110
11:39:02,4,-94,-112
11:39:02,1,-94,-117
11:39:02,4,-93,-113
11:39:02,5,-98,-125
11:39:02,1,-101,-121
11:39:02,-2,-97,-124
11:39:02,4,-107,-113
11:39:03,5,-96,-113
11:39:03,1,-94,-122
11:39:03,6,-98,-99
11:39:03,-1,-100,-113
11:39:03,9,-101,-107
11:39:03,-3,-102,-123
11:39:03,6,-98,-110
11:39:03,11,-110,-108
11:39:03,3,-94,-100
11:39:03,1,-93,-114
11:39:03,10,-99,-103
11:39:03,4,-97,-108
11:39:03,6,-94,-100
11:39:03,11,-86,-112
11:39:03,10,-101,-113
11:39:03,5,-91,-108
11:39:03,9,-104,-114
11:39:03,8,-96,-114
11:39:03,2,-99,-106
11:39:03,0,-101,-105
11:39:04,1,-101,-114
11:39:04,4,-108,-118
11:39:04,5,-96,-120
11:39:04,6,-105,-106
11:39:04,8,-96,-122
11:39:04,1,-91,-123
11:39:04,11,-107,-116
11:39:04,0,-92,-111
11:39:04,9,-109,-103
11:39:04,2,-103,-114
11:39:04,1,-100,-123
11:39:04,-6,-93,-104
11:39:04,-1,-100,-120
11:39:04,2,-98,-106
11:39:04,4,-101,-110
11:39:04,9,-101,-98
11:39:04,8,-96,-111
11:39:04,3,-89,-109
11:39:04,10,-96,-106
11:39:04,7,-109,-108
11:39:05,6,-103,-94
11:39:05,6,-99,-112
11:39:05,4,-106,-117
11:39:05,4,-101,-117
11:39:05,2,-103,-121
11:39:05,-1,-99,-110
11:39:05,1,-104,-115
11:39:05,-2,-98,-112
11:39:05,3,-98,-97
11:39:05,4,-96,-124
11:39:05,0,-108,-101
11:39:05,1,-100,-109
11:39:05,12,-115,-119
11:39:05,5,-92,-105
11:39:05,4,-90,-113
11:39:05,8,-99,-120
11:39:05,6,-96,-106
11:39:05,0,-99,-106
11:39:05,10,-91,-114
11:39:05,8,-100,-112
11:39:06,3,-94,-110
11:39:06,2,-99,-115
11:39:06,6,-97,-106
11:39:06,-6,-99,-107
11:39:06,5,-106,-112
11:39:06,0,-101,-105
11:39:06,6,-104,-121
11:39:06,1,-101,-110
11:39:06,3,-109,-114
11:39:06,2,-98,-115
11:39:06,3,-102,-103
11:39:06,9,-97,-106
11:39:06,6,-101,-123
11:39:06,3,-94,-115
11:39:06,1,-97,-117
11:39:06,2,-95,-110
11:39:06,4,-99,-116
11:39:06,6,-97,-104
11:39:06,9,-90,-106
11:39:07,11,-94,-107
11:39:07,8,-99,-106
11:39:07,11,-101,-124
11:39:07,4,-99,-103
11:39:07,8,-95,-101
11:39:07,1,-96,-104
11:39:07,10,-95,-112
11:39:07,0,-107,-102
11:39:07,4,-105,-101
11:39:07,-2,-97,-116
11:39:07,1,-100,-118
11:39:07,7,-102,-113
11:39:07,6,-103,-108
11:39:07,-1,-96,-111
11:39:07,7,-105,-114
11:39:07,10,-101,-121
11:39:07,1,-104,-108
11:39:07,12,-99,-102
11:39:07,5,-89,-119
11:39:07,3,-106,-113
11:39:08,0,-101,-119
11:39:08,5,-97,-120
11:39:08,10,-109,-108
11:39:08,6,-98,-102
11:39:08,10,-99,-115
11:39:08,4,-92,-120
11:39:08,3,-101,-103
11:39:08,3,-101,-104
11:39:08,14,-94,-119
11:39:08,0,-106,-117
11:39:08,1,-92,-110
11:39:08,1,-100,-123
11:39:08,-1,-99,-119
11:39:08,4,-110,-114
11:39:08,0,-93,-105
11:39:08,2,-112,-110
11:39:08,8,-86,-120
11:39:08,7,-103,-113
11:39:08,6,-107,-105
11:39:08,3,-97,-106
11:39:09,10,-99,-111
11:39:09,3,-100,-114
11:39:09,8,-94,-109
11:39:09,9,-96,-109
11:39:09,9,-92,-104
11:39:09,5,-102,-105
11:39:09,10,-105,-101
11:39:09,10,-101,-109
11:39:09,6,-101,-105
11:39:09,7,-100,-110
11:39:09,8,-101,-125
11:39:09,3,-99,-110
11:39:09,8,-102,-112
11:39:09,5,-110,-113
11:39:09,4,-97,-115
11:39:09,6,-103,-115
11:39:09,0,-108,-111
11:39:09,4,-108,-117
11:39:09,10,-100,-109
11:39:09,6,-100,-125
11:39:10,1,-102,-111
11:39:10,2,-106,-107
11:39:10,13,-100,-111
11:39:10,11,-94,-103
11:39:10,2,-96,-89
11:39:10,4,-97,-111
11:39:10,9,-99,-116
11:39:10,9,-94,-107
11:39:10,8,-104,-95
11:39:10,15,-96,-96
11:39:10,8,-96,-103
11:39:10,10,-97,-120
11:39:10,6,-97,-116
11:39:10,0,-97,-114
11:39:10,5,-101,-113
11:39:10,5,-100,-118
11:39:10,7,-99,-110
11:39:10,4,-101,-109
11:39:10,4,-112,-118
11:39:11,-2,-94,-107
11:39:11,4,-100,-111
11:39:11,8,-103,-123
11:39:11,10,-91,-108
11:39:11,8,-103,-119
11:39:11,5,-94,-112
11:39:11,6,-105,-110
11:39:11,0,-94,-103
11:39:11,3,-92,-106
11:39:11,3,-100,-100
11:39:11,8,-100,-111
11:39:11,3,-108,-113
11:39:11,4,-95,-111
11:39:11,5,-98,-109
11:39:11,8,-95,-105
11:39:11,2,-101,-118
11:39:11,3,-105,-104
11:39:11,4,-97,-116
11:39:11,5,-103,-110
11:39:11,-2,-104,-116
11:39:12,7,-97,-112
11:39:12,4,-95,-106
11:39:12,5,-104,-96
11:39:12,11,-92,-111
11:39:12,4,-87,-121
11:39:12,-1,-100,-114
11:39:12,0,-100,-105
11:39:12,4,-97,-101
11:39:12,4,-94,-115
11:39:12,1,-98,-114
11:39:12,6,-103,-114
11:39:12,3,-95,-93
11:39:12,10,-104,-106
11:39:12,8,-98,-110
11:39:12,8,-110,-106
11:39:12,8,-111,-103
11:39:12,10,-101,-118
11:39:12,4,-101,-114
11:39:12,3,-96,-114
11:39:12,3,-96,-112
11:39:13,2,-100,-114
11:39:13,6,-101,-104
11:39:13,9,-98,-110
11:39:13,4,-103,-103
11:39:13,1,-111,-100
11:39:13,4,-95,-120
11:39:13,7,-100,-101
11:39:13,2,-102,-123
11:39:13,-5,-99,-114
11:39:13,9,-109,-108
11:39:13,7,-103,-113
11:39:13,11,-108,-108
11:39:13,1,-96,-108
11:39:13,4,-100,-102
11:39:13,6,-87,-99
11:39:13,13,-105,-102
11:39:13,4,-90,-99
11:39:13,1,-94,-111
11:39:13,7,-100,-100
11:39:13,4,-95,-117
11:39:14,6,-102,-114
11:39:14,9,-104,-102
11:39:14,-3,-97,-111
11:39:14,0,-101,-112
11:39:14,4,-102,-115
11:39:14,12,-99,-97
11:39:14,-1,-105,-111
11:39:14,-2,-96,-119
11:39:14,3,-106,-122
11:39:14,13,-118,-115
11:39:14,7,-108,-104
11:39:14,-5,-100,-107
11:39:14,0,-100,-106
11:39:14,10,-99,-108
11:39:14,10,-102,-115
11:39:14,4,-102,-109
11:39:14,7,-103,-115
11:39:14,9,-102,-105
11:39:14,7,-94,-101
11:39:15,12,-111,-106
11:39:15,6,-102,-102
11:39:15,4,-104,-114
11:39:15,8,-99,-110
11:39:15,3,-106,-109
11:39:15,5,-99,-120
11:39:15,1,-109,-108
11:39:15,3,-98,-105
11:39:15,9,-105,-103
11:39:15,3,-100,-94
11:39:15,3,-104,-122
11:39:15,5,-96,-112
11:39:15,-2,-97,-118
11:39:15,1,-102,-118
11:39:15,9,-107,-104
11:39:15,0,-100,-110
11:39:15,5,-101,-112
11:39:15,5,-96,-105
11:39:15,3,-96,-100
11:39:15,5,-104,-115
11:39:16,10,-104,-106
11:39:16,4,-89,-107
11:39:16,7,-106,-110
11:39:16,11,-95,-104
11:39:16,9,-100,-114
11:39:16,6,-102,-117
11:39:16,5,-100,-106
11:39:16,-1,-103,-109
11:39:16,10,-97,-110
11:39:16,7,-101,-105
11:39:16,4,-99,-127
11:39:16,1,-96,-127
11:39:16,6,-97,-116
11:39:16,4,-105,-124
11:39:16,4,-101,-111
11:39:16,7,-113,-116
11:39:16,4,-110,-100
11:39:16,7,-102,-109
11:39:16,8,-113,-110
11:39:16,4,-101,-112
11:39:17,4,-101,-110
11:39:17,9,-95,-115
11:39:17,9,-108,-95
11:39:17,4,-105,-106
11:39:17,6,-102,-113
11:39:17,4,-99,-114
11:39:17,0,-95,-103
11:39:17,2,-98,-104
11:39:17,5,-89,-112
11:39:17,-2,-98,-106
11:39:17,9,-99,-114
11:39:17,7,-101,-116
11:39:17,2,-110,-108
11:39:17,9,-99,-112
11:39:17,-2,-102,-109
11:39:17,6,-100,-111
11:39:17,-1,-92,-110
11:39:17,1,-103,-113
11:39:17,6,-104,-117
11:39:18,-2,-96,-114
11:39:18,1,-93,-114
11:39:18,2,-97,-110
11:39:18,7,-104,-112
11:39:18,2,-102,-95
11:39:18,8,-84,-107
11:39:18,0,-106,-111
11:39:18,8,-108,-126
11:39:18,6,-96,-108
11:39:18,7,-95,-108
11:39:18,3,-96,-109
11:39:18,8,-109,-116
11:39:18,3,-104,-115
11:39:18,2,-110,-126
11:39:18,0,-92,-115
11:39:18,6,-101,-122
11:39:18,5,-101,-112
11:39:18,12,-100,-102
11:39:18,0,-99,-122
11:39:18,2,-99,-104
11:39:19,6,-100,-111
11:39:19,8,-106,-104
11:39:19,4,-101,-113
11:39:19,3,-95,-113
11:39:19,11,-107,-103
11:39:19,10,-101,-115
11:39:19,5,-100,-107
11:39:19,8,-89,-109
11:39:19,5,-108,-108
11:39:19,7,-100,-115
11:39:19,7,-97,-124
11:39:19,3,-98,-111
11:39:19,-2,-98,-119
11:39:19,3,-106,-123
11:39:19,5,-103,-107
11:39:19,3,-113,-112
11:39:19,4,-103,-120
11:39:19,4,-104,-103
11:39:19,7,-104,-118
11:39:19,-3,-97,-122
11:39:20,6,-100,-121
11:39:20,-1,-90,-113
11:39:20,12,-104,-118
11:39:20,6,-98,-105
11:39:20,6,-96,-117
11:39:20,7,-101,-113
11:39:20,7,-98,-108
11:39:20,11,-101,-100
11:39:20,12,-101,-111
11:39:20,8,-89,-118
11:39:20,2,-84,-112
11:39:20,8,-108,-109
11:39:20,6,-99,-118
11:39:20,8,-106,-122
11:39:20,3,-100,-111
11:39:20,2,-93,-109
11:39:20,3,-97,-102
11:39:20,4,-105,-107
11:39:20,8,-106,-111
11:39:20,8,-107,-103
11:39:21,5,-104,-119
11:39:21,12,-101,-120
11:39:21,9,-97,-116
11:39:21,14,-101,-107
11:39:21,4,-104,-121
11:39:21,6,-97,-114
11:39:21,8,-96,-107
11:39:21,9,-97,-113
11:39:21,3,-101,-107
11:39:21,13,-93,-97
11:39:21,7,-103,-111
11:39:21,2,-86,-109
11:39:21,8,-102,-100
11:39:21,10,-102,-107
11:39:21,-5,-103,-115
11:39:21,4,-95,-112
11:39:21,6,-101,-109
11:39:21,-1,-104,-117
11:39:21,4,-107,-113
11:39:22,7,-109,-113
11:39:22,0,-94,-112
11:39:22,5,-96,-103
11:39:22,8,-106,-111
11:39:22,8,-108,-111
11:39:22,-1,-99,-106
11:39:22,7,-104,-104
11:39:22,7,-92,-118
11:39:22,4,-101,-110
11:39:22,8,-103,-116
11:39:22,3,-108,-105
11:39:22,4,-99,-114
11:39:22,7,-102,-109
11:39:22,2,-96,-99
11:39:22,6,-96,-111
11:39:22,2,-100,-106
11:39:22,9,-89,-99
11:39:22,6,-100,-115
11:39:22,4,-96,-109
11:39:22,13,-101,-114
11:39:23,10,-106,-127
11:39:23,6,-98,-119
11:39:23,5,-103,-121
11:39:23,1,-97,-116
11:39:23,-1,-96,-117
11:39:23,7,-104,-114
11:39:23,-1,-95,-115
11:39:23,0,-97,-122
11:39:23,3,-98,-105
11:39:23,7,-102,-102
11:39:23,3,-102,-119
11:39:23,2,-97,-107
11:39:23,8,-97,-109
11:39:23,6,-102,-113
11:39:23,8,-100,-112
11:39:23,4,-94,-99
11:39:23,8,-101,-102
11:39:23,8,-97,-117
11:39:23,-1,-96,-112
11:39:23,10,-105,-97
11:39:24,3,-96,-109
11:39:24,5,-97,-102
11:39:24,9,-95,-108
11:39:24,7,-105,-127
11:39:24,5,-97,-104
11:39:24,-1,-101,-108
11:39:24,4,-97,-117
11:39:24,4,-100,-102
11:39:24,0,-102,-118
11:39:24,3,-101,-103
11:39:24,5,-95,-126
11:39:24,8,-102,-111
11:39:24,-1,-99,-107
11:39:24,5,-101,-106
11:39:24,5,-106,-117
11:39:24,1,-102,-105
11:39:24,-1,-95,-114
11:39:24,6,-98,-110
11:39:24,10,-96,-104
11:39:24,8,-97,-113
11:39:25,10,-98,-111
11:39:25,3,-101,-98
11:39:25,7,-95,-104
11:39:25,3,-105,-117
11:39:25,12,-93,-105
11:39:25,-3,-99,-112
11:39:25,3,-97,-111
11:39:25,14,-108,-113
11:39:25,2,-101,-106
11:39:25,0,-91,-110
11:39:25,3,-99,-110
11:39:25,1,-102,-99
11:39:25,3,-99,-114
11:39:25,2,-103,-112
11:39:25,10,-103,-108
11:39:25,2,-99,-115
11:39:25,8,-97,-118
11:39:25,10,-102,-105
11:39:25,4,-104,-105
11:39:26,10,-102,-98
11:39:26,12,-96,-113
11:39:26,5,-96,-102
11:39:26,1,-91,-102
11:39:26,2,-92,-107
11:39:26,7,-100,-109
11:39:26,7,-101,-102
11:39:26,6,-98,-110
11:39:26,3,-89,-115
11:39:26,6,-99,-103
11:39:26,5,-108,-116
11:39:26,5,-94,-113
11:39:26,6,-108,-113
11:39:26,7,-90,-108
11:39:26,4,-90,-132
11:39:26,11,-102,-119
11:39:26,3,-96,-112
11:39:26,14,-99,-101
11:39:26,12,-102,-105
11:39:26,-1,-98,-113
11:39:27,1,-94,-107
11:39:27,6,-105,-120
11:39:27,4,-109,-102
11:39:27,5,-96,-102
11:39:27,0,-95,-104
11:39:27,11,-103,-114
11:39:27,8,-95,-109
11:39:27,6,-96,-103
11:39:27,9,-100,-112
11:39:27,7,-95,-108
11:39:27,6,-102,-118
11:39:27,10,-103,-119
11:39:27,8,-103,-117
11:39:27,6,-98,-113
11:39:27,2,-100,-112
11:39:27,-4,-100,-120
11:39:27,2,-96,-112
11:39:27,6,-97,-119
11:39:27,5,-96,-110
11:39:27,7,-100,-115
11:39:28,-1,-99,-118
11:39:28,7,-101,-106
11:39:28,13,-103,-117
11:39:28,3,-93,-115
11:39:28,4,-108,-105
11:39:28,1,-106,-110
11:39:28,7,-97,-111
11:39:28,4,-108,-111
11:39:28,2,-95,-108
11:39:28,6,-97,-116
11:39:28,1,-93,-104
11:39:28,9,-97,-113
11:39:28,4,-109,-115
11:39:28,2,-92,-113
11:39:28,2,-92,-111
11:39:28,4,-111,-112
11:39:28,9,-98,-107
11:39:28,9,-94,-110
11:39:28,7,-89,-101
11:39:28,5,-89,-106
11:39:29,11,-105,-103
11:39:29,4,-103,-119
11:39:29,9,-97,-101
11:39:29,8,-98,-115
11:39:29,4,-97,-120
11:39:29,6,-102,-105
11:39:29,3,-102,-112
11:39:29,1,-101,-116
11:39:29,1,-100,-107
11:39:29,14,-99,-97
11:39:29,11,-98,-108
11:39:29,4,-98,-117
11:39:29,7,-91,-100
11:39:29,6,-104,-117
11:39:29,3,-101,-105
11:39:29,7,-107,-111
11:39:29,5,-105,-124
11:39:29,-1,-98,-117
11:39:29,3,-105,-118
11:39:30,3,-93,-114
11:39:30,10,-115,-99
11:39:30,4,-102,-127
11:39:30,2,-101,-123
11:39:30,3,-98,-107
11:39:30,3,-94,-106
11:39:30,-3,-104,-115
11:39:30,5,-95,-110
11:39:30,5,-104,-104
11:39:30,7,-104,-108
11:39:30,1,-91,-116
11:39:30,13,-93,-106
11:39:30,4,-97,-107
11:39:30,8,-96,-100
11:39:30,4,-103,-111
11:39:30,0,-88,-116
11:39:30,5,-97,-121
11:39:30,4,-105,-110
11:39:30,4,-100,-113
11:39:30,3,-101,-113
11:39:31,7,-107,-106
11:39:31,1,-94,-106
11:39:31,6,-103,-96
11:39:31,8,-100,-118
11:39:31,8,-101,-111
11:39:31,6,-103,-117
11:39:31,-1,-101,-115
11:39:31,6,-100,-109
11:39:31,7,-104,-121
11:39:31,4,-97,-103
11:39:31,3,-98,-103
11:39:31,1,-91,-109
11:39:31,5,-97,-116
11:39:31,7,-105,-112
11:39:31,4,-94,-121
11:39:31,-1,-92,-110
11:39:31,7,-100,-114
11:39:31,2,-105,-107
11:39:31,5,-106,-105
11:39:31,5,-101,-115
11:39:32,7,-107,-123
11:39:32,5,-99,-117
11:39:32,-1,-87,-112
11:39:32,4,-107,-114
11:39:32,4,-108,-115
11:39:32,6,-96,-118
11:39:32,1,-100,-107
11:39:32,4,-88,-113
11:39:32,1,-99,-109
11:39:32,-1,-101,-112
11:39:32,-2,-91,-115
11:39:32,4,-104,-124
11:39:32,-4,-104,-126
11:39:32,-3,-99,-120
11:39:32,9,-103,-114
11:39:32,8,-102,-99
11:39:32,9,-99,-110
11:39:32,7,-92,-108
11:39:32,4,-91,-105
11:39:32,7,-103,-109
11:39:33,11,-98,-101
11:39:33,5,-98,-111
11:39:33,5,-100,-100
11:39:33,7,-106,-112
11:39:33,-2,-102,-114
11:39:33,1,-103,-127
11:39:33,5,-97,-124
11:39:33,10,-102,-119
11:39:33,2,-98,-95
11:39:33,4,-93,-124
11:39:33,3,-105,-112
11:39:33,8,-108,-111
11:39:33,8,-103,-108
11:39:33,3,-98,-113
11:39:33,7,-101,-115
11:39:33,4,-101,-115
11:39:33,5,-106,-107
11:39:33,4,-99,-110
11:39:33,5,-95,-111
11:39:34,2,-97,-108
11:39:34,0,-100,-100
11:39:34,11,-94,-113
11:39:34,0,-99,-116
11:39:34,0,-98,-107
11:39:34,3,-100,-117
11:39:34,7,-96,-105
11:39:34,6,-102,-110
11:39:34,8,-103,-120
11:39:34,4,-102,-113
11:39:34,5,-99,-117
11:39:34,2,-97,-111
11:39:34,9,-101,-113
11:39:34,9,-100,-118
11:39:34,2,-103,-114
11:39:34,-2,-99,-109
11:39:34,10,-100,-116
11:39:34,13,-107,-105
11:39:34,1,-100,-113
11:39:34,2,-95,-109
11:39:35,1,-94,-110
11:39:35,3,-98,-116
11:39:35,7,-101,-103
11:39:35,2,-97,-105
11:39:35,12,-104,-109
11:39:35,5,-97,-108
11:39:35,9,-99,-115
11:39:35,3,-96,-119
11:39:35,3,-91,-110
11:39:35,7,-109,-116
11:39:35,0,-106,-112
11:39:35,6,-104,-111
11:39:35,2,-101,-101
11:39:35,4,-108,-112
11:39:35,4,-94,-115
11:39:35,9,-97,-112
11:39:35,3,-102,-99
11:39:35,7,-98,-117
11:39:35,9,-102,-111
11:39:35,7,-106,-108
11:39:36,0,-103,-116
11:39:36,0,-93,-104
11:39:36,2,-90,-109
11:39:36,5,-99,-114
11:39:36,5,-104,-117
11:39:36,6,-104,-108
11:39:36,8,-96,-100
11:39:36,8,-101,-111
11:39:36,2,-93,-108
11:39:36,3,-91,-109
11:39:36,7,-107,-111
11:39:36,6,-102,-114
11:39:36,3,-110,-120
11:39:36,2,-106,-112
11:39:36,3,-98,-116
11:39:36,-1,-102,-122
11:39:36,0,-100,-120
11:39:36,10,-100,-104
11:39:36,9,-93,-116
11:39:36,6,-105,-114
11:39:37,1,-99,-109
11:39:37,4,-103,-115
11:39:37,5,-104,-120
11:39:37,3,-101,-102
11:39:37,7,-101,-104
11:39:37,7,-95,-106
11:39:37,7,-97,-101
11:39:37,3,-99,-117
11:39:37,5,-101,-110
11:39:37,13,-98,-121
11:39:37,6,-102,-109
11:39:37,3,-100,-116
11:39:37,4,-96,-113
11:39:37,-4,-96,-112
11:39:37,-1,-97,-121
11:39:37,5,-97,-109
11:39:37,4,-97,-106
11:39:37,4,-101,-108
11:39:37,5,-99,-118
11:39:38,-2,-105,-108
11:39:38,2,-99,-108
11:39:38,6,-105,-109
11:39:38,3,-98,-106
11:39:38,8,-103,-113
11:39:38,10,-105,-107
11:39:38,-1,-97,-119
11:39:38,2,-104,-106
11:39:38,1,-99,-112
11:39:38,7,-92,-118
11:39:38,8,-98,-112
11:39:38,10,-101,-107
11:39:38,9,-99,-113
11:39:38,5,-111,-115
11:39:38,2,-93,-110
11:39:38,-2,-93,-118
11:39:38,1,-93,-118
11:39:38,5,-95,-112
11:39:38,0,-100,-122
11:39:38,3,-111,-114
11:39:39,3,-96,-114
11:39:39,2,-97,-108
11:39:39,4,-96,-110
11:39:39,2,-106,-104
11:39:39,3,-101,-109
11:39:39,2,-104,-107
11:39:39,9,-97,-111
11:39:39,3,-97,-119
11:39:39,4,-99,-108
11:39:39,4,-89,-108
11:39:39,2,-103,-113
11:39:39,6,-99,-109
11:39:39,6,-98,-107
11:39:39,4,-94,-109
11:39:39,2,-96,-99
11:39:39,12,-101,-96
11:39:39,5,-93,-110
11:39:39,8,-92,-106
11:39:39,5,-106,-109
11:39:39,7,-104,-108
11:39:40,6,-106,-103
11:39:40,3,-100,-115
11:39:40,-1,-96,-109
11:39:40,7,-106,-112
11:39:40,9,-105,-101
11:39:40,1,-97,-113
11:39:40,1,-99,-102
11:39:40,1,-91,-118
11:39:40,10,-104,-105
11:39:40,-3,-106,-119
11:39:40,3,-99,-116
11:39:40,6,-103,-122
11:39:40,2,-99,-115
11:39:40,5,-102,-103
11:39:40,11,-90,-101
11:39:40,7,-108,-106
11:39:40,6,-96,-116
11:39:40,10,-102,-115
11:39:40,5,-107,-106
11:39:40,2,-103,-116
11:39:41,4,-89,-110
11:39:41,-1,-95,-109
11:39:41,2,-100,-117
11:39:41,-1,-100,-122
11:39:41,1,-96,-111
11:39:41,1,-101,-112
11:39:41,2,-97,-111
11:39:41,10,-97,-108
11:39:41,8,-107,-109
11:39:41,-1,-99,-110
11:39:41,9,-90,-120
11:39:41,7,-102,-117
11:39:41,5,-100,-103
11:39:41,5,-108,-116
11:39:41,6,-97,-113
11:39:41,3,-99,-111
11:39:41,-2,-95,-123
11:39:41,9,-104,-114
11:39:41,9,-93,-115
11:39:42,8,-102,-101
11:39:42,8,-108,-102
11:39:42,9,-100,-104
11:39:42,10,-97,-104
11:39:42,-2,-96,-114
11:39:42,-3,-96,-116
11:39:42,9,-107,-121
11:39:42,3,-98,-109
11:39:42,9,-109,-104
11:39:42,2,-100,-117
11:39:42,3,-102,-115
11:39:42,2,-106,-115
11:39:42,7,-107,-111
11:39:42,10,-102,-104
11:39:42,2,-101,-117
11:39:42,6,-102,-121
11:39:42,2,-97,-118
11:39:42,-5,-97,-120
11:39:42,12,-99,-114
11:39:42,6,-91,-117
11:39:43,4,-99,-113
11:39:43,8,-94,-100
11:39:43,3,-91,-118
11:39:43,3,-101,-123
11:39:43,6,-95,-105
11:39:43,9,-96,-109
11:39:43,8,-105,-112
11:39:43,4,-99,-102
11:39:43,3,-99,-110
11:39:43,1,-98,-116
11:39:43,6,-100,-115
11:39:43,7,-104,-120
11:39:43,6,-110,-118
11:39:43,12,-98,-113
11:39:43,-1,-100,-111
11:39:43,9,-97,-113
11:39:43,4,-99,-92
11:39:43,7,-102,-116
11:39:43,4,-102,-116
11:39:43,7,-100,-113
11:39:44,14,-104,-112
11:39:44,6,-104,-115
11:39:44,2,-98,-111
11:39:44,12,-100,-107
11:39:44,11,-96,-102
11:39:44,8,-91,-112
11:39:44,6,-101,-115
11:39:44,7,-98,-97
11:39:44,6,-98,-104
11:39:44,6,-100,-113
11:39:44,3,-102,-102
11:39:44,6,-109,-104
11:39:44,9,-108,-115
11:39:44,-1,-91,-114
11:39:44,1,-103,-130
11:39:44,14,-113,-112
11:39:44,5,-103,-125
11:39:44,6,-106,-107
11:39:44,3,-100,-112
11:39:45,11,-104,-126
11:39:45,3,-107,-106
11:39:45,6,-103,-112
11:39:45,9,-104,-108
11:39:45,4,-99,-111
11:39:45,3,-100,-119
11:39:45,4,-90,-115
11:39:45,11,-100,-115
11:39:45,7,-85,-113
11:39:45,10,-105,-107
11:39:45,20,-105,-110
11:39:45,6,-94,-104
11:39:45,7,-92,-122
11:39:45,3,-98,-112
11:39:45,1,-105,-114
11:39:45,-1,-97,-110
11:39:45,7,-104,-113
11:39:45,1,-99,-110
11:39:45,1,-107,-116
11:39:45,4,-99,-106
11:39:46,1,-103,-107
11:39:46,3,-104,-103
11:39:46,4,-96,-114
11:39:46,4,-104,-110
11:39:46,1,-93,-106
11:39:46,8,-91,-122
11:39:46,1,-103,-109
11:39:46,7,-101,-100
11:39:46,0,-100,-116
11:39:46,4,-99,-113
11:39:46,10,-104,-106
11:39:46,0,-103,-115
11:39:46,4,-98,-118
11:39:46,6,-102,-108
11:39:46,3,-104,-120
11:39:46,4,-102,-108
11:39:46,4,-104,-112
11:39:46,7,-99,-113
11:39:46,2,-108,-105
11:39:46,3,-98,-109
11:39:47,0,-97,-111
11:39:47,4,-99,-119
11:39:47,6,-99,-104
11:39:47,7,-95,-117
11:39:47,3,-95,-117
11:39:47,4,-97,-117
11:39:47,3,-107,-110
11:39:47,5,-100,-101
11:39:47,8,-104,-102
11:39:47,2,-100,-99
11:39:47,2,-93,-113
11:39:47,3,-89,-120
11:39:47,1,-95,-107
11:39:47,10,-99,-108
11:39:47,7,-98,-117
11:39:47,6,-94,-121
11:39:48,3,-97,-115
11:39:48,3,-100,-105
11:39:48,5,-93,-108
11:39:48,9,-107,-114
11:39:48,6,-105,-119
11:39:48,5,-99,-113
11:39:48,2,-107,-104
11:39:48,4,-103,-108
11:39:48,1,-96,-106
11:39:48,1,-98,-118
11:39:48,-2,-97,-102
11:39:48,4,-96,-108
11:39:48,2,-101,-127
11:39:48,9,-106,-114
11:39:48,5,-109,-115
11:39:48,7,-94,-111
11:39:48,-2,-94,-110
11:39:48,-3,-99,-112
11:39:48,6,-110,-117
11:39:48,5,-102,-121
11:39:48,7,-101,-110
11:39:48,6,-106,-105
11:39:48,9,-105,-108
11:39:49,9,-100,-110
11:39:49,10,-103,-110
11:39:49,1,-98,-115
11:39:49,8,-100,-122
11:39:49,5,-101,-105
11:39:49,2,-99,-119
11:39:49,4,-100,-108
11:39:49,2,-101,-115
11:39:49,7,-104,-102
11:39:49,-1,-93,-122
11:39:49,1,-99,-122
11:39:49,6,-100,-108
11:39:49,9,-98,-107
11:39:49,2,-94,-113
11:39:49,4,-94,-110
11:39:49,5,-96,-116
11:39:49,5,-95,-110
11:39:49,5,-97,-114
11:39:49,3,-100,-103
11:39:49,10,-98,-108
11:39:50,8,-94,-109
11:39:50,8,-95,-103
11:39:50,4,-99,-107
11:39:50,7,-94,-97
11:39:50,0,-101,-114
11:39:50,4,-94,-114
11:39:50,2,-95,-112
11:39:50,6,-105,-114
11:39:50,2,-101,-104
11:39:50,5,-100,-119
11:39:50,8,-110,-115
11:39:50,4,-97,-121
11:39:50,5,-100,-103
11:39:50,9,-105,-107
11:39:50,2,-105,-116
11:39:50,3,-93,-119
11:39:50,1,-97,-104
11:39:50,11,-99,-107
11:39:50,2,-98,-113
11:39:50,11,-102,-117
11:39:51,6,-93,-110
11:39:51,4,-97,-116
11:39:51,1,-102,-104
11:39:51,2,-94,-102
11:39:51,14,-96,-105
11:39:51,5,-93,-112
11:39:51,7,-101,-107
11:39:51,8,-99,-110
11:39:51,8,-107,-117
11:39:51,1,-97,-108
11:39:51,7,-95,-102
11:39:51,1,-98,-124
11:39:51,7,-98,-111
11:39:51,0,-102,-114
11:39:51,6,-103,-112
11:39:51,4,-100,-106
11:39:51,7,-97,-119
11:39:51,7,-102,-106
11:39:51,7,-106,-113
11:39:51,10,-105,-117
11:39:52,2,-98,-110
11:39:52,3,-94,-111
11:39:52,3,-100,-117
11:39:52,-1,-101,-103
11:39:52,2,-95,-102
11:39:52,6,-95,-107
11:39:52,9,-90,-107
11:39:52,8,-99,-109
11:39:52,4,-100,-116
11:39:52,6,-92,-103
11:39:52,5,-96,-110
11:39:52,9,-105,-105
11:39:52,9,-103,-118
11:39:52,0,-107,-119
11:39:52,2,-100,-120
11:39:52,6,-101,-110
11:39:52,0,-103,-106
11:39:52,2,-93,-113
11:39:52,-4,-88,-117
11:39:53,4,-98,-116
11:39:53,4,-108,-113
11:39:53,-1,-93,-114
11:39:53,5,-93,-107
11:39:53,6,-100,-108
11:39:53,3,-103,-109
11:39:53,-6,-92,-108
11:39:53,5,-99,-107
11:39:53,9,-102,-103
11:39:53,7,-100,-112
11:39:53,7,-97,-106
11:39:53,4,-101,-101
11:39:53,13,-102,-106
11:39:53,5,-98,-111
11:39:53,4,-98,-111
11:39:53,9,-95,-107
11:39:53,6,-107,-121
11:39:53,3,-104,-118
11:39:53,7,-101,-111
11:39:53,5,-99,-108
11:39:54,4,-100,-110
11:39:54,5,-109,-103
11:39:54,1,-100,-111
11:39:54,7,-110,-97
11:39:54,7,-111,-105
11:39:54,7,-103,-116
11:39:54,0,-100,-110
11:39:54,4,-97,-116
11:39:54,1,-97,-105
11:39:54,7,-102,-112
11:39:54,5,-91,-113
11:39:54,6,-94,-100
11:39:54,8,-96,-111
11:39:54,10,-105,-99
11:39:54,3,-94,-114
11:39:54,11,-111,-111
11:39:54,7,-106,-105
11:39:54,7,-100,-118
11:39:54,10,-106,-110
11:39:54,6,-116,-118
11:39:55,8,-105,-106
11:39:55,-5,-99,-113
11:39:55,-1,-105,-115
11:39:55,0,-91,-112
11:39:55,10,-103,-111
11:39:55,1,-95,-121
11:39:55,9,-107,-116
11:39:55,3,-98,-108
11:39:55,4,-108,-104
11:39:55,4,-105,-108
11:39:55,3,-97,-104
11:39:55,3,-88,-111
11:39:55,2,-103,-100
11:39:55,5,-92,-95
11:39:55,3,-93,-114
11:39:55,2,-96,-111
11:39:55,7,-97,-106
11:39:55,6,-95,-114
11:39:55,4,-102,-103
11:39:55,6,-101,-116
11:39:56,13,-99,-112
11:39:56,0,-96,-113
11:39:56,4,-98,-124
11:39:56,10,-112,-106
11:39:56,1,-93,-105
11:39:56,8,-106,-106
11:39:56,5,-113,-110
11:39:56,-2,-93,-109
11:39:56,6,-98,-95
11:39:56,9,-107,-126
11:39:56,10,-103,-113
11:39:56,1,-94,-113
11:39:56,6,-101,-109
11:39:56,4,-93,-103
11:39:56,4,-92,-115
11:39:56,4,-104,-112
11:39:56,10,-92,-99
11:39:56,4,-99,-118
11:39:56,11,-100,-110
11:39:57,8,-99,-109
11:39:57,7,-97,-108
11:39:57,4,-107,-110
11:39:57,0,-100,-114
11:39:57,1,-99,-116
11:39:57,6,-104,-124
11:39:57,-1,-108,-109
11:39:57,3,-102,-109
11:39:57,6,-108,-106
11:39:57,1,-98,-113
11:39:57,7,-112,-112
11:39:57,-2,-99,-117
11:39:57,5,-103,-106
11:39:57,3,-100,-103
11:39:57,7,-99,-113
11:39:57,2,-100,-108
11:39:57,8,-96,-113
11:39:57,-2,-95,-100
11:39:57,6,-95,-98
11:39:57,9,-102,-112
11:39:58,7,-96,-109
11:39:58,7,-98,-111
11:39:58,11,-96,-113
11:39:58,6,-99,-110
11:39:58,5,-91,-109
11:39:58,7,-98,-105
11:39:58,6,-101,-125
11:39:58,11,-97,-103
11:39:58,9,-100,-115
11:39:58,3,-101,-101
11:39:58,4,-108,-102
11:39:58,9,-110,-108
11:39:58,8,-94,-116
11:39:58,-4,-101,-114
11:39:58,4,-104,-109
11:39:58,7,-103,-108
11:39:58,-1,-99,-113
11:39:58,5,-102,-105
11:39:58,10,-99,-100
11:39:58,1,-110,-116
11:39:59,6,-92,-118
11:39:59,3,-97,-113
11:39:59,1,-96,-104
11:39:59,6,-95,-117
11:39:59,9,-111,-93
11:39:59,-3,-98,-110
11:39:59,8,-97,-110
11:39:59,5,-88,-113
11:39:59,11,-101,-98
11:39:59,4,-102,-111
11:39:59,5,-107,-112
11:39:59,3,-103,-104
11:39:59,1,-100,-126
11:39:59,6,-102,-115
11:39:59,8,-109,-102
11:39:59,8,-92,-117
11:39:59,6,-108,-101
11:39:59,5,-101,-108
11:39:59,3,-105,-106
11:39:59,2,-100,-115
11:40:00,8,-100,-114
11:40:00,7,-110,-107
11:40:00,1,-101,-111
11:40:00,3,-106,-118
11:40:00,6,-100,-101
11:40:00,3,-92,-117
11:40:00,5,-102,-118
11:40:00,13,-102,-107
11:40:00,4,-96,-112
11:40:00,5,-96,-111
11:40:00,6,-92,-119
11:40:00,4,-105,-108
11:40:00,3,-102,-120
11:40:00,7,-104,-119
11:40:00,5,-104,-119
11:40:00,4,-95,-115
11:40:00,-2,-100,-109
11:40:00,8,-93,-113
11:40:00,2,-101,-113
