11:59:52,-25,-4,-197
11:59:52,10,-10,-204
11:59:52,-19,-14,-197
11:59:52,25,9,-215
11:59:52,-18,-5,-198
11:59:52,32,-18,-199
11:59:52,-8,-16,-199
11:59:52,20,3,-212
11:59:52,-35,10,-174
11:59:53,20,-1,-212
11:59:53,-28,11,-163
11:59:53,25,-20,-207
11:59:53,-25,5,-185
11:59:53,24,4,-203
11:59:53,-20,0,-194
11:59:53,14,2,-211
11:59:53,-21,-19,-214
11:59:53,13,5,-226
11:59:53,-27,-1,-205
11:59:53,13,-7,-206
11:59:53,-5,-8,-195
11:59:53,16,17,-210
11:59:53,-1,-26,-180
11:59:53,5,-5,-206
11:59:53,-13,-22,-203
11:59:53,2,2,-201
11:59:53,-11,-8,-191
11:59:53,-8,5,-223
11:59:54,-1,-10,-193
11:59:54,9,-2,-207
11:59:54,-9,-8,-194
11:59:54,-2,3,-204
11:59:54,15,-12,-203
11:59:54,-2,18,-200
11:59:54,5,3,-193
11:59:54,4,-7,-203
11:59:54,3,-22,-201
11:59:54,-21,4,-208
11:59:54,-3,8,-194
11:59:54,-17,-13,-199
11:59:54,15,-13,-209
11:59:54,-22,6,-200
11:59:54,28,-17,-203
11:59:54,-10,-16,-193
11:59:54,10,-8,-215
11:59:54,-25,12,-182
11:59:54,7,0,-209
11:59:54,-17,-16,-195
11:59:55,17,17,-215
11:59:55,-29,-8,-203
11:59:55,21,-9,-215
11:59:55,-13,-1,-193
11:59:55,11,2,-194
11:59:55,-26,-3,-174
11:59:55,11,4,-200
11:59:55,-31,22,-191
11:59:55,19,-12,-203
11:59:55,-28,-3,-193
11:59:55,27,7,-215
11:59:55,-16,-14,-200
11:59:55,15,6,-210
11:59:55,-17,-6,-198
11:59:55,7,18,-203
11:59:55,-23,-11,-194
11:59:55,16,4,-224
11:59:55,-16,-6,-200
11:59:55,29,15,-195
11:59:55,-13,-22,-215
11:59:56,6,8,-213
11:59:56,-23,-6,-200
11:59:56,13,-7,-183
11:59:56,-13,-10,-206
11:59:56,0,3,-200
11:59:56,1,-14,-196
11:59:56,16,10,-221
11:59:56,-2,-20,-201
11:59:56,-13,7,-207
11:59:56,-21,-16,-194
11:59:56,5,-10,-207
11:59:56,-10,-10,-209
11:59:56,-3,-12,-212
11:59:56,12,-36,-186
11:59:56,5,-9,-195
11:59:56,-8,-16,-199
11:59:56,-2,-5,-201
11:59:56,3,5,-203
11:59:56,-19,6,-206
11:59:56,2,5,-206
11:59:57,0,-9,-189
11:59:57,15,-8,-198
11:59:57,-29,7,-187
11:59:57,14,-5,-212
11:59:57,-24,1,-197
11:59:57,7,8,-213
11:59:57,-9,4,-202
11:59:57,14,0,-185
11:59:57,-25,6,-194
11:59:57,17,-3,-203
11:59:57,-31,8,-187
11:59:57,15,1,-208
11:59:57,-21,-5,-212
11:59:57,21,0,-228
11:59:57,-9,1,-193
11:59:57,-1,-3,-183
11:59:57,-26,-6,-214
11:59:57,5,11,-226
11:59:57,-24,-1,-209
11:59:58,18,9,-204
11:59:58,-5,-24,-184
11:59:58,20,9,-215
11:59:58,-20,-15,-194
11:59:58,9,-21,-213
11:59:58,-11,0,-199
11:59:58,12,-8,-220
11:59:58,-30,21,-197
11:59:58,15,10,-212
11:59:58,-3,2,-210
11:59:58,3,-5,-218
11:59:58,2,-13,-196
11:59:58,-13,13,-205
11:59:58,-3,-11,-192
11:59:58,4,-5,-225
11:59:58,0,2,-192
11:59:58,5,-6,-213
11:59:58,-10,15,-206
11:59:58,0,3,-200
11:59:58,-1,0,-202
11:59:59,-8,12,-214
11:59:59,6,-3,-195
11:59:59,8,-9,-194
11:59:59,1,-4,-201
11:59:59,-11,19,-194
11:59:59,-5,10,-182
11:59:59,-19,3,-201
11:59:59,8,-3,-197
11:59:59,-11,-3,-200
11:59:59,24,-4,-185
11:59:59,-10,-5,-185
11:59:59,7,-18,-182
11:59:59,-14,-5,-190
11:59:59,14,-4,-203
11:59:59,-24,-4,-196
11:59:59,10,1,-204
11:59:59,-32,0,-194
11:59:59,16,-5,-214
11:59:59,-24,-2,-191
11:59:59,4,12,-224
12:00:00,-41,20,-194
12:00:00,17,-1,-217
12:00:00,-22,1,-206
12:00:00,19,17,-213
12:00:00,-10,6,-191
12:00:00,29,-16,-207
12:00:00,-32,10,-188
12:00:00,21,-3,-217
12:00:00,-33,14,-189
12:00:00,18,7,-220
12:00:00,-19,-3,-192
12:00:00,13,1,-224
12:00:00,-14,3,-182
12:00:00,17,-10,-216
12:00:00,-12,-11,-187
12:00:00,-3,7,-215
12:00:00,-17,1,-169
12:00:00,5,-14,-215
12:00:00,-5,-18,-216
12:00:00,-1,-4,-223
12:00:01,-1,-10,-179
12:00:01,-10,-4,-192
12:00:01,-5,0,-207
12:00:01,-5,13,-210
12:00:01,-3,-4,-200
12:00:01,-7,12,-212
12:00:01,10,2,-205
12:00:01,-5,15,-203
12:00:01,4,-20,-179
12:00:01,-15,5,-215
12:00:01,6,8,-209
12:00:01,-14,3,-196
12:00:01,4,0,-204
12:00:01,8,-14,-190
12:00:01,16,2,-188
12:00:01,-24,11,-204
12:00:01,19,-3,-219
12:00:01,-28,-9,-199
12:00:01,14,1,-228
12:00:02,-22,3,-204
12:00:02,18,-6,-196
12:00:02,-11,2,-207
12:00:02,7,-4,-194
12:00:02,-25,-5,-220
12:00:02,5,17,-212
12:00:02,-29,4,-206
12:00:02,22,17,-225
12:00:02,-19,-6,-183
12:00:02,25,-15,-221
12:00:02,-28,4,-195
12:00:02,-1,20,-194
12:00:02,-27,9,-188
12:00:02,8,22,-203
12:00:02,-18,5,-175
12:00:02,23,-1,-204
12:00:02,3,-5,-202
12:00:02,11,12,-193
12:00:02,-13,-1,-186
12:00:02,2,0,-208
12:00:03,-17,-18,-199
12:00:03,4,-14,-217
12:00:03,-13,-4,-196
12:00:03,16,-10,-218
12:00:03,1,-18,-204
12:00:03,-5,10,-217
12:00:03,-4,-4,-205
12:00:03,0,2,-216
12:00:03,2,-3,-190
12:00:03,-5,10,-206
12:00:03,10,-14,-188
12:00:03,3,8,-215
12:00:03,-1,2,-194
12:00:03,-21,5,-198
12:00:03,16,5,-192
12:00:03,-19,13,-191
12:00:03,21,0,-208
12:00:03,-14,9,-194
12:00:03,23,0,-212
12:00:03,-19,-7,-229
12:00:04,2,15,-213
12:00:04,-18,20,-214
12:00:04,-2,7,-202
12:00:04,-26,7,-197
12:00:04,33,-5,-204
12:00:04,-21,4,-209
12:00:04,27,1,-223
12:00:04,-20,-17,-193
12:00:04,24,3,-200
12:00:04,-28,1,-201
12:00:04,-1,8,-211
12:00:04,-11,-5,-209
12:00:04,27,20,-210
12:00:04,-29,-12,-200
12:00:04,8,4,-215
12:00:04,-16,-8,-191
12:00:04,13,22,-209
12:00:04,-20,-6,-183
12:00:04,21,0,-204
12:00:05,-4,-11,-197
12:00:05,23,2,-208
12:00:05,-21,-5,-191
12:00:05,13,-7,-227
12:00:05,-12,-12,-209
12:00:05,13,4,-207
12:00:05,2,-8,-201
12:00:05,11,10,-225
12:00:05,-9,-5,-211
12:00:05,3,-9,-205
12:00:05,-10,10,-200
12:00:05,2,1,-200
12:00:05,-10,-22,-193
12:00:05,0,14,-203
12:00:05,19,-13,-202
12:00:05,11,-5,-211
12:00:05,-11,9,-195
12:00:05,4,14,-209
12:00:05,13,-14,-204
12:00:05,-13,-7,-197
12:00:06,14,16,-206
12:00:06,-18,10,-210
12:00:06,34,-2,-206
12:00:06,0,7,-208
12:00:06,13,-9,-227
12:00:06,-14,-11,-204
12:00:06,19,-11,-217
12:00:06,-28,1,-196
12:00:06,15,-8,-207
12:00:06,-23,24,-190
12:00:06,35,-4,-211
12:00:06,-19,2,-185
12:00:06,21,9,-213
12:00:06,-16,0,-206
12:00:06,20,8,-209
12:00:06,-13,3,-198
12:00:06,26,16,-204
12:00:06,-13,2,-183
12:00:06,36,14,-208
12:00:06,-32,2,-183
12:00:07,19,17,-216
12:00:07,-21,-10,-190
12:00:07,18,15,-217
12:00:07,-19,1,-193
12:00:07,19,2,-218
12:00:07,-16,6,-177
12:00:07,22,-8,-223
12:00:07,-27,-1,-209
12:00:07,7,2,-212
12:00:07,-14,-10,-183
12:00:07,19,17,-224
12:00:07,-24,8,-205
12:00:07,18,-11,-212
12:00:07,3,-16,-182
12:00:07,6,13,-208
12:00:07,-10,-6,-201
12:00:07,10,-6,-209
12:00:07,-6,-14,-217
12:00:07,16,14,-189
12:00:07,9,-11,-203
12:00:08,8,16,-204
12:00:08,12,19,-200
12:00:08,3,9,-209
12:00:08,0,1,-217
12:00:08,-4,11,-206
12:00:08,-5,-1,-193
12:00:08,16,-7,-214
12:00:08,10,-13,-224
12:00:08,5,-10,-220
12:00:08,-2,-14,-202
12:00:08,-11,10,-196
12:00:08,17,-8,-220
12:00:08,-16,0,-233
12:00:08,14,3,-211
12:00:08,-21,-12,-204
12:00:08,25,-18,-210
12:00:08,-17,-5,-215
12:00:08,27,-6,-199
12:00:08,-29,21,-212
12:00:09,20,11,-200
12:00:09,-19,12,-192
12:00:09,15,7,-212
12:00:09,-11,25,-213
12:00:09,38,12,-206
12:00:09,-13,14,-203
12:00:09,20,2,-214
12:00:09,-23,18,-208
12:00:09,13,12,-213
12:00:09,-21,-11,-208
12:00:09,24,11,-225
12:00:09,-29,-4,-177
12:00:09,16,-12,-206
12:00:09,3,-12,-179
12:00:09,26,16,-216
12:00:09,-18,5,-195
12:00:09,16,12,-217
12:00:09,-32,-6,-193
12:00:09,18,11,-225
12:00:09,-8,-6,-196
12:00:10,27,12,-219
12:00:10,8,-3,-208
12:00:10,20,4,-208
12:00:10,-20,11,-189
12:00:10,14,23,-205
12:00:10,-13,7,-204
12:00:10,1,3,-195
12:00:10,0,3,-198
12:00:10,17,18,-210
12:00:10,-8,-3,-211
12:00:10,2,1,-206
12:00:10,7,7,-197
12:00:10,-5,20,-220
12:00:10,6,-17,-202
12:00:10,2,-8,-215
12:00:10,9,-4,-184
12:00:10,-14,8,-197
12:00:10,7,7,-180
12:00:10,-4,0,-221
12:00:10,5,-3,-196
12:00:11,5,14,-208
12:00:11,17,-4,-222
12:00:11,-17,22,-214
12:00:11,12,7,-195
12:00:11,-26,7,-188
12:00:11,11,17,-218
12:00:11,-24,-7,-206
12:00:11,16,1,-209
12:00:11,-13,0,-204
12:00:11,23,1,-207
12:00:11,-31,-11,-187
12:00:11,21,4,-206
12:00:11,-19,4,-204
12:00:11,15,4,-207
12:00:11,-17,8,-226
12:00:11,22,14,-218
12:00:11,-8,-8,-201
12:00:11,20,9,-221
12:00:11,-19,6,-206
12:00:12,24,3,-213
12:00:12,-25,-8,-203
12:00:12,27,-17,-210
12:00:12,-26,7,-191
12:00:12,27,0,-202
12:00:12,-7,-4,-199
12:00:12,19,-6,-214
12:00:12,-7,9,-195
12:00:12,13,22,-211
12:00:12,-9,3,-179
12:00:12,8,-14,-210
12:00:12,9,-3,-186
12:00:12,10,1,-207
12:00:12,-12,6,-191
12:00:12,4,3,-212
12:00:12,-9,12,-210
12:00:12,0,-4,-212
12:00:12,14,0,-188
12:00:12,9,10,-206
12:00:12,-5,13,-204
12:00:13,-2,26,-184
12:00:13,6,6,-199
12:00:13,-19,10,-203
12:00:13,3,-6,-185
12:00:13,3,7,-202
12:00:13,27,3,-192
12:00:13,-18,6,-208
12:00:13,9,7,-205
12:00:13,-8,13,-220
12:00:13,15,1,-211
12:00:13,2,-9,-201
12:00:13,45,11,-198
12:00:13,-13,13,-195
12:00:13,13,13,-206
12:00:13,-26,-8,-187
12:00:13,19,3,-223
12:00:13,-10,7,-203
12:00:13,32,4,-222
12:00:13,-17,-13,-201
12:00:13,32,11,-227
12:00:14,-23,4,-183
12:00:14,14,9,-225
12:00:14,-13,9,-209
12:00:14,24,10,-212
12:00:14,-18,5,-194
12:00:14,28,34,-229
12:00:14,-7,-7,-199
12:00:14,29,14,-213
12:00:14,-15,-8,-203
12:00:14,7,31,-205
12:00:14,-12,-7,-192
12:00:14,10,3,-218
12:00:14,-3,16,-194
12:00:14,23,2,-218
12:00:14,-6,-7,-193
12:00:14,6,18,-220
12:00:14,-25,-8,-185
12:00:14,10,20,-218
12:00:14,0,6,-209
12:00:14,13,-7,-191
12:00:15,-5,6,-191
12:00:15,14,-1,-224
12:00:15,0,-5,-201
12:00:15,-6,-10,-201
12:00:15,10,-12,-201
12:00:15,-7,-3,-205
12:00:15,5,-2,-201
12:00:15,7,11,-188
12:00:15,25,-13,-204
12:00:15,-17,9,-195
12:00:15,17,16,-208
12:00:15,-12,20,-193
12:00:15,17,-5,-218
12:00:15,-10,7,-202
12:00:15,26,2,-212
12:00:15,-9,-1,-204
12:00:15,26,4,-197
12:00:15,-30,-10,-191
12:00:15,5,12,-220
12:00:16,-19,5,-208
12:00:16,7,5,-196
12:00:16,-4,-5,-197
12:00:16,22,12,-218
12:00:16,-5,-9,-203
12:00:16,12,-5,-219
12:00:16,-28,-1,-221
12:00:16,32,-16,-206
12:00:16,-13,2,-188
12:00:16,19,2,-208
12:00:16,-5,-2,-209
12:00:16,21,0,-207
12:00:16,-27,8,-210
12:00:16,16,0,-206
12:00:16,-21,-13,-191
12:00:16,12,9,-214
12:00:16,-15,-14,-199
12:00:16,10,18,-218
12:00:16,2,-11,-207
12:00:16,22,-7,-225
12:00:17,-21,-5,-210
12:00:17,7,9,-225
12:00:17,-12,-1,-197
12:00:17,7,12,-219
12:00:17,-7,-8,-195
12:00:17,14,10,-218
12:00:17,-6,-19,-199
12:00:17,9,-4,-225
12:00:17,4,-4,-200
12:00:17,4,12,-206
12:00:17,8,9,-184
12:00:17,-1,-2,-199
12:00:17,11,-4,-192
12:00:17,3,19,-209
12:00:17,14,-15,-186
12:00:17,-10,-3,-196
12:00:17,7,0,-210
12:00:17,-23,-2,-188
12:00:17,31,0,-221
12:00:17,1,-6,-199
12:00:18,12,6,-185
12:00:18,-18,8,-203
12:00:18,25,-6,-226
12:00:18,-15,-11,-211
12:00:18,20,-14,-221
12:00:18,-10,-21,-205
12:00:18,28,-12,-203
12:00:18,-2,4,-198
12:00:18,17,13,-211
12:00:18,-30,-8,-191
12:00:18,22,-1,-207
12:00:18,-15,4,-195
12:00:18,14,19,-200
12:00:18,-9,-4,-212
12:00:18,41,-1,-204
12:00:18,-14,14,-193
12:00:18,0,4,-202
12:00:18,-22,8,-178
12:00:18,20,3,-197
12:00:18,-16,5,-202
12:00:19,14,-10,-223
12:00:19,-11,-7,-187
12:00:19,27,9,-215
12:00:19,-26,2,-189
12:00:19,-2,-7,-215
12:00:19,-14,9,-197
12:00:19,14,23,-199
12:00:19,-12,-3,-186
12:00:19,21,3,-206
12:00:19,-1,6,-194
12:00:19,3,23,-189
12:00:19,-15,6,-206
12:00:19,2,3,-201
12:00:19,-2,3,-196
12:00:19,11,-4,-215
12:00:19,23,21,-211
12:00:19,4,3,-223
12:00:19,10,-10,-201
12:00:19,-4,2,-214
12:00:20,8,-13,-192
12:00:20,-7,2,-199
12:00:20,8,3,-217
12:00:20,-1,0,-209
12:00:20,20,16,-203
12:00:20,-20,9,-196
12:00:20,3,6,-204
12:00:20,-15,-2,-197
12:00:20,30,-14,-233
12:00:20,-15,-2,-191
12:00:20,29,-5,-226
12:00:20,-10,-5,-216
12:00:20,20,8,-219
12:00:20,-36,1,-195
12:00:20,24,21,-195
12:00:20,-21,12,-195
12:00:20,14,15,-197
12:00:20,-17,10,-202
12:00:20,34,-3,-223
12:00:20,-10,-5,-187
12:00:21,29,11,-210
12:00:21,-32,-11,-196
12:00:21,15,4,-204
12:00:21,-26,5,-200
12:00:21,26,5,-216
12:00:21,-13,-14,-185
12:00:21,26,2,-208
12:00:21,-17,-2,-195
12:00:21,12,9,-197
12:00:21,-15,-10,-216
12:00:21,12,-9,-225
12:00:21,-11,-10,-197
12:00:21,5,1,-195
12:00:21,-3,8,-186
12:00:21,13,9,-205
12:00:21,-9,1,-194
12:00:21,2,1,-199
12:00:21,0,0,-194
12:00:21,3,21,-211
12:00:21,2,1,-208
12:00:22,13,4,-212
12:00:22,-9,-5,-198
12:00:22,-11,3,-204
12:00:22,0,-4,-214
12:00:22,-15,0,-220
12:00:22,-3,-3,-216
12:00:22,-3,1,-207
12:00:22,8,-1,-207
12:00:22,-20,0,-194
12:00:22,12,-4,-217
12:00:22,-16,0,-211
12:00:22,13,5,-206
12:00:22,-7,-8,-207
12:00:22,37,-5,-216
12:00:22,-12,18,-193
12:00:22,25,-3,-222
12:00:22,-19,15,-186
12:00:22,17,12,-203
12:00:22,-12,1,-203
12:00:23,22,-7,-201
12:00:23,-12,-9,-187
12:00:23,24,-7,-230
12:00:23,-14,-9,-206
12:00:23,6,8,-211
12:00:23,-23,-1,-196
12:00:23,17,17,-219
12:00:23,-27,10,-180
12:00:23,20,16,-211
12:00:23,-6,-8,-207
12:00:23,28,14,-216
12:00:23,-26,-5,-185
12:00:23,17,5,-236
12:00:23,-34,9,-207
12:00:23,17,-10,-208
12:00:23,-12,3,-200
12:00:23,25,-10,-201
12:00:23,-7,-7,-194
12:00:23,20,10,-218
12:00:23,-11,-1,-198
12:00:24,4,1,-212
12:00:24,-8,4,-201
12:00:24,6,-12,-233
12:00:24,-2,-25,-194
12:00:24,6,7,-234
12:00:24,-8,-9,-199
12:00:24,-6,8,-200
12:00:24,4,-10,-191
12:00:24,-3,18,-223
12:00:24,17,-6,-212
12:00:24,9,-8,-227
12:00:24,31,-7,-218
12:00:24,-11,21,-204
12:00:24,7,10,-208
12:00:24,-9,-7,-190
12:00:24,12,8,-207
12:00:24,-8,12,-198
12:00:24,24,-10,-210
12:00:24,-1,10,-191
12:00:24,26,19,-215
12:00:25,-10,0,-206
12:00:25,11,17,-204
12:00:25,-13,-2,-202
12:00:25,14,14,-214
12:00:25,-22,3,-178
12:00:25,35,-9,-210
12:00:25,-14,6,-201
12:00:25,30,-8,-204
12:00:25,-24,0,-211
12:00:25,22,-7,-205
12:00:25,-12,9,-204
12:00:25,24,1,-217
12:00:25,-17,-5,-195
12:00:25,33,8,-210
12:00:25,-17,-2,-186
12:00:25,20,-4,-196
12:00:25,-14,10,-201
12:00:25,22,10,-212
12:00:25,-17,11,-186
12:00:25,14,-11,-217
12:00:26,-9,-4,-195
12:00:26,20,3,-235
12:00:26,-14,-16,-191
12:00:26,10,2,-215
12:00:26,-11,-11,-182
12:00:26,10,-7,-233
12:00:26,-14,1,-202
12:00:26,6,5,-217
12:00:26,7,-13,-199
12:00:26,9,21,-214
12:00:26,4,9,-194
12:00:26,-1,7,-235
12:00:26,-1,-1,-199
12:00:26,-7,6,-199
12:00:26,0,9,-164
12:00:26,17,-7,-206
12:00:26,23,-13,-205
12:00:26,-12,17,-210
12:00:26,8,-3,-210
12:00:27,13,-1,-207
12:00:27,18,-7,-217
12:00:27,-5,7,-213
12:00:27,33,-6,-207
12:00:27,-10,12,-210
12:00:27,17,5,-213
12:00:27,-19,7,-205
12:00:27,15,24,-223
12:00:27,-14,-7,-208
12:00:27,18,-2,-207
12:00:27,-13,6,-204
12:00:27,30,-11,-223
12:00:27,-12,6,-194
12:00:27,12,18,-217
12:00:27,-24,-2,-214
12:00:27,28,9,-215
12:00:27,-19,3,-210
12:00:27,38,-5,-236
12:00:27,-6,2,-188
12:00:27,25,13,-199
12:00:28,-30,24,-192
12:00:28,14,17,-186
12:00:28,-6,-12,-202
12:00:28,30,11,-233
12:00:28,-15,0,-225
12:00:28,33,-12,-229
12:00:28,-19,12,-185
12:00:28,22,4,-224
12:00:28,-17,21,-190
12:00:28,18,3,-226
12:00:28,-19,8,-198
12:00:28,18,-2,-222
12:00:28,0,-26,-195
12:00:28,21,-5,-208
12:00:28,-7,8,-188
12:00:28,9,-1,-221
12:00:28,-6,-5,-185
12:00:28,7,-3,-193
12:00:28,9,7,-195
12:00:28,-2,9,-217
12:00:29,12,-8,-204
12:00:29,11,2,-200
12:00:29,0,-4,-197
12:00:29,0,13,-213
12:00:29,18,-9,-199
12:00:29,-20,20,-207
12:00:29,7,-9,-212
12:00:29,3,-9,-208
12:00:29,19,-4,-203
12:00:29,-17,12,-206
12:00:29,15,23,-208
12:00:29,-25,1,-185
12:00:29,16,-16,-236
12:00:29,-5,-13,-197
12:00:29,39,-2,-215
12:00:29,-2,7,-206
12:00:29,16,10,-204
12:00:29,-19,5,-205
12:00:29,31,8,-208
12:00:30,-24,13,-184
12:00:30,12,4,-209
12:00:30,-11,-3,-199
12:00:30,31,13,-217
12:00:30,-25,-1,-197
12:00:30,18,14,-217
12:00:30,-27,1,-218
12:00:30,15,1,-203
12:00:30,-26,5,-207
12:00:30,21,-2,-203
12:00:30,0,-4,-191
12:00:30,22,18,-221
12:00:30,-16,-20,-208
12:00:30,24,-11,-225
12:00:30,-20,1,-190
12:00:30,18,9,-209
12:00:30,-9,-13,-191
12:00:30,17,-17,-182
12:00:30,6,-3,-191
12:00:30,36,10,-208
12:00:31,-14,28,-191
12:00:31,12,2,-196
12:00:31,-1,17,-208
12:00:31,9,12,-203
12:00:31,-13,3,-182
12:00:31,9,1,-200
12:00:31,14,-18,-201
12:00:31,7,5,-229
12:00:31,1,11,-218
12:00:31,-5,9,-200
12:00:31,-8,-2,-207
12:00:31,11,5,-214
12:00:31,16,-8,-185
12:00:31,-2,-2,-209
12:00:31,13,-11,-213
12:00:31,-9,9,-206
12:00:31,19,-4,-219
12:00:31,-12,5,-215
12:00:31,16,16,-204
12:00:31,3,3,-203
12:00:32,36,2,-219
12:00:32,-22,6,-202
12:00:32,4,12,-191
12:00:32,-12,2,-194
12:00:32,20,10,-225
12:00:32,-23,10,-190
12:00:32,28,-7,-225
12:00:32,-5,-16,-224
12:00:32,32,1,-208
12:00:32,-20,8,-193
12:00:32,21,-4,-219
12:00:32,-24,7,-223
12:00:32,11,9,-223
12:00:32,-9,-24,-208
12:00:32,30,3,-209
12:00:32,-1,-9,-214
12:00:32,27,13,-220
12:00:32,-20,3,-194
12:00:32,21,23,-212
12:00:32,-11,1,-182
12:00:33,22,6,-204
12:00:33,-10,13,-190
12:00:33,24,23,-203
12:00:33,-4,-5,-204
12:00:33,1,11,-213
12:00:33,-11,-4,-189
12:00:33,6,3,-204
12:00:33,-17,-3,-199
12:00:33,22,-8,-205
12:00:33,10,-9,-206
12:00:33,13,-1,-217
12:00:33,-4,9,-203
12:00:33,0,17,-213
12:00:33,6,-2,-204
12:00:33,-6,14,-204
12:00:33,15,5,-200
12:00:33,7,12,-210
12:00:33,2,-8,-205
12:00:33,4,13,-213
12:00:34,20,-3,-197
12:00:34,1,2,-206
12:00:34,9,6,-217
12:00:34,10,12,-204
12:00:34,23,10,-199
12:00:34,-10,6,-200
12:00:34,9,15,-223
12:00:34,-13,13,-216
12:00:34,14,-6,-224
12:00:34,-24,2,-198
12:00:34,17,-1,-219
12:00:34,-4,-4,-193
12:00:34,22,11,-213
12:00:34,-13,-7,-214
12:00:34,23,-6,-215
12:00:34,-27,13,-193
12:00:34,28,4,-217
12:00:34,-11,-2,-205
12:00:34,36,5,-229
12:00:34,-7,2,-203
12:00:35,13,19,-206
12:00:35,-19,-13,-196
12:00:35,27,-2,-220
12:00:35,-8,14,-215
12:00:35,23,17,-209
12:00:35,-1,-10,-193
12:00:35,37,16,-204
12:00:35,-3,-2,-210
12:00:35,7,13,-214
12:00:35,-17,-7,-196
12:00:35,15,-7,-227
12:00:35,-24,11,-187
12:00:35,15,-3,-213
12:00:35,7,-3,-209
12:00:35,20,0,-214
12:00:35,1,11,-219
12:00:35,0,21,-222
12:00:35,-18,6,-200
12:00:35,11,4,-209
12:00:35,-7,4,-203
12:00:36,15,3,-202
12:00:36,-1,2,-211
12:00:36,5,20,-203
12:00:36,-4,27,-195
12:00:36,6,11,-197
12:00:36,3,-15,-204
12:00:36,4,-25,-197
12:00:36,31,-12,-211
12:00:36,-6,-1,-196
12:00:36,-3,0,-209
12:00:36,-6,-7,-206
12:00:36,22,-4,-210
12:00:36,-15,2,-207
12:00:36,12,3,-219
12:00:36,-2,11,-219
12:00:36,29,-3,-196
12:00:36,-20,11,-177
12:00:36,4,2,-205
12:00:36,-12,2,-195
12:00:36,13,0,-217
12:00:37,-9,-5,-191
12:00:37,33,-6,-217
12:00:37,-8,22,-198
12:00:37,8,22,-188
12:00:37,-12,4,-190
12:00:37,33,12,-215
12:00:37,-28,10,-199
12:00:37,36,2,-219
12:00:37,-22,-2,-186
12:00:37,36,0,-221
12:00:37,-16,17,-213
12:00:37,13,0,-205
12:00:37,-27,4,-196
12:00:37,22,8,-225
12:00:37,-20,5,-214
12:00:37,26,28,-233
12:00:37,-2,12,-194
12:00:37,22,12,-205
12:00:37,-12,-20,-192
12:00:38,3,13,-220
12:00:38,-13,-1,-196
12:00:38,21,9,-226
12:00:38,-5,-27,-194
12:00:38,29,0,-204
12:00:38,5,7,-202
12:00:38,18,8,-207
12:00:38,-5,10,-210
12:00:38,10,19,-215
12:00:38,9,-8,-209
12:00:38,-6,19,-198
12:00:38,11,-2,-205
12:00:38,3,1,-217
12:00:38,-11,11,-220
12:00:38,-9,-19,-221
12:00:38,11,-6,-214
12:00:38,-4,14,-201
12:00:38,13,-3,-175
12:00:38,2,-17,-207
12:00:38,25,-12,-218
12:00:39,-9,5,-213
12:00:39,18,11,-209
12:00:39,-14,0,-193
12:00:39,22,7,-221
12:00:39,-16,9,-206
12:00:39,16,17,-214
12:00:39,8,-2,-200
12:00:39,24,3,-204
12:00:39,-9,5,-191
12:00:39,7,-9,-204
12:00:39,-26,12,-185
12:00:39,17,-3,-216
12:00:39,-4,-10,-198
12:00:39,31,-15,-207
12:00:39,-13,-2,-203
12:00:39,19,13,-231
12:00:39,-20,13,-205
12:00:39,22,12,-213
12:00:39,-7,-14,-210
12:00:39,14,-6,-190
12:00:40,-22,22,-204
12:00:40,23,2,-222
12:00:40,6,-4,-193
12:00:40,12,-9,-216
12:00:40,-20,-1,-199
12:00:40,9,19,-210
12:00:40,-5,-9,-201
12:00:40,16,17,-206
12:00:40,5,5,-196
12:00:40,30,25,-213
12:00:40,-9,-3,-178
12:00:40,12,-8,-216
12:00:40,3,8,-201
12:00:40,4,7,-204
12:00:40,1,-18,-193
12:00:40,16,1,-218
12:00:40,-1,-13,-224
12:00:40,5,2,-214
12:00:40,11,-14,-215
12:00:41,-21,8,-206
12:00:41,12,-8,-194
12:00:41,-4,14,-199
12:00:41,15,10,-214
12:00:41,0,9,-199
12:00:41,3,11,-227
12:00:41,-18,9,-186
12:00:41,11,22,-191
12:00:41,-16,1,-203
12:00:41,17,6,-195
12:00:41,-3,3,-198
12:00:41,44,16,-226
12:00:41,-13,-5,-188
12:00:41,-1,6,-195
12:00:41,-19,-1,-210
12:00:41,16,-6,-227
12:00:41,-28,-7,-205
12:00:41,17,0,-205
12:00:41,-13,-6,-204
12:00:41,19,0,-220
12:00:42,-19,-16,-199
12:00:42,17,16,-200
12:00:42,-19,-2,-207
12:00:42,27,11,-225
12:00:42,-8,-7,-207
12:00:42,34,9,-229
12:00:42,-8,-16,-199
12:00:42,19,5,-214
12:00:42,-15,2,-190
12:00:42,29,-1,-207
12:00:42,-12,10,-199
12:00:42,23,0,-207
12:00:42,-6,-6,-198
12:00:42,36,10,-215
12:00:42,-15,0,-205
12:00:42,11,1,-198
12:00:42,-19,0,-200
12:00:42,4,24,-224
12:00:42,-14,-19,-191
12:00:42,9,-9,-217
12:00:43,10,-13,-206
12:00:43,8,-10,-206
12:00:43,-3,-14,-189
12:00:43,-23,27,-201
12:00:43,10,-16,-226
12:00:43,-7,4,-207
12:00:43,0,-17,-199
12:00:43,10,7,-202
12:00:43,15,3,-199
12:00:43,-8,11,-227
12:00:43,13,-10,-225
12:00:43,-22,11,-188
12:00:43,13,-2,-195
12:00:43,-13,12,-192
12:00:43,13,8,-181
12:00:43,1,3,-185
12:00:43,24,2,-215
12:00:43,-8,-8,-208
12:00:43,0,0,-214
12:00:43,-25,3,-193
12:00:44,-1,8,-189
12:00:44,-21,-8,-196
12:00:44,29,-11,-226
12:00:44,-14,-12,-185
12:00:44,15,-2,-217
12:00:44,-32,-14,-206
12:00:44,14,-6,-195
12:00:44,-20,-13,-194
12:00:44,9,18,-197
12:00:44,-19,-26,-200
12:00:44,24,0,-207
12:00:44,-24,-4,-189
12:00:44,8,4,-201
12:00:44,-30,-10,-200
12:00:44,20,11,-208
12:00:44,-18,-11,-194
12:00:44,17,5,-214
12:00:44,-9,-2,-192
12:00:44,29,-4,-217
12:00:45,-14,1,-209
12:00:45,6,-7,-207
12:00:45,-19,-3,-199
12:00:45,3,-2,-206
12:00:45,-19,-18,-217
12:00:45,14,-18,-215
12:00:45,-4,-9,-206
12:00:45,-2,9,-227
12:00:45,-13,-25,-186
12:00:45,-1,4,-208
12:00:45,-8,5,-205
12:00:45,2,-2,-208
12:00:45,-15,-6,-181
12:00:45,16,-1,-215
12:00:45,-4,1,-188
12:00:45,-19,8,-211
12:00:45,3,-8,-207
12:00:45,-13,5,-202
12:00:45,-5,4,-203
12:00:45,-9,15,-200
12:00:46,7,-5,-208
12:00:46,-20,0,-198
12:00:46,0,-8,-208
12:00:46,-5,4,-190
12:00:46,2,-22,-187
12:00:46,-14,6,-191
12:00:46,23,-8,-195
12:00:46,-24,7,-192
12:00:46,5,-2,-197
12:00:46,-22,-18,-183
12:00:46,15,-5,-213
12:00:46,-30,0,-208
12:00:46,14,-2,-207
12:00:46,-12,-13,-189
12:00:46,20,-14,-202
12:00:46,-32,-3,-196
12:00:46,4,6,-220
12:00:46,-30,0,-194
12:00:46,14,-18,-207
12:00:46,-44,12,-184
12:00:47,25,-10,-208
12:00:47,-3,-15,-181
12:00:47,12,3,-222
12:00:47,-24,-12,-195
12:00:47,-1,5,-199
12:00:47,-29,-4,-185
12:00:47,-1,6,-221
12:00:47,-37,-9,-181
12:00:47,21,-19,-208
12:00:47,-8,-14,-195
12:00:47,16,6,-209
12:00:47,-26,-15,-188
12:00:47,7,-8,-212
12:00:47,-22,-1,-202
12:00:47,0,15,-207
12:00:47,-12,-8,-194
12:00:47,18,-4,-224
12:00:47,-5,-27,-189
12:00:47,-7,13,-216
12:00:48,-9,-8,-194
12:00:48,-4,9,-210
12:00:48,-6,-3,-205
12:00:48,-5,-6,-194
12:00:48,6,-25,-194
12:00:48,-18,10,-203
12:00:48,-2,-8,-200
12:00:48,-10,8,-193
12:00:48,-7,3,-203
12:00:48,-7,-12,-196
12:00:48,21,-12,-211
12:00:48,-6,0,-191
12:00:48,3,9,-186
12:00:48,-26,-1,-201
12:00:48,5,6,-214
12:00:48,-20,-7,-181
12:00:48,17,1,-205
12:00:48,-13,5,-212
12:00:48,21,1,-217
12:00:48,-30,-2,-190
12:00:49,8,-16,-195
12:00:49,-26,-2,-199
12:00:49,7,-12,-211
12:00:49,-26,0,-189
12:00:49,18,9,-208
12:00:49,-18,-1,-188
12:00:49,16,8,-210
12:00:49,-25,-6,-203
12:00:49,16,4,-194
12:00:49,-27,-10,-196
12:00:49,0,7,-215
12:00:49,-14,-13,-211
12:00:49,23,0,-219
12:00:49,-29,-23,-204
12:00:49,8,4,-204
12:00:49,-29,-9,-198
12:00:49,8,17,-222
12:00:49,-17,-11,-191
12:00:49,1,5,-208
12:00:49,-8,-14,-183
12:00:50,7,8,-206
12:00:50,-17,5,-179
12:00:50,-5,10,-207
12:00:50,-9,-10,-187
12:00:50,2,-6,-204
12:00:50,-13,-10,-181
12:00:50,-3,22,-196
12:00:50,-3,17,-195
12:00:50,-9,17,-194
12:00:50,-15,3,-193
12:00:50,-4,15,-202
12:00:50,5,-1,-193
12:00:50,-8,5,-218
12:00:50,13,-10,-199
12:00:50,5,-2,-208
12:00:50,2,16,-200
12:00:50,-21,6,-205
12:00:50,2,8,-190
12:00:50,-19,11,-212
12:00:50,11,-1,-212
12:00:51,-7,0,-206
12:00:51,35,4,-235
12:00:51,-19,9,-198
12:00:51,3,-1,-210
12:00:51,-23,25,-184
12:00:51,17,14,-221
12:00:51,-17,-11,-206
12:00:51,15,17,-199
12:00:51,-16,5,-203
12:00:51,28,9,-184
12:00:51,-16,-8,-201
12:00:51,8,12,-202
12:00:51,-24,0,-196
12:00:51,12,29,-215
12:00:51,-33,13,-182
12:00:51,11,-1,-208
12:00:51,-11,-22,-193
12:00:51,9,4,-215
12:00:51,-28,-21,-197
12:00:52,2,0,-205
12:00:52,-10,-7,-212
12:00:52,11,-8,-207
12:00:52,-7,-18,-210
12:00:52,25,8,-230
12:00:52,-19,0,-188
12:00:52,14,12,-210
12:00:52,-22,12,-180
12:00:52,4,-4,-193
12:00:52,-14,-8,-180
12:00:52,18,-1,-216
12:00:52,-3,5,-183
12:00:52,11,24,-214
12:00:52,-7,7,-184
12:00:52,-5,6,-217
12:00:52,1,-18,-206
12:00:52,3,19,-226
12:00:52,-13,19,-203
12:00:52,-6,-8,-197
12:00:52,4,8,-201
12:00:53,-17,14,-205
12:00:53,-4,1,-208
12:00:53,-10,-4,-203
12:00:53,8,0,-215
12:00:53,-9,-2,-186
12:00:53,23,-4,-226
12:00:53,-8,14,-214
12:00:53,11,1,-220
12:00:53,-13,3,-206
12:00:53,-3,7,-201
12:00:53,-24,-10,-194
12:00:53,16,3,-221
12:00:53,-17,6,-185
12:00:53,40,-6,-203
12:00:53,-22,5,-200
12:00:53,31,14,-214
12:00:53,-6,-14,-178
12:00:53,12,14,-234
12:00:53,-21,-16,-196
12:00:53,20,-3,-217
12:00:54,-14,-14,-202
12:00:54,20,12,-201
12:00:54,-11,-24,-195
12:00:54,28,-17,-233
12:00:54,-25,3,-214
12:00:54,16,-10,-220
12:00:54,-12,-8,-180
12:00:54,18,3,-199
12:00:54,9,-7,-197
12:00:54,19,6,-213
12:00:54,-13,-12,-194
12:00:54,8,17,-228
12:00:54,-7,8,-193
12:00:54,19,8,-199
12:00:54,-17,-5,-175
12:00:54,25,1,-197
12:00:54,-6,-5,-177
12:00:54,24,-3,-226
12:00:54,-20,3,-196
12:00:54,8,3,-208
12:00:55,-6,0,-218
12:00:55,2,-6,-208
12:00:55,-4,-4,-207
12:00:55,13,-7,-217
12:00:55,-10,-4,-210
12:00:55,0,7,-224
12:00:55,2,-2,-210
12:00:55,-7,-6,-205
12:00:55,19,5,-200
12:00:55,0,4,-201
12:00:55,1,3,-198
12:00:55,-4,-6,-198
12:00:55,22,11,-218
12:00:55,-2,14,-211
12:00:55,19,3,-203
12:00:55,-1,0,-202
12:00:55,19,1,-198
12:00:55,-16,-5,-195
12:00:55,11,5,-207
12:00:56,-8,-1,-212
12:00:56,14,3,-212
12:00:56,-17,-15,-204
12:00:56,29,-4,-223
12:00:56,-9,6,-202
12:00:56,21,-13,-206
12:00:56,-24,-3,-201
12:00:56,24,17,-208
12:00:56,-22,10,-191
12:00:56,16,14,-217
12:00:56,-1,8,-199
12:00:56,31,-6,-201
12:00:56,-6,-8,-208
12:00:56,19,10,-212
12:00:56,-13,-2,-215
12:00:56,13,0,-196
12:00:56,-4,-16,-202
12:00:56,26,1,-199
12:00:56,3,-4,-188
12:00:56,29,27,-199
12:00:57,-18,-1,-199
12:00:57,-2,15,-205
12:00:57,-13,5,-195
12:00:57,7,15,-221
12:00:57,-8,3,-204
12:00:57,20,-13,-222
12:00:57,10,-29,-194
12:00:57,6,-4,-199
12:00:57,-5,7,-205
12:00:57,9,12,-211
12:00:57,-2,-12,-172
12:00:57,10,1,-206
12:00:57,9,2,-184
12:00:57,3,8,-203
12:00:57,4,15,-197
12:00:57,-2,7,-214
12:00:57,5,-2,-188
12:00:57,-5,5,-195
12:00:57,16,-3,-191
12:00:57,7,15,-231
12:00:58,16,-7,-215
12:00:58,-13,12,-191
12:00:58,14,-2,-205
12:00:58,-4,3,-213
12:00:58,13,-3,-219
12:00:58,-14,-8,-202
12:00:58,26,0,-213
12:00:58,1,-1,-204
12:00:58,6,7,-206
12:00:58,-24,-5,-193
12:00:58,21,-12,-212
12:00:58,-25,-3,-198
12:00:58,17,-13,-181
12:00:58,-7,-4,-192
12:00:58,27,9,-207
12:00:58,-15,12,-202
12:00:58,9,10,-200
12:00:58,-13,6,-218
12:00:58,23,5,-226
12:00:59,-25,0,-173
12:00:59,40,1,-215
12:00:59,-13,2,-196
12:00:59,25,12,-221
12:00:59,-22,2,-187
12:00:59,9,14,-211
12:00:59,-11,-7,-190
12:00:59,22,25,-210
12:00:59,-11,-14,-190
12:00:59,16,-3,-210
12:00:59,-7,3,-196
12:00:59,10,-1,-196
12:00:59,-16,-18,-213
12:00:59,-1,11,-216
12:00:59,0,3,-185
12:00:59,2,-5,-208
12:00:59,7,-10,-197
12:00:59,12,18,-202
12:00:59,-6,-7,-203
12:00:59,-2,4,-208
12:01:00,0,-6,-205
12:01:00,11,-2,-187
12:01:00,1,-11,-193
12:01:00,18,12,-203
12:01:00,13,1,-202
12:01:00,-2,19,-221
12:01:00,4,-4,-205
12:01:00,13,20,-205
12:01:00,22,-7,-208
12:01:00,-11,2,-203
12:01:00,3,8,-190
12:01:00,4,0,-223
12:01:00,19,11,-219
12:01:00,-2,-14,-189
12:01:00,23,-4,-215
12:01:00,-23,7,-205
12:01:00,25,4,-209
12:01:00,-18,-3,-197
12:01:00,39,6,-199
12:01:00,-7,-6,-197
12:01:01,23,-2,-219
12:01:01,-18,1,-202
12:01:01,27,-13,-202
12:01:01,-28,-4,-193
12:01:01,23,11,-199
12:01:01,-8,13,-198
12:01:01,36,2,-200
12:01:01,-19,-1,-180
12:01:01,11,14,-195
12:01:01,-22,3,-189
12:01:01,15,-10,-219
12:01:01,-23,2,-194
12:01:01,20,3,-200
12:01:01,-10,-5,-200
12:01:01,19,10,-222
12:01:01,-23,-5,-193
12:01:01,11,6,-208
12:01:01,-20,-15,-190
12:01:01,16,6,-199
12:01:01,-10,-19,-180
12:01:02,13,10,-207
12:01:02,2,-11,-213
12:01:02,15,6,-222
12:01:02,-20,-6,-206
12:01:02,7,12,-209
12:01:02,-10,3,-197
12:01:02,5,-13,-214
12:01:02,-4,1,-197
12:01:02,19,3,-194
12:01:02,3,0,-201
12:01:02,-5,3,-234
12:01:02,0,1,-209
12:01:02,-7,-2,-226
12:01:02,10,-25,-205
12:01:02,5,5,-206
12:01:02,12,8,-220
12:01:02,-8,-20,-202
12:01:02,10,0,-209
12:01:02,-11,1,-228
12:01:03,6,13,-216
12:01:03,-14,-11,-197
12:01:03,27,-12,-210
12:01:03,-15,-9,-179
12:01:03,16,-14,-209
12:01:03,-23,-3,-201
12:01:03,19,-15,-213
12:01:03,-20,-8,-198
12:01:03,20,3,-196
12:01:03,-16,-13,-194
12:01:03,23,17,-186
12:01:03,-6,-2,-201
12:01:03,31,0,-216
12:01:03,-27,-14,-191
12:01:03,13,0,-217
12:01:03,-25,-9,-198
12:01:03,16,7,-202
12:01:03,-25,-19,-198
12:01:03,22,-14,-216
12:01:03,-8,-12,-207
12:01:04,15,0,-223
12:01:04,-16,-8,-185
12:01:04,9,-8,-197
12:01:04,-18,-21,-194
12:01:04,14,-4,-216
12:01:04,-7,-23,-187
12:01:04,28,5,-212
12:01:04,-11,-5,-185
12:01:04,1,-2,-212
12:01:04,-16,-1,-183
12:01:04,13,-6,-202
12:01:04,-6,-11,-183
12:01:04,10,3,-206
12:01:04,2,-1,-181
12:01:04,7,-5,-211
12:01:04,-4,-2,-202
12:01:04,-1,-3,-205
12:01:04,-4,-17,-193
12:01:04,-11,13,-210
12:01:04,4,-8,-180
12:01:05,5,-9,-190
12:01:05,-10,-7,-206
12:01:05,-17,8,-208
12:01:05,-4,-19,-200
12:01:05,-11,-10,-201
12:01:05,4,-10,-210
12:01:05,-14,-11,-203
12:01:05,12,-10,-218
12:01:05,-11,2,-205
12:01:05,5,-3,-211
12:01:05,-33,-9,-198
12:01:05,7,-2,-209
12:01:05,-29,5,-206
12:01:05,19,11,-206
12:01:05,-14,-4,-224
12:01:05,21,6,-208
12:01:05,-23,1,-194
12:01:05,-2,19,-206
12:01:05,-28,-24,-184
12:01:05,20,1,-215
12:01:06,-24,-10,-176
12:01:06,15,-10,-200
12:01:06,-17,2,-210
12:01:06,20,4,-213
12:01:06,-21,-3,-191
12:01:06,29,-8,-222
12:01:06,-31,-11,-190
12:01:06,4,-10,-222
12:01:06,-37,8,-186
12:01:06,16,-4,-208
12:01:06,-9,-5,-202
12:01:06,15,0,-223
12:01:06,-18,-3,-192
12:01:06,15,5,-202
12:01:06,-11,-9,-174
12:01:06,4,4,-203
12:01:06,-5,-14,-205
12:01:06,10,18,-187
12:01:06,-15,-15,-201
12:01:07,-1,-13,-216
12:01:07,-16,-9,-205
12:01:07,-8,-3,-219
12:01:07,-14,-24,-201
12:01:07,-8,11,-192
12:01:07,10,-22,-198
12:01:07,6,-12,-200
12:01:07,-7,-11,-187
12:01:07,-24,-16,-207
12:01:07,-7,3,-206
12:01:07,-10,4,-184
12:01:07,10,-22,-216
12:01:07,-17,-8,-197
12:01:07,19,-12,-193
12:01:07,-10,-1,-203
12:01:07,10,1,-204
12:01:07,-20,0,-183
12:01:07,12,-19,-192
12:01:07,-13,-5,-183
12:01:07,8,13,-191
12:01:08,-14,-11,-199
12:01:08,21,-15,-217
12:01:08,-11,-21,-201
12:01:08,19,-3,-210
12:01:08,-26,-2,-205
12:01:08,8,18,-212
12:01:08,-28,-2,-190
12:01:08,5,3,-221
12:01:08,-32,7,-191
12:01:08,26,-4,-227
12:01:08,-23,-15,-177
12:01:08,-3,-1,-208
12:01:08,-32,-5,-207
12:01:08,16,2,-215
12:01:08,-32,-4,-189
12:01:08,20,17,-202
12:01:08,-15,-1,-187
12:01:08,38,-2,-220
12:01:08,-28,-3,-177
12:01:08,-7,3,-205
12:01:09,-21,-11,-197
12:01:09,1,3,-206
12:01:09,-31,-3,-185
12:01:09,19,1,-233
12:01:09,-20,-18,-197
12:01:09,4,6,-219
12:01:09,-30,-19,-211
12:01:09,2,32,-204
12:01:09,-18,-8,-219
12:01:09,1,6,-225
12:01:09,-12,-15,-194
12:01:09,13,-17,-219
12:01:09,-3,0,-195
12:01:09,-9,4,-210
12:01:09,-12,-2,-199
12:01:09,-5,-8,-217
12:01:09,0,-6,-204
12:01:09,-3,9,-201
12:01:09,13,-4,-196
12:01:10,-4,-2,-199
12:01:10,-10,-3,-182
12:01:10,-8,-10,-214
12:01:10,9,-19,-224
12:01:10,-18,8,-200
12:01:10,7,-8,-198
12:01:10,1,-12,-208
12:01:10,13,1,-218
12:01:10,-32,-6,-216
12:01:10,9,5,-203
12:01:10,-17,-4,-214
12:01:10,5,-7,-213
12:01:10,-23,-13,-183
12:01:10,20,-2,-209
12:01:10,-19,3,-190
12:01:10,5,-3,-205
12:01:10,-29,8,-201
12:01:10,16,11,-203
12:01:10,-35,2,-190
12:01:10,21,-3,-221
12:01:11,2,0,-191
12:01:11,32,-4,-208
12:01:11,-33,-18,-190
12:01:11,23,9,-208
12:01:11,-27,8,-203
12:01:11,23,-13,-210
12:01:11,-21,-3,-197
12:01:11,27,-6,-220
12:01:11,-23,-4,-199
12:01:11,2,8,-205
12:01:11,-36,-14,-191
12:01:11,-8,6,-209
12:01:11,-22,-4,-187
12:01:11,2,4,-210
12:01:11,-14,-12,-186
12:01:11,32,16,-215
12:01:11,-13,1,-203
12:01:11,8,-11,-195
12:01:11,-21,-4,-184
12:01:11,9,13,-218
12:01:12,-12,1,-197
12:01:12,3,-4,-214
12:01:12,2,-9,-193
12:01:12,-11,33,-217
12:01:12,-13,10,-195
12:01:12,-3,-8,-195
12:01:12,-5,-3,-194
12:01:12,-5,0,-212
12:01:12,2,-14,-219
12:01:12,6,-7,-209
12:01:12,-13,1,-207
12:01:12,-27,1,-193
12:01:12,-2,1,-206
12:01:12,-17,-5,-193
12:01:12,9,3,-184
12:01:12,-16,-11,-206
12:01:12,27,-1,-199
12:01:12,-17,3,-192
12:01:12,1,0,-200
12:01:12,-19,3,-206
12:01:13,5,10,-206
12:01:13,-27,-16,-195
12:01:13,20,8,-203
12:01:13,-13,0,-182
12:01:13,26,-4,-204
12:01:13,-14,-9,-197
12:01:13,22,-3,-211
12:01:13,-19,-2,-183
12:01:13,9,3,-211
12:01:13,-30,-8,-195
12:01:13,34,11,-229
12:01:13,-12,-3,-191
12:01:13,0,-4,-218
12:01:13,-40,11,-209
12:01:13,13,9,-209
12:01:13,-24,-9,-204
12:01:13,15,15,-227
12:01:13,-20,-3,-202
12:01:13,23,8,-211
12:01:14,-7,2,-206
12:01:14,7,7,-205
12:01:14,-26,-4,-202
12:01:14,15,-5,-219
12:01:14,-22,-6,-190
12:01:14,8,7,-221
12:01:14,19,5,-202
12:01:14,11,5,-188
12:01:14,-11,-11,-194
12:01:14,14,4,-227
12:01:14,-7,7,-200
12:01:14,-2,20,-206
12:01:14,-6,-15,-201
12:01:14,13,14,-204
12:01:14,11,-9,-205
12:01:14,-14,5,-209
12:01:14,-16,-8,-208
12:01:14,-16,19,-218
12:01:14,-7,17,-186
12:01:14,-3,1,-205
12:01:15,4,3,-201
12:01:15,-10,-3,-206
12:01:15,2,11,-187
12:01:15,-11,-4,-216
12:01:15,13,9,-212
12:01:15,-24,-1,-216
12:01:15,18,3,-208
12:01:15,-5,17,-206
12:01:15,24,1,-208
12:01:15,-18,-1,-207
12:01:15,7,4,-194
12:01:15,-6,-9,-205
12:01:15,20,15,-211
12:01:15,-25,5,-197
12:01:15,23,10,-216
12:01:15,-13,13,-201
12:01:15,27,2,-213
12:01:15,-23,-3,-208
12:01:15,19,2,-220
12:01:15,-39,2,-202
12:01:16,21,-2,-226
12:01:16,-18,-9,-203
12:01:16,33,-3,-220
12:01:16,-3,-1,-186
12:01:16,17,7,-215
12:01:16,-16,2,-183
12:01:16,8,4,-211
12:01:16,-15,8,-206
12:01:16,23,16,-202
12:01:16,-6,10,-182
12:01:16,19,3,-210
12:01:16,-8,-20,-188
12:01:16,3,2,-219
12:01:16,-16,-8,-199
12:01:16,5,10,-212
12:01:16,-7,-17,-202
12:01:16,29,-12,-204
12:01:16,8,8,-205
12:01:16,-1,-1,-215
12:01:17,-8,4,-204
12:01:17,10,16,-203
12:01:17,-3,-8,-208
12:01:17,12,-9,-216
12:01:17,6,8,-198
12:01:17,-4,0,-208
12:01:17,14,-23,-221
12:01:17,-12,0,-222
12:01:17,17,-6,-211
12:01:17,-7,-2,-199
12:01:17,22,23,-213
12:01:17,1,7,-215
12:01:17,26,8,-206
12:01:17,-17,9,-184
12:01:17,22,11,-210
12:01:17,-18,25,-210
12:01:17,21,4,-206
12:01:17,-21,12,-217
12:01:17,34,-5,-225
12:01:17,-6,-7,-204
12:01:18,19,5,-230
12:01:18,-22,7,-198
12:01:18,26,10,-199
12:01:18,-22,-11,-207
12:01:18,18,5,-208
12:01:18,-14,11,-199
12:01:18,31,7,-213
12:01:18,-7,14,-217
12:01:18,14,11,-231
12:01:18,-30,5,-179
12:01:18,27,17,-226
12:01:18,-9,1,-210
12:01:18,28,-5,-208
12:01:18,-3,7,-196
12:01:18,19,18,-224
12:01:18,-6,21,-183
12:01:18,16,-2,-216
12:01:18,-13,-7,-194
12:01:18,14,18,-230
12:01:18,-21,0,-194
12:01:19,8,22,-206
12:01:19,9,-1,-193
12:01:19,25,7,-219
12:01:19,-11,4,-195
12:01:19,2,17,-245
12:01:19,1,13,-198
12:01:19,-1,17,-206
12:01:19,0,4,-200
12:01:19,2,-7,-221
12:01:19,9,3,-189
12:01:19,-8,20,-185
12:01:19,16,2,-198
12:01:19,0,15,-207
12:01:19,1,-1,-214
12:01:19,-4,6,-202
12:01:19,21,13,-207
12:01:19,-17,20,-194
12:01:19,18,-9,-201
12:01:19,-16,14,-201
12:01:19,22,4,-206
12:01:20,-19,-3,-198
12:01:20,19,-7,-217
12:01:20,-12,10,-205
12:01:20,37,0,-206
12:01:20,-22,1,-195
12:01:20,19,-3,-231
12:01:20,-9,-4,-204
12:01:20,21,18,-218
12:01:20,-19,8,-195
12:01:20,35,1,-223
12:01:20,-12,4,-183
12:01:20,18,21,-219
12:01:20,-15,-9,-210
12:01:20,9,18,-217
12:01:20,-14,1,-191
12:01:20,23,10,-217
12:01:20,-10,15,-174
12:01:20,24,5,-196
12:01:20,4,-13,-200
12:01:21,18,11,-207
12:01:21,-2,-8,-212
12:01:21,10,24,-225
12:01:21,-1,-12,-209
12:01:21,5,8,-225
12:01:21,4,10,-201
12:01:21,24,0,-222
12:01:21,0,-2,-206
12:01:21,8,-12,-212
12:01:21,-1,2,-182
12:01:21,0,5,-215
12:01:21,7,-2,-205
12:01:21,17,6,-210
12:01:21,4,5,-207
12:01:21,-17,19,-218
12:01:21,-6,24,-211
12:01:21,-14,9,-191
12:01:21,9,-2,-207
12:01:21,-16,23,-196
12:01:21,32,16,-208
12:01:22,7,6,-189
12:01:22,26,6,-214
12:01:22,-20,-2,-198
12:01:22,19,-2,-205
12:01:22,-16,7,-220
12:01:22,9,3,-204
12:01:22,-12,3,-199
12:01:22,21,4,-196
12:01:22,-20,1,-195
12:01:22,10,18,-208
12:01:22,-7,17,-197
12:01:22,20,16,-218
12:01:22,-20,-6,-204
12:01:22,33,2,-214
12:01:22,-2,-1,-209
12:01:22,42,6,-217
12:01:22,-24,-1,-191
12:01:22,20,2,-210
12:01:22,2,-1,-207
12:01:22,29,-2,-207
12:01:23,-4,5,-188
12:01:23,18,14,-218
12:01:23,-15,11,-204
12:01:23,-2,-5,-210
12:01:23,-21,-4,-222
12:01:23,4,5,-210
12:01:23,-7,-10,-201
12:01:23,27,2,-215
12:01:23,8,-9,-202
12:01:23,24,7,-224
12:01:23,-14,0,-191
12:01:23,-11,17,-194
12:01:23,-7,2,-193
12:01:23,12,-14,-218
12:01:23,4,-14,-201
12:01:23,3,10,-205
12:01:23,12,-7,-186
12:01:23,-2,10,-213
12:01:23,12,-2,-212
12:01:24,14,-10,-228
12:01:24,10,5,-211
12:01:24,1,7,-205
12:01:24,24,-13,-215
12:01:24,-5,9,-182
12:01:24,1,7,-217
12:01:24,-3,-12,-213
12:01:24,5,-3,-202
12:01:24,-12,-4,-203
12:01:24,26,-15,-204
12:01:24,-9,5,-182
12:01:24,25,11,-205
12:01:24,-17,-5,-189
12:01:24,19,-12,-203
12:01:24,-17,2,-192
12:01:24,25,4,-225
12:01:24,-22,-10,-198
12:01:24,34,-6,-209
12:01:24,-9,-7,-197
12:01:24,30,13,-219
12:01:25,-23,3,-197
12:01:25,26,-8,-222
12:01:25,-18,-2,-205
12:01:25,23,26,-211
12:01:25,-5,7,-200
12:01:25,23,12,-208
12:01:25,-12,1,-199
12:01:25,15,0,-200
12:01:25,-22,4,-197
12:01:25,15,-16,-222
12:01:25,-16,-8,-189
12:01:25,24,-6,-232
12:01:25,-12,-9,-184
12:01:25,21,11,-203
12:01:25,-12,5,-200
12:01:25,4,6,-222
12:01:25,-8,1,-209
12:01:25,11,-3,-202
12:01:25,-4,-7,-178
12:01:25,5,18,-209
12:01:26,16,-3,-203
12:01:26,6,4,-200
12:01:26,3,7,-193
12:01:26,10,-1,-186
12:01:26,-1,14,-201
12:01:26,-8,-2,-211
12:01:26,24,-4,-196
12:01:26,-10,3,-219
12:01:26,7,-4,-217
12:01:26,-10,-7,-212
12:01:26,12,-25,-214
12:01:26,-9,3,-203
12:01:26,16,-15,-206
12:01:26,0,5,-207
12:01:26,25,1,-219
12:01:26,-22,5,-186
12:01:26,11,-5,-203
12:01:26,-15,-21,-209
12:01:26,4,2,-201
12:01:26,-19,3,-190
12:01:27,31,1,-200
12:01:27,3,-21,-214
12:01:27,24,6,-207
12:01:27,-18,9,-184
12:01:27,23,-2,-208
12:01:27,-20,7,-180
12:01:27,14,-5,-202
12:01:27,-10,2,-193
12:01:27,33,-1,-197
12:01:27,-16,-10,-192
12:01:27,19,-8,-201
12:01:27,-22,-5,-197
12:01:27,6,18,-198
12:01:27,-25,0,-192
12:01:27,27,0,-219
12:01:27,-6,2,-207
12:01:27,19,4,-202
12:01:27,-23,-9,-195
12:01:27,13,-2,-214
12:01:28,-19,8,-187
12:01:28,6,7,-224
12:01:28,0,-27,-212
12:01:28,20,2,-207
12:01:28,-3,-7,-199
12:01:28,-6,9,-202
12:01:28,6,3,-202
12:01:28,-2,18,-198
12:01:28,-11,-9,-201
12:01:28,10,-12,-224
12:01:28,12,5,-203
12:01:28,-5,22,-220
12:01:28,-1,-5,-209
12:01:28,-3,-4,-195
12:01:28,1,-6,-210
12:01:28,-20,-5,-217
12:01:28,29,-8,-213
12:01:28,3,-5,-207
12:01:28,18,-20,-188
12:01:28,-31,8,-206
12:01:29,1,5,-209
12:01:29,-25,-9,-201
12:01:29,5,5,-204
12:01:29,-20,4,-187
12:01:29,25,-4,-198
12:01:29,-23,1,-206
12:01:29,24,13,-209
12:01:29,-21,1,-197
12:01:29,23,10,-213
12:01:29,-23,-3,-197
12:01:29,18,15,-229
12:01:29,-8,-5,-193
12:01:29,27,4,-221
12:01:29,-30,-13,-198
12:01:29,11,11,-208
12:01:29,-19,-16,-181
12:01:29,24,2,-226
12:01:29,-21,-12,-203
12:01:29,19,-2,-206
12:01:29,-13,-5,-197
12:01:30,25,0,-209
12:01:30,-15,-21,-209
12:01:30,20,-6,-226
12:01:30,-17,-5,-202
12:01:30,10,0,-222
12:01:30,-19,-10,-198
12:01:30,8,0,-203
12:01:30,-3,-17,-194
12:01:30,24,4,-222
12:01:30,-2,-13,-207
12:01:30,17,7,-205
12:01:30,-6,-27,-203
12:01:30,9,8,-216
12:01:30,-7,-6,-205
12:01:30,5,10,-213
12:01:30,-1,-8,-193
12:01:30,-15,15,-183
12:01:30,-13,-6,-212
12:01:30,-2,-8,-229
12:01:30,3,-9,-207
12:01:31,6,1,-218
12:01:31,19,-13,-210
12:01:31,-11,-2,-204
12:01:31,12,-2,-213
12:01:31,-17,2,-192
12:01:31,-2,-16,-193
12:01:31,-19,13,-200
12:01:31,20,4,-204
12:01:31,-11,6,-216
12:01:31,14,-4,-216
12:01:31,-13,-5,-188
12:01:31,10,-8,-190
12:01:31,-14,-12,-214
12:01:31,5,12,-197
12:01:31,-15,-14,-211
12:01:31,16,4,-212
12:01:31,-24,10,-210
12:01:31,24,3,-216
12:01:31,-33,-16,-207
12:01:32,11,-11,-214
12:01:32,-21,-6,-205
12:01:32,3,9,-217
12:01:32,-23,-19,-208
12:01:32,19,7,-221
12:01:32,-25,-18,-188
12:01:32,26,11,-216
12:01:32,-28,-16,-205
12:01:32,5,7,-228
12:01:32,-21,-2,-203
12:01:32,17,2,-195
12:01:32,-11,-23,-204
12:01:32,21,19,-197
12:01:32,-9,1,-206
12:01:32,23,2,-234
12:01:32,-33,4,-184
12:01:32,6,2,-204
12:01:32,-21,7,-184
12:01:32,-5,2,-210
12:01:32,-16,-10,-188
12:01:33,14,-21,-208
12:01:33,-5,-8,-192
12:01:33,-11,30,-209
12:01:33,-10,-11,-223
12:01:33,6,17,-213
12:01:33,-13,-11,-194
12:01:33,0,3,-215
12:01:33,11,-8,-207
12:01:33,16,2,-197
12:01:33,-17,2,-185
12:01:33,4,-11,-213
12:01:33,0,-1,-207
12:01:33,-16,-5,-206
12:01:33,3,2,-199
12:01:33,-1,10,-209
12:01:33,19,5,-183
12:01:33,-3,0,-209
12:01:33,8,18,-217
12:01:33,-22,4,-192
12:01:33,8,0,-199
12:01:34,-2,2,-200
12:01:34,21,7,-214
12:01:34,-34,4,-192
12:01:34,4,-11,-204
12:01:34,-24,15,-220
12:01:34,17,-9,-222
12:01:34,-25,-14,-188
12:01:34,25,-7,-213
12:01:34,-4,-19,-192
12:01:34,23,-14,-192
12:01:34,-33,-1,-187
12:01:34,8,2,-207
12:01:34,-34,-13,-190
12:01:34,25,7,-230
12:01:34,-27,-4,-193
12:01:34,29,4,-213
12:01:34,-1,2,-189
12:01:34,25,5,-213
12:01:34,-22,-10,-178
12:01:35,16,11,-207
12:01:35,-27,-17,-198
12:01:35,12,8,-219
12:01:35,-26,-9,-207
12:01:35,11,11,-226
12:01:35,-15,1,-203
12:01:35,1,-6,-204
12:01:35,-18,-21,-195
12:01:35,5,11,-223
12:01:35,-19,-7,-200
12:01:35,-1,-3,-211
12:01:35,-11,5,-192
12:01:35,13,13,-221
12:01:35,3,-4,-198
12:01:35,0,-4,-199
12:01:35,-15,-6,-203
12:01:35,4,-4,-215
12:01:35,-5,1,-201
12:01:35,8,22,-202
12:01:35,15,2,-207
12:01:36,-4,8,-198
12:01:36,-8,5,-184
12:01:36,-10,8,-216
12:01:36,-3,-7,-201
12:01:36,-8,-3,-201
12:01:36,20,-1,-224
12:01:36,6,12,-205
12:01:36,-2,0,-208
12:01:36,-27,3,-202
12:01:36,6,14,-205
12:01:36,-34,18,-208
12:01:36,12,2,-210
12:01:36,-11,-27,-193
12:01:36,24,-4,-201
12:01:36,-36,21,-193
12:01:36,6,7,-202
12:01:36,-27,2,-191
12:01:36,15,-10,-205
12:01:36,-35,5,-185
12:01:36,26,25,-183
12:01:37,-5,-3,-202
12:01:37,24,-7,-227
12:01:37,-21,9,-200
12:01:37,18,11,-218
12:01:37,-22,3,-211
12:01:37,13,-4,-217
12:01:37,-27,-2,-184
12:01:37,20,14,-236
12:01:37,-3,2,-196
12:01:37,21,5,-218
12:01:37,-27,0,-181
12:01:37,15,-19,-222
12:01:37,-31,2,-191
12:01:37,-5,14,-219
12:01:37,-18,4,-218
12:01:37,10,13,-198
12:01:37,-12,-6,-202
12:01:37,12,10,-207
12:01:37,-28,-5,-203
12:01:37,8,9,-210
12:01:38,-6,-1,-196
12:01:38,13,9,-207
12:01:38,-2,-12,-176
12:01:38,19,12,-217
12:01:38,7,-15,-196
12:01:38,-10,22,-207
12:01:38,-24,22,-181
12:01:38,6,-4,-210
12:01:38,1,-28,-213
12:01:38,-18,2,-219
12:01:38,12,-16,-198
12:01:38,3,11,-225
12:01:38,-4,-8,-202
12:01:38,-11,-19,-206
12:01:38,6,-1,-209
12:01:38,-3,0,-217
12:01:38,5,-12,-214
12:01:38,-6,10,-232
12:01:38,15,8,-211
12:01:39,-14,5,-196
12:01:39,9,7,-213
12:01:39,-8,2,-208
12:01:39,-5,3,-180
12:01:39,-6,5,-197
12:01:39,20,17,-191
12:01:39,-14,8,-203
12:01:39,11,-5,-213
12:01:39,-10,18,-197
12:01:39,23,-10,-210
12:01:39,-22,10,-206
12:01:39,-1,11,-201
12:01:39,-14,-20,-198
12:01:39,28,17,-202
12:01:39,-17,13,-190
12:01:39,2,11,-204
12:01:39,-22,2,-207
12:01:39,18,10,-211
12:01:39,-28,4,-191
12:01:39,3,22,-209
12:01:40,-22,-6,-190
12:01:40,22,7,-206
12:01:40,-30,0,-178
12:01:40,12,6,-207
12:01:40,-8,9,-208
12:01:40,19,19,-203
12:01:40,0,-8,-191
12:01:40,8,-1,-208
12:01:40,-8,-14,-186
12:01:40,11,15,-205
12:01:40,-27,3,-195
12:01:40,3,5,-213
12:01:40,-28,3,-201
12:01:40,7,7,-195
12:01:40,2,-13,-219
12:01:40,5,12,-207
12:01:40,-12,-7,-193
12:01:40,-22,24,-204
12:01:40,-20,-8,-192
12:01:40,2,3,-219
12:01:41,-16,-22,-203
12:01:41,-11,6,-213
12:01:41,17,-2,-210
12:01:41,1,5,-212
12:01:41,7,18,-201
12:01:41,-12,22,-211
12:01:41,18,-5,-193
12:01:41,-26,1,-180
12:01:41,14,-12,-207
12:01:41,-10,-3,-189
12:01:41,12,4,-196
12:01:41,-6,-15,-205
12:01:41,-3,21,-214
12:01:41,-25,6,-212
12:01:41,16,-2,-210
12:01:41,-19,-19,-203
12:01:41,19,1,-203
12:01:41,-20,-2,-195
12:01:41,23,15,-211
12:01:42,-22,-5,-205
12:01:42,10,2,-179
12:01:42,-10,-2,-195
12:01:42,18,15,-211
12:01:42,-7,-2,-194
12:01:42,27,-5,-227
12:01:42,-1,-21,-192
12:01:42,23,10,-201
12:01:42,-29,8,-187
12:01:42,32,-7,-205
12:01:42,-18,-3,-183
12:01:42,34,15,-223
12:01:42,-10,11,-209
12:01:42,25,-1,-222
12:01:42,-23,-6,-210
12:01:42,23,4,-221
12:01:42,-28,-7,-183
12:01:42,12,4,-207
12:01:42,-5,-16,-190
12:01:42,17,15,-217
12:01:43,2,4,-219
12:01:43,21,-3,-211
12:01:43,5,0,-200
12:01:43,8,25,-218
12:01:43,-13,-1,-199
12:01:43,10,11,-218
12:01:43,-10,9,-195
12:01:43,-2,-1,-199
12:01:43,10,-6,-192
12:01:43,13,13,-206
12:01:43,12,-6,-207
12:01:43,-3,6,-205
12:01:43,11,0,-205
12:01:43,-7,5,-207
12:01:43,6,-10,-204
12:01:43,5,11,-203
12:01:43,1,0,-205
12:01:43,-20,-7,-218
12:01:43,9,1,-221
12:01:43,-16,-4,-188
12:01:44,24,-5,-218
12:01:44,0,7,-206
12:01:44,17,13,-213
12:01:44,-8,1,-195
12:01:44,24,14,-205
12:01:44,-17,8,-213
12:01:44,10,-12,-187
12:01:44,-6,-9,-210
12:01:44,21,14,-223
12:01:44,-8,2,-202
12:01:44,43,9,-207
12:01:44,-16,-3,-183
12:01:44,9,10,-206
12:01:44,-19,16,-191
12:01:44,17,5,-209
12:01:44,-12,-9,-210
12:01:44,23,6,-215
12:01:44,-15,-11,-203
12:01:44,36,7,-226
12:01:44,-30,-5,-211
12:01:45,13,-4,-214
12:01:45,-25,10,-200
12:01:45,21,-21,-224
12:01:45,-21,-12,-192
12:01:45,26,-1,-214
12:01:45,-10,-9,-191
12:01:45,26,1,-218
12:01:45,-34,-7,-196
12:01:45,16,4,-221
12:01:45,-17,0,-196
12:01:45,19,-7,-223
12:01:45,-13,3,-191
12:01:45,25,17,-222
12:01:45,-16,12,-199
12:01:45,17,13,-210
12:01:45,-17,-3,-185
12:01:45,8,13,-212
12:01:45,-3,14,-198
12:01:45,6,21,-197
12:01:46,5,-17,-200
12:01:46,15,-9,-228
12:01:46,4,-2,-211
12:01:46,-13,13,-213
12:01:46,0,-3,-200
12:01:46,-14,6,-224
12:01:46,8,-8,-212
12:01:46,13,18,-203
12:01:46,23,-12,-197
12:01:46,-11,-6,-203
12:01:46,7,-2,-195
12:01:46,-19,7,-211
12:01:46,8,-8,-198
12:01:46,-20,10,-212
12:01:46,18,-5,-182
12:01:46,-8,13,-202
12:01:46,34,-8,-205
12:01:46,-9,0,-195
12:01:46,19,11,-192
12:01:46,-12,-4,-206
12:01:47,12,-1,-211
12:01:47,-14,-8,-187
12:01:47,21,-9,-211
12:01:47,-13,-1,-191
12:01:47,26,5,-193
12:01:47,-26,7,-184
12:01:47,5,-5,-201
12:01:47,-28,8,-201
12:01:47,27,9,-214
12:01:47,-16,13,-184
12:01:47,29,1,-204
12:01:47,-17,-12,-193
12:01:47,18,14,-216
12:01:47,-20,-12,-195
12:01:47,12,11,-201
12:01:47,-19,-12,-185
12:01:47,19,-13,-209
12:01:47,-29,12,-205
12:01:47,42,1,-219
12:01:47,-8,-3,-205
12:01:48,17,9,-210
12:01:48,-25,-1,-185
12:01:48,12,8,-205
12:01:48,-14,-3,-212
12:01:48,2,13,-217
12:01:48,-6,1,-190
12:01:48,19,-9,-223
12:01:48,-18,-13,-186
12:01:48,0,-7,-217
12:01:48,-10,11,-209
12:01:48,-1,4,-235
12:01:48,-8,5,-200
12:01:48,14,-5,-212
12:01:48,19,2,-203
12:01:48,-4,5,-226
12:01:48,3,4,-202
12:01:48,1,18,-203
12:01:48,1,9,-211
12:01:48,10,-8,-199
12:01:49,25,-14,-190
12:01:49,-5,15,-209
12:01:49,14,-9,-220
12:01:49,-13,-10,-211
12:01:49,12,-11,-220
12:01:49,-14,8,-201
12:01:49,-1,-4,-203
12:01:49,-18,-13,-207
12:01:49,33,13,-215
12:01:49,-7,-1,-201
12:01:49,27,8,-213
12:01:49,-19,-4,-199
12:01:49,22,8,-202
12:01:49,-23,3,-190
12:01:49,35,-18,-230
12:01:49,-10,-9,-196
12:01:49,38,0,-203
12:01:49,-14,-7,-198
12:01:49,27,14,-203
12:01:49,-28,18,-198
12:01:50,13,-7,-220
12:01:50,-24,-13,-206
12:01:50,20,-9,-196
12:01:50,-11,3,-200
12:01:50,30,-2,-197
12:01:50,-23,4,-183
12:01:50,18,-11,-214
12:01:50,-11,-10,-193
12:01:50,19,8,-204
12:01:50,-24,1,-179
12:01:50,12,-6,-225
12:01:50,3,-4,-195
12:01:50,24,4,-214
12:01:50,-16,-14,-193
12:01:50,13,3,-199
12:01:50,2,-3,-188
12:01:50,15,0,-202
12:01:50,-17,16,-179
12:01:50,18,5,-216
12:01:50,7,-12,-187
12:01:51,1,1,-206
12:01:51,-3,9,-193
12:01:51,0,15,-201
12:01:51,1,-11,-214
12:01:51,3,-1,-214
12:01:51,26,-29,-207
12:01:51,-3,6,-206
12:01:51,4,-4,-195
12:01:51,-10,-3,-203
12:01:51,0,-5,-197
12:01:51,-22,16,-210
12:01:51,7,-16,-187
12:01:51,7,7,-216
12:01:51,11,-1,-192
12:01:51,-2,-6,-201
12:01:51,5,15,-212
12:01:51,-15,13,-196
12:01:51,12,-16,-207
12:01:51,-18,8,-211
12:01:51,26,12,-200
12:01:52,5,-2,-191
12:01:52,23,7,-186
12:01:52,-16,-11,-189
12:01:52,21,4,-211
12:01:52,-22,-11,-202
12:01:52,15,-3,-204
12:01:52,-18,0,-204
12:01:52,40,-7,-226
12:01:52,-9,3,-203
12:01:52,23,-5,-224
12:01:52,-22,-11,-180
12:01:52,12,-10,-224
12:01:52,-25,-14,-208
12:01:52,21,5,-202
12:01:52,-22,-12,-199
12:01:52,29,4,-202
12:01:52,-8,0,-193
12:01:52,25,-7,-243
12:01:52,-17,-2,-199
12:01:53,19,-4,-219
12:01:53,-15,2,-183
12:01:53,23,6,-200
12:01:53,10,-6,-223
12:01:53,29,8,-203
12:01:53,-12,3,-199
12:01:53,17,8,-211
12:01:53,-12,-21,-212
12:01:53,16,8,-221
12:01:53,-9,-18,-201
12:01:53,12,-14,-220
12:01:53,12,-7,-210
12:01:53,5,-2,-217
12:01:53,-13,12,-206
12:01:53,-4,11,-214
12:01:53,-13,10,-215
12:01:53,-4,2,-225
12:01:53,3,-11,-201
12:01:53,-5,6,-212
12:01:53,0,6,-187
12:01:54,-9,-10,-204
12:01:54,7,-3,-187
12:01:54,-4,10,-211
12:01:54,9,1,-198
12:01:54,-8,9,-194
12:01:54,36,-3,-194
12:01:54,-3,-2,-200
12:01:54,13,-6,-214
12:01:54,-19,-18,-214
12:01:54,7,-17,-196
12:01:54,-19,13,-198
12:01:54,19,7,-203
12:01:54,-6,2,-198
12:01:54,25,1,-211
12:01:54,-19,-5,-198
12:01:54,19,-3,-204
12:01:54,-12,-15,-191
12:01:54,13,-4,-212
12:01:54,-20,-9,-201
12:01:54,28,-7,-207
12:01:55,-28,2,-199
12:01:55,20,-5,-194
12:01:55,-19,-13,-188
12:01:55,13,8,-221
12:01:55,-16,-8,-205
12:01:55,13,2,-189
12:01:55,-34,-18,-191
12:01:55,18,5,-209
12:01:55,-14,6,-191
12:01:55,19,7,-228
12:01:55,-22,-14,-204
12:01:55,19,-13,-220
12:01:55,-17,-7,-185
12:01:55,22,11,-212
12:01:55,-26,-19,-199
12:01:55,25,-1,-184
12:01:55,1,-24,-208
12:01:55,14,10,-213
12:01:55,-11,-6,-209
12:01:55,10,23,-211
12:01:56,-14,7,-194
12:01:56,11,11,-215
12:01:56,-4,12,-186
12:01:56,30,-9,-222
12:01:56,12,-3,-191
12:01:56,0,-11,-202
12:01:56,-4,-19,-210
12:01:56,-7,10,-208
12:01:56,2,-14,-198
12:01:56,-10,2,-220
12:01:56,16,2,-213
12:01:56,8,5,-207
12:01:56,-3,-3,-211
12:01:56,-16,9,-188
12:01:56,3,-3,-197
12:01:56,-2,8,-200
12:01:56,22,-13,-204
12:01:56,-1,-8,-210
12:01:56,31,-4,-194
12:01:57,-14,-4,-182
12:01:57,11,-1,-200
12:01:57,-15,-3,-192
12:01:57,11,9,-205
12:01:57,-9,-11,-180
12:01:57,27,-5,-201
12:01:57,8,-4,-210
12:01:57,29,6,-215
12:01:57,-22,-4,-197
12:01:57,26,4,-214
12:01:57,-17,-14,-199
12:01:57,3,18,-199
12:01:57,-23,-17,-212
12:01:57,30,9,-227
12:01:57,-19,-4,-184
12:01:57,29,-6,-224
12:01:57,-28,-6,-213
12:01:57,37,-1,-233
12:01:57,-14,-3,-207
12:01:57,27,-16,-225
12:01:58,-11,-12,-181
12:01:58,32,-12,-205
12:01:58,-11,-9,-194
12:01:58,20,12,-203
12:01:58,-20,6,-177
12:01:58,19,8,-201
12:01:58,-11,0,-188
12:01:58,20,15,-213
12:01:58,-14,-12,-173
12:01:58,24,-6,-202
12:01:58,3,-20,-211
12:01:58,8,2,-232
12:01:58,-21,-4,-213
12:01:58,5,19,-210
12:01:58,-3,3,-191
12:01:58,12,2,-218
12:01:58,13,-15,-180
12:01:58,16,7,-215
12:01:58,-8,-12,-191
12:01:58,-4,6,-214
12:01:59,0,-9,-209
12:01:59,0,0,-197
12:01:59,16,3,-200
12:01:59,7,1,-197
12:01:59,10,-2,-187
12:01:59,-8,-17,-193
12:01:59,10,-15,-200
12:01:59,-1,6,-220
12:01:59,6,-1,-217
12:01:59,-13,8,-179
12:01:59,37,-10,-209
12:01:59,-27,11,-220
12:01:59,16,9,-193
12:01:59,-33,-8,-204
12:01:59,17,6,-196
12:01:59,-21,9,-206
12:01:59,16,10,-199
12:01:59,-7,-12,-204
12:01:59,25,-10,-206
12:02:00,-18,10,-213
12:02:00,24,-12,-207
12:02:00,-31,0,-192
12:02:00,22,6,-196
12:02:00,-18,-7,-206
12:02:00,12,3,-220
12:02:00,-13,7,-201
12:02:00,23,-6,-210
12:02:00,-31,10,-197
12:02:00,5,16,-204
12:02:00,-30,-2,-186
12:02:00,14,14,-211
12:02:00,-16,-25,-184
12:02:00,18,5,-213
12:02:00,-11,-18,-205
12:02:00,33,-18,-237
12:02:00,-22,-1,-195
12:02:00,-2,15,-213
12:02:00,-11,-4,-196
12:02:00,20,-2,-197
12:02:01,-22,15,-188
12:02:01,26,-9,-207
12:02:01,-3,5,-185
12:02:01,3,10,-203
12:02:01,-17,1,-177
12:02:01,-3,19,-214
12:02:01,-9,20,-194
12:02:01,-1,6,-200
12:02:01,10,-6,-190
12:02:01,21,10,-201
12:02:01,12,2,-211
12:02:01,-2,-5,-215
12:02:01,0,0,-207
12:02:01,-7,3,-217
12:02:01,4,1,-224
12:02:01,13,-7,-196
12:02:01,13,-13,-207
12:02:01,1,15,-203
12:02:01,-10,-8,-183
12:02:01,-13,10,-212
12:02:02,10,-5,-213
12:02:02,-4,6,-205
12:02:02,20,-18,-206
12:02:02,0,-2,-190
12:02:02,25,-10,-203
12:02:02,-19,9,-200
12:02:02,16,-10,-221
12:02:02,-1,3,-198
12:02:02,23,-2,-220
12:02:02,-14,0,-188
12:02:02,31,-7,-207
12:02:02,-4,2,-211
12:02:02,29,5,-209
12:02:02,-14,-7,-200
12:02:02,18,1,-229
12:02:02,-19,-5,-194
12:02:02,6,4,-202
12:02:02,-15,6,-207
12:02:02,31,15,-215
12:02:02,-10,-4,-188
12:02:03,11,-5,-197
12:02:03,-22,-1,-188
12:02:03,12,19,-211
12:02:03,-13,-12,-220
12:02:03,25,-2,-219
12:02:03,-2,-17,-192
12:02:03,40,-10,-217
12:02:03,-20,12,-180
12:02:03,7,19,-211
12:02:03,-14,3,-181
12:02:03,34,8,-205
12:02:03,-16,-9,-187
12:02:03,25,-4,-206
12:02:03,5,-8,-198
12:02:03,4,10,-236
12:02:03,-22,4,-205
12:02:03,10,4,-203
12:02:03,-6,-6,-191
12:02:03,1,2,-207
12:02:04,11,-20,-194
12:02:04,16,11,-205
12:02:04,4,-10,-206
12:02:04,4,10,-200
12:02:04,7,-2,-190
12:02:04,-11,-1,-218
12:02:04,-5,1,-198
12:02:04,10,-19,-195
12:02:04,36,9,-187
12:02:04,2,-5,-198
12:02:04,-4,7,-198
12:02:04,1,12,-217
12:02:04,15,-2,-209
12:02:04,-13,-9,-215
12:02:04,19,-1,-210
12:02:04,-8,-2,-183
12:02:04,5,1,-204
12:02:04,-16,-5,-200
12:02:04,24,4,-214
12:02:04,-24,-7,-200
12:02:05,30,-2,-199
12:02:05,3,-10,-194
12:02:05,35,14,-218
12:02:05,-13,7,-188
12:02:05,12,6,-204
12:02:05,-11,5,-225
12:02:05,30,-1,-205
12:02:05,-25,-5,-196
12:02:05,39,-6,-226
12:02:05,6,-25,-182
12:02:05,21,4,-195
12:02:05,-31,-3,-197
12:02:05,2,8,-207
12:02:05,-12,-16,-199
12:02:05,6,8,-212
12:02:05,-23,-7,-194
12:02:05,19,-6,-212
12:02:05,-15,2,-192
12:02:05,10,-12,-202
12:02:05,-25,11,-198
12:02:06,15,2,-229
12:02:06,-21,15,-201
12:02:06,17,-18,-204
12:02:06,-7,-12,-196
12:02:06,15,19,-218
12:02:06,7,-24,-211
12:02:06,-9,-4,-167
12:02:06,-11,5,-174
12:02:06,11,1,-206
12:02:06,-2,-14,-189
12:02:06,-1,13,-198
12:02:06,13,-8,-211
12:02:06,5,4,-196
12:02:06,-3,-2,-205
12:02:06,-15,11,-217
12:02:06,9,-16,-197
12:02:06,-15,12,-213
12:02:06,0,-1,-200
12:02:06,6,-3,-192
12:02:07,15,-21,-206
12:02:07,-15,10,-200
12:02:07,6,1,-214
12:02:07,-15,14,-233
12:02:07,16,-4,-197
12:02:07,-17,-13,-205
12:02:07,37,-4,-205
12:02:07,-6,8,-212
12:02:07,16,1,-194
12:02:07,-10,9,-186
12:02:07,22,-16,-223
12:02:07,-7,12,-215
12:02:07,19,9,-187
12:02:07,-19,18,-193
12:02:07,31,7,-201
12:02:07,-22,-3,-202
12:02:07,9,0,-207
12:02:07,-27,1,-193
12:02:07,41,-15,-217
12:02:07,-30,4,-195
12:02:08,27,1,-212
12:02:08,-14,-17,-192
12:02:08,34,-9,-221
12:02:08,-7,-14,-213
12:02:08,19,12,-204
12:02:08,-20,-13,-190
12:02:08,34,-7,-227
12:02:08,-16,-11,-202
12:02:08,22,8,-188
12:02:08,-1,-17,-193
12:02:08,33,-9,-215
12:02:08,1,-11,-209
12:02:08,1,10,-200
12:02:08,-5,-19,-183
12:02:08,24,-1,-219
12:02:08,-23,-11,-187
12:02:08,16,-10,-211
12:02:08,-21,10,-194
12:02:08,5,8,-213
12:02:08,-13,-15,-184
12:02:09,12,10,-198
12:02:09,-1,-2,-193
12:02:09,-7,8,-211
12:02:09,5,-23,-204
12:02:09,5,21,-208
12:02:09,16,5,-190
12:02:09,-6,1,-207
12:02:09,-6,3,-199
12:02:09,6,-9,-209
12:02:09,15,-13,-221
12:02:09,-8,-3,-205
12:02:09,19,8,-193
12:02:09,-3,13,-191
12:02:09,4,11,-208
12:02:09,-15,-4,-193
12:02:09,16,-1,-213
12:02:09,-20,-4,-213
12:02:09,17,-1,-226
12:02:09,-10,-12,-190
12:02:09,17,16,-204
12:02:10,-13,-4,-221
12:02:10,8,0,-211
12:02:10,-16,-12,-198
12:02:10,16,4,-234
12:02:10,-25,0,-201
12:02:10,23,7,-219
12:02:10,-8,-9,-191
12:02:10,29,5,-221
12:02:10,-14,-6,-168
12:02:10,28,-3,-221
12:02:10,-21,-2,-186
12:02:10,21,6,-214
12:02:10,-17,-14,-180
12:02:10,22,-4,-214
12:02:10,-15,-1,-197
12:02:10,10,-4,-208
12:02:10,-22,-14,-190
12:02:10,20,9,-196
12:02:10,-22,-17,-198
12:02:11,23,4,-220
12:02:11,-20,-1,-187
12:02:11,21,-12,-217
12:02:11,1,2,-195
12:02:11,6,4,-213
12:02:11,-21,7,-206
12:02:11,8,28,-203
12:02:11,-1,1,-214
12:02:11,-3,3,-215
12:02:11,0,1,-199
12:02:11,16,14,-202
12:02:11,-7,6,-184
12:02:11,-2,12,-210
12:02:11,2,-5,-186
12:02:11,-6,9,-207
12:02:11,6,1,-205
12:02:11,1,-2,-214
12:02:11,1,11,-211
12:02:11,-16,9,-219
12:02:11,9,-12,-198
12:02:12,-6,-5,-207
12:02:12,17,-9,-190
12:02:12,-4,-12,-196
12:02:12,25,5,-211
12:02:12,-7,-9,-215
12:02:12,5,14,-194
12:02:12,-17,8,-198
12:02:12,27,-8,-210
12:02:12,-7,13,-211
12:02:12,26,-10,-203
12:02:12,-9,-14,-203
12:02:12,32,2,-216
12:02:12,-28,0,-199
12:02:12,17,5,-192
12:02:12,-16,10,-207
12:02:12,26,-22,-203
12:02:12,-27,7,-177
12:02:12,22,10,-218
12:02:12,-6,-13,-207
12:02:12,19,5,-219
12:02:13,-25,7,-185
12:02:13,19,-19,-223
12:02:13,-27,0,-205
12:02:13,31,-5,-235
12:02:13,-6,-8,-210
12:02:13,25,-5,-218
12:02:13,-1,-10,-217
12:02:13,19,2,-211
12:02:13,-18,5,-211
12:02:13,12,23,-205
12:02:13,-16,2,-201
12:02:13,20,4,-195
12:02:13,-1,2,-176
12:02:13,32,19,-232
12:02:13,-19,-14,-169
12:02:13,4,16,-225
12:02:13,-21,9,-218
12:02:13,7,16,-213
12:02:13,-3,-6,-218
12:02:13,18,-29,-207
12:02:14,0,0,-195
12:02:14,0,12,-215
12:02:14,-5,7,-194
12:02:14,7,14,-200
12:02:14,-2,16,-200
12:02:14,-10,16,-199
12:02:14,7,-2,-199
12:02:14,5,12,-221
12:02:14,4,-6,-180
12:02:14,-13,-13,-221
12:02:14,11,4,-194
12:02:14,-7,-3,-190
12:02:14,11,8,-201
12:02:14,1,-11,-202
12:02:14,21,0,-189
12:02:14,-15,-8,-189
12:02:14,24,-8,-203
12:02:14,-14,6,-219
12:02:14,12,-9,-205
12:02:15,-34,7,-206
12:02:15,21,8,-197
12:02:15,-16,7,-190
12:02:15,30,-9,-198
12:02:15,-27,0,-203
12:02:15,8,2,-197
12:02:15,-24,-3,-194
12:02:15,29,2,-217
12:02:15,-14,-19,-207
12:02:15,34,5,-202
12:02:15,-11,-2,-192
12:02:15,18,13,-212
12:02:15,-13,-8,-192
12:02:15,8,19,-221
12:02:15,-26,-4,-205
12:02:15,15,1,-218
12:02:15,-13,2,-190
12:02:15,27,5,-216
12:02:15,-21,-4,-181
12:02:15,7,-3,-196
12:02:16,-24,-4,-187
12:02:16,19,-4,-219
12:02:16,-17,-20,-191
12:02:16,27,-14,-211
12:02:16,4,-4,-205
12:02:16,21,16,-207
12:02:16,-10,8,-192
12:02:16,15,8,-210
12:02:16,-15,8,-206
12:02:16,-5,10,-210
12:02:16,1,6,-202
12:02:16,15,6,-189
12:02:16,18,15,-192
12:02:16,10,16,-208
12:02:16,-1,3,-191
12:02:16,4,14,-204
12:02:16,4,-3,-202
12:02:16,-11,10,-213
12:02:16,10,-5,-204
12:02:16,10,-7,-205
12:02:17,-1,-7,-214
12:02:17,-7,8,-201
12:02:17,-3,3,-195
12:02:17,-14,14,-206
12:02:17,18,17,-202
12:02:17,-13,13,-207
12:02:17,36,-2,-220
12:02:17,-12,5,-216
12:02:17,18,9,-202
12:02:17,-13,-8,-186
12:02:17,16,10,-219
12:02:17,-25,8,-168
12:02:17,27,7,-205
12:02:17,0,-2,-205
12:02:17,23,6,-199
12:02:17,-12,-14,-197
12:02:17,17,15,-241
12:02:17,-25,1,-178
12:02:17,23,-14,-216
12:02:18,-30,-12,-197
12:02:18,33,-14,-223
12:02:18,-16,22,-196
12:02:18,36,10,-205
12:02:18,-14,2,-202
12:02:18,3,9,-214
12:02:18,-10,-6,-198
12:02:18,11,6,-214
12:02:18,-18,-2,-212
12:02:18,12,22,-201
12:02:18,-16,8,-187
12:02:18,14,11,-218
12:02:18,-26,3,-187
12:02:18,16,11,-199
12:02:18,-8,3,-190
12:02:18,27,-5,-210
12:02:18,-13,-3,-183
12:02:18,8,0,-220
12:02:18,7,3,-207
12:02:18,1,0,-211
12:02:19,-19,14,-206
12:02:19,14,4,-229
12:02:19,-19,4,-196
12:02:19,-12,20,-209
12:02:19,5,-13,-203
12:02:19,-2,4,-226
12:02:19,-8,-1,-202
12:02:19,-15,12,-208
12:02:19,0,-9,-203
12:02:19,-17,3,-211
12:02:19,6,-3,-202
12:02:19,0,7,-215
12:02:19,14,3,-185
12:02:19,-5,-1,-213
12:02:19,12,16,-178
12:02:19,-13,17,-201
12:02:19,-3,30,-203
12:02:19,-29,10,-196
12:02:19,26,-6,-210
12:02:19,-7,10,-200
12:02:20,8,3,-202
12:02:20,-21,-1,-185
12:02:20,9,17,-206
12:02:20,-21,-1,-195
12:02:20,17,4,-210
12:02:20,-12,5,-196
12:02:20,34,8,-205
12:02:20,-28,20,-205
12:02:20,16,6,-220
12:02:20,-22,13,-205
12:02:20,17,12,-223
12:02:20,-13,-17,-192
12:02:20,20,7,-198
12:02:20,-3,2,-222
12:02:20,28,0,-200
12:02:20,-18,-5,-197
12:02:20,9,9,-197
12:02:20,-20,-9,-184
12:02:20,12,-4,-214
12:02:20,-27,-8,-192
12:02:21,27,-2,-202
12:02:21,-25,-19,-192
12:02:21,8,9,-212
12:02:21,-17,9,-193
12:02:21,3,19,-194
12:02:21,-10,0,-202
12:02:21,5,6,-197
12:02:21,-6,-12,-186
12:02:21,6,21,-220
12:02:21,-6,-3,-194
12:02:21,-1,11,-205
12:02:21,-15,-4,-179
12:02:21,5,32,-198
12:02:21,-4,5,-184
12:02:21,3,2,-202
12:02:21,8,0,-192
12:02:21,-20,11,-198
12:02:21,-7,16,-210
12:02:21,-23,15,-205
12:02:22,20,-9,-206
12:02:22,-22,-4,-194
12:02:22,15,-11,-217
12:02:22,-5,-7,-209
12:02:22,5,5,-179
12:02:22,-40,3,-198
12:02:22,4,-4,-205
12:02:22,-40,-4,-209
12:02:22,-3,6,-210
12:02:22,-17,-2,-210
12:02:22,29,-5,-213
12:02:22,-32,15,-226
12:02:22,11,17,-221
12:02:22,-15,3,-210
12:02:22,19,28,-219
12:02:22,-28,-3,-187
12:02:22,5,16,-201
12:02:22,-4,4,-203
12:02:22,24,7,-210
12:02:22,-27,-4,-204
12:02:23,6,20,-207
12:02:23,-21,-4,-189
12:02:23,5,-1,-201
12:02:23,-28,8,-197
12:02:23,29,-3,-214
12:02:23,-8,-19,-200
12:02:23,20,-10,-211
12:02:23,-18,4,-202
12:02:23,2,23,-222
12:02:23,-28,-17,-203
12:02:23,21,-1,-230
12:02:23,-7,-6,-189
12:02:23,22,4,-226
12:02:23,-22,0,-178
12:02:23,-10,24,-200
12:02:23,-18,7,-175
12:02:23,3,6,-213
12:02:23,-13,-6,-197
12:02:23,6,6,-209
12:02:23,-1,23,-193
12:02:24,2,14,-212
12:02:24,-5,3,-180
12:02:24,-16,23,-209
12:02:24,2,2,-200
12:02:24,-10,4,-193
12:02:24,1,5,-201
12:02:24,7,10,-205
12:02:24,1,3,-194
12:02:24,-14,9,-203
12:02:24,1,-8,-207
12:02:24,-12,5,-204
12:02:24,12,4,-218
12:02:24,3,-7,-188
12:02:24,23,7,-203
12:02:24,-29,2,-197
12:02:24,10,-4,-207
12:02:24,-9,8,-217
12:02:24,34,-6,-205
12:02:24,-6,-8,-178
12:02:25,23,-6,-209
12:02:25,-19,2,-213
12:02:25,15,-7,-207
12:02:25,-28,-20,-212
12:02:25,8,4,-219
12:02:25,-30,-10,-195
12:02:25,20,-2,-230
12:02:25,-12,-7,-200
12:02:25,20,7,-214
12:02:25,-18,-4,-206
12:02:25,22,7,-221
12:02:25,-14,-2,-202
12:02:25,14,-1,-220
12:02:25,-21,15,-188
12:02:25,29,-1,-210
12:02:25,4,-1,-210
12:02:25,14,0,-204
12:02:25,-28,-2,-198
12:02:25,21,10,-222
12:02:25,-18,-11,-180
12:02:26,-2,24,-215
12:02:26,-4,-19,-188
12:02:26,14,-13,-222
12:02:26,6,10,-201
12:02:26,3,8,-229
12:02:26,-8,-13,-207
12:02:26,14,17,-227
12:02:26,-4,-4,-212
12:02:26,6,-4,-219
12:02:26,3,1,-213
12:02:26,8,9,-201
12:02:26,-10,-6,-200
12:02:26,-2,10,-207
12:02:26,-12,13,-190
12:02:26,-5,12,-201
12:02:26,0,-11,-206
12:02:26,-9,16,-203
12:02:26,15,6,-218
12:02:26,-13,5,-207
12:02:26,7,-2,-199
12:02:27,-20,18,-214
12:02:27,9,-2,-220
12:02:27,-25,6,-210
12:02:27,18,-17,-196
12:02:27,-17,7,-222
12:02:27,21,10,-214
12:02:27,-26,-2,-197
12:02:27,10,0,-225
12:02:27,-21,16,-216
12:02:27,15,5,-211
12:02:27,-22,1,-207
12:02:27,16,6,-211
12:02:27,-17,0,-199
12:02:27,15,-15,-209
12:02:27,-25,17,-192
12:02:27,17,6,-197
12:02:27,-32,13,-187
12:02:27,15,14,-213
12:02:27,-21,-43,-190
12:02:27,16,3,-210
12:02:28,-21,-7,-190
12:02:28,5,7,-220
12:02:28,-25,-9,-180
12:02:28,17,-13,-213
12:02:28,-10,-2,-208
12:02:28,11,6,-218
12:02:28,-17,-24,-204
12:02:28,25,0,-207
12:02:28,-19,8,-188
12:02:28,5,5,-228
12:02:28,-29,-4,-157
12:02:28,21,8,-191
12:02:28,-12,3,-189
12:02:28,13,20,-219
12:02:28,-3,-4,-191
12:02:28,18,1,-208
12:02:28,-4,-9,-200
12:02:28,-3,19,-223
12:02:28,-6,-21,-228
12:02:29,-2,10,-208
12:02:29,0,-6,-206
12:02:29,5,-24,-188
12:02:29,7,-1,-195
12:02:29,-23,20,-199
12:02:29,-5,4,-210
12:02:29,-14,-9,-229
12:02:29,17,-4,-199
12:02:29,-4,-6,-201
12:02:29,20,13,-210
12:02:29,-14,8,-192
12:02:29,-2,6,-193
12:02:29,-12,13,-197
12:02:29,10,6,-218
12:02:29,-20,6,-181
12:02:29,19,8,-220
12:02:29,1,12,-198
12:02:29,17,15,-208
12:02:29,-26,13,-194
12:02:29,-1,5,-193
12:02:30,-19,5,-199
12:02:30,18,-9,-233
12:02:30,-25,-12,-190
12:02:30,31,0,-208
12:02:30,-8,-13,-189
12:02:30,34,-20,-224
12:02:30,-32,0,-201
12:02:30,18,9,-223
12:02:30,-27,2,-198
12:02:30,24,6,-200
12:02:30,-17,-9,-187
12:02:30,34,5,-202
12:02:30,1,-2,-198
12:02:30,6,6,-216
12:02:30,-24,-9,-196
12:02:30,25,10,-207
12:02:30,-15,-15,-198
12:02:30,10,0,-219
12:02:30,-5,-25,-181
12:02:30,21,3,-219
12:02:31,-6,-20,-196
12:02:31,15,-10,-232
12:02:31,-14,-13,-210
12:02:31,0,-5,-207
12:02:31,-19,6,-202
12:02:31,14,5,-214
12:02:31,5,-7,-214
12:02:31,6,-9,-203
12:02:31,-2,-5,-201
12:02:31,11,4,-211
12:02:31,-18,-7,-200
12:02:31,-3,-15,-211
12:02:31,18,-9,-199
12:02:31,13,10,-211
12:02:31,10,-15,-199
12:02:31,-5,-10,-198
12:02:31,3,2,-203
12:02:31,-22,-1,-209
12:02:31,-8,-10,-209
12:02:31,-17,-9,-213
12:02:32,14,-18,-226
12:02:32,1,-15,-189
12:02:32,9,1,-216
12:02:32,-22,7,-195
12:02:32,18,-3,-194
12:02:32,-20,-2,-200
12:02:32,16,-4,-218
12:02:32,-20,3,-208
12:02:32,25,4,-209
12:02:32,-41,7,-180
12:02:32,17,-5,-217
12:02:32,-27,2,-190
12:02:32,41,8,-230
12:02:32,-26,3,-207
12:02:32,39,4,-194
12:02:32,-9,-2,-193
12:02:32,12,-6,-213
12:02:32,-26,4,-196
12:02:32,21,-36,-204
12:02:33,-24,-16,-205
12:02:33,14,3,-225
12:02:33,-26,-6,-199
12:02:33,28,-8,-231
12:02:33,-9,-10,-191
12:02:33,21,-8,-210
12:02:33,-32,3,-200
12:02:33,7,11,-206
12:02:33,-11,-17,-189
12:02:33,0,3,-211
12:02:33,-9,2,-209
12:02:33,4,24,-211
12:02:33,-5,-5,-194
12:02:33,10,-7,-218
12:02:33,0,-12,-196
12:02:33,-10,2,-210
12:02:33,-2,-1,-190
12:02:33,12,-5,-207
12:02:33,-3,-18,-195
12:02:33,-2,-9,-213
12:02:34,1,-11,-194
12:02:34,-4,-19,-218
12:02:34,-2,-5,-199
12:02:34,6,-8,-214
12:02:34,19,-22,-212
12:02:34,4,-10,-213
12:02:34,5,3,-207
12:02:34,-13,17,-201
12:02:34,3,-9,-200
12:02:34,-6,-6,-193
12:02:34,4,-9,-205
12:02:34,-10,-2,-199
12:02:34,15,-8,-204
12:02:34,-35,11,-182
12:02:34,11,-19,-214
12:02:34,-7,7,-207
12:02:34,17,-6,-221
12:02:34,-20,-4,-195
12:02:34,32,-5,-219
12:02:34,-5,-10,-203
12:02:35,16,-5,-211
12:02:35,-20,-5,-193
12:02:35,14,-7,-212
12:02:35,-28,6,-190
12:02:35,26,11,-226
12:02:35,-18,-14,-185
12:02:35,29,-2,-200
12:02:35,-20,-13,-195
12:02:35,18,-10,-212
12:02:35,-30,-2,-182
12:02:35,11,8,-207
12:02:35,-21,6,-183
12:02:35,22,13,-207
12:02:35,-14,15,-191
12:02:35,41,5,-224
12:02:35,-4,-3,-232
12:02:35,5,0,-215
12:02:35,-19,-13,-185
12:02:35,18,-14,-198
12:02:36,-17,2,-184
12:02:36,19,1,-222
12:02:36,-6,-3,-201
12:02:36,25,-12,-231
12:02:36,-23,-3,-192
12:02:36,5,3,-209
12:02:36,-6,-1,-187
12:02:36,11,11,-206
12:02:36,5,-3,-190
12:02:36,6,17,-214
12:02:36,13,-19,-201
12:02:36,6,7,-207
12:02:36,-3,5,-186
12:02:36,2,4,-186
12:02:36,8,-6,-185
12:02:36,-8,20,-222
12:02:36,31,-8,-211
12:02:36,-5,16,-204
12:02:36,8,-18,-202
12:02:36,-16,6,-203
12:02:37,11,-30,-207
12:02:37,-8,-22,-205
12:02:37,11,-11,-217
12:02:37,-10,-11,-202
12:02:37,27,-3,-205
12:02:37,-6,2,-190
12:02:37,32,-11,-234
12:02:37,-16,1,-204
12:02:37,21,16,-209
12:02:37,-26,6,-198
12:02:37,13,5,-214
12:02:37,-18,-8,-192
12:02:37,35,8,-204
12:02:37,-20,-3,-203
12:02:37,21,-6,-184
12:02:37,-17,6,-196
12:02:37,14,12,-190
12:02:37,-19,5,-198
12:02:37,21,15,-205
12:02:37,-9,-9,-185
12:02:38,15,-4,-216
12:02:38,-25,9,-193
12:02:38,2,6,-198
12:02:38,-2,-12,-204
12:02:38,7,2,-202
12:02:38,-14,-8,-188
12:02:38,21,-11,-215
12:02:38,-18,-4,-189
12:02:38,8,-4,-217
12:02:38,-6,-8,-185
12:02:38,4,3,-203
12:02:38,-5,2,-199
12:02:38,9,12,-198
12:02:38,21,-8,-209
12:02:38,10,-5,-200
12:02:38,-11,-7,-183
12:02:38,0,12,-200
12:02:38,-9,-9,-194
12:02:38,-8,-3,-209
12:02:38,3,-6,-205
12:02:39,4,11,-206
12:02:39,1,-14,-203
12:02:39,-12,-18,-182
12:02:39,5,-14,-188
12:02:39,-8,6,-208
12:02:39,4,0,-203
12:02:39,-3,5,-206
12:02:39,17,2,-199
12:02:39,-16,8,-193
12:02:39,10,0,-197
12:02:39,-18,-2,-202
12:02:39,4,6,-196
12:02:39,-21,10,-194
12:02:39,30,2,-197
12:02:39,-1,-15,-210
12:02:39,18,3,-217
12:02:39,-22,-2,-186
12:02:39,8,-6,-200
12:02:39,-16,-15,-200
12:02:40,7,12,-203
12:02:40,-26,0,-203
12:02:40,39,-7,-213
12:02:40,-21,2,-181
12:02:40,25,-13,-231
12:02:40,-21,-5,-218
12:02:40,20,0,-207
12:02:40,-18,-15,-205
12:02:40,20,3,-213
12:02:40,-5,-19,-200
12:02:40,31,11,-226
12:02:40,-16,-13,-181
12:02:40,15,12,-201
12:02:40,-2,-2,-197
12:02:40,21,13,-207
12:02:40,-12,0,-187
12:02:40,7,3,-195
12:02:40,-9,5,-182
12:02:40,18,-4,-229
12:02:40,-18,-4,-186
12:02:41,9,-18,-224
12:02:41,-9,2,-178
12:02:41,-3,6,-228
12:02:41,-1,-25,-204
12:02:41,20,0,-212
12:02:41,9,0,-204
12:02:41,-10,8,-212
12:02:41,2,11,-191
12:02:41,-7,3,-183
12:02:41,-3,-7,-203
12:02:41,7,9,-211
12:02:41,18,-6,-216
12:02:41,7,13,-218
12:02:41,5,-10,-205
12:02:41,-4,2,-200
12:02:41,18,14,-190
12:02:41,-2,1,-199
12:02:41,21,-16,-211
12:02:41,-16,9,-193
12:02:41,23,-12,-209
12:02:42,-25,8,-210
12:02:42,12,4,-222
12:02:42,-19,-2,-221
12:02:42,14,-8,-207
12:02:42,-29,19,-201
12:02:42,22,2,-230
12:02:42,-10,-2,-207
12:02:42,12,6,-200
12:02:42,-22,-5,-188
12:02:42,18,-7,-207
12:02:42,-13,-10,-197
12:02:42,12,13,-203
12:02:42,-11,4,-208
12:02:42,13,9,-204
12:02:42,-13,-13,-187
12:02:42,17,17,-222
12:02:42,-11,-12,-206
12:02:42,14,27,-220
12:02:42,-21,-27,-208
12:02:43,2,-10,-209
12:02:43,-12,-7,-207
12:02:43,23,0,-221
12:02:43,-1,-19,-190
12:02:43,12,10,-209
12:02:43,-23,-6,-186
12:02:43,7,-3,-203
12:02:43,-12,0,-195
12:02:43,8,4,-208
12:02:43,14,-1,-215
12:02:43,17,-5,-205
12:02:43,-22,1,-191
12:02:43,2,22,-207
12:02:43,4,2,-181
12:02:43,-15,15,-191
12:02:43,-8,-14,-198
12:02:43,-3,-5,-193
12:02:43,-1,8,-196
12:02:43,-16,6,-199
12:02:43,-6,-2,-196
12:02:44,-3,-18,-209
12:02:44,-3,-1,-216
12:02:44,-7,6,-220
12:02:44,18,4,-210
12:02:44,-19,-8,-202
12:02:44,4,6,-219
12:02:44,-15,-3,-204
12:02:44,6,-6,-208
12:02:44,-14,8,-204
12:02:44,17,-5,-207
12:02:44,-6,-3,-199
12:02:44,16,15,-209
12:02:44,-22,11,-186
12:02:44,20,10,-197
12:02:44,-18,-14,-200
12:02:44,24,2,-216
12:02:44,-28,2,-187
12:02:44,14,-10,-206
12:02:44,-4,7,-201
12:02:44,7,22,-210
12:02:45,-39,-3,-208
12:02:45,9,12,-200
12:02:45,-18,23,-196
12:02:45,29,5,-217
12:02:45,-9,1,-184
12:02:45,33,-1,-211
12:02:45,-30,-1,-201
12:02:45,12,3,-215
12:02:45,-22,-18,-211
12:02:45,24,-9,-212
12:02:45,-25,8,-211
12:02:45,19,20,-223
12:02:45,-7,7,-191
12:02:45,-4,13,-185
12:02:45,-19,1,-211
12:02:45,7,3,-227
12:02:45,-9,1,-213
12:02:45,-4,2,-211
12:02:45,-1,0,-186
12:02:45,6,2,-214
12:02:46,-14,-13,-203
12:02:46,-9,0,-220
12:02:46,-3,-11,-195
12:02:46,0,4,-208
12:02:46,4,-9,-192
12:02:46,10,-9,-220
12:02:46,2,-5,-174
12:02:46,-8,20,-223
12:02:46,6,-2,-212
12:02:46,-6,3,-213
12:02:46,0,-14,-217
12:02:46,-14,19,-197
12:02:46,14,8,-188
12:02:46,-12,19,-210
12:02:46,11,-10,-221
12:02:46,-27,-5,-199
12:02:46,15,6,-211
12:02:46,-30,-24,-196
12:02:46,13,3,-205
12:02:47,-24,-3,-207
12:02:47,16,8,-213
12:02:47,-25,5,-201
12:02:47,18,16,-203
12:02:47,-22,-17,-200
12:02:47,20,15,-216
12:02:47,-29,-4,-197
12:02:47,14,2,-215
12:02:47,-22,-20,-199
12:02:47,25,11,-202
12:02:47,-11,-3,-209
12:02:47,9,19,-227
12:02:47,-33,-3,-175
12:02:47,23,14,-183
12:02:47,-5,-15,-188
12:02:47,27,7,-214
12:02:47,-12,7,-212
12:02:47,23,8,-211
12:02:47,-25,-15,-209
12:02:47,6,16,-210
12:02:48,-6,-14,-204
12:02:48,-13,2,-199
12:02:48,-23,16,-185
12:02:48,10,4,-214
12:02:48,1,-2,-212
12:02:48,10,21,-208
12:02:48,-20,8,-196
12:02:48,-7,12,-215
12:02:48,-5,7,-187
12:02:48,-2,-1,-221
12:02:48,7,9,-182
12:02:48,-13,11,-193
12:02:48,13,5,-177
12:02:48,-23,26,-214
12:02:48,-11,-2,-195
12:02:48,-13,17,-193
12:02:48,6,16,-192
12:02:48,-16,-1,-201
12:02:48,21,-6,-207
12:02:48,5,-14,-209
12:02:49,5,19,-197
12:02:49,-28,-5,-199
12:02:49,2,10,-180
12:02:49,-24,-11,-218
12:02:49,4,15,-209
12:02:49,-20,2,-205
12:02:49,30,13,-208
12:02:49,-16,-6,-201
12:02:49,17,2,-229
12:02:49,-27,9,-188
12:02:49,6,22,-221
12:02:49,-25,2,-204
12:02:49,21,8,-209
12:02:49,-18,-7,-216
12:02:49,31,7,-203
12:02:49,-13,4,-187
12:02:49,9,23,-239
12:02:49,-27,-1,-188
12:02:49,9,11,-204
12:02:50,-21,-15,-198
12:02:50,14,26,-212
12:02:50,-16,-3,-202
12:02:50,19,3,-218
12:02:50,-13,-20,-191
12:02:50,-3,17,-216
12:02:50,-19,-12,-199
12:02:50,19,8,-201
12:02:50,-22,25,-204
12:02:50,13,-1,-209
12:02:50,4,-12,-202
12:02:50,21,17,-215
12:02:50,-9,6,-197
12:02:50,8,8,-226
12:02:50,-8,12,-189
12:02:50,2,13,-204
12:02:50,2,0,-204
12:02:50,11,12,-209
12:02:50,14,12,-196
12:02:50,3,-2,-194
12:02:51,-9,-5,-191
12:02:51,-2,11,-219
12:02:51,-8,-8,-199
12:02:51,-30,-4,-183
12:02:51,4,9,-201
12:02:51,-4,-5,-216
12:02:51,-5,4,-189
12:02:51,-22,11,-202
12:02:51,6,10,-181
12:02:51,-19,-15,-207
12:02:51,1,-2,-198
12:02:51,2,-6,-205
12:02:51,20,-1,-210
12:02:51,-14,14,-192
12:02:51,6,9,-208
12:02:51,-11,14,-205
12:02:51,10,17,-199
12:02:51,-15,7,-180
12:02:51,31,-4,-209
12:02:51,-18,-3,-190
12:02:52,23,14,-208
12:02:52,-25,7,-210
12:02:52,10,-12,-200
12:02:52,-30,-3,-180
12:02:52,-1,23,-197
12:02:52,-26,-6,-201
12:02:52,24,10,-213
12:02:52,4,-26,-202
12:02:52,16,13,-213
12:02:52,-27,13,-199
12:02:52,7,-1,-210
12:02:52,-16,-16,-215
12:02:52,17,-1,-224
12:02:52,-5,-3,-212
12:02:52,27,-7,-225
12:02:52,-7,-17,-204
12:02:52,15,-5,-217
12:02:52,-13,-2,-183
12:02:52,25,20,-215
12:02:52,-22,-4,-192
12:02:53,16,2,-222
12:02:53,-8,-2,-193
12:02:53,10,8,-210
12:02:53,-2,-2,-206
12:02:53,-1,-1,-222
12:02:53,-1,-10,-199
12:02:53,-7,-5,-209
12:02:53,13,0,-211
12:02:53,26,1,-211
12:02:53,12,8,-186
12:02:53,0,13,-215
12:02:53,2,-10,-210
12:02:53,-14,5,-204
12:02:53,6,-12,-208
12:02:53,-12,-3,-203
12:02:53,29,-14,-222
12:02:53,-3,12,-210
12:02:53,10,-1,-215
12:02:53,-25,0,-208
12:02:54,14,0,-197
12:02:54,-30,-1,-209
12:02:54,14,-2,-193
12:02:54,-12,-12,-190
12:02:54,22,3,-205
12:02:54,-15,6,-201
12:02:54,16,-8,-198
12:02:54,-41,-3,-198
12:02:54,22,-2,-206
12:02:54,-14,4,-212
12:02:54,17,18,-203
12:02:54,-15,2,-194
12:02:54,20,15,-204
12:02:54,-30,-14,-186
12:02:54,14,-2,-214
12:02:54,-15,12,-191
12:02:54,29,6,-210
12:02:54,-32,5,-198
12:02:54,0,13,-203
12:02:54,-1,-7,-190
12:02:55,39,17,-200
12:02:55,-16,6,-195
12:02:55,17,18,-206
12:02:55,-11,-18,-210
12:02:55,5,4,-205
12:02:55,-28,-5,-188
12:02:55,20,-3,-225
12:02:55,-4,-16,-201
12:02:55,9,18,-216
12:02:55,-14,-16,-203
12:02:55,-1,-3,-217
12:02:55,2,-2,-211
12:02:55,9,-1,-200
12:02:55,-3,-1,-210
12:02:55,17,17,-219
12:02:55,14,-7,-196
12:02:55,11,-3,-201
12:02:55,-2,-20,-204
12:02:55,-19,15,-208
12:02:55,-2,-10,-193
12:02:56,-2,2,-212
12:02:56,23,-3,-202
12:02:56,-2,14,-198
12:02:56,10,-8,-207
12:02:56,-11,6,-197
12:02:56,12,-9,-207
12:02:56,-16,-6,-201
12:02:56,1,-4,-209
12:02:56,-6,11,-197
12:02:56,16,-13,-202
12:02:56,-9,9,-210
12:02:56,12,12,-191
12:02:56,-11,2,-208
12:02:56,25,-2,-210
12:02:56,-15,13,-199
12:02:56,24,6,-232
12:02:56,-3,-4,-207
12:02:56,23,14,-208
12:02:56,-29,10,-195
12:02:56,19,10,-205
12:02:57,-18,15,-193
12:02:57,28,6,-217
12:02:57,-10,4,-210
12:02:57,38,-9,-214
12:02:57,-6,-3,-184
12:02:57,27,8,-185
12:02:57,-30,14,-191
12:02:57,15,15,-229
12:02:57,-16,8,-196
12:02:57,14,-9,-214
12:02:57,-16,-6,-205
12:02:57,24,-8,-225
12:02:57,-9,8,-197
12:02:57,8,6,-205
12:02:57,-16,-6,-210
12:02:57,-4,27,-207
12:02:57,-19,-16,-172
12:02:57,20,9,-202
12:02:57,1,-23,-200
12:02:58,14,24,-207
12:02:58,-15,-1,-204
12:02:58,15,11,-220
12:02:58,0,-1,-196
12:02:58,19,-7,-225
12:02:58,-9,-1,-193
12:02:58,12,15,-206
12:02:58,17,-10,-197
12:02:58,10,-3,-215
12:02:58,-11,-20,-206
12:02:58,-6,12,-202
12:02:58,10,-6,-205
12:02:58,-7,3,-210
12:02:58,-1,-13,-207
12:02:58,0,6,-219
12:02:58,22,-3,-224
12:02:58,-29,-4,-197
12:02:58,9,9,-203
12:02:58,-12,9,-197
12:02:58,9,-15,-190
12:02:59,-14,2,-198
12:02:59,21,-6,-206
12:02:59,-7,-15,-199
12:02:59,24,-4,-220
12:02:59,-22,-11,-195
12:02:59,23,5,-199
12:02:59,-13,8,-182
12:02:59,22,-8,-218
12:02:59,1,-2,-186
12:02:59,39,1,-213
12:02:59,-16,-14,-228
12:02:59,12,9,-191
12:02:59,-26,0,-204
12:02:59,25,-2,-198
12:02:59,-28,-15,-208
12:02:59,13,-8,-203
12:02:59,-9,-13,-198
12:02:59,36,4,-220
12:02:59,-30,-6,-191
12:02:59,19,2,-223
12:03:00,-17,4,-208
12:03:00,17,0,-209
12:03:00,-9,-3,-200
12:03:00,36,1,-199
12:03:00,2,-19,-181
12:03:00,6,16,-228
12:03:00,-17,-5,-197
12:03:00,10,17,-210
12:03:00,-9,4,-192
12:03:00,13,-12,-211
12:03:00,8,0,-202
12:03:00,15,-5,-213
12:03:00,2,-8,-200
12:03:00,-2,-5,-190
12:03:00,-6,-9,-200
12:03:00,9,-1,-203
12:03:00,0,-7,-207
12:03:00,4,2,-222
12:03:00,1,-7,-203
12:03:01,0,-5,-206
12:03:01,-2,-13,-212
12:03:01,0,-3,-191
12:03:01,3,-16,-205
12:03:01,8,-3,-212
12:03:01,20,-7,-183
12:03:01,-14,1,-192
12:03:01,1,-7,-206
12:03:01,-25,15,-204
12:03:01,7,-17,-210
12:03:01,-18,-1,-195
12:03:01,31,7,-210
12:03:01,-1,5,-196
12:03:01,-4,1,-191
12:03:01,-12,-7,-197
12:03:01,18,8,-218
12:03:01,-16,7,-207
12:03:01,23,13,-224
12:03:01,-9,-11,-216
12:03:01,36,-8,-228
12:03:02,-17,-14,-194
12:03:02,21,-17,-214
12:03:02,-25,-3,-198
12:03:02,5,4,-221
12:03:02,-27,2,-192
12:03:02,34,-3,-213
12:03:02,-1,-17,-205
12:03:02,15,4,-205
12:03:02,-29,3,-189
12:03:02,7,0,-212
12:03:02,-36,1,-201
12:03:02,10,3,-203
