10:49:23,-16,91,-54
10:49:23,-15,92,-52
10:49:23,-14,95,-56
10:49:23,-10,96,-61
10:49:23,-14,89,-49
10:49:24,-24,87,-45
10:49:24,-16,90,-51
10:49:24,-7,92,-60
10:49:24,-10,92,-52
10:49:24,-17,91,-50
10:49:24,-19,92,-58
10:49:24,-10,93,-55
10:49:24,-8,92,-46
10:49:24,-17,92,-52
10:49:24,-23,90,-60
10:49:24,-14,90,-53
10:49:24,-3,93,-54
10:49:24,-10,94,-56
10:49:24,-27,90,-43
10:49:24,-17,89,-50
10:49:24,-15,90,-55
10:49:24,-6,94,-57
10:49:24,-20,93,-49
10:49:24,-27,92,-49
10:49:24,-16,92,-57
10:49:25,-5,91,-53
10:49:25,-14,90,-45
10:49:25,-26,90,-56
10:49:25,-21,95,-57
10:49:25,-10,92,-54
10:49:25,-11,89,-50
10:49:25,-19,92,-53
10:49:25,-14,91,-49
10:49:25,-7,92,-54
10:49:25,-8,94,-59
10:49:25,-20,88,-55
10:49:25,-22,89,-53
10:49:25,-15,93,-55
10:49:25,-1,90,-60
10:49:25,-18,92,-55
10:49:25,-22,90,-49
10:49:25,-18,92,-55
10:49:25,-16,94,-61
10:49:25,-11,92,-50
10:49:26,-20,92,-47
10:49:26,-19,90,-59
10:49:26,-13,90,-55
10:49:26,-4,94,-55
10:49:26,-15,95,-50
10:49:26,-24,93,-53
10:49:26,-11,89,-57
10:49:26,-6,95,-51
10:49:26,-12,93,-55
10:49:26,-18,95,-53
10:49:26,-17,90,-49
10:49:26,-17,92,-50
10:49:26,-11,94,-57
10:49:26,-19,88,-48
10:49:26,-17,91,-52
10:49:26,-14,95,-54
10:49:26,-8,91,-58
10:49:26,-13,90,-48
10:49:26,-24,91,-54
10:49:26,-16,93,-54
10:49:27,-13,91,-51
10:49:27,-11,94,-53
10:49:27,-21,92,-51
10:49:27,-19,92,-58
10:49:27,-11,88,-55
10:49:27,-9,92,-52
10:49:27,-17,92,-55
10:49:27,-20,90,-53
10:49:27,-9,93,-53
10:49:27,-7,96,-54
10:49:27,-12,96,-55
10:49:27,-19,88,-50
10:49:27,-20,91,-50
10:49:27,-9,92,-60
10:49:27,-9,93,-51
10:49:27,-17,91,-55
10:49:27,-19,93,-53
10:49:27,-14,94,-59
10:49:27,-3,94,-52
10:49:27,-15,94,-49
10:49:28,-22,89,-57
10:49:28,-20,91,-50
10:49:28,-9,93,-56
10:49:28,-10,97,-59
10:49:28,-20,95,-57
10:49:28,-19,90,-49
10:49:28,-15,90,-57
10:49:28,-3,91,-56
10:49:28,-22,89,-48
10:49:28,-23,94,-57
10:49:28,-19,94,-59
10:49:28,-7,92,-60
10:49:28,-7,94,-47
10:49:28,-23,93,-53
10:49:28,-18,89,-56
10:49:28,-15,89,-52
10:49:28,-5,93,-55
10:49:28,-21,93,-57
10:49:28,-22,95,-52
10:49:29,-7,91,-49
10:49:29,-5,91,-57
10:49:29,-17,93,-51
10:49:29,-21,88,-53
10:49:29,-16,95,-56
10:49:29,-10,95,-67
10:49:29,-7,92,-51
10:49:29,-14,90,-47
10:49:29,-17,93,-55
10:49:29,-12,94,-57
10:49:29,-5,88,-56
10:49:29,-16,90,-52
10:49:29,-21,95,-57
10:49:29,-17,94,-54
10:49:29,-9,91,-51
10:49:29,-16,92,-53
10:49:29,-19,88,-60
10:49:29,-12,92,-51
10:49:29,-13,91,-56
10:49:29,-3,96,-61
10:49:30,-22,90,-49
10:49:30,-23,89,-52
10:49:30,-14,94,-54
10:49:30,-6,94,-63
10:49:30,-18,92,-54
10:49:30,-24,88,-52
10:49:30,-15,92,-56
10:49:30,-10,93,-55
10:49:30,-10,91,-49
10:49:30,-17,93,-56
10:49:30,-17,94,-59
10:49:30,-9,95,-56
10:49:30,-5,92,-52
10:49:30,-19,94,-55
10:49:30,-22,92,-49
10:49:30,-14,88,-56
10:49:30,-8,94,-59
10:49:30,-17,92,-56
10:49:30,-23,92,-51
10:49:30,-16,92,-52
10:49:31,-10,92,-61
10:49:31,-9,89,-53
10:49:31,-20,91,-50
10:49:31,-23,91,-60
10:49:31,-9,93,-60
10:49:31,-5,91,-56
10:49:31,-14,91,-49
10:49:31,-20,93,-58
10:49:31,-19,91,-56
10:49:31,-5,90,-54
10:49:31,-9,94,-57
10:49:31,-16,91,-58
10:49:31,-17,90,-52
10:49:31,-15,96,-52
10:49:31,-6,93,-56
10:49:31,-16,88,-53
10:49:31,-28,96,-46
10:49:31,-9,96,-58
10:49:31,-9,90,-57
10:49:31,-11,92,-44
10:49:32,-23,90,-53
10:49:32,-12,93,-57
10:49:32,-6,89,-57
10:49:32,-11,91,-51
10:49:32,-23,93,-50
10:49:32,-16,89,-58
10:49:32,-15,91,-48
10:49:32,-18,92,-53
10:49:32,-21,91,-51
10:49:32,-24,90,-50
10:49:32,-12,93,-59
10:49:32,-12,95,-59
10:49:32,-13,94,-54
10:49:32,-24,88,-48
10:49:32,-22,91,-52
10:49:32,-9,92,-59
10:49:32,-7,96,-52
10:49:32,-11,90,-54
10:49:32,-18,94,-57
10:49:33,-13,91,-58
10:49:33,-1,88,-51
10:49:33,-17,96,-52
10:49:33,-19,92,-55
10:49:33,-22,92,-54
10:49:33,-11,94,-53
10:49:33,-9,93,-56
10:49:33,-21,91,-51
10:49:33,-15,89,-51
10:49:33,-14,90,-52
10:49:33,-7,91,-59
10:49:33,-20,91,-51
10:49:33,-23,92,-47
10:49:33,-17,96,-54
10:49:33,-8,92,-57
10:49:33,-12,89,-42
10:49:33,-21,90,-49
10:49:33,-16,93,-53
10:49:33,-11,91,-57
10:49:33,-12,91,-49
10:49:34,-24,93,-51
10:49:34,-19,89,-52
10:49:34,-8,89,-52
10:49:34,-13,94,-56
10:49:34,-18,92,-52
10:49:34,-18,90,-49
10:49:34,-18,89,-50
10:49:34,-9,95,-58
10:49:34,-9,93,-52
10:49:34,-20,88,-47
10:49:34,-12,88,-54
10:49:34,-12,91,-63
10:49:34,-6,92,-51
10:49:34,-17,88,-51
10:49:34,-21,93,-51
10:49:34,-9,94,-55
10:49:34,-11,90,-51
10:49:34,-17,93,-52
10:49:34,-29,92,-56
10:49:34,-15,90,-55
10:49:35,-9,92,-47
10:49:35,-6,93,-56
10:49:35,-22,92,-50
10:49:35,-17,89,-51
10:49:35,-11,91,-58
10:49:35,-8,98,-60
10:49:35,-16,91,-48
10:49:35,-21,91,-52
10:49:35,-11,94,-52
10:49:35,-2,92,-57
10:49:35,-12,94,-50
10:49:35,-24,92,-55
10:49:35,-20,93,-58
10:49:35,-11,92,-53
10:49:35,-8,89,-52
10:49:35,-20,92,-52
10:49:35,-20,93,-55
10:49:35,-12,94,-58
10:49:35,-13,91,-52
10:49:36,-18,94,-55
10:49:36,-25,89,-47
10:49:36,-15,86,-54
10:49:36,-5,97,-56
10:49:36,-14,93,-54
10:49:36,-23,89,-52
10:49:36,-19,88,-52
10:49:36,-5,93,-61
10:49:36,-3,92,-52
10:49:36,-12,91,-52
10:49:36,-24,91,-52
10:49:36,-12,93,-62
10:49:36,-4,93,-55
10:49:36,-19,94,-42
10:49:36,-23,89,-59
10:49:36,-14,90,-51
10:49:36,-10,92,-50
10:49:36,-13,94,-54
10:49:36,-21,93,-56
10:49:36,-16,91,-54
10:49:37,-13,91,-53
10:49:37,-11,92,-58
10:49:37,-21,90,-52
10:49:37,-22,92,-51
10:49:37,-12,93,-61
10:49:37,-5,96,-59
10:49:37,-12,93,-44
10:49:37,-20,86,-47
10:49:37,-17,94,-53
10:49:37,-11,93,-57
10:49:37,-12,93,-52
10:49:37,-23,91,-54
10:49:37,-17,92,-54
10:49:37,-12,92,-52
10:49:37,-7,92,-49
10:49:37,-15,95,-55
10:49:37,-22,87,-56
10:49:37,-18,90,-53
10:49:37,-8,96,-58
10:49:37,-11,98,-53
10:49:38,-22,90,-53
10:49:38,-15,91,-46
10:49:38,-15,88,-56
10:49:38,-10,93,-60
10:49:38,-13,91,-48
10:49:38,-19,93,-56
10:49:38,-13,96,-59
10:49:38,-5,91,-58
10:49:38,-13,90,-45
10:49:38,-28,91,-51
10:49:38,-17,91,-57
10:49:38,-3,92,-57
10:49:38,-17,93,-51
10:49:38,-23,91,-55
10:49:38,-22,90,-55
10:49:38,-10,91,-52
10:49:38,-9,93,-58
10:49:38,-17,90,-57
10:49:38,-21,89,-47
10:49:38,-14,90,-55
10:49:39,-11,97,-55
10:49:39,-17,94,-46
10:49:39,-18,88,-55
10:49:39,-12,91,-53
10:49:39,-15,91,-58
10:49:39,-7,93,-56
10:49:39,-18,92,-47
10:49:39,-24,92,-51
10:49:39,-14,89,-59
10:49:39,-8,93,-55
10:49:39,-17,95,-50
10:49:39,-23,93,-59
10:49:39,-20,88,-48
10:49:39,-14,92,-48
10:49:39,-8,94,-54
10:49:39,-20,90,-52
10:49:39,-17,92,-55
10:49:39,-15,94,-53
10:49:39,-9,93,-56
10:49:40,-17,84,-48
10:49:40,-23,93,-49
10:49:40,-14,94,-54
10:49:40,-9,92,-54
10:49:40,-11,93,-50
10:49:40,-23,90,-51
10:49:40,-24,94,-54
10:49:40,-9,90,-57
10:49:40,-14,92,-50
10:49:40,-19,91,-57
10:49:40,-18,87,-54
10:49:40,-11,94,-53
10:49:40,-13,93,-56
10:49:40,-17,92,-58
10:49:40,-24,87,-48
10:49:40,-18,90,-55
10:49:40,-4,95,-57
10:49:40,-10,93,-58
10:49:40,-22,90,-46
10:49:40,-18,91,-55
10:49:41,-8,89,-63
10:49:41,-11,91,-48
10:49:41,-15,94,-52
10:49:41,-20,94,-55
10:49:41,-19,95,-55
10:49:41,-6,90,-53
10:49:41,-12,94,-48
10:49:41,-23,90,-55
10:49:41,-17,92,-55
10:49:41,-7,91,-58
10:49:41,-6,96,-58
10:49:41,-18,92,-54
10:49:41,-17,93,-49
10:49:41,-17,95,-51
10:49:41,-5,88,-60
10:49:41,-16,89,-47
10:49:41,-25,92,-50
10:49:41,-14,95,-60
10:49:41,-12,93,-63
10:49:41,-11,92,-44
10:49:42,-22,88,-56
10:49:42,-13,88,-58
10:49:42,-10,89,-54
10:49:42,-10,95,-54
10:49:42,-20,94,-58
10:49:42,-22,89,-55
10:49:42,-15,90,-56
10:49:42,-7,95,-54
10:49:42,-9,90,-52
10:49:42,-25,88,-49
10:49:42,-17,92,-50
10:49:42,-3,95,-67
10:49:42,-6,95,-56
10:49:42,-17,89,-48
10:49:42,-20,90,-56
10:49:42,-12,92,-56
10:49:42,-2,91,-55
10:49:42,-16,93,-48
10:49:42,-27,91,-58
10:49:43,-19,90,-56
10:49:43,-8,92,-48
10:49:43,-10,98,-54
10:49:43,-20,90,-58
10:49:43,-23,90,-56
10:49:43,-12,92,-56
10:49:43,-9,92,-63
10:49:43,-17,91,-52
10:49:43,-17,90,-50
10:49:43,-12,94,-59
10:49:43,-7,95,-59
10:49:43,-15,93,-49
10:49:43,-17,92,-54
10:49:43,-13,97,-58
10:49:43,-8,92,-53
10:49:43,-10,91,-46
10:49:43,-20,93,-54
10:49:43,-17,96,-56
10:49:43,-15,94,-58
10:49:43,-18,90,-50
10:49:44,-14,91,-55
10:49:44,-21,90,-55
10:49:44,-14,93,-46
10:49:44,-9,96,-57
10:49:44,-14,94,-58
10:49:44,-21,88,-49
10:49:44,-16,88,-50
10:49:44,-7,97,-59
10:49:44,-12,91,-55
10:49:44,-22,92,-46
10:49:44,-23,91,-55
10:49:44,-14,90,-63
10:49:44,-4,95,-48
10:49:44,-17,92,-47
10:49:44,-26,94,-53
10:49:44,-20,92,-54
10:49:44,-6,92,-52
10:49:44,-14,95,-55
10:49:44,-17,93,-61
10:49:44,-21,92,-46
10:49:45,-14,91,-54
10:49:45,-7,92,-61
10:49:45,-19,92,-53
10:49:45,-24,93,-49
10:49:45,-15,94,-55
10:49:45,-7,92,-61
10:49:45,-13,88,-53
10:49:45,-20,92,-50
10:49:45,-22,92,-58
10:49:45,-16,92,-60
10:49:45,-10,92,-55
10:49:45,-15,90,-53
10:49:45,-22,92,-60
10:49:45,-12,89,-58
10:49:45,-8,94,-50
10:49:45,-18,93,-53
10:49:45,-20,89,-55
10:49:45,-17,94,-52
10:49:45,-1,94,-59
10:49:45,-11,95,-53
10:49:46,-16,90,-48
10:49:46,-21,89,-49
10:49:46,-14,94,-59
10:49:46,-14,94,-58
10:49:46,-19,94,-52
10:49:46,-22,91,-51
10:49:46,-15,94,-56
10:49:46,-5,92,-54
10:49:46,-13,91,-47
10:49:46,-28,89,-59
10:49:46,-21,93,-60
10:49:46,-8,92,-56
10:49:46,-14,93,-50
10:49:46,-13,93,-56
10:49:46,-17,91,-48
10:49:46,-12,90,-55
10:49:46,-12,89,-61
10:49:46,-20,88,-54
10:49:46,-21,90,-51
10:49:47,-16,93,-49
10:49:47,-6,93,-60
10:49:47,-7,91,-54
10:49:47,-26,91,-47
10:49:47,-16,93,-56
10:49:47,-9,94,-64
10:49:47,-4,89,-53
10:49:47,-21,94,-49
10:49:47,-19,92,-54
10:49:47,-14,92,-56
10:49:47,-8,90,-54
10:49:47,-14,89,-55
10:49:47,-18,89,-51
10:49:47,-15,94,-51
10:49:47,-11,94,-54
10:49:47,-9,92,-54
10:49:47,-21,88,-51
10:49:47,-19,87,-56
10:49:47,-10,91,-60
10:49:47,-9,95,-53
10:49:48,-22,87,-48
10:49:48,-33,91,-49
10:49:48,-10,90,-58
10:49:48,-10,92,-49
10:49:48,-15,92,-52
10:49:48,-25,92,-55
10:49:48,-18,92,-53
10:49:48,-10,88,-54
10:49:48,-13,90,-56
10:49:48,-17,92,-57
10:49:48,-9,92,-58
10:49:48,-6,89,-55
10:49:48,-5,94,-60
10:49:48,-21,91,-53
10:49:48,-19,89,-47
10:49:48,-20,92,-56
10:49:48,-10,93,-60
10:49:48,-10,92,-54
10:49:48,-15,90,-47
10:49:48,-21,94,-52
10:49:49,-10,91,-59
10:49:49,-9,88,-48
10:49:49,-18,87,-51
10:49:49,-19,89,-54
10:49:49,-15,94,-57
10:49:49,-8,91,-54
10:49:49,-15,92,-59
10:49:49,-19,89,-55
10:49:49,-13,88,-45
10:49:49,-4,95,-58
10:49:49,-10,96,-57
10:49:49,-21,90,-50
10:49:49,-14,87,-55
10:49:49,-11,92,-56
10:49:49,-5,93,-53
10:49:49,-17,90,-47
10:49:49,-29,92,-51
10:49:49,-16,93,-60
10:49:49,-5,92,-60
10:49:50,-9,92,-46
10:49:50,-22,89,-56
10:49:50,-16,91,-50
10:49:50,-10,88,-53
10:49:50,-7,97,-51
10:49:50,-16,95,-58
10:49:50,-22,91,-53
10:49:50,-11,91,-47
10:49:50,-5,94,-59
10:49:50,-14,92,-56
10:49:50,-20,90,-45
10:49:50,-20,93,-59
10:49:50,-18,96,-63
10:49:50,-10,91,-48
10:49:50,-18,90,-46
10:49:50,-15,91,-56
10:49:50,-15,93,-60
10:49:50,-6,92,-47
10:49:50,-18,88,-53
10:49:50,-23,94,-56
10:49:51,-10,93,-54
10:49:51,-6,90,-50
10:49:51,-15,92,-51
10:49:51,-21,87,-57
10:49:51,-12,90,-54
10:49:51,-13,94,-58
10:49:51,-7,95,-59
10:49:51,-20,91,-49
10:49:51,-21,88,-51
10:49:51,-10,92,-49
10:49:51,-7,94,-58
10:49:51,-22,90,-50
10:49:51,-20,87,-52
10:49:51,-11,93,-58
10:49:51,-4,92,-57
10:49:51,-13,93,-43
10:49:51,-20,94,-54
10:49:51,-21,90,-56
10:49:51,-13,90,-48
10:49:51,-8,91,-56
10:49:52,-22,95,-53
10:49:52,-22,90,-50
10:49:52,-13,91,-49
10:49:52,-9,92,-58
10:49:52,-22,94,-54
10:49:52,-18,87,-53
10:49:52,-20,91,-47
10:49:52,-12,92,-63
10:49:52,-10,91,-52
10:49:52,-19,94,-39
10:49:52,-21,90,-54
10:49:52,-10,95,-60
10:49:52,-10,91,-55
10:49:52,-21,88,-47
10:49:52,-21,90,-54
10:49:52,-10,95,-55
10:49:52,-3,93,-53
10:49:52,-14,95,-51
10:49:52,-23,91,-53
10:49:52,-18,89,-53
10:49:53,-13,89,-48
10:49:53,-9,95,-59
10:49:53,-25,93,-51
10:49:53,-22,87,-51
10:49:53,-16,92,-52
10:49:53,-4,91,-63
10:49:53,-18,90,-50
10:49:53,-22,92,-49
10:49:53,-15,93,-53
10:49:53,-9,91,-62
10:49:53,-8,94,-56
10:49:53,-22,94,-49
10:49:53,-17,93,-57
10:49:53,-6,91,-53
10:49:53,-1,92,-50
10:49:53,-15,92,-58
10:49:53,-28,94,-51
10:49:53,-15,91,-54
10:49:53,-16,94,-54
10:49:54,-20,93,-53
10:49:54,-19,88,-49
10:49:54,-20,94,-48
10:49:54,-11,93,-59
10:49:54,-8,90,-56
10:49:54,-18,89,-44
10:49:54,-19,92,-54
10:49:54,-9,94,-59
10:49:54,-8,88,-48
10:49:54,-17,95,-52
10:49:54,-19,89,-58
10:49:54,-19,94,-56
10:49:54,-5,95,-52
10:49:54,-8,94,-52
10:49:54,-22,92,-52
10:49:54,-18,89,-52
10:49:54,-12,94,-57
10:49:54,-10,95,-57
10:49:54,-22,89,-53
10:49:54,-15,92,-48
10:49:55,-12,97,-57
10:49:55,-5,91,-58
10:49:55,-13,88,-48
10:49:55,-23,91,-51
10:49:55,-16,91,-53
10:49:55,-11,95,-58
10:49:55,-10,92,-47
10:49:55,-21,94,-53
10:49:55,-19,90,-54
10:49:55,-14,90,-53
10:49:55,-8,91,-61
10:49:55,-18,93,-59
10:49:55,-23,92,-56
10:49:55,-14,92,-52
10:49:55,-9,94,-58
10:49:55,-13,91,-50
10:49:55,-16,89,-52
10:49:55,-17,96,-57
10:49:55,-12,93,-59
10:49:55,-9,90,-59
10:49:56,-21,88,-48
10:49:56,-17,93,-52
10:49:56,-12,93,-56
10:49:56,-5,90,-55
10:49:56,-12,90,-52
10:49:56,-18,92,-59
10:49:56,-17,92,-55
10:49:56,-14,95,-51
10:49:56,-11,97,-54
10:49:56,-20,89,-56
10:49:56,-22,89,-53
10:49:56,-15,92,-54
10:49:56,-4,93,-57
10:49:56,-21,92,-55
10:49:56,-16,91,-50
10:49:56,-12,90,-56
10:49:56,-6,93,-60
10:49:56,-18,93,-50
10:49:56,-22,92,-45
10:49:57,-14,92,-59
10:49:57,-14,92,-56
10:49:57,-3,90,-48
10:49:57,-17,96,-54
10:49:57,-22,95,-56
10:49:57,-13,91,-59
10:49:57,-8,90,-54
10:49:57,-23,93,-50
10:49:57,-17,90,-53
10:49:57,-13,91,-55
10:49:57,-4,95,-60
10:49:57,-14,97,-54
10:49:57,-23,92,-50
10:49:57,-20,90,-53
10:49:57,-9,96,-59
10:49:57,-11,90,-54
10:49:57,-21,89,-53
10:49:57,-14,91,-55
10:49:57,-8,95,-65
10:49:57,-5,92,-58
10:49:58,-12,90,-46
10:49:58,-22,89,-55
10:49:58,-23,90,-51
10:49:58,-11,92,-60
10:49:58,-10,94,-52
10:49:58,-21,91,-63
10:49:58,-25,89,-50
10:49:58,-6,92,-53
10:49:58,-10,93,-58
10:49:58,-21,93,-52
10:49:58,-21,88,-54
10:49:58,-16,92,-56
10:49:58,-9,93,-59
10:49:58,-9,92,-49
10:49:58,-18,91,-48
10:49:58,-17,90,-53
10:49:58,-14,90,-61
10:49:58,-3,95,-57
10:49:58,-20,90,-54
10:49:58,-24,94,-57
10:49:59,-16,92,-60
10:49:59,-8,91,-47
10:49:59,-11,92,-57
10:49:59,-25,92,-58
10:49:59,-16,92,-52
10:49:59,-7,90,-55
10:49:59,-6,94,-60
10:49:59,-20,88,-52
10:49:59,-24,91,-48
10:49:59,-10,93,-60
10:49:59,-7,92,-55
10:49:59,-22,91,-47
10:49:59,-20,93,-58
10:49:59,-19,94,-58
10:49:59,-4,91,-54
10:49:59,-13,91,-45
10:49:59,-22,91,-60
10:49:59,-23,95,-57
10:49:59,-9,91,-59
10:49:59,-13,91,-52
10:50:00,-14,91,-60
10:50:00,-14,92,-53
10:50:00,-5,94,-52
10:50:00,-8,93,-62
10:50:00,-17,92,-52
10:50:00,-23,89,-49
10:50:00,-11,94,-64
10:50:00,-4,92,-61
10:50:00,-10,90,-45
10:50:00,-24,89,-52
10:50:00,-14,87,-59
10:50:00,-8,92,-62
10:50:00,-13,93,-49
10:50:00,-17,92,-56
10:50:00,-14,91,-56
10:50:00,-14,91,-50
10:50:00,-16,95,-50
10:50:00,-15,94,-57
10:50:00,-26,89,-58
10:50:01,-13,92,-50
10:50:01,-5,92,-56
10:50:01,-9,97,-52
10:50:01,-22,91,-48
10:50:01,-26,92,-47
10:50:01,-11,89,-58
10:50:01,-8,92,-54
10:50:01,-15,89,-50
10:50:01,-25,93,-52
10:50:01,-17,93,-54
10:50:01,-3,89,-53
10:50:01,-19,92,-50
10:50:01,-21,93,-55
10:50:01,-19,91,-56
10:50:01,-8,87,-54
10:50:01,-9,94,-57
10:50:01,-17,95,-50
10:50:01,-17,89,-51
10:50:01,-11,92,-56
10:50:01,-7,94,-58
10:50:02,-11,90,-50
10:50:02,-22,89,-48
10:50:02,-22,94,-53
10:50:02,-10,91,-61
10:50:02,-14,91,-47
10:50:02,-20,91,-47
10:50:02,-17,92,-58
10:50:02,-11,94,-57
10:50:02,-7,88,-47
10:50:02,-15,91,-54
10:50:02,-20,90,-53
10:50:02,-18,94,-47
10:50:02,-2,94,-56
10:50:02,-13,95,-59
10:50:02,-19,90,-49
10:50:02,-16,88,-47
10:50:02,-6,93,-58
10:50:02,-19,94,-58
10:50:02,-18,88,-54
10:50:02,-18,88,-53
10:50:03,-9,94,-63
10:50:03,-6,95,-52
10:50:03,-16,91,-46
10:50:03,-28,89,-50
10:50:03,-20,94,-57
10:50:03,-5,92,-54
10:50:03,-11,92,-54
10:50:03,-22,95,-55
10:50:03,-13,90,-50
10:50:03,-8,89,-55
10:50:03,-7,94,-56
10:50:03,-16,94,-55
10:50:03,-18,89,-51
10:50:03,-11,92,-48
10:50:03,-5,93,-59
10:50:03,-17,89,-48
10:50:03,-24,91,-45
10:50:03,-20,90,-53
10:50:03,-7,89,-65
10:50:04,-6,95,-49
10:50:04,-18,93,-49
10:50:04,-25,93,-57
10:50:04,-11,88,-51
10:50:04,-5,91,-46
10:50:04,-25,91,-54
10:50:04,-19,91,-60
10:50:04,-18,94,-52
10:50:04,-9,93,-52
10:50:04,-7,94,-56
10:50:04,-23,90,-52
10:50:04,-20,92,-49
10:50:04,-7,92,-61
10:50:04,-14,94,-58
10:50:04,-17,91,-46
10:50:04,-18,90,-50
10:50:04,-12,95,-53
10:50:04,-6,90,-54
10:50:04,-8,92,-54
10:50:04,-21,94,-53
10:50:05,-13,93,-60
10:50:05,-10,93,-55
10:50:05,-12,92,-52
10:50:05,-20,88,-56
10:50:05,-12,89,-58
10:50:05,-9,96,-54
10:50:05,-12,95,-61
10:50:05,-23,90,-54
10:50:05,-21,88,-49
10:50:05,-17,94,-54
10:50:05,-5,94,-62
10:50:05,-17,94,-47
10:50:05,-21,89,-49
10:50:05,-22,91,-59
10:50:05,-11,94,-60
10:50:05,-8,93,-49
10:50:05,-18,91,-55
10:50:05,-14,91,-55
10:50:05,-14,91,-53
10:50:05,-3,94,-53
10:50:06,-14,92,-59
10:50:06,-27,90,-55
10:50:06,-14,89,-52
10:50:06,-9,94,-53
10:50:06,-9,95,-57
10:50:06,-22,93,-54
10:50:06,-19,88,-52
10:50:06,-12,92,-60
10:50:06,-12,90,-53
10:50:06,-16,89,-46
10:50:06,-22,95,-54
10:50:06,-12,94,-56
10:50:06,-11,92,-59
10:50:06,-17,91,-43
10:50:06,-17,89,-55
10:50:06,-19,90,-57
10:50:06,-5,92,-53
10:50:06,-10,90,-51
10:50:06,-20,91,-55
10:50:06,-20,92,-55
10:50:07,-12,91,-51
10:50:07,-5,96,-58
10:50:07,-16,90,-58
10:50:07,-22,87,-49
10:50:07,-15,94,-57
10:50:07,-9,96,-62
10:50:07,-14,95,-55
10:50:07,-23,88,-49
10:50:07,-18,91,-57
10:50:07,-6,92,-57
10:50:07,-7,91,-50
10:50:07,-21,91,-52
10:50:07,-18,90,-64
10:50:07,-14,95,-58
10:50:07,-9,94,-48
10:50:07,-13,95,-60
10:50:07,-21,89,-55
10:50:07,-21,89,-49
10:50:07,-2,94,-62
10:50:08,-12,98,-59
10:50:08,-21,92,-51
10:50:08,-12,92,-53
10:50:08,-10,91,-57
10:50:08,-11,92,-56
10:50:08,-16,93,-49
10:50:08,-17,92,-53
10:50:08,-15,95,-60
10:50:08,-9,92,-62
10:50:08,-6,92,-43
10:50:08,-16,93,-56
10:50:08,-20,92,-56
10:50:08,-7,89,-56
10:50:08,-8,92,-57
10:50:08,-19,93,-59
10:50:08,-23,93,-48
10:50:08,-17,91,-57
10:50:08,-6,94,-55
10:50:08,-15,92,-58
10:50:08,-19,91,-52
10:50:09,-17,91,-57
10:50:09,-12,96,-60
10:50:09,-5,91,-54
10:50:09,-23,92,-47
10:50:09,-18,93,-52
10:50:09,-12,94,-59
10:50:09,-8,93,-50
10:50:09,-15,89,-54
10:50:09,-20,93,-54
10:50:09,-16,91,-55
10:50:09,1,94,-54
10:50:09,-14,95,-51
10:50:09,-17,87,-56
10:50:09,-21,90,-52
10:50:09,-11,92,-54
10:50:09,-11,97,-57
10:50:09,-20,90,-49
10:50:09,-19,90,-52
10:50:09,-18,90,-55
10:50:09,-8,93,-60
10:50:10,-12,89,-55
10:50:10,-23,93,-48
10:50:10,-18,94,-57
10:50:10,-9,93,-54
10:50:10,-10,92,-49
10:50:10,-19,90,-59
10:50:10,-22,94,-54
10:50:10,-12,90,-60
10:50:10,-11,90,-49
10:50:10,-16,92,-54
10:50:10,-18,89,-55
10:50:10,-13,92,-56
10:50:10,-13,93,-56
10:50:10,-11,94,-58
10:50:10,-23,89,-52
10:50:10,-21,91,-49
10:50:10,-10,94,-54
10:50:10,-10,94,-58
10:50:10,-17,90,-53
10:50:11,-15,91,-54
10:50:11,-13,91,-57
10:50:11,-9,90,-55
10:50:11,-24,91,-48
10:50:11,-26,94,-53
10:50:11,-16,91,-62
10:50:11,-8,93,-53
10:50:11,-8,94,-50
10:50:11,-22,93,-58
10:50:11,-17,90,-52
10:50:11,-12,87,-54
10:50:11,-14,93,-56
10:50:11,-18,91,-53
10:50:11,-17,93,-53
10:50:11,-15,96,-59
10:50:11,-6,92,-57
10:50:11,-16,91,-44
10:50:11,-19,90,-51
10:50:11,-16,94,-53
10:50:11,-5,97,-62
10:50:12,-9,90,-52
10:50:12,-27,92,-46
10:50:12,-20,92,-53
10:50:12,-16,90,-53
10:50:12,-5,86,-55
10:50:12,-23,91,-55
10:50:12,-21,91,-53
10:50:12,-15,92,-51
10:50:12,-9,94,-58
10:50:12,-10,95,-54
10:50:12,-16,87,-53
10:50:12,-19,90,-50
10:50:12,-8,95,-57
10:50:12,-7,94,-56
10:50:12,-13,89,-47
10:50:12,-22,92,-52
10:50:12,-13,93,-59
10:50:12,-9,91,-54
10:50:12,-19,91,-50
10:50:12,-22,91,-51
10:50:13,-15,93,-60
10:50:13,-2,90,-52
10:50:13,-9,95,-58
10:50:13,-17,91,-54
10:50:13,-16,88,-45
10:50:13,-10,90,-58
10:50:13,-12,96,-55
10:50:13,-18,92,-53
10:50:13,-22,90,-48
10:50:13,-13,94,-59
10:50:13,-9,90,-57
10:50:13,-11,92,-46
10:50:13,-21,91,-50
10:50:13,-20,94,-54
10:50:13,-7,90,-61
10:50:13,-9,90,-48
10:50:13,-19,94,-55
10:50:13,-18,92,-52
10:50:13,-14,89,-50
10:50:13,-3,92,-55
10:50:14,-18,93,-56
10:50:14,-21,95,-51
10:50:14,-17,91,-52
10:50:14,-8,91,-56
10:50:14,-15,92,-49
10:50:14,-17,90,-49
10:50:14,-16,92,-50
10:50:14,-10,93,-63
10:50:14,-8,90,-54
10:50:14,-21,88,-43
10:50:14,-18,91,-52
10:50:14,-14,95,-60
10:50:14,-4,92,-53
10:50:14,-19,90,-52
10:50:14,-25,91,-53
10:50:14,-16,87,-53
10:50:14,-12,91,-48
10:50:14,-14,95,-54
10:50:14,-22,94,-53
10:50:15,-16,90,-51
10:50:15,-16,90,-53
10:50:15,-8,93,-66
10:50:15,-15,93,-53
10:50:15,-22,90,-48
10:50:15,-14,93,-55
10:50:15,-5,95,-64
10:50:15,-13,93,-45
10:50:15,-18,90,-51
10:50:15,-16,91,-60
10:50:15,-11,92,-50
10:50:15,-13,90,-50
10:50:15,-19,96,-48
10:50:15,-20,93,-57
10:50:15,-14,92,-56
10:50:15,-4,89,-47
10:50:15,-12,90,-54
10:50:15,-18,89,-57
10:50:15,-14,91,-53
10:50:15,-13,96,-51
10:50:16,-13,97,-60
10:50:16,-24,90,-46
10:50:16,-15,87,-47
10:50:16,-7,95,-56
10:50:16,-9,89,-58
10:50:16,-20,92,-49
10:50:16,-25,91,-49
10:50:16,-10,96,-64
10:50:16,-2,92,-54
10:50:16,-16,91,-45
10:50:16,-24,92,-48
10:50:16,-17,89,-57
10:50:16,-3,94,-57
10:50:16,-10,92,-53
10:50:16,-20,97,-53
10:50:16,-19,90,-50
10:50:16,-12,88,-49
10:50:16,-3,96,-56
10:50:16,-16,91,-53
10:50:16,-21,91,-52
10:50:17,-19,92,-49
10:50:17,-1,92,-65
10:50:17,-13,93,-47
10:50:17,-15,91,-48
10:50:17,-16,93,-53
10:50:17,-17,89,-59
10:50:17,-15,90,-53
10:50:17,-18,89,-50
10:50:17,-15,92,-61
10:50:17,-16,92,-50
10:50:17,-6,91,-47
10:50:17,-24,92,-53
10:50:17,-23,88,-58
10:50:17,-14,92,-52
10:50:17,2,94,-58
10:50:17,-13,94,-54
10:50:17,-22,88,-50
10:50:17,-17,89,-46
10:50:17,-11,91,-60
10:50:18,-8,94,-60
10:50:18,-23,91,-47
10:50:18,-22,91,-49
10:50:18,-8,94,-54
10:50:18,-12,93,-56
10:50:18,-16,93,-49
10:50:18,-23,91,-55
10:50:18,-17,89,-59
10:50:18,-12,91,-53
10:50:18,-13,91,-47
10:50:18,-16,94,-55
10:50:18,-27,90,-51
10:50:18,-9,89,-58
10:50:18,-8,91,-58
10:50:18,-18,89,-57
10:50:18,-26,89,-50
10:50:18,-14,93,-49
10:50:18,-9,91,-57
10:50:18,-10,93,-53
10:50:18,-23,91,-45
10:50:19,-17,94,-55
10:50:19,-12,93,-60
10:50:19,-12,89,-49
10:50:19,-18,91,-50
10:50:19,-21,94,-51
10:50:19,-12,92,-57
10:50:19,-6,94,-56
10:50:19,-16,90,-51
10:50:19,-21,92,-55
10:50:19,-16,89,-46
10:50:19,-5,95,-56
10:50:19,-10,95,-55
10:50:19,-21,92,-52
10:50:19,-16,88,-50
10:50:19,-11,90,-55
10:50:19,-9,94,-58
10:50:19,-15,88,-51
10:50:19,-24,90,-51
10:50:19,-15,94,-51
10:50:19,-4,92,-59
10:50:20,-11,93,-49
10:50:20,-22,95,-51
10:50:20,-21,91,-52
10:50:20,-14,87,-55
10:50:20,-12,92,-52
10:50:20,-17,93,-52
10:50:20,-18,94,-59
10:50:20,-12,94,-55
10:50:20,-8,93,-50
10:50:20,-15,89,-59
10:50:20,-24,90,-48
10:50:20,-15,95,-57
10:50:20,-5,95,-62
10:50:20,-12,96,-51
10:50:20,-17,91,-51
10:50:20,-18,92,-54
10:50:20,-10,93,-60
10:50:20,-9,93,-52
10:50:20,-19,90,-49
10:50:20,-22,92,-53
10:50:21,-12,95,-62
10:50:21,-7,94,-50
10:50:21,-16,93,-53
10:50:21,-22,88,-58
10:50:21,-19,86,-48
10:50:21,-8,93,-58
10:50:21,-4,97,-65
10:50:21,-21,89,-51
10:50:21,-17,90,-57
10:50:21,-13,90,-59
10:50:21,-3,94,-58
10:50:21,-16,89,-48
10:50:21,-15,90,-55
10:50:21,-14,95,-54
10:50:21,-10,91,-60
10:50:21,-14,92,-44
10:50:21,-17,94,-49
10:50:21,-19,91,-54
10:50:21,-8,91,-62
10:50:22,-7,94,-49
10:50:22,-17,97,-55
10:50:22,-19,92,-54
10:50:22,-14,92,-46
10:50:22,-6,92,-56
10:50:22,-12,93,-60
10:50:22,-27,93,-47
10:50:22,-17,92,-53
10:50:22,-12,94,-61
10:50:22,-14,88,-53
10:50:22,-18,87,-52
10:50:22,-18,94,-53
10:50:22,-10,93,-62
10:50:22,-10,94,-57
10:50:22,-15,89,-46
10:50:22,-24,90,-56
10:50:22,-14,94,-53
10:50:22,-2,90,-55
10:50:22,-10,96,-53
10:50:22,-20,92,-57
10:50:23,-18,90,-54
10:50:23,-6,91,-58
10:50:23,-9,97,-57
10:50:23,-14,92,-50
10:50:23,-15,90,-53
10:50:23,-15,92,-51
10:50:23,-2,96,-65
10:50:23,-13,93,-53
10:50:23,-21,88,-51
10:50:23,-15,93,-56
10:50:23,-10,92,-59
10:50:23,-8,94,-44
10:50:23,-19,92,-54
10:50:23,-18,92,-59
10:50:23,-14,92,-52
10:50:23,-7,90,-49
10:50:23,-12,93,-55
10:50:23,-28,94,-49
10:50:23,-15,91,-55
10:50:23,-10,92,-52
10:50:24,-15,88,-59
10:50:24,-23,90,-50
10:50:24,-12,87,-51
10:50:24,-9,93,-60
10:50:24,-10,96,-56
10:50:24,-21,88,-48
10:50:24,-20,91,-55
10:50:24,-10,93,-64
10:50:24,-6,92,-52
10:50:24,-20,88,-48
10:50:24,-18,91,-54
10:50:24,-16,95,-53
10:50:24,-4,94,-56
10:50:24,-9,93,-55
10:50:24,-17,93,-53
10:50:24,-19,88,-54
10:50:24,-10,93,-49
10:50:24,-7,93,-58
10:50:24,-19,92,-58
10:50:25,-22,88,-47
10:50:25,-13,90,-55
10:50:25,-6,95,-60
10:50:25,-13,90,-50
10:50:25,-22,90,-49
10:50:25,-18,92,-59
10:50:25,-12,91,-61
10:50:25,-5,94,-54
10:50:25,-17,93,-53
10:50:25,-18,93,-56
10:50:25,-9,90,-54
10:50:25,-4,92,-51
10:50:25,-18,92,-57
10:50:25,-24,91,-60
10:50:25,-16,91,-57
10:50:25,-11,93,-55
10:50:25,-11,97,-51
10:50:25,-18,89,-51
10:50:25,-16,89,-53
10:50:25,-11,92,-60
10:50:26,-11,90,-58
10:50:26,-18,90,-47
10:50:26,-19,93,-50
10:50:26,-12,96,-55
10:50:26,-15,92,-53
10:50:26,-20,91,-56
10:50:26,-25,86,-54
10:50:26,-16,90,-55
10:50:26,-5,91,-60
10:50:26,-12,94,-47
10:50:26,-24,96,-50
10:50:26,-18,88,-55
10:50:26,-13,88,-59
10:50:26,-14,91,-53
10:50:26,-12,92,-58
10:50:26,-18,88,-50
10:50:26,-14,94,-51
10:50:26,-6,95,-57
10:50:26,-14,92,-53
10:50:26,-22,91,-53
10:50:27,-17,90,-54
10:50:27,-11,96,-56
10:50:27,0,91,-51
10:50:27,-17,94,-48
10:50:27,-24,94,-58
10:50:27,-10,92,-54
10:50:27,-9,90,-53
10:50:27,-20,93,-51
10:50:27,-23,92,-56
10:50:27,-14,93,-53
10:50:27,-11,92,-59
10:50:27,-11,92,-60
10:50:27,-21,89,-53
10:50:27,-16,89,-53
10:50:27,-10,95,-53
10:50:27,-9,95,-59
10:50:27,-24,88,-51
10:50:27,-23,90,-47
10:50:27,-14,91,-57
10:50:28,-6,90,-62
10:50:28,-14,91,-49
10:50:28,-20,95,-52
10:50:28,-21,92,-53
10:50:28,-5,91,-56
10:50:28,-12,96,-46
10:50:28,-20,94,-53
10:50:28,-19,92,-57
10:50:28,-9,89,-57
10:50:28,-11,94,-52
10:50:28,-14,93,-56
10:50:28,-20,91,-52
10:50:28,-12,92,-55
10:50:28,-12,95,-56
10:50:28,-11,90,-55
10:50:28,-19,89,-49
10:50:28,-17,93,-54
10:50:28,-12,93,-59
10:50:28,-5,90,-54
10:50:28,-20,91,-49
10:50:29,-20,92,-51
10:50:29,-13,94,-55
10:50:29,-9,91,-50
10:50:29,-26,91,-48
10:50:29,-21,88,-56
10:50:29,-14,91,-53
10:50:29,-6,95,-52
10:50:29,-12,97,-53
10:50:29,-20,90,-53
10:50:29,-14,88,-47
10:50:29,-12,90,-59
10:50:29,-8,96,-56
10:50:29,-18,89,-56
10:50:29,-22,92,-48
10:50:29,-12,94,-57
10:50:29,-5,92,-61
10:50:29,-12,92,-40
10:50:29,-26,91,-48
10:50:29,-16,89,-56
10:50:29,-10,92,-59
10:50:30,-6,94,-47
10:50:30,-13,94,-58
10:50:30,-22,93,-51
10:50:30,-12,89,-50
10:50:30,-2,90,-56
10:50:30,-20,91,-55
10:50:30,-17,91,-54
10:50:30,-15,93,-50
10:50:30,-10,93,-62
10:50:30,-15,92,-47
10:50:30,-18,85,-55
10:50:30,-21,91,-53
10:50:30,-7,93,-64
10:50:30,-6,89,-54
10:50:30,-16,89,-48
10:50:30,-25,96,-53
10:50:30,-14,92,-58
10:50:30,-13,91,-52
10:50:30,-13,89,-53
10:50:30,-24,93,-49
10:50:31,-14,89,-54
10:50:31,-10,93,-54
10:50:31,-14,97,-51
10:50:31,-18,90,-50
10:50:31,-18,88,-50
10:50:31,-2,92,-57
10:50:31,-7,96,-57
10:50:31,-18,91,-49
10:50:31,-23,91,-45
10:50:31,-12,91,-53
10:50:31,-8,91,-60
10:50:31,-11,94,-46
10:50:31,-23,89,-50
10:50:31,-24,90,-62
10:50:31,-14,90,-54
10:50:31,-9,90,-45
10:50:31,-14,93,-55
10:50:31,-23,91,-53
10:50:31,-13,89,-53
10:50:32,-5,92,-52
10:50:32,-17,93,-58
10:50:32,-20,90,-51
10:50:32,-16,94,-50
10:50:32,-9,92,-55
10:50:32,-10,93,-54
10:50:32,-14,91,-52
10:50:32,-22,92,-46
10:50:32,-12,94,-64
10:50:32,-14,91,-46
10:50:32,-24,91,-42
10:50:32,-17,91,-55
10:50:32,-12,99,-53
10:50:32,-3,92,-58
10:50:32,-16,91,-46
10:50:32,-18,88,-58
10:50:32,-19,89,-53
10:50:32,-7,93,-53
10:50:32,-4,93,-57
10:50:32,-21,92,-53
10:50:33,-20,89,-52
10:50:33,-9,92,-57
10:50:33,-7,94,-61
10:50:33,-17,87,-49
10:50:33,-21,89,-47
10:50:33,-15,93,-58
10:50:33,-15,96,-58
10:50:33,-9,94,-49
10:50:33,-26,90,-49
10:50:33,-20,92,-54
10:50:33,-10,92,-58
10:50:33,-1,94,-56
10:50:33,-26,95,-52
10:50:33,-24,89,-56
10:50:33,-11,92,-54
10:50:33,-5,92,-53
10:50:33,-10,94,-55
10:50:33,-26,88,-53
10:50:33,-18,90,-52
10:50:33,-6,94,-60
10:50:34,-11,94,-59
10:50:34,-19,90,-46
10:50:34,-21,91,-51
10:50:34,-15,92,-56
10:50:34,-8,90,-52
10:50:34,-16,91,-52
10:50:34,-20,92,-59
10:50:34,-21,96,-57
10:50:34,-12,92,-50
10:50:34,-12,91,-45
10:50:34,-17,88,-57
10:50:34,-20,92,-53
10:50:34,-14,93,-52
10:50:34,-12,95,-53
10:50:34,-17,93,-56
10:50:34,-12,89,-50
10:50:34,-9,95,-50
10:50:34,-12,93,-56
10:50:34,-16,91,-51
10:50:34,-25,89,-49
10:50:35,-16,89,-58
10:50:35,-12,96,-58
10:50:35,-8,93,-49
10:50:35,-20,94,-51
10:50:35,-20,91,-53
10:50:35,-9,88,-60
10:50:35,-2,93,-55
10:50:35,-19,94,-57
10:50:35,-22,92,-58
10:50:35,-15,89,-51
10:50:35,-9,94,-53
10:50:35,-13,94,-56
10:50:35,-23,90,-54
10:50:35,-14,90,-51
10:50:35,-9,94,-60
10:50:35,-6,94,-59
10:50:35,-18,92,-43
10:50:35,-23,92,-52
10:50:35,-11,91,-56
10:50:36,-13,92,-55
10:50:36,-15,90,-48
10:50:36,-15,93,-57
10:50:36,-18,94,-54
10:50:36,-9,91,-49
10:50:36,-8,93,-54
10:50:36,-17,94,-53
10:50:36,-18,93,-57
10:50:36,-8,90,-55
10:50:36,-13,93,-54
10:50:36,-15,89,-55
10:50:36,-24,90,-45
10:50:36,-8,92,-63
10:50:36,-4,93,-65
10:50:36,-9,93,-49
10:50:36,-21,92,-52
10:50:36,-18,93,-57
10:50:36,-10,91,-54
10:50:36,-9,91,-48
10:50:36,-20,91,-52
10:50:37,-17,95,-63
10:50:37,-12,95,-57
10:50:37,-8,90,-51
10:50:37,-11,90,-56
10:50:37,-27,91,-49
10:50:37,-14,92,-50
10:50:37,-12,95,-58
10:50:37,-15,94,-59
10:50:37,-18,90,-49
10:50:37,-12,89,-52
10:50:37,-4,93,-62
10:50:37,-11,95,-54
10:50:37,-12,92,-54
10:50:37,-18,92,-51
10:50:37,-11,95,-60
10:50:37,-4,94,-57
10:50:37,-17,92,-43
10:50:37,-25,90,-57
10:50:37,-14,90,-61
10:50:37,-1,94,-53
10:50:38,-12,93,-52
10:50:38,-25,96,-54
10:50:38,-19,91,-56
10:50:38,-19,85,-55
10:50:38,-8,95,-57
10:50:38,-13,91,-58
10:50:38,-23,94,-52
10:50:38,-20,92,-53
10:50:38,-9,94,-59
10:50:38,-10,90,-50
10:50:38,-19,91,-46
10:50:38,-16,95,-55
10:50:38,-16,93,-67
10:50:38,-10,92,-50
10:50:38,-21,90,-47
10:50:38,-15,93,-58
10:50:38,-11,91,-59
10:50:38,-10,92,-50
10:50:38,-16,91,-56
10:50:39,-19,89,-57
10:50:39,-16,94,-51
10:50:39,-9,95,-53
10:50:39,-15,93,-57
10:50:39,-14,90,-49
10:50:39,-15,88,-44
10:50:39,-10,91,-59
10:50:39,-8,94,-66
10:50:39,-18,91,-51
10:50:39,-28,92,-48
10:50:39,-14,92,-60
10:50:39,-7,93,-53
10:50:39,-14,94,-47
10:50:39,-26,89,-56
10:50:39,-20,94,-56
10:50:39,-11,92,-57
10:50:39,-8,91,-51
10:50:39,-17,96,-52
10:50:39,-20,91,-54
10:50:39,-15,91,-56
10:50:40,-11,90,-59
10:50:40,-18,90,-54
10:50:40,-24,89,-52
10:50:40,-12,93,-53
10:50:40,-6,96,-58
10:50:40,-13,91,-51
10:50:40,-20,89,-48
10:50:40,-12,92,-59
10:50:40,-11,91,-61
10:50:40,-9,91,-53
10:50:40,-16,90,-49
10:50:40,-16,93,-56
10:50:40,-11,93,-62
10:50:40,-2,95,-56
10:50:40,-14,93,-52
10:50:40,-27,90,-58
10:50:40,-16,91,-50
10:50:40,-6,94,-54
10:50:40,-8,92,-59
10:50:40,-19,92,-52
10:50:41,-22,89,-50
10:50:41,-12,92,-59
10:50:41,-8,94,-57
10:50:41,-18,87,-44
10:50:41,-24,91,-53
10:50:41,-9,92,-61
10:50:41,-5,94,-57
10:50:41,-19,92,-45
10:50:41,-18,92,-52
10:50:41,-15,90,-54
10:50:41,-7,89,-54
10:50:41,-16,97,-50
10:50:41,-11,95,-58
10:50:41,-25,92,-53
10:50:41,-15,93,-48
10:50:41,-4,93,-59
10:50:41,-14,93,-50
10:50:41,-20,91,-47
10:50:41,-17,93,-57
10:50:41,-10,92,-57
10:50:42,-16,91,-50
10:50:42,-15,90,-52
10:50:42,-21,91,-52
10:50:42,-8,92,-62
10:50:42,-6,88,-48
10:50:42,-17,92,-49
10:50:42,-16,91,-57
10:50:42,-12,92,-58
10:50:42,-5,90,-51
10:50:42,-16,92,-51
10:50:42,-23,88,-56
10:50:42,-16,92,-46
10:50:42,-9,91,-56
10:50:42,-13,97,-56
10:50:42,-16,89,-52
10:50:42,-16,92,-51
10:50:42,-13,95,-58
10:50:42,-5,94,-57
10:50:42,-21,91,-45
10:50:43,-24,88,-53
10:50:43,-17,93,-60
10:50:43,0,94,-58
10:50:43,-7,91,-42
10:50:43,-16,89,-57
10:50:43,-24,90,-53
10:50:43,-12,88,-55
10:50:43,-10,95,-48
10:50:43,-16,93,-59
10:50:43,-17,89,-50
10:50:43,-9,90,-51
10:50:43,-2,93,-59
10:50:43,-15,90,-52
10:50:43,-20,89,-48
10:50:43,-18,90,-56
10:50:43,-10,93,-65
10:50:43,-9,95,-46
10:50:43,-20,91,-48
10:50:43,-24,89,-51
10:50:43,-13,90,-56
10:50:44,-2,89,-55
10:50:44,-19,94,-49
10:50:44,-24,93,-60
10:50:44,-14,94,-51
10:50:44,-12,90,-46
10:50:44,-19,93,-48
10:50:44,-19,90,-56
10:50:44,-15,92,-51
10:50:44,-7,92,-57
10:50:44,-9,92,-62
10:50:44,-21,88,-48
10:50:44,-20,91,-50
10:50:44,-10,93,-58
10:50:44,-11,93,-57
10:50:44,-15,91,-48
10:50:44,-23,86,-48
10:50:44,-14,94,-57
10:50:44,-13,93,-58
10:50:44,-10,90,-50
10:50:44,-23,95,-51
10:50:45,-18,89,-60
10:50:45,-9,91,-54
10:50:45,-5,92,-50
10:50:45,-22,92,-52
10:50:45,-19,88,-56
10:50:45,-14,91,-49
10:50:45,-3,95,-59
10:50:45,-12,97,-53
10:50:45,-23,91,-45
10:50:45,-20,88,-47
10:50:45,-6,92,-63
10:50:45,-10,94,-53
10:50:45,-14,93,-49
10:50:45,-23,93,-53
10:50:45,-14,94,-60
10:50:45,-11,90,-48
10:50:45,-15,89,-46
10:50:45,-18,88,-52
10:50:45,-18,94,-59
10:50:46,-7,92,-58
10:50:46,-12,92,-50
10:50:46,-14,91,-55
10:50:46,-18,90,-48
10:50:46,-14,93,-45
10:50:46,-12,92,-55
10:50:46,-18,89,-55
10:50:46,-20,90,-47
10:50:46,-13,92,-54
10:50:46,-6,96,-59
10:50:46,-15,91,-47
10:50:46,-14,88,-53
10:50:46,-18,91,-52
10:50:46,-13,92,-58
10:50:46,-3,93,-52
10:50:46,-19,93,-49
10:50:46,-23,92,-54
10:50:46,-11,90,-51
10:50:46,-10,90,-43
10:50:46,-23,91,-52
10:50:47,-19,95,-55
10:50:47,-14,93,-52
10:50:47,-7,91,-57
10:50:47,-15,94,-56
10:50:47,-25,88,-49
10:50:47,-13,92,-54
10:50:47,-13,92,-59
10:50:47,-14,95,-57
10:50:47,-14,90,-52
10:50:47,-25,90,-51
10:50:47,-11,95,-56
10:50:47,-10,91,-60
10:50:47,-18,91,-49
10:50:47,-21,89,-55
10:50:47,-14,95,-61
10:50:47,-10,91,-51
10:50:47,-7,92,-49
10:50:47,-22,94,-51
10:50:47,-24,89,-50
10:50:47,-8,91,-58
10:50:48,-2,96,-61
10:50:48,-23,94,-51
10:50:48,-20,89,-52
10:50:48,-16,90,-52
10:50:48,-7,92,-58
10:50:48,-14,94,-50
10:50:48,-17,89,-54
10:50:48,-26,95,-51
10:50:48,-19,96,-59
10:50:48,-8,89,-52
10:50:48,-14,94,-50
10:50:48,-16,94,-56
10:50:48,-11,93,-57
10:50:48,-7,90,-54
10:50:48,-14,91,-56
10:50:48,-24,94,-53
10:50:48,-18,90,-55
10:50:48,-7,96,-54
10:50:48,-4,96,-53
10:50:48,-21,93,-51
10:50:49,-17,92,-55
10:50:49,-11,93,-58
10:50:49,-3,93,-59
10:50:49,-18,87,-51
10:50:49,-18,93,-52
10:50:49,-10,95,-61
10:50:49,-9,91,-61
10:50:49,-10,89,-47
10:50:49,-24,91,-51
10:50:49,-19,93,-52
10:50:49,-9,93,-51
10:50:49,-7,93,-52
10:50:49,-22,92,-57
10:50:49,-26,92,-54
10:50:49,-11,89,-58
10:50:49,-6,95,-55
10:50:49,-17,90,-53
10:50:49,-14,89,-53
10:50:49,-15,93,-55
10:50:50,-13,95,-58
10:50:50,-14,93,-55
10:50:50,-22,87,-48
10:50:50,-20,92,-53
10:50:50,-9,90,-57
10:50:50,-5,93,-49
10:50:50,-20,95,-50
10:50:50,-21,92,-56
10:50:50,-11,92,-56
10:50:50,-7,93,-53
10:50:50,-15,93,-55
10:50:50,-26,90,-51
10:50:50,-17,88,-57
10:50:50,-11,93,-51
10:50:50,-3,95,-66
10:50:50,-16,92,-54
10:50:50,-12,91,-49
10:50:50,-12,93,-60
10:50:50,-11,91,-58
10:50:50,-21,89,-48
10:50:51,-21,91,-52
10:50:51,-14,97,-58
10:50:51,-5,93,-59
10:50:51,-11,90,-42
10:50:51,-14,90,-58
10:50:51,-20,92,-53
10:50:51,-9,92,-55
10:50:51,-8,92,-57
10:50:51,-18,93,-57
10:50:51,-14,92,-55
10:50:51,-12,90,-47
10:50:51,-5,93,-58
10:50:51,-17,91,-58
10:50:51,-23,90,-52
10:50:51,-20,93,-56
10:50:51,-7,97,-65
10:50:51,-9,90,-52
10:50:51,-23,88,-46
10:50:51,-19,92,-54
10:50:51,-12,92,-64
10:50:52,-8,92,-53
10:50:52,-20,90,-52
10:50:52,-19,90,-53
10:50:52,-17,93,-54
10:50:52,-8,91,-56
10:50:52,-17,94,-51
10:50:52,-26,89,-59
10:50:52,-16,90,-53
10:50:52,0,95,-58
10:50:52,-6,96,-59
10:50:52,-14,91,-45
10:50:52,-20,91,-48
10:50:52,-14,92,-61
10:50:52,-4,92,-60
10:50:52,-20,89,-48
10:50:52,-27,91,-54
10:50:52,-15,94,-57
10:50:52,-2,90,-60
10:50:52,-13,95,-50
10:50:53,-21,89,-57
10:50:53,-19,91,-57
10:50:53,-10,88,-56
10:50:53,-12,92,-51
10:50:53,-18,97,-51
10:50:53,-27,88,-52
10:50:53,-17,92,-53
10:50:53,-12,91,-57
10:50:53,-11,89,-59
10:50:53,-23,88,-51
10:50:53,-19,94,-53
10:50:53,-6,96,-59
10:50:53,-14,90,-47
10:50:53,-21,90,-51
10:50:53,-15,92,-51
10:50:53,-6,92,-61
10:50:53,-10,93,-49
10:50:53,-22,91,-48
10:50:53,-21,90,-54
10:50:53,-13,91,-53
10:50:54,-10,91,-54
10:50:54,-11,96,-55
10:50:54,-24,91,-56
10:50:54,-15,90,-51
10:50:54,-10,89,-59
10:50:54,-13,95,-54
10:50:54,-20,91,-53
10:50:54,-20,92,-53
10:50:54,-12,91,-58
10:50:54,-9,94,-54
10:50:54,-16,89,-48
10:50:54,-22,90,-51
10:50:54,-14,94,-61
10:50:54,-5,92,-58
10:50:54,-10,96,-49
10:50:54,-24,92,-53
10:50:54,-14,94,-56
10:50:54,-10,90,-58
10:50:54,-14,94,-49
10:50:54,-15,90,-60
10:50:55,-13,90,-53
10:50:55,-11,93,-57
10:50:55,-11,95,-52
10:50:55,-16,94,-54
10:50:55,-29,86,-51
10:50:55,-14,89,-51
10:50:55,-7,95,-58
10:50:55,-14,94,-54
10:50:55,-21,90,-53
10:50:55,-22,92,-48
10:50:55,-13,89,-58
10:50:55,-6,89,-55
10:50:55,-18,90,-52
10:50:55,-17,93,-62
10:50:55,-17,94,-57
10:50:55,-8,92,-54
10:50:55,-9,93,-55
10:50:55,-17,93,-53
10:50:55,-20,92,-50
10:50:55,-13,91,-49
10:50:56,-14,92,-54
10:50:56,-20,92,-54
10:50:56,-20,91,-47
10:50:56,-9,94,-60
10:50:56,-9,93,-51
10:50:56,-7,89,-55
10:50:56,-18,90,-54
10:50:56,-18,92,-56
10:50:56,-4,91,-57
10:50:56,-10,90,-44
10:50:56,-20,91,-53
10:50:56,-12,91,-51
10:50:56,-11,93,-56
10:50:56,-10,91,-56
10:50:56,-20,91,-54
10:50:56,-17,90,-57
10:50:56,-8,92,-50
10:50:56,-14,96,-54
10:50:56,-8,94,-56
10:50:57,-16,88,-51
10:50:57,-17,93,-49
10:50:57,-6,95,-64
10:50:57,-10,93,-54
10:50:57,-18,91,-40
10:50:57,-16,91,-55
10:50:57,-14,90,-57
10:50:57,-9,93,-52
10:50:57,-17,90,-49
10:50:57,-26,90,-55
10:50:57,-14,90,-58
10:50:57,-6,92,-49
10:50:57,-14,96,-50
10:50:57,-23,91,-57
10:50:57,-19,89,-50
10:50:57,-13,88,-56
10:50:57,-10,97,-55
10:50:57,-15,90,-56
10:50:57,-18,90,-51
10:50:57,-15,93,-55
10:50:58,-4,94,-61
10:50:58,-10,89,-50
10:50:58,-21,91,-55
10:50:58,-23,93,-55
10:50:58,-6,91,-56
10:50:58,-13,91,-44
10:50:58,-17,92,-49
10:50:58,-14,93,-57
10:50:58,-12,93,-56
10:50:58,-13,90,-51
10:50:58,-11,88,-60
10:50:58,-20,90,-50
10:50:58,-19,91,-45
10:50:58,-5,97,-55
10:50:58,-17,96,-55
10:50:58,-23,88,-50
10:50:58,-18,87,-53
10:50:58,-8,95,-56
10:50:58,-16,94,-51
10:50:58,-13,91,-51
10:50:59,-22,92,-50
10:50:59,-11,93,-63
10:50:59,-8,94,-55
10:50:59,-9,91,-50
10:50:59,-26,90,-52
10:50:59,-16,92,-57
10:50:59,-8,95,-56
10:50:59,-17,95,-54
10:50:59,-16,94,-61
10:50:59,-18,89,-49
10:50:59,-13,89,-48
10:50:59,-4,95,-55
10:50:59,-19,90,-59
10:50:59,-20,91,-52
10:50:59,-13,92,-52
10:50:59,-4,94,-60
10:50:59,-16,91,-45
10:50:59,-18,89,-48
10:50:59,-17,93,-53
10:51:00,-15,91,-62
10:51:00,-9,89,-57
10:51:00,-19,92,-48
10:51:00,-17,95,-56
10:51:00,-13,90,-52
10:51:00,-7,89,-51
10:51:00,-22,93,-49
10:51:00,-27,89,-57
10:51:00,-16,93,-57
10:51:00,-9,94,-54
10:51:00,-16,93,-49
10:51:00,-17,89,-48
10:51:00,-10,88,-50
10:51:00,-14,94,-56
10:51:00,-8,93,-61
10:51:00,-12,88,-51
10:51:00,-19,93,-47
10:51:00,-13,94,-63
10:51:00,-8,93,-54
10:51:00,-20,93,-45
10:51:01,-24,87,-57
10:51:01,-15,89,-54
10:51:01,-12,93,-54
10:51:01,-7,96,-53
10:51:01,-19,92,-57
10:51:01,-27,88,-53
10:51:01,-13,91,-54
10:51:01,-8,94,-56
10:51:01,-14,94,-54
10:51:01,-21,90,-49
10:51:01,-15,92,-51
10:51:01,-5,93,-58
10:51:01,-12,91,-50
10:51:01,-18,92,-49
10:51:01,-16,92,-55
10:51:01,-11,91,-62
10:51:01,-10,92,-47
10:51:01,-22,94,-48
10:51:01,-24,94,-52
10:51:01,-8,93,-56
10:51:02,-6,92,-56
10:51:02,-16,92,-57
10:51:02,-27,93,-52
10:51:02,-18,92,-50
10:51:02,-8,93,-58
10:51:02,-10,93,-50
10:51:02,-15,88,-53
10:51:02,-12,92,-52
10:51:02,-14,94,-59
10:51:02,-15,90,-61
10:51:02,-19,88,-50
10:51:02,-20,90,-57
10:51:02,-11,91,-54
10:51:02,-6,92,-59
10:51:02,-10,93,-50
10:51:02,-25,91,-53
10:51:02,-20,88,-58
10:51:02,-15,91,-48
10:51:02,-8,94,-56
10:51:02,-24,92,-55
10:51:03,-27,92,-52
10:51:03,-6,91,-54
10:51:03,-6,92,-60
10:51:03,-16,92,-58
10:51:03,-26,89,-45
10:51:03,-14,92,-58
10:51:03,-9,94,-56
10:51:03,-14,96,-48
10:51:03,-22,91,-47
10:51:03,-19,88,-58
10:51:03,-9,89,-59
10:51:03,-8,90,-51
10:51:03,-20,93,-56
10:51:03,-19,93,-59
10:51:03,-14,94,-54
10:51:03,-8,93,-50
10:51:03,-13,92,-57
10:51:03,-17,91,-54
10:51:03,-15,89,-49
10:51:04,-10,92,-59
10:51:04,-10,95,-57
10:51:04,-19,90,-52
10:51:04,-19,94,-51
10:51:04,-9,91,-62
10:51:04,-6,90,-52
10:51:04,-9,90,-49
10:51:04,-27,94,-49
10:51:04,-11,95,-63
10:51:04,-10,92,-55
10:51:04,-14,93,-45
10:51:04,-16,90,-56
10:51:04,-22,91,-55
10:51:04,-13,94,-52
10:51:04,-11,93,-54
10:51:04,-19,91,-60
10:51:04,-22,90,-47
10:51:04,-12,92,-52
10:51:04,-3,95,-60
10:51:04,-14,90,-50
10:51:05,-18,87,-51
10:51:05,-19,94,-52
10:51:05,-16,93,-61
10:51:05,-8,94,-55
10:51:05,-21,91,-48
10:51:05,-18,90,-57
10:51:05,-8,91,-62
10:51:05,-6,93,-52
10:51:05,-24,92,-51
10:51:05,-19,92,-59
10:51:05,-14,91,-53
10:51:05,-11,92,-51
10:51:05,-10,93,-56
10:51:05,-24,91,-53
10:51:05,-18,89,-58
10:51:05,-10,90,-57
10:51:05,-6,94,-60
10:51:05,-21,89,-51
10:51:05,-12,92,-50
10:51:05,-9,92,-57
10:51:06,-6,91,-59
10:51:06,-18,93,-46
10:51:06,-24,92,-54
10:51:06,-20,93,-57
10:51:06,-5,91,-53
10:51:06,-15,93,-46
10:51:06,-23,93,-59
10:51:06,-18,91,-52
10:51:06,-7,91,-57
10:51:06,-16,93,-53
10:51:06,-19,94,-53
10:51:06,-18,90,-51
10:51:06,-12,94,-53
10:51:06,-8,92,-59
10:51:06,-10,90,-56
10:51:06,-21,91,-47
10:51:06,-19,91,-55
10:51:06,-9,92,-60
10:51:06,-14,90,-50
10:51:07,-19,90,-48
10:51:07,-19,95,-54
10:51:07,-14,94,-57
10:51:07,-11,92,-52
10:51:07,-16,94,-57
10:51:07,-24,89,-56
10:51:07,-13,89,-52
10:51:07,-7,95,-55
10:51:07,-8,95,-60
10:51:07,-21,91,-50
10:51:07,-15,90,-53
10:51:07,-14,92,-56
10:51:07,-8,94,-56
10:51:07,-21,92,-53
10:51:07,-28,92,-48
10:51:07,-13,91,-58
10:51:07,-11,91,-57
10:51:07,-16,90,-42
10:51:07,-20,90,-54
10:51:07,-18,91,-56
10:51:08,-7,92,-52
10:51:08,-5,95,-48
10:51:08,-22,92,-56
10:51:08,-17,93,-47
10:51:08,-11,89,-49
10:51:08,-11,90,-60
10:51:08,-13,91,-55
10:51:08,-20,91,-52
10:51:08,-13,94,-54
10:51:08,-13,96,-56
10:51:08,-15,91,-53
10:51:08,-22,86,-47
10:51:08,-20,91,-54
10:51:08,-5,94,-61
10:51:08,-10,94,-56
10:51:08,-19,90,-51
10:51:08,-15,93,-52
10:51:08,-11,90,-59
10:51:08,-6,92,-50
10:51:08,-15,94,-53
10:51:09,-18,91,-52
10:51:09,-16,92,-58
10:51:09,-8,94,-55
10:51:09,-8,97,-57
10:51:09,-17,93,-57
10:51:09,-15,89,-46
10:51:09,-6,89,-57
10:51:09,-12,92,-56
10:51:09,-22,90,-53
10:51:09,-21,92,-47
10:51:09,-15,93,-59
10:51:09,-2,92,-56
10:51:09,-17,89,-45
10:51:09,-23,91,-55
10:51:09,-22,91,-52
10:51:09,-6,89,-55
10:51:09,-7,94,-49
10:51:09,-19,95,-56
10:51:09,-18,92,-55
10:51:09,-15,89,-48
10:51:10,-7,91,-53
10:51:10,-14,93,-54
10:51:10,-17,90,-52
10:51:10,-17,94,-47
10:51:10,-13,96,-60
10:51:10,-11,90,-55
10:51:10,-23,89,-43
10:51:10,-13,91,-55
10:51:10,-12,98,-61
10:51:10,-7,90,-56
10:51:10,-23,85,-46
10:51:10,-16,92,-51
10:51:10,-9,91,-55
10:51:10,-12,92,-49
10:51:10,-15,91,-52
10:51:10,-23,88,-61
10:51:10,-13,89,-54
10:51:10,-5,91,-51
10:51:10,-8,93,-54
10:51:11,-21,89,-55
10:51:11,-18,89,-50
10:51:11,-13,90,-60
10:51:11,-8,99,-61
10:51:11,-14,89,-48
10:51:11,-26,89,-51
10:51:11,-17,91,-55
10:51:11,-5,93,-55
10:51:11,-7,93,-55
10:51:11,-20,91,-50
10:51:11,-14,92,-59
10:51:11,-11,89,-51
10:51:11,-14,90,-47
10:51:11,-17,94,-50
10:51:11,-20,91,-56
10:51:11,-8,92,-55
10:51:11,-6,92,-57
10:51:11,-21,93,-55
10:51:11,-23,88,-50
10:51:11,-12,90,-55
10:51:12,-6,94,-60
10:51:12,-11,93,-55
10:51:12,-16,91,-49
10:51:12,-19,89,-52
10:51:12,-10,95,-58
10:51:12,-8,90,-53
10:51:12,-10,89,-51
10:51:12,-23,93,-54
10:51:12,-15,97,-58
10:51:12,-13,92,-47
10:51:12,-13,91,-48
10:51:12,-18,89,-55
10:51:12,-14,90,-49
10:51:12,-5,93,-55
10:51:12,-13,95,-55
10:51:12,-21,91,-54
10:51:12,-23,90,-52
10:51:12,-12,93,-51
10:51:12,-9,93,-57
10:51:12,-21,89,-51
10:51:13,-21,88,-50
10:51:13,-16,93,-54
10:51:13,-6,94,-60
10:51:13,-9,92,-45
10:51:13,-21,91,-48
10:51:13,-20,90,-55
10:51:13,-8,91,-57
10:51:13,-15,95,-50
10:51:13,-19,94,-58
10:51:13,-20,93,-55
10:51:13,-12,92,-54
10:51:13,-8,94,-57
10:51:13,-14,94,-52
10:51:13,-19,90,-52
10:51:13,-17,91,-53
10:51:13,-10,93,-59
10:51:13,-12,96,-57
10:51:13,-16,93,-45
10:51:13,-23,93,-50
10:51:14,-13,93,-56
10:51:14,-9,87,-56
10:51:14,-16,88,-50
10:51:14,-22,92,-58
10:51:14,-22,95,-56
10:51:14,-8,90,-51
10:51:14,-16,93,-55
10:51:14,-18,89,-55
10:51:14,-16,91,-53
10:51:14,-4,90,-60
10:51:14,-16,96,-58
10:51:14,-19,88,-58
10:51:14,-26,90,-46
10:51:14,-11,94,-52
10:51:14,-5,93,-59
10:51:14,-18,94,-52
10:51:14,-20,90,-49
10:51:14,-17,94,-54
10:51:14,-8,93,-63
10:51:14,-10,93,-41
10:51:15,-18,93,-53
10:51:15,-19,90,-53
10:51:15,-16,89,-55
10:51:15,-8,92,-52
10:51:15,-16,91,-56
10:51:15,-22,89,-54
10:51:15,-16,90,-46
10:51:15,-5,93,-60
10:51:15,-14,94,-55
10:51:15,-26,91,-54
10:51:15,-15,93,-48
10:51:15,-12,92,-60
10:51:15,-8,92,-52
10:51:15,-18,89,-46
10:51:15,-16,95,-58
10:51:15,-16,96,-63
10:51:15,-4,89,-60
10:51:15,-15,90,-46
10:51:15,-22,93,-55
10:51:15,-17,93,-54
10:51:16,-5,92,-56
10:51:16,-8,92,-56
10:51:16,-16,95,-57
10:51:16,-20,92,-53
10:51:16,-8,89,-57
10:51:16,-9,93,-57
10:51:16,-25,90,-53
10:51:16,-21,93,-47
10:51:16,-10,93,-58
10:51:16,-9,93,-64
10:51:16,-10,88,-52
10:51:16,-16,90,-51
10:51:16,-18,94,-54
10:51:16,-9,92,-60
10:51:16,-10,93,-53
10:51:16,-20,90,-53
10:51:16,-18,91,-59
10:51:16,-7,92,-56
10:51:16,-14,93,-49
10:51:16,-14,93,-55
10:51:17,-24,89,-56
10:51:17,-16,91,-53
10:51:17,-10,96,-54
10:51:17,-5,98,-62
10:51:17,-16,89,-52
10:51:17,-28,90,-46
10:51:17,-8,90,-62
10:51:17,-11,93,-61
10:51:17,-17,91,-50
10:51:17,-23,89,-55
10:51:17,-13,92,-59
10:51:17,-7,88,-54
10:51:17,-20,91,-45
10:51:17,-24,92,-55
10:51:17,-16,90,-61
10:51:17,-5,91,-56
10:51:17,-15,94,-48
10:51:17,-15,92,-58
10:51:17,-23,89,-49
10:51:18,-11,88,-55
10:51:18,-4,92,-57
10:51:18,-20,92,-54
10:51:18,-20,93,-51
10:51:18,-15,94,-58
10:51:18,-8,96,-58
10:51:18,-8,89,-48
10:51:18,-16,91,-52
10:51:18,-20,95,-53
10:51:18,-8,90,-58
10:51:18,-14,92,-52
10:51:18,-23,93,-53
10:51:18,-18,94,-55
10:51:18,-12,91,-57
10:51:18,-11,89,-55
10:51:18,-21,92,-51
10:51:18,-20,89,-54
10:51:18,-17,91,-53
10:51:18,-5,96,-61
10:51:18,-11,95,-56
10:51:19,-22,86,-50
10:51:19,-22,89,-56
10:51:19,-13,91,-57
10:51:19,-8,92,-59
10:51:19,-14,90,-52
10:51:19,-21,92,-47
10:51:19,-10,94,-52
10:51:19,-8,93,-53
10:51:19,-13,92,-55
10:51:19,-22,95,-50
10:51:19,-17,92,-59
10:51:19,-6,90,-50
10:51:19,-13,93,-53
10:51:19,-18,94,-54
10:51:19,-18,92,-51
10:51:19,-11,89,-58
10:51:19,-9,91,-60
10:51:19,-18,90,-47
10:51:19,-19,89,-51
10:51:19,-18,93,-51
10:51:20,-6,91,-58
10:51:20,-9,93,-48
10:51:20,-22,92,-50
10:51:20,-17,92,-54
10:51:20,-13,91,-62
10:51:20,-12,88,-50
10:51:20,-18,93,-52
10:51:20,-18,92,-51
10:51:20,-9,93,-54
10:51:20,-9,91,-50
10:51:20,-11,92,-60
10:51:20,-23,90,-47
10:51:20,-16,91,-48
10:51:20,-10,95,-58
10:51:20,-6,92,-56
10:51:20,-21,89,-52
10:51:20,-12,91,-51
10:51:20,-9,96,-61
10:51:20,-8,90,-56
10:51:21,-18,88,-44
10:51:21,-14,92,-57
10:51:21,-15,94,-55
10:51:21,-5,93,-59
10:51:21,-13,93,-49
10:51:21,-28,90,-56
10:51:21,-20,88,-54
10:51:21,-9,89,-48
10:51:21,-10,95,-58
10:51:21,-20,94,-54
10:51:21,-15,89,-52
10:51:21,-14,91,-55
10:51:21,-10,97,-60
10:51:21,-14,93,-49
10:51:21,-20,91,-43
10:51:21,-15,92,-54
10:51:21,-5,96,-61
10:51:21,-12,92,-47
10:51:21,-21,90,-50
10:51:21,-21,93,-56
10:51:22,-8,88,-56
10:51:22,-11,88,-45
10:51:22,-18,94,-51
10:51:22,-23,92,-58
10:51:22,-16,93,-51
10:51:22,-5,89,-54
10:51:22,-11,91,-48
10:51:22,-23,88,-51
10:51:22,-20,90,-50
10:51:22,-13,92,-57
10:51:22,-16,93,-59
10:51:22,-15,88,-50
10:51:22,-21,90,-41
10:51:22,-6,94,-61
10:51:22,-8,90,-60
10:51:22,-22,90,-42
10:51:22,-19,88,-59
10:51:22,-20,96,-57
10:51:22,-6,94,-53
10:51:22,-16,93,-46
10:51:23,-22,91,-49
10:51:23,-13,90,-54
10:51:23,-10,91,-57
10:51:23,-21,93,-57
10:51:23,-16,95,-59
10:51:23,-19,88,-53
10:51:23,-15,89,-44
10:51:23,-5,92,-56
10:51:23,-15,92,-58
10:51:23,-17,89,-54
10:51:23,-22,88,-55
10:51:23,-12,93,-59
10:51:23,-7,91,-50
10:51:23,-16,91,-52
10:51:23,-20,93,-53
10:51:23,-16,91,-59
10:51:23,-7,89,-59
10:51:23,-16,90,-48
10:51:23,-18,93,-59
10:51:23,-15,91,-54
10:51:24,-8,93,-50
10:51:24,-15,94,-53
10:51:24,-22,88,-57
10:51:24,-20,92,-49
10:51:24,-9,96,-55
10:51:24,-12,92,-61
10:51:24,-16,89,-51
10:51:24,-13,92,-50
10:51:24,-13,96,-54
10:51:24,-8,91,-55
10:51:24,-19,88,-48
10:51:24,-19,90,-51
10:51:24,-19,92,-56
10:51:24,-13,93,-56
10:51:24,-12,96,-47
10:51:24,-21,91,-56
10:51:24,-18,91,-61
10:51:24,-12,89,-55
10:51:24,-14,90,-50
10:51:25,-16,91,-54
10:51:25,-20,90,-52
10:51:25,-15,93,-56
10:51:25,-11,92,-57
10:51:25,-17,91,-53
10:51:25,-20,88,-55
10:51:25,-20,90,-44
10:51:25,-3,92,-58
10:51:25,-14,92,-55
10:51:25,-16,90,-50
10:51:25,-12,94,-54
10:51:25,-6,95,-62
10:51:25,-14,92,-48
10:51:25,-16,90,-46
10:51:25,-25,91,-53
10:51:25,-20,92,-53
10:51:25,-2,94,-58
10:51:25,-15,96,-48
10:51:25,-26,89,-53
10:51:25,-14,88,-54
10:51:26,-11,93,-49
10:51:26,-8,92,-59
10:51:26,-17,94,-55
10:51:26,-20,93,-46
10:51:26,-16,91,-54
10:51:26,-11,92,-55
10:51:26,-17,90,-49
10:51:26,-22,93,-51
10:51:26,-15,93,-57
10:51:26,-10,92,-60
10:51:26,-11,94,-44
10:51:26,-16,89,-48
10:51:26,-20,95,-53
10:51:26,-9,89,-61
10:51:26,-11,93,-52
10:51:26,-14,91,-54
10:51:26,-22,91,-56
10:51:26,-17,91,-50
10:51:26,-7,92,-55
10:51:26,-13,94,-51
10:51:27,-19,86,-55
10:51:27,-20,91,-52
10:51:27,-12,95,-54
10:51:27,-13,95,-55
10:51:27,-21,88,-43
10:51:27,-13,91,-52
10:51:27,-11,91,-56
10:51:27,-9,92,-56
10:51:27,-14,93,-52
10:51:27,-26,92,-54
10:51:27,-17,95,-57
10:51:27,-1,91,-55
10:51:27,-10,96,-43
10:51:27,-18,89,-58
10:51:27,-21,92,-53
10:51:27,-13,92,-52
10:51:27,-12,94,-53
10:51:27,-17,93,-56
10:51:27,-23,91,-47
10:51:28,-10,93,-51
10:51:28,-7,92,-59
10:51:28,-16,91,-48
10:51:28,-24,90,-48
10:51:28,-15,92,-53
10:51:28,-16,97,-61
10:51:28,-13,91,-52
10:51:28,-25,90,-47
10:51:28,-14,94,-55
10:51:28,-11,91,-62
10:51:28,-7,91,-52
10:51:28,-23,91,-48
10:51:28,-24,92,-58
10:51:28,-16,89,-53
10:51:28,-5,93,-56
10:51:28,-13,98,-52
10:51:28,-20,91,-58
10:51:28,-20,93,-50
10:51:28,-7,92,-55
10:51:28,-9,90,-57
10:51:29,-19,93,-50
10:51:29,-20,91,-49
10:51:29,-13,95,-60
10:51:29,-11,93,-59
10:51:29,-11,89,-49
10:51:29,-20,92,-52
10:51:29,-22,93,-53
10:51:29,-9,92,-53
10:51:29,-10,91,-55
10:51:29,-22,90,-54
10:51:29,-17,94,-58
10:51:29,-9,91,-58
10:51:29,-6,89,-57
10:51:29,-17,90,-55
10:51:29,-21,91,-50
10:51:29,-10,95,-58
10:51:29,-11,96,-60
10:51:29,-8,93,-52
10:51:29,-22,87,-45
10:51:29,-18,92,-54
10:51:30,-7,93,-58
10:51:30,-9,90,-53
10:51:30,-16,94,-46
10:51:30,-17,94,-55
10:51:30,-11,94,-58
10:51:30,-9,90,-49
10:51:30,-15,90,-52
10:51:30,-22,89,-54
10:51:30,-19,94,-54
10:51:30,-4,92,-55
10:51:30,-12,94,-61
10:51:30,-20,87,-52
10:51:30,-15,87,-48
10:51:30,-7,94,-63
10:51:30,-9,95,-57
10:51:30,-18,90,-48
10:51:30,-20,90,-53
10:51:30,-16,95,-59
10:51:30,-9,93,-53
10:51:31,-15,89,-47
10:51:31,-17,92,-56
10:51:31,-23,92,-55
10:51:31,-7,94,-59
10:51:31,-13,92,-52
10:51:31,-16,97,-53
10:51:31,-17,90,-54
10:51:31,-16,88,-52
10:51:31,-12,93,-58
10:51:31,-17,96,-55
10:51:31,-19,94,-52
10:51:31,-22,90,-53
10:51:31,-9,94,-58
10:51:31,-15,92,-48
10:51:31,-20,91,-45
10:51:31,-15,91,-57
10:51:31,-12,93,-67
10:51:31,-13,91,-58
10:51:31,-17,90,-48
10:51:31,-16,91,-57
10:51:32,-18,96,-54
10:51:32,-7,89,-51
10:51:32,-24,90,-52
10:51:32,-22,88,-63
10:51:32,-16,91,-53
10:51:32,-3,95,-56
10:51:32,-8,93,-55
10:51:32,-18,91,-48
10:51:32,-17,89,-50
10:51:32,-13,93,-61
10:51:32,-11,98,-60
10:51:32,-13,90,-54
10:51:32,-23,91,-50
10:51:32,-16,91,-52
10:51:32,-4,95,-57
10:51:32,-18,95,-49
10:51:32,-24,91,-55
10:51:32,-17,92,-58
10:51:32,-16,91,-50
10:51:32,-13,91,-47
10:51:33,-23,96,-51
10:51:33,-23,93,-58
10:51:33,-16,91,-55
10:51:33,-7,89,-56
10:51:33,-18,90,-51
10:51:33,-26,90,-50
10:51:33,-17,92,-49
10:51:33,-8,94,-57
10:51:33,-15,91,-56
10:51:33,-19,90,-48
10:51:33,-17,90,-50
10:51:33,-3,98,-60
10:51:33,-9,91,-48
10:51:33,-20,90,-51
10:51:33,-24,93,-57
10:51:33,-11,96,-61
10:51:33,-11,93,-55
10:51:33,-17,94,-46
10:51:33,-20,89,-56
10:51:33,-19,89,-52
10:51:34,-8,94,-59
10:51:34,-12,93,-59
10:51:34,-21,93,-55
10:51:34,-17,89,-53
10:51:34,-13,90,-54
10:51:34,-8,97,-58
10:51:34,-18,88,-54
10:51:34,-24,90,-49
10:51:34,-16,92,-57
10:51:34,-4,94,-60
10:51:34,-8,92,-52
10:51:34,-19,91,-54
10:51:34,-18,92,-52
10:51:34,-17,87,-49
10:51:34,-12,92,-56
10:51:34,-17,94,-51
10:51:34,-15,93,-57
10:51:34,-14,93,-56
10:51:34,-9,92,-52
10:51:35,-16,93,-55
10:51:35,-19,89,-54
10:51:35,-21,92,-51
10:51:35,-4,92,-61
10:51:35,-14,93,-53
10:51:35,-15,90,-46
10:51:35,-17,90,-55
10:51:35,-10,92,-59
10:51:35,-13,92,-53
10:51:35,-26,88,-50
10:51:35,-25,93,-52
10:51:35,-13,92,-53
10:51:35,-9,92,-53
10:51:35,-19,94,-46
10:51:35,-25,87,-60
10:51:35,-10,90,-54
10:51:35,-5,91,-55
10:51:35,-13,99,-53
10:51:35,-21,91,-56
10:51:35,-20,90,-46
10:51:36,-13,93,-52
10:51:36,-7,92,-56
10:51:36,-14,91,-56
10:51:36,-19,91,-50
10:51:36,-19,95,-52
10:51:36,-8,91,-61
10:51:36,-13,90,-46
10:51:36,-24,91,-51
10:51:36,-15,90,-54
10:51:36,-12,93,-61
10:51:36,-7,94,-48
10:51:36,-21,90,-54
10:51:36,-20,94,-53
10:51:36,-11,92,-51
10:51:36,-6,89,-54
10:51:36,-11,93,-59
10:51:36,-20,90,-54
10:51:36,-22,91,-49
10:51:36,-12,92,-62
10:51:36,-4,91,-59
10:51:37,-14,88,-46
10:51:37,-20,92,-52
10:51:37,-16,92,-58
10:51:37,-10,93,-58
10:51:37,-22,89,-46
10:51:37,-23,90,-57
10:51:37,-14,90,-56
10:51:37,-8,94,-51
10:51:37,-9,94,-50
10:51:37,-17,91,-55
10:51:37,-14,90,-54
10:51:37,-9,90,-50
10:51:37,-11,95,-58
10:51:37,-18,90,-54
10:51:37,-21,90,-54
10:51:37,-10,92,-55
10:51:37,0,95,-61
10:51:37,-15,92,-50
10:51:37,-18,89,-49
10:51:38,-16,88,-54
10:51:38,-14,93,-57
10:51:38,-11,93,-49
10:51:38,-15,94,-50
10:51:38,-22,95,-55
10:51:38,-10,90,-60
10:51:38,-4,88,-43
10:51:38,-18,92,-49
10:51:38,-18,92,-53
10:51:38,-14,95,-54
10:51:38,-5,94,-56
10:51:38,-18,91,-54
10:51:38,-20,87,-50
10:51:38,-12,88,-49
10:51:38,-11,91,-56
10:51:38,-12,93,-60
10:51:38,-16,89,-52
10:51:38,-17,89,-53
10:51:38,-16,96,-59
10:51:38,-10,90,-58
10:51:39,-19,92,-45
10:51:39,-27,91,-54
10:51:39,-17,92,-55
10:51:39,-6,92,-55
10:51:39,-11,92,-51
10:51:39,-21,95,-54
10:51:39,-14,92,-51
10:51:39,-10,89,-51
10:51:39,-5,94,-53
10:51:39,-15,94,-63
10:51:39,-20,94,-51
10:51:39,-3,89,-57
10:51:39,-7,92,-58
10:51:39,-15,91,-48
10:51:39,-19,90,-45
10:51:39,-21,92,-51
10:51:39,-10,93,-67
10:51:39,-10,94,-47
10:51:39,-18,88,-44
10:51:39,-19,91,-57
10:51:40,-16,93,-55
10:51:40,-5,91,-51
10:51:40,-17,90,-52
10:51:40,-23,93,-58
10:51:40,-14,93,-57
10:51:40,-8,91,-48
10:51:40,-16,92,-50
10:51:40,-21,90,-53
10:51:40,-15,91,-49
10:51:40,-15,91,-60
10:51:40,-11,97,-58
10:51:40,-15,91,-47
10:51:40,-15,89,-48
10:51:40,-15,92,-54
10:51:40,-8,93,-58
10:51:40,-10,91,-57
10:51:40,-30,90,-48
10:51:40,-15,93,-55
10:51:40,-5,91,-59
10:51:40,-9,93,-45
10:51:41,-17,95,-53
10:51:41,-21,89,-58
10:51:41,-13,91,-54
10:51:41,-9,93,-56
10:51:41,-17,92,-57
10:51:41,-24,91,-50
10:51:41,-14,91,-47
10:51:41,-6,95,-62
10:51:41,-11,93,-54
10:51:41,-19,91,-47
10:51:41,-26,91,-51
10:51:41,-11,94,-57
10:51:41,-5,91,-55
10:51:41,-12,91,-51
10:51:41,-20,93,-58
10:51:41,-14,95,-59
10:51:41,-10,88,-52
10:51:41,-18,89,-47
10:51:41,-19,92,-59
10:51:42,-17,95,-52
10:51:42,-9,93,-51
10:51:42,-15,93,-55
10:51:42,-22,90,-51
10:51:42,-20,88,-46
10:51:42,-16,91,-51
10:51:42,-10,94,-56
10:51:42,-24,89,-57
10:51:42,-21,89,-51
10:51:42,-15,91,-56
10:51:42,-6,95,-63
10:51:42,-14,92,-42
10:51:42,-22,90,-50
10:51:42,-15,94,-54
10:51:42,-14,90,-57
10:51:42,-9,93,-50
10:51:42,-15,93,-55
10:51:42,-25,94,-53
10:51:42,-8,89,-54
10:51:42,-8,93,-53
10:51:43,-20,92,-53
10:51:43,-19,93,-56
10:51:43,-16,92,-56
10:51:43,-14,95,-55
10:51:43,-12,94,-52
10:51:43,-18,90,-49
10:51:43,-16,94,-48
10:51:43,-13,91,-58
10:51:43,-11,95,-50
10:51:43,-12,89,-54
10:51:43,-22,92,-55
10:51:43,-12,95,-58
10:51:43,-10,93,-52
10:51:43,-15,93,-52
10:51:43,-26,90,-55
10:51:43,-18,93,-55
10:51:43,-9,90,-52
10:51:43,-13,95,-45
10:51:43,-19,94,-56
10:51:43,-23,86,-52
10:51:44,-12,89,-56
10:51:44,-7,92,-57
10:51:44,-19,91,-58
10:51:44,-18,93,-50
10:51:44,-12,94,-55
10:51:44,-5,93,-59
10:51:44,-18,90,-48
10:51:44,-17,90,-56
10:51:44,-15,95,-52
10:51:44,-13,96,-58
10:51:44,-4,92,-52
10:51:44,-16,92,-49
10:51:44,-16,93,-55
10:51:44,-14,91,-58
10:51:44,-9,92,-56
10:51:44,-16,92,-50
10:51:44,-23,90,-58
10:51:44,-14,91,-52
10:51:44,-5,94,-56
10:51:45,-10,95,-55
10:51:45,-25,90,-47
10:51:45,-14,88,-58
10:51:45,-11,94,-58
10:51:45,-14,94,-57
10:51:45,-18,90,-49
10:51:45,-21,92,-54
10:51:45,-10,90,-56
10:51:45,-4,92,-57
10:51:45,-9,91,-51
10:51:45,-23,94,-52
10:51:45,-17,92,-54
10:51:45,-6,91,-56
10:51:45,-6,96,-53
10:51:45,-25,96,-50
10:51:45,-18,89,-53
10:51:45,-4,91,-55
10:51:45,-5,97,-62
10:51:45,-19,94,-52
10:51:45,-22,90,-48
10:51:46,-16,90,-56
10:51:46,-6,96,-57
10:51:46,-13,92,-50
10:51:46,-21,91,-49
10:51:46,-19,90,-59
10:51:46,-10,88,-64
10:51:46,-6,91,-48
10:51:46,-14,92,-56
10:51:46,-15,95,-56
10:51:46,-9,92,-61
10:51:46,-12,93,-50
10:51:46,-18,94,-54
10:51:46,-16,89,-59
10:51:46,-18,92,-48
10:51:46,-6,92,-61
10:51:46,-9,96,-57
10:51:46,-18,94,-50
10:51:46,-21,91,-57
10:51:46,-12,95,-61
10:51:46,-10,91,-55
10:51:47,-15,89,-50
10:51:47,-20,91,-54
10:51:47,-14,97,-59
10:51:47,-9,93,-59
10:51:47,-12,91,-44
10:51:47,-18,89,-55
10:51:47,-14,88,-57
10:51:47,-9,91,-52
10:51:47,-10,96,-55
10:51:47,-17,91,-63
10:51:47,-20,91,-53
10:51:47,-13,93,-49
10:51:47,-4,94,-61
10:51:47,-18,90,-53
10:51:47,-24,89,-48
10:51:47,-20,95,-55
10:51:47,-7,95,-67
10:51:47,-6,96,-48
10:51:47,-26,89,-47
10:51:47,-13,90,-54
10:51:48,-2,92,-58
10:51:48,-10,94,-51
10:51:48,-20,92,-56
10:51:48,-22,93,-56
10:51:48,-13,88,-55
10:51:48,-12,91,-51
10:51:48,-13,94,-54
10:51:48,-26,90,-51
10:51:48,-20,91,-57
10:51:48,-19,91,-59
10:51:48,-7,91,-62
10:51:48,-16,89,-54
10:51:48,-19,93,-53
10:51:48,-9,93,-56
10:51:48,-8,91,-60
10:51:48,-20,91,-48
10:51:48,-24,91,-55
10:51:48,-14,97,-59
10:51:48,-2,89,-55
10:51:49,-6,95,-53
10:51:49,-22,96,-56
10:51:49,-16,92,-57
10:51:49,-15,91,-56
10:51:49,-18,93,-54
10:51:49,-16,92,-55
10:51:49,-14,91,-50
10:51:49,-8,94,-58
10:51:49,-12,91,-60
10:51:49,-16,88,-53
10:51:49,-26,86,-50
10:51:49,-19,89,-51
10:51:49,-10,94,-58
10:51:49,-8,91,-49
10:51:49,-22,90,-53
10:51:49,-17,90,-57
10:51:49,-14,89,-55
10:51:49,-13,91,-51
10:51:49,-13,93,-52
10:51:49,-19,91,-55
10:51:50,-18,90,-48
10:51:50,-11,92,-57
10:51:50,-10,92,-52
10:51:50,-16,93,-57
10:51:50,-15,90,-54
10:51:50,-13,95,-51
10:51:50,-7,94,-60
10:51:50,-16,91,-50
10:51:50,-19,92,-51
10:51:50,-13,94,-57
10:51:50,-12,92,-58
10:51:50,-12,89,-49
10:51:50,-23,88,-51
10:51:50,-13,96,-58
10:51:50,-8,93,-54
10:51:50,-19,94,-48
10:51:50,-23,89,-53
10:51:50,-16,91,-58
10:51:50,-4,92,-57
10:51:50,-15,93,-53
10:51:51,-20,90,-58
10:51:51,-22,89,-50
10:51:51,-12,93,-52
10:51:51,-4,94,-61
10:51:51,-17,93,-53
10:51:51,-17,89,-49
10:51:51,-21,89,-53
10:51:51,-7,95,-57
10:51:51,-8,92,-52
10:51:51,-20,91,-51
10:51:51,-16,94,-55
10:51:51,-8,90,-57
10:51:51,-5,93,-49
10:51:51,-20,93,-52
10:51:51,-21,89,-54
10:51:51,-21,93,-50
10:51:51,-10,92,-55
10:51:51,-9,96,-57
10:51:51,-21,91,-52
10:51:52,-15,88,-46
10:51:52,-8,91,-57
10:51:52,-7,91,-63
10:51:52,-21,92,-49
10:51:52,-18,92,-52
10:51:52,-12,95,-58
10:51:52,-5,91,-54
10:51:52,-10,90,-46
10:51:52,-23,91,-54
10:51:52,-20,90,-59
10:51:52,-7,91,-60
10:51:52,-9,94,-48
10:51:52,-20,94,-57
10:51:52,-19,92,-51
10:51:52,-12,90,-50
10:51:52,-10,91,-54
10:51:52,-13,92,-59
10:51:52,-18,92,-51
10:51:52,-15,95,-52
10:51:52,-8,93,-65
10:51:53,-19,92,-48
10:51:53,-19,86,-49
10:51:53,-17,91,-54
10:51:53,-10,94,-62
10:51:53,-10,93,-53
10:51:53,-19,91,-41
10:51:53,-13,92,-58
10:51:53,-13,92,-58
10:51:53,-4,93,-51
10:51:53,-16,92,-51
10:51:53,-27,90,-57
10:51:53,-14,91,-52
10:51:53,-9,91,-48
10:51:53,-6,96,-55
10:51:53,-17,91,-56
10:51:53,-18,90,-48
10:51:53,-11,93,-56
10:51:53,-8,96,-57
10:51:53,-20,91,-48
10:51:53,-22,91,-49
10:51:54,-12,90,-58
10:51:54,-3,92,-60
10:51:54,-8,90,-52
10:51:54,-26,91,-50
10:51:54,-18,90,-59
10:51:54,-12,89,-55
10:51:54,-14,91,-47
10:51:54,-18,94,-53
10:51:54,-18,91,-57
10:51:54,-17,89,-52
10:51:54,-13,92,-53
10:51:54,-17,91,-57
10:51:54,-24,88,-55
10:51:54,-16,91,-45
10:51:54,-2,94,-55
10:51:54,-12,90,-56
10:51:54,-17,90,-45
10:51:54,-19,90,-53
10:51:54,-11,94,-57
10:51:54,-8,89,-54
10:51:55,-18,89,-42
10:51:55,-19,93,-54
10:51:55,-15,95,-53
10:51:55,-3,91,-55
10:51:55,-20,93,-53
10:51:55,-22,90,-55
10:51:55,-19,90,-50
10:51:55,-3,91,-55
10:51:55,-12,96,-52
10:51:55,-23,91,-58
10:51:55,-26,90,-49
10:51:55,-10,89,-55
10:51:55,-5,93,-63
10:51:55,-20,90,-51
10:51:55,-21,91,-53
10:51:55,-12,92,-54
10:51:55,-8,94,-59
10:51:55,-14,91,-43
10:51:55,-22,92,-51
10:51:56,-15,94,-57
10:51:56,-9,87,-59
10:51:56,-9,95,-51
10:51:56,-16,94,-55
10:51:56,-21,93,-56
10:51:56,-13,91,-54
10:51:56,0,92,-55
10:51:56,-7,92,-54
10:51:56,-22,89,-52
10:51:56,-17,94,-51
10:51:56,-12,93,-60
10:51:56,-12,94,-54
10:51:56,-21,90,-39
10:51:56,-11,91,-52
10:51:56,-15,95,-56
10:51:56,-9,90,-52
10:51:56,-19,88,-53
10:51:56,-21,93,-52
10:51:56,-16,96,-56
10:51:56,-5,92,-51
10:51:57,-17,92,-50
10:51:57,-17,89,-57
10:51:57,-17,87,-55
10:51:57,-9,90,-59
10:51:57,-11,97,-58
10:51:57,-16,91,-54
10:51:57,-21,91,-46
10:51:57,-12,91,-57
10:51:57,2,95,-64
10:51:57,-25,94,-46
10:51:57,-20,90,-51
10:51:57,-17,96,-56
10:51:57,-10,94,-56
10:51:57,-14,93,-45
10:51:57,-19,93,-52
10:51:57,-17,89,-56
10:51:57,-17,91,-58
10:51:57,-6,93,-52
10:51:57,-19,94,-55
10:51:57,-22,92,-57
10:51:58,-6,91,-53
10:51:58,-8,94,-56
10:51:58,-16,93,-57
10:51:58,-22,91,-57
10:51:58,-20,91,-51
10:51:58,-11,93,-64
10:51:58,-8,92,-49
10:51:58,-23,87,-47
10:51:58,-21,95,-53
10:51:58,-14,96,-58
10:51:58,-5,88,-61
10:51:58,-15,89,-44
10:51:58,-23,91,-55
10:51:58,-15,94,-54
10:51:58,-10,91,-52
10:51:58,-15,94,-50
10:51:58,-25,92,-57
10:51:58,-16,91,-56
10:51:58,-7,90,-55
10:51:59,-10,98,-56
10:51:59,-15,91,-53
10:51:59,-20,88,-50
10:51:59,-16,91,-54
10:51:59,-8,96,-61
10:51:59,-12,93,-55
10:51:59,-20,88,-49
10:51:59,-14,92,-54
10:51:59,-9,93,-57
10:51:59,-16,92,-46
10:51:59,-21,92,-50
10:51:59,-14,95,-62
10:51:59,-13,91,-56
10:51:59,-9,90,-44
10:51:59,-16,92,-56
10:51:59,-24,91,-54
10:51:59,-12,89,-57
10:51:59,-5,94,-54
10:51:59,-15,94,-50
10:51:59,-16,89,-58
10:52:00,-19,91,-48
10:52:00,-10,94,-58
10:52:00,-16,93,-58
10:52:00,-17,88,-56
10:52:00,-21,93,-50
10:52:00,-12,94,-60
10:52:00,-1,91,-59
10:52:00,-24,90,-42
10:52:00,-26,89,-57
10:52:00,-13,94,-60
10:52:00,-2,96,-55
10:52:00,-13,93,-46
10:52:00,-12,91,-55
10:52:00,-24,88,-53
10:52:00,-12,88,-55
10:52:00,-10,93,-60
10:52:00,-16,97,-59
10:52:00,-18,93,-52
10:52:00,-11,92,-52
10:52:00,-6,92,-57
10:52:01,-19,90,-57
10:52:01,-17,89,-55
10:52:01,-16,95,-54
10:52:01,-11,96,-65
10:52:01,-5,92,-52
10:52:01,-15,93,-48
10:52:01,-11,91,-62
10:52:01,-18,91,-51
10:52:01,-11,90,-55
10:52:01,-23,90,-51
10:52:01,-25,90,-58
10:52:01,-16,94,-54
10:52:01,-5,92,-52
10:52:01,-13,92,-55
10:52:01,-24,88,-54
10:52:01,-14,88,-52
10:52:01,-13,94,-53
10:52:01,-8,95,-65
10:52:01,-22,92,-49
10:52:01,-22,89,-51
10:52:02,-12,91,-60
10:52:02,-4,91,-58
10:52:02,-16,94,-49
10:52:02,-27,90,-49
10:52:02,-15,93,-59
10:52:02,-6,89,-60
10:52:02,-16,95,-43
10:52:02,-22,93,-53
10:52:02,-17,90,-60
10:52:02,-6,91,-59
10:52:02,-9,94,-51
10:52:02,-14,94,-59
10:52:02,-25,89,-50
10:52:02,-13,90,-52
10:52:02,-11,97,-54
10:52:02,-16,90,-58
10:52:02,-19,91,-56
10:52:02,-23,93,-52
10:52:02,-12,91,-60
10:52:03,-7,92,-50
10:52:03,-15,92,-50
10:52:03,-21,92,-56
10:52:03,-13,97,-60
10:52:03,-7,92,-54
10:52:03,-21,87,-50
10:52:03,-22,90,-55
10:52:03,-19,92,-49
10:52:03,-3,93,-56
10:52:03,-11,96,-57
10:52:03,-9,90,-56
10:52:03,-21,91,-52
10:52:03,-11,93,-58
10:52:03,-10,93,-53
10:52:03,-18,87,-56
10:52:03,-21,91,-50
10:52:03,-11,94,-56
10:52:03,-7,95,-58
10:52:03,-15,88,-48
10:52:03,-23,91,-50
10:52:04,-19,88,-56
10:52:04,-4,91,-59
10:52:04,-7,97,-50
10:52:04,-19,93,-58
10:52:04,-23,90,-53
10:52:04,-14,87,-54
10:52:04,-14,91,-50
10:52:04,-16,92,-54
10:52:04,-21,93,-53
10:52:04,-16,92,-53
10:52:04,-14,94,-52
10:52:04,-14,89,-56
10:52:04,-16,88,-50
10:52:04,-14,92,-52
10:52:04,-7,93,-59
10:52:04,-7,91,-52
10:52:04,-23,91,-47
10:52:04,-24,92,-54
10:52:04,-20,94,-57
10:52:04,-14,92,-48
10:52:05,-16,90,-54
10:52:05,-19,88,-58
10:52:05,-15,93,-53
10:52:05,-5,93,-55
10:52:05,-16,96,-53
10:52:05,-19,89,-57
10:52:05,-18,90,-46
10:52:05,-14,92,-55
10:52:05,-13,94,-56
10:52:05,-15,92,-54
10:52:05,-21,92,-47
10:52:05,-12,93,-52
10:52:05,-9,92,-59
10:52:05,-11,92,-43
10:52:05,-22,91,-50
10:52:05,-22,94,-52
10:52:05,-12,91,-63
10:52:05,-9,92,-49
10:52:05,-18,93,-51
10:52:06,-16,94,-52
10:52:06,-9,89,-51
10:52:06,-9,89,-57
10:52:06,-20,91,-58
10:52:06,-25,92,-55
10:52:06,-15,92,-50
10:52:06,-9,92,-58
10:52:06,-7,94,-54
10:52:06,-18,89,-46
10:52:06,-19,90,-57
10:52:06,-12,92,-59
10:52:06,-9,91,-52
10:52:06,-19,90,-46
10:52:06,-23,95,-52
10:52:06,-9,93,-50
10:52:06,-9,88,-51
10:52:06,-11,90,-55
10:52:06,-25,94,-51
10:52:06,-12,93,-52
10:52:06,-1,90,-50
10:52:07,-11,92,-53
10:52:07,-22,90,-54
10:52:07,-18,92,-47
10:52:07,-13,91,-52
10:52:07,-12,95,-60
10:52:07,-14,88,-48
10:52:07,-19,88,-46
10:52:07,-18,95,-56
10:52:07,-9,91,-59
10:52:07,-11,92,-48
10:52:07,-23,90,-51
10:52:07,-21,89,-58
10:52:08,-11,89,-51
10:52:08,-7,92,-45
10:52:08,-17,94,-55
10:52:08,-18,91,-57
10:52:08,-10,93,-54
10:52:08,-8,93,-56
10:52:08,-15,94,-61
10:52:08,-21,91,-45
10:52:08,-14,89,-49
10:52:08,-9,94,-57
10:52:08,-6,94,-60
10:52:08,-19,93,-46
10:52:08,-20,91,-50
10:52:08,-11,90,-58
10:52:08,-10,90,-51
10:52:08,-19,90,-53
10:52:08,-21,93,-53
10:52:08,-15,93,-58
10:52:08,-8,90,-53
10:52:08,-15,88,-46
10:52:08,-18,91,-58
10:52:08,-21,92,-55
10:52:08,-9,89,-49
10:52:08,-15,92,-54
10:52:08,-20,89,-53
10:52:08,-19,91,-50
10:52:08,-13,93,-54
10:52:08,-7,93,-56
10:52:09,-15,89,-45
10:52:09,-17,89,-49
10:52:09,-20,93,-53
10:52:09,-9,92,-61
10:52:09,-12,95,-46
10:52:09,-20,89,-49
10:52:09,-16,90,-56
10:52:09,-10,92,-56
10:52:09,-4,93,-50
10:52:09,-23,92,-52
10:52:09,-18,92,-57
10:52:09,-13,93,-53
10:52:09,-6,92,-53
10:52:09,-15,95,-51
10:52:09,-26,87,-56
10:52:09,-17,87,-57
10:52:09,-8,93,-57
10:52:09,-11,95,-54
10:52:09,-25,90,-44
10:52:10,-22,90,-49
10:52:10,-11,91,-59
10:52:10,-9,91,-58
10:52:10,-13,93,-48
10:52:10,-21,93,-54
10:52:10,-19,99,-56
10:52:10,-7,91,-54
10:52:10,-13,93,-47
10:52:10,-21,90,-52
10:52:10,-15,93,-54
10:52:10,-8,90,-54
10:52:12,-11,93,-56
10:52:12,-17,94,-56
10:52:12,-17,91,-48
10:52:12,-7,94,-57
10:52:12,-7,90,-57
10:52:12,-14,90,-53
10:52:12,-20,90,-47
10:52:12,-14,93,-60
10:52:12,-16,97,-60
10:52:12,-13,90,-46
10:52:12,-20,88,-51
10:52:12,-12,91,-55
10:52:12,-5,93,-61
10:52:12,-9,92,-52
10:52:12,-21,92,-54
10:52:12,-24,89,-56
10:52:12,-18,90,-47
10:52:12,-6,96,-57
10:52:12,-12,96,-54
10:52:12,-21,90,-55
10:52:12,-17,91,-54
10:52:12,-10,94,-55
10:52:12,-12,92,-55
10:52:12,-17,91,-49
10:52:12,-19,93,-49
10:52:12,-11,91,-58
10:52:12,-11,93,-56
10:52:12,-17,89,-45
10:52:12,-19,92,-56
10:52:12,-14,92,-57
10:52:12,-5,90,-53
10:52:12,-9,95,-51
10:52:12,-20,95,-55
10:52:12,-21,90,-55
10:52:12,-11,90,-55
10:52:12,-9,90,-55
10:52:12,-21,90,-51
10:52:12,-12,90,-57
10:52:12,-10,97,-58
10:52:12,-8,96,-64
10:52:12,-15,90,-53
10:52:12,-24,88,-50
10:52:12,-19,91,-60
10:52:12,-7,95,-57
10:52:12,-10,90,-50
10:52:12,-16,90,-51
10:52:12,-17,91,-56
10:52:12,-11,93,-57
10:52:13,-3,93,-52
10:52:13,-23,92,-47
10:52:13,-23,90,-53
10:52:13,-18,92,-55
10:52:13,-6,94,-53
10:52:13,-9,97,-62
10:52:13,-18,89,-52
10:52:13,-13,91,-47
10:52:13,-8,92,-57
10:52:13,-10,94,-62
10:52:13,-15,91,-51
10:52:13,-23,89,-53
10:52:13,-14,94,-61
10:52:13,-6,91,-57
10:52:13,-12,91,-48
10:52:13,-20,92,-55
10:52:13,-19,90,-55
10:52:13,-10,93,-55
10:52:13,-6,92,-57
10:52:13,-23,95,-54
10:52:14,-19,93,-53
10:52:14,-11,88,-55
10:52:14,-9,92,-55
10:52:14,-12,92,-55
10:52:14,-18,92,-52
10:52:14,-13,92,-54
10:52:14,-10,96,-63
10:52:14,-14,91,-44
10:52:14,-23,88,-48
10:52:14,-19,93,-55
10:52:14,-11,96,-63
10:52:14,-12,94,-53
10:52:14,-20,89,-43
10:52:14,-15,89,-58
10:52:14,-13,92,-58
10:52:14,-8,93,-48
10:52:14,-22,92,-55
10:52:14,-28,91,-59
10:52:14,-18,90,-57
10:52:14,-3,92,-52
10:52:15,-12,96,-56
10:52:15,-22,89,-52
10:52:15,-17,91,-51
10:52:15,-12,90,-63
10:52:15,-11,93,-63
10:52:15,-16,88,-51
10:52:15,-10,92,-47
10:52:15,-9,96,-56
10:52:15,-9,92,-60
10:52:15,-7,93,-55
10:52:15,-25,90,-54
10:52:15,-16,94,-60
10:52:15,-10,93,-58
10:52:15,-13,93,-45
10:52:15,-20,91,-55
10:52:15,-19,94,-57
10:52:15,-10,93,-57
10:52:15,-12,91,-61
10:52:15,-17,90,-58
10:52:15,-26,91,-51
10:52:16,-19,91,-51
10:52:16,-1,96,-60
10:52:16,-13,95,-52
10:52:16,-23,88,-51
10:52:16,-16,89,-55
10:52:16,-5,92,-59
10:52:16,-10,93,-50
10:52:16,-18,90,-50
10:52:16,-25,93,-56
10:52:16,-11,91,-64
10:52:16,-6,94,-50
10:52:16,-6,93,-52
10:52:16,-24,92,-54
10:52:16,-12,89,-54
10:52:16,-11,93,-52
10:52:16,-13,94,-55
10:52:16,-20,94,-56
10:52:16,-17,91,-52
10:52:16,-13,92,-55
10:52:17,-11,92,-55
10:52:17,-25,89,-51
10:52:17,-17,91,-50
10:52:17,-17,91,-63
10:52:17,-7,96,-64
10:52:17,-16,93,-43
10:52:17,-17,87,-54
10:52:17,-18,95,-53
10:52:17,-11,91,-55
10:52:17,-8,91,-57
10:52:17,-17,89,-54
10:52:17,-18,90,-60
10:52:17,-15,95,-52
10:52:17,-7,90,-55
10:52:17,-18,93,-54
10:52:17,-24,89,-54
10:52:17,-19,92,-50
10:52:17,-7,96,-56
10:52:17,-12,97,-55
10:52:17,-17,88,-49
10:52:18,-21,90,-51
10:52:18,-12,92,-59
10:52:18,-11,91,-55
10:52:18,-18,91,-52
10:52:18,-17,94,-53
10:52:18,-15,94,-57
10:52:18,-3,90,-56
10:52:18,-12,93,-47
10:52:18,-23,92,-56
10:52:18,-16,96,-53
10:52:18,-6,91,-57
10:52:18,-19,92,-48
10:52:18,-17,93,-57
10:52:18,-17,89,-52
10:52:18,-11,92,-56
10:52:18,-10,91,-60
10:52:18,-18,93,-48
10:52:18,-22,92,-50
10:52:18,-18,94,-51
10:52:18,-1,95,-61
10:52:19,-16,90,-47
10:52:19,-21,87,-50
10:52:19,-17,89,-58
10:52:19,-9,94,-58
10:52:19,-7,94,-52
10:52:19,-20,91,-53
10:52:19,-18,91,-57
10:52:19,-11,91,-53
10:52:19,-9,91,-57
10:52:19,-15,95,-54
10:52:19,-26,89,-54
10:52:19,-15,89,-54
10:52:19,-14,92,-51
10:52:19,-9,96,-50
10:52:19,-18,92,-54
10:52:19,-24,91,-51
10:52:19,-9,92,-56
10:52:19,-8,94,-55
10:52:19,-17,91,-48
10:52:20,-24,93,-54
10:52:20,-9,90,-58
10:52:20,-4,93,-51
10:52:20,-12,92,-49
10:52:20,-20,94,-55
10:52:20,-13,89,-53
10:52:20,-12,89,-51
10:52:20,-11,95,-57
10:52:20,-15,91,-54
10:52:20,-14,93,-52
10:52:20,-13,92,-57
10:52:20,-7,93,-59
10:52:20,-19,88,-52
10:52:20,-21,88,-52
10:52:20,-18,93,-57
10:52:20,-7,94,-58
10:52:20,-11,90,-51
10:52:20,-13,89,-47
10:52:20,-16,95,-56
10:52:20,-12,92,-57
10:52:21,-6,88,-50
10:52:21,-16,89,-56
10:52:21,-19,93,-52
10:52:21,-12,92,-54
10:52:21,-3,94,-53
10:52:21,-14,93,-58
10:52:21,-26,88,-49
10:52:21,-18,89,-45
10:52:21,-2,93,-57
10:52:21,-8,95,-57
10:52:21,-15,91,-47
10:52:21,-20,91,-52
10:52:21,-13,92,-61
10:52:21,-1,91,-57
10:52:21,-19,91,-39
10:52:21,-24,92,-53
10:52:21,-15,92,-55
10:52:21,-3,94,-55
10:52:21,-19,93,-44
10:52:21,-21,93,-54
10:52:22,-19,89,-51
10:52:22,-17,89,-51
10:52:22,-6,95,-57
10:52:22,-20,93,-60
10:52:22,-23,92,-54
10:52:22,-12,89,-49
10:52:22,-3,91,-59
10:52:22,-14,92,-51
10:52:22,-19,90,-46
10:52:22,-19,93,-54
10:52:22,-12,95,-66
10:52:22,-11,89,-50
10:52:22,-20,90,-45
10:52:22,-18,92,-53
10:52:22,-12,93,-55
10:52:22,-3,90,-52
10:52:22,-18,92,-54
10:52:22,-22,90,-56
10:52:22,-12,92,-53
10:52:22,-3,94,-50
10:52:23,-15,94,-51
10:52:23,-19,90,-55
10:52:23,-18,90,-49
10:52:23,-15,92,-55
10:52:23,-11,98,-58
10:52:23,-21,89,-46
10:52:23,-12,88,-55
10:52:23,-11,91,-55
10:52:23,-2,91,-63
10:52:23,-15,93,-50
10:52:23,-22,90,-52
10:52:23,-14,95,-58
10:52:23,-8,91,-54
10:52:23,-14,89,-48
10:52:23,-23,93,-49
10:52:23,-19,90,-57
10:52:23,-12,90,-55
10:52:23,-13,90,-50
10:52:23,-16,86,-57
10:52:24,-23,92,-47
10:52:24,-10,94,-50
10:52:24,-6,94,-54
10:52:24,-13,89,-57
10:52:24,-20,89,-54
10:52:24,-19,93,-48
10:52:24,-4,97,-61
10:52:24,-11,91,-50
10:52:24,-11,91,-47
10:52:24,-22,90,-52
10:52:24,-13,92,-64
10:52:24,-8,91,-55
10:52:24,-20,90,-49
10:52:24,-28,92,-53
10:52:24,-17,91,-49
10:52:24,-3,92,-55
10:52:24,-16,95,-56
10:52:24,-21,90,-57
10:52:24,-17,89,-54
10:52:24,-12,88,-56
10:52:25,-9,96,-54
10:52:25,-20,92,-53
10:52:25,-20,91,-48
10:52:25,-10,92,-55
10:52:25,-1,91,-63
10:52:25,-18,90,-45
10:52:25,-22,93,-46
10:52:25,-17,92,-58
10:52:25,-14,90,-56
10:52:25,-12,93,-49
10:52:25,-23,90,-57
10:52:25,-21,93,-58
10:52:25,-14,88,-57
10:52:25,-3,91,-56
10:52:25,-20,89,-54
10:52:25,-21,91,-54
10:52:25,-9,92,-57
10:52:25,-13,98,-54
10:52:25,-15,91,-54
10:52:25,-21,86,-51
10:52:26,-18,92,-46
10:52:26,-11,94,-61
10:52:26,-8,91,-62
10:52:26,-17,91,-51
10:52:26,-21,92,-53
10:52:26,-15,94,-55
10:52:26,-4,94,-50
10:52:26,-24,95,-48
10:52:26,-22,90,-53
10:52:26,-17,90,-55
