11:06:11,7,-92,-102
11:06:11,8,-109,-102
11:06:11,6,-101,-125
11:06:11,-2,-95,-114
11:06:11,3,-103,-111
11:06:11,1,-99,-105
11:06:11,8,-94,-106
11:06:11,3,-111,-110
11:06:11,-4,-109,-103
11:06:12,4,-99,-109
11:06:12,4,-93,-111
11:06:12,7,-105,-116
11:06:12,1,-106,-114
11:06:12,3,-106,-85
11:06:12,14,-101,-100
11:06:12,6,-102,-97
11:06:12,8,-104,-116
11:06:12,-6,-93,-97
11:06:12,5,-86,-104
11:06:12,3,-102,-100
11:06:12,0,-99,-96
11:06:12,3,-103,-103
11:06:12,8,-95,-111
11:06:12,14,-97,-102
11:06:12,-3,-95,-98
11:06:12,-2,-105,-112
11:06:12,3,-92,-103
11:06:12,4,-105,-115
11:06:12,-4,-96,-105
11:06:13,-6,-104,-111
11:06:13,-3,-107,-110
11:06:13,11,-99,-112
11:06:13,2,-105,-99
11:06:13,7,-105,-107
11:06:13,-6,-97,-103
11:06:13,2,-96,-103
11:06:13,10,-103,-119
11:06:13,3,-106,-95
11:06:13,0,-100,-102
11:06:13,6,-107,-122
11:06:13,13,-103,-116
11:06:13,8,-111,-99
11:06:13,2,-97,-98
11:06:13,11,-100,-104
11:06:13,8,-95,-119
11:06:13,-3,-98,-104
11:06:13,6,-106,-101
11:06:13,-1,-99,-105
11:06:13,6,-90,-104
11:06:14,-5,-95,-105
11:06:14,-7,-97,-114
11:06:14,-8,-100,-109
11:06:14,4,-94,-111
11:06:14,7,-92,-98
11:06:14,0,-110,-114
11:06:14,2,-99,-106
11:06:14,3,-97,-114
11:06:14,12,-97,-115
11:06:14,8,-102,-113
11:06:14,2,-105,-101
11:06:14,3,-91,-112
11:06:14,-1,-103,-93
11:06:14,1,-94,-112
11:06:14,-3,-95,-105
11:06:14,-3,-99,-110
11:06:14,3,-94,-99
11:06:14,8,-104,-100
11:06:14,1,-90,-92
11:06:14,5,-111,-109
11:06:15,7,-94,-99
11:06:15,11,-102,-107
11:06:15,-1,-104,-102
11:06:15,-9,-101,-99
11:06:15,3,-113,-105
11:06:15,12,-92,-109
11:06:15,10,-97,-115
11:06:15,-9,-98,-115
11:06:15,-2,-94,-105
11:06:15,9,-100,-108
11:06:15,-1,-96,-102
11:06:15,4,-103,-97
11:06:15,-1,-95,-115
11:06:15,11,-94,-92
11:06:15,5,-96,-99
11:06:15,4,-104,-99
11:06:15,-6,-94,-102
11:06:15,1,-108,-103
11:06:15,8,-99,-105
11:06:16,4,-105,-103
11:06:16,-2,-111,-102
11:06:16,2,-100,-95
11:06:16,14,-107,-102
11:06:16,6,-94,-100
11:06:16,-2,-100,-97
11:06:16,-6,-99,-97
11:06:16,9,-98,-111
11:06:16,7,-92,-112
11:06:16,9,-103,-94
11:06:16,1,-98,-110
11:06:16,-7,-105,-103
11:06:16,6,-98,-118
11:06:16,7,-107,-118
11:06:16,-5,-101,-109
11:06:16,3,-104,-107
11:06:16,7,-97,-102
11:06:16,6,-93,-102
11:06:16,3,-91,-107
11:06:16,-5,-99,-106
11:06:17,11,-114,-116
11:06:17,12,-98,-108
11:06:17,6,-108,-116
11:06:17,2,-92,-110
11:06:17,8,-89,-101
11:06:17,8,-103,-92
11:06:17,-2,-99,-89
11:06:17,4,-102,-107
11:06:17,1,-98,-106
11:06:17,5,-100,-103
11:06:17,8,-105,-103
11:06:17,-4,-96,-115
11:06:17,-7,-89,-113
11:06:17,1,-105,-115
11:06:17,6,-103,-109
11:06:17,4,-98,-111
11:06:17,-17,-96,-97
11:06:17,3,-112,-113
11:06:17,7,-94,-112
11:06:17,4,-107,-113
11:06:18,2,-109,-110
11:06:18,4,-108,-99
11:06:18,8,-101,-102
11:06:18,3,-102,-97
11:06:18,0,-109,-97
11:06:18,-3,-105,-116
11:06:18,11,-92,-109
11:06:18,4,-97,-103
11:06:18,-2,-99,-102
11:06:18,1,-97,-89
11:06:18,5,-90,-112
11:06:18,13,-98,-104
11:06:18,9,-108,-109
11:06:18,-5,-101,-100
11:06:18,5,-93,-108
11:06:18,5,-112,-112
11:06:18,11,-100,-105
11:06:18,4,-94,-105
11:06:18,-5,-96,-106
11:06:18,2,-109,-111
11:06:19,-1,-102,-107
11:06:19,-1,-96,-107
11:06:19,-7,-90,-111
11:06:19,10,-106,-107
11:06:19,10,-100,-109
11:06:19,3,-110,-102
11:06:19,-4,-104,-100
11:06:19,-2,-102,-103
11:06:19,6,-93,-96
11:06:19,3,-103,-101
11:06:19,1,-108,-97
11:06:19,12,-105,-102
11:06:19,7,-100,-106
11:06:19,5,-89,-98
11:06:19,7,-95,-102
11:06:19,-6,-95,-98
11:06:19,4,-97,-103
11:06:19,3,-107,-102
11:06:19,0,-93,-115
11:06:20,-3,-87,-109
11:06:20,7,-100,-105
11:06:20,13,-106,-99
11:06:20,7,-103,-116
11:06:20,-2,-104,-101
11:06:20,-7,-99,-100
11:06:20,3,-93,-112
11:06:20,3,-98,-109
11:06:20,5,-104,-108
11:06:20,2,-107,-106
11:06:20,8,-107,-97
11:06:20,2,-106,-103
11:06:20,13,-91,-104
11:06:20,-3,-102,-102
11:06:20,5,-101,-91
11:06:20,1,-96,-107
11:06:20,0,-97,-108
11:06:20,1,-89,-95
11:06:20,4,-107,-93
11:06:20,9,-98,-104
11:06:21,4,-92,-102
11:06:21,-3,-104,-107
11:06:21,-5,-99,-98
11:06:21,6,-109,-104
11:06:21,3,-98,-113
11:06:21,6,-99,-115
11:06:21,6,-110,-106
11:06:21,-5,-106,-106
11:06:21,1,-101,-115
11:06:21,6,-101,-104
11:06:21,-6,-102,-106
11:06:21,-3,-102,-104
11:06:21,8,-98,-107
11:06:21,15,-107,-115
11:06:21,-1,-100,-101
11:06:21,4,-92,-104
11:06:21,7,-95,-103
11:06:21,4,-93,-100
11:06:21,13,-115,-106
11:06:21,-10,-93,-84
11:06:22,10,-98,-92
11:06:22,12,-101,-110
11:06:22,-4,-103,-106
11:06:22,-3,-99,-109
11:06:22,13,-104,-110
11:06:22,9,-93,-102
11:06:22,3,-107,-113
11:06:22,-9,-103,-110
11:06:22,-5,-102,-98
11:06:22,-2,-101,-103
11:06:22,7,-99,-111
11:06:22,1,-103,-111
11:06:22,-1,-90,-106
11:06:22,5,-114,-95
11:06:22,11,-92,-105
11:06:22,11,-102,-113
11:06:22,7,-95,-112
11:06:22,3,-105,-101
11:06:22,13,-90,-111
11:06:23,5,-107,-110
11:06:23,-3,-102,-104
11:06:23,6,-107,-100
11:06:23,3,-98,-97
11:06:23,6,-94,-103
11:06:23,3,-107,-107
11:06:23,0,-103,-102
11:06:23,9,-104,-98
11:06:23,9,-107,-109
11:06:23,1,-99,-107
11:06:23,3,-103,-116
11:06:23,7,-99,-89
11:06:23,6,-100,-107
11:06:23,3,-106,-109
11:06:23,0,-94,-98
11:06:23,5,-106,-101
11:06:23,1,-113,-128
11:06:23,5,-88,-97
11:06:23,-5,-84,-101
11:06:23,3,-103,-107
11:06:24,8,-97,-97
11:06:24,4,-94,-115
11:06:24,-2,-104,-109
11:06:24,-3,-95,-99
11:06:24,16,-109,-96
11:06:24,12,-101,-112
11:06:24,4,-106,-120
11:06:24,-4,-90,-108
11:06:24,4,-105,-103
11:06:24,10,-96,-99
11:06:24,2,-100,-102
11:06:24,-3,-101,-106
11:06:24,-3,-100,-101
11:06:24,-6,-106,-106
11:06:24,3,-91,-101
11:06:24,-4,-109,-100
11:06:24,3,-94,-119
11:06:24,-3,-102,-96
11:06:24,7,-99,-95
11:06:24,4,-100,-107
11:06:25,4,-106,-111
11:06:25,6,-111,-101
11:06:25,3,-96,-104
11:06:25,7,-101,-112
11:06:25,-1,-97,-107
11:06:25,-4,-105,-105
11:06:25,16,-94,-91
11:06:25,6,-94,-106
11:06:25,2,-102,-106
11:06:25,5,-103,-108
11:06:25,3,-86,-109
11:06:25,4,-87,-94
11:06:25,-2,-104,-116
11:06:25,-3,-101,-108
11:06:25,-1,-97,-107
11:06:25,9,-110,-109
11:06:25,4,-99,-108
11:06:25,1,-102,-126
11:06:25,-8,-95,-103
11:06:25,7,-95,-102
11:06:26,6,-104,-101
11:06:26,5,-100,-99
11:06:26,2,-105,-102
11:06:26,6,-109,-98
11:06:26,8,-104,-107
11:06:26,-5,-91,-110
11:06:26,-7,-113,-108
11:06:26,11,-101,-109
11:06:26,7,-100,-100
11:06:26,5,-97,-111
11:06:26,2,-99,-98
11:06:26,9,-103,-90
11:06:26,8,-101,-94
11:06:26,4,-94,-96
11:06:26,1,-95,-103
11:06:26,0,-98,-107
11:06:26,12,-105,-100
11:06:26,2,-110,-119
11:06:26,6,-109,-113
11:06:27,-10,-108,-106
11:06:27,4,-104,-97
11:06:27,7,-112,-105
11:06:27,5,-99,-116
11:06:27,-13,-93,-98
11:06:27,3,-94,-100
11:06:27,0,-93,-102
11:06:27,-2,-101,-105
11:06:27,1,-104,-105
11:06:27,7,-99,-99
11:06:27,15,-103,-98
11:06:27,6,-103,-101
11:06:27,6,-97,-104
11:06:27,4,-90,-109
11:06:27,4,-88,-101
11:06:27,17,-90,-100
11:06:27,2,-102,-89
11:06:27,-1,-105,-99
11:06:27,5,-107,-103
11:06:27,9,-103,-109
11:06:28,8,-113,-115
11:06:28,-4,-99,-118
11:06:28,-7,-100,-105
11:06:28,3,-102,-106
11:06:28,-2,-100,-111
11:06:28,3,-100,-103
11:06:28,-3,-105,-114
11:06:28,4,-104,-98
11:06:28,6,-94,-93
11:06:28,7,-101,-101
11:06:28,-7,-94,-97
11:06:28,4,-100,-96
11:06:28,4,-94,-105
11:06:28,3,-98,-101
11:06:28,1,-107,-106
11:06:28,-2,-99,-105
11:06:28,5,-98,-124
11:06:28,12,-105,-111
11:06:28,3,-98,-96
11:06:28,-2,-104,-103
11:06:29,14,-107,-96
11:06:29,10,-103,-105
11:06:29,3,-102,-121
11:06:29,-9,-98,-95
11:06:29,-2,-100,-110
11:06:29,6,-99,-111
11:06:29,6,-100,-110
11:06:29,0,-97,-102
11:06:29,0,-102,-112
11:06:29,12,-104,-105
11:06:29,3,-98,-111
11:06:29,8,-102,-96
11:06:29,5,-101,-101
11:06:29,7,-109,-110
11:06:29,-2,-96,-90
11:06:29,-6,-102,-99
11:06:29,-1,-100,-106
11:06:29,6,-105,-103
11:06:29,13,-93,-89
11:06:30,3,-100,-109
11:06:30,0,-94,-101
11:06:30,-1,-92,-103
11:06:30,14,-106,-100
11:06:30,1,-96,-100
11:06:30,1,-100,-104
11:06:30,1,-104,-113
11:06:30,10,-103,-105
11:06:30,7,-98,-107
11:06:30,-3,-107,-114
11:06:30,-12,-112,-105
11:06:30,6,-100,-114
11:06:30,7,-95,-99
11:06:30,-1,-103,-114
11:06:30,-4,-103,-100
11:06:30,6,-103,-95
11:06:30,0,-105,-111
11:06:30,6,-96,-100
11:06:30,0,-100,-106
11:06:30,10,-101,-100
11:06:31,3,-99,-114
11:06:31,11,-94,-101
11:06:31,4,-98,-101
11:06:31,-2,-102,-98
11:06:31,11,-100,-113
11:06:31,6,-101,-116
11:06:31,7,-91,-107
11:06:31,2,-104,-104
11:06:31,4,-94,-104
11:06:31,9,-95,-107
11:06:31,-2,-94,-113
11:06:31,4,-103,-104
11:06:31,-2,-99,-96
11:06:31,2,-96,-103
11:06:31,11,-102,-108
11:06:31,5,-90,-111
11:06:31,2,-91,-96
11:06:31,5,-95,-108
11:06:31,1,-101,-98
11:06:31,4,-96,-113
11:06:32,0,-104,-106
11:06:32,0,-105,-104
11:06:32,4,-101,-104
11:06:32,7,-100,-97
11:06:32,4,-102,-103
11:06:32,0,-97,-93
11:06:32,7,-94,-100
11:06:32,3,-90,-111
11:06:32,0,-101,-116
11:06:32,3,-106,-115
11:06:32,11,-105,-108
11:06:32,10,-112,-119
11:06:32,6,-112,-124
11:06:32,-9,-96,-114
11:06:32,2,-92,-99
11:06:32,7,-97,-97
11:06:32,-1,-105,-107
11:06:32,-3,-106,-104
11:06:32,7,-105,-119
11:06:32,3,-104,-103
11:06:33,10,-96,-100
11:06:33,-4,-104,-107
11:06:33,1,-102,-98
11:06:33,4,-100,-98
11:06:33,5,-93,-116
11:06:33,3,-108,-108
11:06:33,-5,-100,-109
11:06:33,11,-95,-100
11:06:33,10,-105,-98
11:06:33,-5,-97,-113
11:06:33,-2,-98,-90
11:06:33,5,-107,-112
11:06:33,12,-105,-110
11:06:33,2,-96,-111
11:06:33,0,-106,-114
11:06:33,0,-111,-109
11:06:33,9,-111,-126
11:06:33,0,-96,-110
11:06:33,-2,-89,-109
11:06:34,0,-96,-107
11:06:34,4,-101,-106
11:06:34,3,-101,-111
11:06:34,7,-100,-104
11:06:34,-6,-85,-107
11:06:34,4,-94,-108
11:06:34,1,-90,-104
11:06:34,3,-97,-101
11:06:34,-3,-96,-108
11:06:34,-2,-92,-112
11:06:34,15,-102,-119
11:06:34,3,-92,-103
11:06:34,0,-99,-108
11:06:34,11,-97,-100
11:06:34,9,-93,-108
11:06:34,2,-95,-101
11:06:34,-3,-100,-97
11:06:34,-4,-94,-101
11:06:34,10,-99,-102
11:06:34,10,-103,-109
11:06:35,1,-101,-110
11:06:35,-6,-100,-113
11:06:35,6,-95,-100
11:06:35,8,-96,-109
11:06:35,0,-103,-113
11:06:35,1,-101,-112
11:06:35,0,-103,-109
11:06:35,9,-100,-110
11:06:35,8,-104,-102
11:06:35,3,-100,-102
11:06:35,0,-98,-106
11:06:35,7,-92,-103
11:06:35,6,-97,-111
11:06:35,0,-93,-98
11:06:35,-1,-99,-107
11:06:35,12,-98,-92
11:06:35,12,-101,-96
11:06:35,8,-110,-101
11:06:35,-8,-101,-108
11:06:35,1,-98,-95
11:06:36,6,-99,-103
11:06:36,11,-104,-107
11:06:36,2,-96,-120
11:06:36,-7,-108,-107
11:06:36,6,-106,-99
11:06:36,11,-113,-110
11:06:36,6,-100,-116
11:06:36,-3,-97,-103
11:06:36,6,-103,-98
11:06:36,6,-96,-112
11:06:36,-5,-101,-108
11:06:36,0,-107,-93
11:06:36,2,-93,-112
11:06:36,9,-104,-114
11:06:36,1,-98,-102
11:06:36,0,-88,-101
11:06:36,5,-98,-91
11:06:36,10,-92,-103
11:06:36,1,-93,-99
11:06:36,5,-98,-94
11:06:37,-7,-99,-96
11:06:37,3,-103,-93
11:06:37,16,-107,-109
11:06:37,2,-97,-110
11:06:37,-2,-97,-100
11:06:37,-3,-108,-111
11:06:37,4,-97,-93
11:06:37,6,-89,-109
11:06:37,-5,-101,-107
11:06:37,-1,-111,-108
11:06:37,7,-106,-104
11:06:37,11,-106,-108
11:06:37,-10,-101,-93
11:06:37,-3,-98,-104
11:06:37,1,-103,-108
11:06:37,0,-99,-114
11:06:37,2,-98,-112
11:06:37,2,-99,-91
11:06:37,4,-102,-88
11:06:38,9,-98,-104
11:06:38,8,-104,-107
11:06:38,-6,-90,-109
11:06:38,1,-100,-107
11:06:38,7,-99,-96
11:06:38,3,-95,-96
11:06:38,0,-84,-107
11:06:38,-5,-94,-103
11:06:38,6,-103,-107
11:06:38,13,-116,-99
11:06:38,10,-101,-112
11:06:38,6,-121,-118
11:06:38,6,-95,-107
11:06:38,13,-114,-110
11:06:38,4,-99,-111
11:06:38,0,-100,-109
11:06:38,1,-104,-92
11:06:38,-2,-100,-114
11:06:38,8,-104,-104
11:06:38,5,-102,-92
11:06:39,-4,-96,-99
11:06:39,6,-99,-114
11:06:39,13,-100,-102
11:06:39,4,-101,-97
11:06:39,-2,-102,-106
11:06:39,6,-88,-96
11:06:39,11,-93,-98
11:06:39,5,-103,-103
11:06:39,-6,-96,-107
11:06:39,7,-92,-109
11:06:39,2,-99,-98
11:06:39,0,-105,-107
11:06:39,4,-100,-104
11:06:39,-3,-103,-119
11:06:39,-7,-102,-101
11:06:39,6,-100,-106
11:06:39,7,-93,-107
11:06:39,3,-87,-96
11:06:39,0,-100,-103
11:06:39,9,-101,-104
11:06:40,2,-105,-111
11:06:40,-3,-98,-111
11:06:40,-2,-116,-100
11:06:40,11,-99,-96
11:06:40,11,-101,-114
11:06:40,-3,-101,-106
11:06:40,-2,-101,-103
11:06:40,14,-104,-99
11:06:40,8,-95,-103
11:06:40,-1,-102,-103
11:06:40,-3,-103,-110
11:06:40,13,-103,-105
11:06:40,5,-101,-102
11:06:40,4,-100,-114
11:06:40,4,-90,-96
11:06:40,2,-105,-116
11:06:40,6,-104,-110
11:06:40,9,-93,-101
11:06:40,2,-100,-124
11:06:41,-5,-104,-102
11:06:41,-4,-106,-100
11:06:41,7,-98,-103
11:06:41,-4,-94,-118
11:06:41,-4,-94,-105
11:06:41,8,-103,-109
11:06:41,0,-89,-82
11:06:41,6,-96,-94
11:06:41,3,-101,-96
11:06:41,7,-94,-91
11:06:41,16,-105,-102
11:06:41,3,-98,-102
11:06:41,5,-110,-116
11:06:41,8,-100,-91
11:06:41,9,-111,-107
11:06:41,8,-96,-116
11:06:41,1,-103,-121
11:06:41,-2,-96,-105
11:06:41,10,-107,-109
11:06:41,14,-92,-111
11:06:42,15,-110,-114
11:06:42,-1,-96,-102
11:06:42,0,-103,-104
11:06:42,-2,-100,-115
11:06:42,8,-102,-113
11:06:42,-1,-96,-104
11:06:42,0,-92,-104
11:06:42,8,-103,-109
11:06:42,7,-101,-110
11:06:42,-1,-96,-116
11:06:42,10,-97,-100
11:06:42,9,-88,-99
11:06:42,11,-104,-103
11:06:42,6,-97,-101
11:06:42,5,-88,-109
11:06:42,4,-99,-88
11:06:42,4,-92,-102
11:06:42,10,-108,-106
11:06:42,2,-96,-105
11:06:42,-3,-98,-106
11:06:43,10,-97,-101
11:06:43,10,-108,-115
11:06:43,-4,-105,-100
11:06:43,-7,-99,-108
11:06:43,2,-113,-95
11:06:43,13,-110,-99
11:06:43,5,-96,-115
11:06:43,-2,-103,-107
11:06:43,6,-95,-104
11:06:43,7,-97,-102
11:06:43,0,-108,-111
11:06:43,-2,-94,-101
11:06:43,2,-110,-100
11:06:43,1,-104,-95
11:06:43,-1,-109,-93
11:06:43,1,-84,-112
11:06:43,1,-100,-93
11:06:43,3,-103,-102
11:06:43,6,-88,-112
11:06:43,-1,-88,-107
11:06:44,2,-102,-112
11:06:44,3,-101,-111
11:06:44,9,-109,-106
11:06:44,4,-110,-105
11:06:44,-5,-115,-116
11:06:44,1,-101,-104
11:06:44,6,-89,-106
11:06:44,9,-111,-102
11:06:44,7,-105,-110
11:06:44,-5,-101,-117
11:06:44,9,-91,-107
11:06:44,2,-89,-103
11:06:44,-1,-94,-100
11:06:44,0,-99,-100
11:06:44,6,-87,-101
11:06:44,5,-102,-113
11:06:44,2,-94,-95
11:06:44,8,-86,-95
11:06:44,6,-108,-98
11:06:45,11,-109,-109
11:06:45,13,-100,-114
11:06:45,-1,-104,-110
11:06:45,-1,-109,-100
11:06:45,9,-103,-102
11:06:45,9,-100,-114
11:06:45,-2,-103,-104
11:06:45,4,-92,-117
11:06:45,0,-100,-95
11:06:45,9,-105,-112
11:06:45,-6,-101,-102
11:06:45,-2,-92,-113
11:06:45,2,-95,-101
11:06:45,8,-110,-118
11:06:45,2,-103,-106
11:06:45,2,-96,-116
11:06:45,10,-103,-102
11:06:45,11,-97,-100
11:06:45,-3,-98,-104
11:06:45,-2,-91,-122
11:06:46,8,-100,-107
11:06:46,5,-94,-105
11:06:46,2,-98,-110
11:06:46,5,-93,-106
11:06:46,-13,-101,-97
11:06:46,4,-94,-103
11:06:46,11,-112,-103
11:06:46,8,-101,-108
11:06:46,-5,-96,-106
11:06:46,3,-101,-110
11:06:46,10,-105,-123
11:06:46,4,-101,-104
11:06:46,-2,-93,-106
11:06:46,-4,-101,-96
11:06:46,6,-101,-108
11:06:46,3,-101,-110
11:06:46,-7,-102,-114
11:06:46,-1,-111,-103
11:06:46,7,-99,-102
11:06:46,5,-101,-115
11:06:47,3,-104,-108
11:06:47,-3,-97,-106
11:06:47,9,-100,-105
11:06:47,4,-100,-118
11:06:47,5,-93,-101
11:06:47,-6,-101,-99
11:06:47,2,-103,-88
11:06:47,5,-92,-92
11:06:47,11,-98,-112
11:06:47,1,-94,-105
11:06:47,-2,-101,-103
11:06:47,6,-99,-117
11:06:47,11,-90,-111
11:06:47,-2,-106,-113
11:06:47,-6,-109,-108
11:06:47,-5,-102,-116
11:06:47,-1,-92,-111
11:06:47,3,-95,-106
11:06:47,-5,-99,-116
11:06:47,4,-95,-107
11:06:48,10,-102,-110
11:06:48,4,-99,-100
11:06:48,-5,-113,-105
11:06:48,1,-97,-99
11:06:48,10,-89,-108
11:06:48,7,-110,-102
11:06:48,1,-104,-117
11:06:48,-5,-99,-100
11:06:48,-1,-101,-113
11:06:48,12,-102,-101
11:06:48,1,-93,-99
11:06:48,3,-99,-114
11:06:48,2,-99,-91
11:06:48,12,-99,-99
11:06:48,8,-99,-97
11:06:48,2,-96,-101
11:06:48,1,-100,-102
11:06:48,2,-91,-115
11:06:48,9,-108,-114
11:06:49,3,-103,-106
11:06:49,5,-105,-102
11:06:49,13,-109,-101
11:06:49,2,-101,-109
11:06:49,3,-102,-101
11:06:49,1,-90,-101
11:06:49,10,-109,-112
11:06:49,5,-98,-107
11:06:49,2,-99,-96
11:06:49,0,-85,-110
11:06:49,2,-96,-105
11:06:49,0,-102,-107
11:06:49,4,-97,-105
11:06:49,-2,-97,-109
11:06:49,5,-100,-103
11:06:49,5,-94,-90
11:06:49,7,-90,-113
11:06:49,8,-96,-118
11:06:49,-2,-88,-101
11:06:49,4,-106,-102
11:06:50,1,-88,-98
11:06:50,5,-94,-104
11:06:50,0,-97,-114
11:06:50,0,-92,-112
11:06:50,9,-105,-101
11:06:50,5,-108,-99
11:06:50,-5,-93,-112
11:06:50,-1,-101,-95
11:06:50,2,-103,-103
11:06:50,6,-95,-114
11:06:50,-3,-92,-100
11:06:50,-4,-105,-103
11:06:50,5,-100,-94
11:06:50,5,-85,-98
11:06:50,0,-97,-112
11:06:50,0,-103,-108
11:06:50,6,-111,-122
11:06:50,7,-97,-87
11:06:50,5,-106,-102
11:06:50,3,-101,-112
11:06:51,2,-100,-103
11:06:51,7,-104,-108
11:06:51,6,-104,-105
11:06:51,-1,-102,-106
11:06:51,1,-103,-106
11:06:51,-1,-98,-96
11:06:51,-1,-107,-102
11:06:51,7,-105,-98
11:06:51,4,-100,-110
11:06:51,-2,-110,-110
11:06:51,5,-103,-100
11:06:51,7,-114,-111
11:06:51,-2,-103,-105
11:06:51,-3,-102,-99
11:06:51,3,-112,-111
11:06:51,5,-104,-113
11:06:51,1,-101,-98
11:06:51,1,-91,-100
11:06:51,9,-109,-100
11:06:52,7,-110,-102
11:06:52,9,-110,-107
11:06:52,2,-97,-110
11:06:52,4,-94,-97
11:06:52,8,-103,-100
11:06:52,7,-96,-116
11:06:52,0,-104,-108
11:06:52,-1,-100,-98
11:06:52,4,-96,-100
11:06:52,13,-96,-109
11:06:52,4,-96,-118
11:06:52,5,-104,-108
11:06:52,13,-103,-107
11:06:52,8,-94,-117
11:06:52,-7,-106,-110
11:06:52,-3,-91,-106
11:06:52,6,-103,-106
11:06:52,5,-101,-109
11:06:52,-6,-98,-105
11:06:52,-3,-105,-102
11:06:53,-3,-98,-103
11:06:53,1,-100,-102
11:06:53,-2,-100,-107
11:06:53,-4,-87,-102
11:06:53,5,-95,-101
11:06:53,5,-102,-99
11:06:53,8,-102,-108
11:06:53,2,-94,-105
11:06:53,-5,-98,-100
11:06:53,-1,-92,-96
11:06:53,9,-108,-101
11:06:53,5,-92,-114
11:06:53,-7,-98,-109
11:06:53,7,-93,-100
11:06:53,7,-108,-106
11:06:53,3,-90,-99
11:06:53,-6,-103,-114
11:06:53,2,-104,-100
11:06:53,11,-95,-111
11:06:53,-1,-102,-107
11:06:54,-6,-96,-116
11:06:54,11,-105,-96
11:06:54,-2,-104,-114
11:06:54,8,-108,-112
11:06:54,2,-98,-104
11:06:54,-4,-96,-114
11:06:54,-3,-101,-104
11:06:54,-1,-91,-115
11:06:54,14,-94,-114
11:06:54,2,-109,-91
11:06:54,-4,-110,-102
11:06:54,2,-93,-108
11:06:54,4,-95,-113
11:06:54,6,-105,-95
11:06:54,0,-91,-112
11:06:54,9,-96,-98
11:06:54,10,-108,-102
11:06:54,5,-99,-90
11:06:54,3,-97,-107
11:06:54,4,-96,-108
11:06:55,3,-101,-107
11:06:55,8,-102,-101
11:06:55,-2,-96,-103
11:06:55,-4,-98,-97
11:06:55,5,-106,-112
11:06:55,12,-95,-101
11:06:55,-2,-101,-114
11:06:55,-6,-98,-96
11:06:55,1,-95,-109
11:06:55,4,-95,-97
11:06:55,1,-97,-111
11:06:55,-11,-94,-97
11:06:55,10,-94,-95
11:06:55,5,-100,-103
11:06:55,0,-109,-110
11:06:55,1,-98,-112
11:06:55,13,-106,-107
11:06:55,-2,-91,-93
11:06:55,6,-98,-102
11:06:56,4,-104,-112
11:06:56,7,-94,-88
11:06:56,4,-102,-103
11:06:56,3,-101,-99
11:06:56,-1,-91,-93
11:06:56,-4,-99,-119
11:06:56,2,-101,-96
11:06:56,5,-101,-105
11:06:56,11,-105,-104
11:06:56,-1,-110,-111
11:06:56,-2,-102,-113
11:06:56,16,-99,-109
11:06:56,6,-101,-105
11:06:56,-3,-99,-115
11:06:56,-3,-92,-98
11:06:56,8,-105,-99
11:06:56,6,-103,-108
11:06:56,5,-104,-93
11:06:56,-1,-96,-107
11:06:56,3,-90,-105
11:06:57,0,-97,-103
11:06:57,8,-105,-104
11:06:57,10,-101,-104
11:06:57,3,-102,-103
11:06:57,8,-85,-108
11:06:57,8,-85,-105
11:06:57,1,-99,-106
11:06:57,4,-95,-105
11:06:57,15,-97,-101
11:06:57,6,-97,-96
11:06:57,-8,-92,-113
11:06:57,5,-117,-107
11:06:57,3,-101,-108
11:06:57,0,-101,-99
11:06:57,4,-101,-105
11:06:57,-2,-97,-117
11:06:57,1,-97,-101
11:06:57,8,-107,-116
11:06:57,4,-102,-97
11:06:57,-1,-100,-116
11:06:58,0,-103,-89
11:06:58,-10,-95,-98
11:06:58,6,-108,-113
11:06:58,3,-96,-111
11:06:58,7,-100,-102
11:06:58,8,-97,-104
11:06:58,5,-101,-108
11:06:58,5,-94,-104
11:06:58,-3,-97,-101
11:06:58,14,-102,-106
11:06:58,2,-87,-108
11:06:58,-2,-99,-106
11:06:58,-3,-100,-111
11:06:58,8,-106,-102
11:06:58,11,-99,-101
11:06:58,-3,-99,-103
11:06:58,-10,-97,-109
11:06:58,-3,-99,-85
11:06:58,5,-103,-108
11:06:58,8,-91,-110
11:06:59,7,-101,-109
11:06:59,1,-96,-107
11:06:59,3,-108,-104
11:06:59,13,-103,-109
11:06:59,8,-91,-100
11:06:59,-2,-94,-110
11:06:59,8,-100,-103
11:06:59,11,-96,-110
11:06:59,2,-89,-106
11:06:59,-2,-103,-103
11:06:59,3,-95,-98
11:06:59,7,-94,-100
11:06:59,3,-105,-95
11:06:59,-3,-98,-106
11:06:59,0,-94,-100
11:06:59,0,-91,-101
11:06:59,3,-98,-109
11:06:59,8,-99,-102
11:06:59,4,-101,-115
11:07:00,6,-110,-109
11:07:00,5,-103,-108
11:07:00,10,-101,-109
11:07:00,-3,-96,-110
11:07:00,-9,-107,-109
11:07:00,5,-103,-107
11:07:00,6,-117,-111
11:07:00,2,-95,-105
11:07:00,-10,-98,-105
11:07:00,9,-99,-109
11:07:00,11,-104,-95
11:07:00,1,-99,-113
11:07:00,-5,-101,-112
11:07:00,6,-98,-102
11:07:00,0,-93,-83
11:07:00,-2,-96,-101
11:07:00,7,-94,-108
11:07:00,7,-104,-112
11:07:00,8,-88,-96
11:07:00,10,-106,-121
11:07:01,2,-100,-90
11:07:01,1,-102,-114
11:07:01,7,-97,-104
11:07:01,7,-104,-119
11:07:01,4,-92,-109
11:07:01,-4,-108,-104
11:07:01,-2,-109,-107
11:07:01,10,-113,-104
11:07:01,0,-97,-102
11:07:01,-4,-95,-109
11:07:01,1,-108,-102
11:07:01,3,-108,-118
11:07:01,3,-108,-98
11:07:01,2,-100,-107
11:07:01,0,-98,-103
11:07:01,17,-100,-112
11:07:01,5,-109,-108
11:07:01,-1,-94,-100
11:07:01,7,-98,-101
11:07:01,-1,-91,-97
11:07:02,8,-97,-105
11:07:02,3,-91,-96
11:07:02,-1,-99,-98
11:07:02,9,-99,-105
11:07:02,12,-90,-109
11:07:02,4,-97,-96
11:07:02,-3,-101,-109
11:07:02,-1,-100,-101
11:07:02,13,-102,-106
11:07:02,10,-108,-113
11:07:02,4,-100,-107
11:07:02,-8,-108,-116
11:07:02,3,-100,-113
11:07:02,5,-100,-109
11:07:02,2,-95,-98
11:07:02,6,-105,-101
11:07:02,5,-103,-96
11:07:02,7,-100,-110
11:07:02,5,-113,-118
11:07:03,4,-94,-105
11:07:03,6,-91,-95
11:07:03,3,-114,-118
11:07:03,2,-96,-102
11:07:03,10,-106,-103
11:07:03,-1,-106,-90
11:07:03,3,-105,-88
11:07:03,12,-104,-99
11:07:03,3,-94,-90
11:07:03,-9,-104,-101
11:07:03,6,-99,-105
11:07:03,9,-94,-117
11:07:03,2,-89,-107
11:07:03,-7,-96,-115
11:07:03,4,-102,-114
11:07:03,6,-107,-106
11:07:03,4,-98,-91
11:07:03,4,-103,-99
11:07:03,1,-108,-117
11:07:03,6,-102,-94
11:07:04,4,-102,-105
11:07:04,3,-89,-96
11:07:04,0,-106,-101
11:07:04,10,-106,-101
11:07:04,4,-85,-108
11:07:04,-2,-95,-99
11:07:04,-11,-97,-108
11:07:04,-5,-91,-100
11:07:04,16,-102,-95
11:07:04,8,-97,-111
11:07:04,0,-96,-102
11:07:04,10,-108,-93
11:07:04,12,-110,-101
11:07:04,13,-107,-103
11:07:04,-1,-97,-98
11:07:04,-4,-93,-95
11:07:04,8,-101,-111
11:07:04,8,-99,-105
11:07:04,2,-107,-104
11:07:04,0,-115,-110
11:07:05,-7,-104,-96
11:07:05,-3,-99,-114
11:07:05,5,-91,-114
11:07:05,-2,-104,-101
11:07:05,0,-114,-103
11:07:05,0,-98,-102
11:07:05,-4,-101,-95
11:07:05,0,-99,-119
11:07:05,1,-106,-108
11:07:05,9,-104,-104
11:07:05,7,-99,-111
11:07:05,-2,-95,-106
11:07:05,-3,-89,-108
11:07:05,11,-106,-97
11:07:05,14,-100,-92
11:07:05,14,-109,-101
11:07:05,-1,-102,-104
11:07:05,4,-103,-96
11:07:05,10,-94,-107
11:07:05,7,-102,-101
11:07:06,5,-92,-103
11:07:06,-3,-100,-107
11:07:06,6,-105,-100
11:07:06,3,-107,-107
11:07:06,8,-98,-105
11:07:06,0,-101,-88
11:07:06,0,-102,-107
11:07:06,4,-96,-112
11:07:06,-1,-94,-106
11:07:06,4,-96,-113
11:07:06,1,-101,-100
11:07:06,6,-103,-110
11:07:06,7,-97,-103
11:07:06,-3,-98,-104
11:07:06,4,-106,-96
11:07:06,7,-98,-109
11:07:06,11,-101,-101
11:07:06,2,-105,-94
11:07:06,5,-95,-105
11:07:07,0,-103,-88
11:07:07,6,-94,-113
11:07:07,1,-87,-116
11:07:07,0,-103,-95
11:07:07,-1,-91,-104
11:07:07,8,-94,-94
11:07:07,5,-104,-105
11:07:07,-1,-98,-98
11:07:07,0,-107,-108
11:07:07,9,-94,-106
11:07:07,1,-104,-109
11:07:07,4,-106,-102
11:07:07,-3,-98,-95
11:07:07,2,-95,-103
11:07:07,4,-93,-114
11:07:07,1,-98,-108
11:07:07,-5,-95,-104
11:07:07,-5,-105,-94
11:07:07,4,-98,-106
11:07:07,7,-100,-119
11:07:08,4,-102,-110
11:07:08,3,-89,-94
11:07:08,5,-102,-112
11:07:08,7,-97,-98
11:07:08,2,-95,-107
11:07:08,0,-94,-103
11:07:08,3,-98,-99
11:07:08,7,-114,-104
11:07:08,3,-100,-104
11:07:08,2,-99,-104
11:07:08,2,-99,-89
11:07:08,-2,-86,-97
11:07:08,7,-100,-102
11:07:08,-1,-102,-116
11:07:08,0,-101,-103
11:07:08,8,-103,-113
11:07:08,7,-101,-110
11:07:08,0,-98,-110
11:07:08,-4,-111,-109
11:07:08,9,-99,-98
11:07:09,5,-100,-100
11:07:09,-4,-104,-106
11:07:09,-15,-88,-116
11:07:09,4,-103,-110
11:07:09,8,-99,-109
11:07:09,1,-87,-116
11:07:09,0,-104,-106
11:07:09,2,-108,-94
11:07:09,5,-100,-108
11:07:09,2,-95,-105
11:07:09,3,-101,-110
11:07:09,2,-98,-91
11:07:09,10,-95,-96
11:07:09,4,-96,-101
11:07:09,5,-101,-100
11:07:09,-5,-97,-100
11:07:09,1,-95,-107
11:07:09,9,-103,-105
11:07:09,6,-93,-108
11:07:09,2,-98,-117
11:07:10,1,-102,-109
11:07:10,6,-98,-119
11:07:10,0,-102,-100
11:07:10,-7,-102,-115
11:07:10,-17,-94,-102
11:07:10,4,-96,-107
11:07:10,8,-101,-117
11:07:10,-3,-109,-103
11:07:10,4,-103,-110
11:07:10,-3,-105,-95
11:07:10,8,-104,-123
11:07:10,2,-98,-111
11:07:10,4,-101,-109
11:07:10,3,-103,-106
11:07:10,8,-98,-100
11:07:10,12,-95,-109
11:07:10,-4,-94,-108
11:07:10,4,-90,-100
11:07:10,7,-110,-111
11:07:11,6,-106,-109
11:07:11,-1,-102,-99
11:07:11,0,-94,-115
11:07:11,9,-109,-101
11:07:11,11,-105,-105
11:07:11,-2,-89,-110
11:07:11,-12,-118,-105
11:07:11,1,-107,-109
11:07:11,19,-110,-97
11:07:11,2,-100,-94
11:07:11,-2,-102,-109
11:07:11,3,-95,-108
11:07:11,7,-104,-105
11:07:11,2,-93,-119
11:07:11,7,-100,-104
11:07:11,3,-98,-103
11:07:11,4,-95,-109
11:07:11,15,-105,-104
11:07:11,4,-98,-113
11:07:11,-6,-105,-103
11:07:12,-2,-109,-93
11:07:12,3,-94,-95
11:07:12,12,-111,-107
11:07:12,-1,-97,-113
11:07:12,-12,-100,-90
11:07:12,9,-108,-113
11:07:12,1,-92,-96
11:07:12,-4,-95,-113
11:07:12,0,-112,-89
11:07:12,6,-109,-100
11:07:12,8,-106,-107
11:07:12,-5,-84,-114
11:07:12,-3,-94,-117
11:07:12,3,-100,-99
11:07:12,9,-101,-105
11:07:12,1,-100,-102
11:07:12,-3,-103,-106
11:07:12,4,-107,-111
11:07:12,3,-105,-109
11:07:12,-1,-100,-109
11:07:13,-3,-92,-95
11:07:13,0,-107,-106
11:07:13,10,-116,-110
11:07:13,-2,-105,-107
11:07:13,4,-89,-92
11:07:13,4,-100,-101
11:07:13,3,-105,-103
11:07:13,4,-93,-110
11:07:13,3,-92,-105
11:07:13,-3,-90,-104
11:07:13,11,-94,-95
11:07:13,9,-99,-107
11:07:13,-4,-97,-116
11:07:13,-8,-96,-109
11:07:13,-5,-93,-103
11:07:13,6,-98,-103
11:07:13,14,-109,-102
11:07:13,-4,-109,-111
11:07:13,5,-105,-100
11:07:14,5,-106,-108
11:07:14,3,-102,-99
11:07:14,1,-107,-107
11:07:14,-7,-103,-107
11:07:14,-3,-104,-104
11:07:14,5,-97,-110
11:07:14,-3,-98,-102
11:07:14,-5,-102,-120
11:07:14,-3,-101,-100
11:07:14,0,-96,-107
11:07:14,7,-95,-128
11:07:14,-3,-99,-110
11:07:14,-2,-92,-97
11:07:14,16,-105,-99
11:07:14,7,-95,-107
11:07:14,-2,-92,-117
11:07:14,-1,-105,-101
11:07:14,4,-105,-102
11:07:14,11,-87,-108
11:07:14,7,-107,-106
11:07:15,-1,-101,-109
11:07:15,-8,-114,-106
11:07:15,3,-105,-108
11:07:15,13,-100,-113
11:07:15,6,-98,-114
11:07:15,0,-104,-127
11:07:15,-1,-105,-103
11:07:15,6,-94,-103
11:07:15,-2,-106,-112
11:07:15,-11,-87,-99
11:07:15,0,-102,-100
11:07:15,5,-103,-99
11:07:15,7,-95,-109
11:07:15,-8,-92,-106
11:07:15,9,-112,-96
11:07:15,4,-96,-100
11:07:15,0,-100,-104
11:07:15,-1,-89,-106
11:07:15,8,-101,-105
11:07:15,6,-106,-101
11:07:16,14,-90,-113
11:07:16,2,-94,-100
11:07:16,-8,-101,-105
11:07:16,5,-97,-106
11:07:16,15,-91,-119
11:07:16,-1,-103,-109
11:07:16,6,-110,-101
11:07:16,-2,-102,-104
11:07:16,2,-95,-110
11:07:16,-2,-107,-111
11:07:16,-1,-93,-109
11:07:16,-2,-96,-101
11:07:16,8,-97,-102
11:07:16,2,-91,-96
11:07:16,1,-104,-101
11:07:16,2,-93,-104
11:07:16,8,-95,-106
11:07:16,2,-98,-119
11:07:16,5,-100,-104
11:07:16,1,-108,-99
11:07:17,12,-100,-100
11:07:17,8,-98,-102
11:07:17,3,-86,-104
11:07:17,-3,-99,-98
11:07:17,-6,-91,-107
11:07:17,18,-104,-113
11:07:17,8,-109,-115
11:07:17,0,-105,-116
11:07:17,-7,-96,-103
11:07:17,-4,-102,-101
11:07:17,13,-102,-113
11:07:17,3,-105,-113
11:07:17,4,-103,-99
11:07:17,4,-100,-109
11:07:17,8,-106,-97
11:07:17,11,-100,-105
11:07:17,-1,-103,-117
11:07:17,9,-97,-105
11:07:17,7,-97,-113
11:07:18,1,-94,-104
11:07:18,0,-102,-105
11:07:18,9,-98,-95
11:07:18,5,-91,-106
11:07:18,9,-102,-114
11:07:18,3,-99,-110
11:07:18,5,-97,-105
11:07:18,9,-103,-89
11:07:18,2,-90,-96
11:07:18,-1,-99,-109
11:07:18,-1,-97,-102
11:07:18,7,-105,-101
11:07:18,13,-104,-109
11:07:18,1,-110,-108
11:07:18,-4,-98,-101
11:07:18,-8,-104,-114
11:07:18,2,-96,-106
11:07:18,2,-99,-109
11:07:18,3,-95,-104
11:07:18,7,-102,-105
11:07:19,2,-101,-110
11:07:19,4,-109,-111
11:07:19,-5,-91,-111
11:07:19,-2,-95,-117
11:07:19,1,-97,-119
11:07:19,9,-95,-105
11:07:19,0,-81,-108
11:07:19,0,-98,-109
11:07:19,-4,-94,-99
11:07:19,10,-112,-108
11:07:19,7,-89,-102
11:07:19,-8,-99,-103
11:07:19,-2,-91,-106
11:07:19,15,-99,-108
11:07:19,6,-107,-121
11:07:19,-9,-91,-107
11:07:19,-1,-104,-101
11:07:19,0,-96,-99
11:07:19,5,-114,-117
11:07:19,10,-98,-109
11:07:20,0,-99,-109
11:07:20,-5,-95,-117
11:07:20,7,-101,-113
11:07:20,9,-100,-109
11:07:20,-1,-109,-104
11:07:20,1,-110,-117
11:07:20,13,-107,-109
11:07:20,5,-106,-103
11:07:20,0,-94,-93
11:07:20,3,-88,-120
11:07:20,2,-100,-108
11:07:20,10,-98,-109
11:07:20,0,-106,-104
11:07:20,-3,-101,-105
11:07:20,3,-94,-103
11:07:20,7,-91,-102
11:07:20,6,-97,-98
11:07:20,5,-108,-110
11:07:20,2,-88,-93
11:07:21,15,-101,-111
11:07:21,8,-96,-108
11:07:21,3,-97,-107
11:07:21,2,-103,-97
11:07:21,-1,-102,-108
11:07:21,9,-108,-107
11:07:21,2,-102,-105
11:07:21,-3,-103,-114
11:07:21,-4,-96,-92
11:07:21,3,-107,-102
11:07:21,7,-111,-97
11:07:21,-1,-103,-112
11:07:21,4,-95,-111
11:07:21,12,-111,-102
11:07:21,3,-99,-110
11:07:21,-8,-101,-101
11:07:21,-1,-108,-103
11:07:21,4,-110,-93
11:07:21,8,-104,-94
11:07:21,2,-102,-107
11:07:22,5,-95,-106
11:07:22,16,-102,-105
11:07:22,2,-98,-96
11:07:22,-1,-91,-98
11:07:22,6,-105,-105
11:07:22,-4,-101,-113
11:07:22,13,-107,-115
11:07:22,10,-107,-103
11:07:22,4,-98,-112
11:07:22,-2,-102,-95
11:07:22,1,-100,-103
11:07:22,3,-102,-102
11:07:22,6,-104,-119
11:07:22,1,-109,-107
11:07:22,7,-109,-104
11:07:22,10,-108,-101
11:07:22,-3,-110,-101
11:07:22,-11,-105,-103
11:07:22,7,-111,-99
11:07:22,5,-97,-89
11:07:23,4,-108,-109
11:07:23,-2,-105,-114
11:07:23,0,-102,-103
11:07:23,10,-94,-101
11:07:23,12,-94,-94
11:07:23,-1,-90,-124
11:07:23,-2,-91,-119
11:07:23,7,-98,-96
11:07:23,7,-90,-99
11:07:23,7,-109,-105
11:07:23,-10,-93,-115
11:07:23,-3,-103,-109
11:07:23,3,-97,-111
11:07:23,-4,-102,-107
11:07:23,-5,-103,-99
11:07:23,1,-92,-116
11:07:23,5,-104,-105
11:07:23,9,-96,-117
11:07:23,3,-104,-115
11:07:23,-7,-99,-102
11:07:24,8,-95,-98
11:07:24,15,-110,-112
11:07:24,10,-99,-111
11:07:24,1,-92,-104
11:07:24,4,-95,-102
11:07:24,7,-98,-103
11:07:24,7,-98,-107
11:07:24,2,-93,-101
11:07:24,-4,-99,-95
11:07:24,12,-97,-101
11:07:24,7,-98,-100
11:07:24,-4,-93,-97
11:07:24,0,-93,-104
11:07:24,5,-103,-97
11:07:24,4,-91,-113
11:07:24,2,-103,-108
11:07:24,-6,-101,-113
11:07:24,8,-99,-115
11:07:24,5,-104,-106
11:07:25,8,-101,-98
11:07:25,2,-103,-106
11:07:25,0,-91,-100
11:07:25,1,-102,-97
11:07:25,4,-99,-101
11:07:25,-6,-113,-104
11:07:25,-8,-95,-105
11:07:25,1,-100,-104
11:07:25,6,-97,-101
11:07:25,-1,-101,-109
11:07:25,0,-99,-102
11:07:25,10,-104,-96
11:07:25,14,-100,-100
11:07:25,5,-101,-99
11:07:25,7,-101,-102
11:07:25,8,-97,-107
11:07:25,5,-110,-98
11:07:25,9,-103,-108
11:07:25,-7,-94,-108
11:07:25,0,-102,-96
11:07:26,5,-98,-95
11:07:26,-2,-93,-98
11:07:26,11,-105,-119
11:07:26,-5,-97,-109
11:07:26,7,-105,-106
11:07:26,5,-90,-107
11:07:26,6,-92,-116
11:07:26,-2,-100,-93
11:07:26,-9,-108,-106
11:07:26,13,-79,-94
11:07:26,6,-92,-107
11:07:26,-12,-95,-102
11:07:26,-3,-101,-113
11:07:26,7,-91,-118
11:07:26,2,-100,-108
11:07:26,3,-106,-111
11:07:26,-3,-95,-87
11:07:26,11,-100,-103
11:07:26,5,-100,-98
11:07:26,-4,-93,-108
11:07:27,2,-102,-116
11:07:27,-2,-97,-101
11:07:27,6,-100,-99
11:07:27,-2,-90,-119
11:07:27,-1,-99,-109
11:07:27,2,-116,-117
11:07:27,6,-112,-107
11:07:27,4,-96,-106
11:07:27,-3,-89,-108
11:07:27,1,-105,-106
11:07:27,8,-105,-115
11:07:27,13,-95,-114
11:07:27,-4,-108,-101
11:07:27,-1,-92,-109
11:07:27,4,-97,-112
11:07:27,8,-95,-112
11:07:27,6,-109,-113
11:07:27,1,-100,-109
11:07:27,4,-84,-101
11:07:27,5,-93,-112
11:07:28,6,-103,-118
11:07:28,7,-94,-99
11:07:28,5,-96,-93
11:07:28,2,-104,-100
11:07:28,3,-96,-94
11:07:28,5,-111,-94
11:07:28,-5,-101,-106
11:07:28,6,-97,-96
11:07:28,10,-92,-116
11:07:28,-1,-94,-104
11:07:28,-10,-105,-106
11:07:28,13,-104,-98
11:07:28,7,-100,-102
11:07:28,1,-99,-102
11:07:28,-7,-99,-96
11:07:28,3,-92,-108
11:07:28,13,-109,-106
11:07:28,13,-107,-93
11:07:28,2,-104,-95
11:07:29,-2,-109,-100
11:07:29,3,-103,-106
11:07:29,4,-90,-99
11:07:29,8,-92,-104
11:07:29,3,-101,-110
11:07:29,5,-97,-106
11:07:29,6,-101,-103
11:07:29,5,-98,-95
11:07:29,0,-97,-99
11:07:29,2,-98,-107
11:07:29,11,-89,-114
11:07:29,7,-100,-121
11:07:29,3,-100,-101
11:07:29,-6,-97,-119
11:07:29,4,-97,-99
11:07:29,2,-102,-101
11:07:29,8,-95,-108
11:07:29,-2,-112,-111
11:07:29,-6,-88,-106
11:07:29,5,-104,-111
11:07:30,10,-99,-109
11:07:30,-1,-88,-114
11:07:30,-2,-110,-120
11:07:30,5,-111,-112
11:07:30,14,-92,-116
11:07:30,6,-97,-115
11:07:30,-2,-102,-110
11:07:30,-2,-97,-102
11:07:30,9,-106,-103
11:07:30,-3,-99,-112
11:07:30,-8,-87,-110
11:07:30,8,-99,-101
11:07:30,10,-95,-112
11:07:30,4,-103,-124
11:07:30,-5,-99,-105
11:07:30,7,-108,-88
11:07:30,9,-91,-103
11:07:30,5,-94,-104
11:07:30,1,-91,-110
11:07:30,0,-103,-115
11:07:31,0,-119,-105
11:07:31,7,-114,-105
11:07:31,7,-107,-101
11:07:31,-6,-98,-99
11:07:31,2,-97,-103
11:07:31,10,-97,-111
11:07:31,11,-95,-96
11:07:31,2,-105,-109
11:07:31,-1,-114,-103
11:07:31,12,-93,-102
11:07:31,2,-106,-108
11:07:31,-2,-105,-105
11:07:31,5,-101,-99
11:07:31,16,-98,-105
11:07:31,-4,-98,-99
11:07:31,-2,-102,-110
11:07:31,5,-100,-103
11:07:31,8,-101,-94
11:07:31,9,-105,-100
11:07:32,5,-111,-118
11:07:32,-2,-97,-104
11:07:32,0,-111,-105
11:07:32,-5,-109,-116
11:07:32,12,-102,-107
11:07:32,-1,-102,-113
11:07:32,-7,-93,-119
11:07:32,7,-101,-106
11:07:32,12,-114,-111
11:07:32,-1,-95,-95
11:07:32,-6,-95,-110
11:07:32,6,-104,-114
11:07:32,8,-102,-105
11:07:32,-3,-103,-102
11:07:32,-2,-94,-112
11:07:32,2,-90,-96
11:07:32,9,-106,-108
11:07:32,3,-85,-106
11:07:32,12,-115,-106
11:07:32,12,-100,-110
11:07:33,2,-94,-99
11:07:33,-2,-94,-106
11:07:33,-1,-96,-99
11:07:33,-6,-103,-101
11:07:33,0,-92,-97
11:07:33,10,-91,-108
11:07:33,2,-108,-106
11:07:33,-8,-104,-103
11:07:33,1,-102,-117
11:07:33,3,-103,-95
11:07:33,7,-114,-108
11:07:33,-6,-100,-118
11:07:33,-3,-95,-105
11:07:33,5,-94,-96
11:07:33,1,-101,-95
11:07:33,0,-104,-107
11:07:33,3,-99,-101
11:07:33,7,-90,-107
11:07:33,-5,-104,-111
11:07:33,2,-98,-90
11:07:34,5,-93,-101
11:07:34,-1,-89,-98
11:07:34,8,-92,-111
11:07:34,5,-105,-95
11:07:34,-3,-90,-105
11:07:34,0,-101,-101
11:07:34,8,-108,-102
11:07:34,12,-101,-111
11:07:34,-1,-96,-105
11:07:34,-5,-104,-101
11:07:34,13,-103,-105
11:07:34,6,-105,-113
11:07:34,-2,-93,-117
11:07:34,-5,-103,-102
11:07:34,-2,-92,-96
11:07:34,3,-104,-101
11:07:34,8,-94,-112
11:07:34,1,-98,-115
11:07:34,-3,-97,-104
11:07:34,4,-102,-100
11:07:35,5,-110,-107
11:07:35,6,-110,-91
11:07:35,-4,-102,-99
11:07:35,10,-98,-103
11:07:35,9,-108,-107
11:07:35,2,-100,-86
11:07:35,2,-92,-106
11:07:35,13,-101,-107
11:07:35,12,-106,-99
11:07:35,1,-100,-111
11:07:35,-1,-98,-118
11:07:35,8,-97,-99
11:07:35,13,-94,-108
11:07:35,-6,-109,-103
11:07:35,-13,-93,-100
11:07:35,5,-106,-110
11:07:35,11,-91,-113
11:07:35,7,-101,-115
11:07:35,0,-99,-110
11:07:36,3,-103,-109
11:07:36,2,-106,-109
11:07:36,7,-100,-113
11:07:36,8,-90,-111
11:07:36,9,-112,-107
11:07:36,-1,-99,-99
11:07:36,7,-97,-105
11:07:36,3,-100,-101
11:07:36,-6,-95,-101
11:07:36,-3,-104,-78
11:07:36,11,-98,-99
11:07:36,15,-92,-112
11:07:36,2,-103,-107
11:07:36,-2,-102,-104
11:07:36,3,-90,-95
11:07:36,4,-107,-100
11:07:36,2,-99,-108
11:07:36,-4,-94,-102
11:07:36,3,-101,-110
11:07:36,7,-105,-106
11:07:37,3,-114,-103
11:07:37,-3,-110,-114
11:07:37,1,-105,-103
11:07:37,6,-88,-99
11:07:37,9,-102,-105
11:07:37,0,-108,-118
11:07:37,6,-103,-105
11:07:37,4,-100,-103
11:07:37,5,-115,-104
11:07:37,2,-97,-103
11:07:37,-5,-87,-103
11:07:37,12,-103,-109
11:07:37,8,-93,-107
11:07:37,6,-97,-111
11:07:37,-5,-109,-101
11:07:37,8,-99,-94
11:07:37,8,-98,-97
11:07:37,1,-93,-102
11:07:37,-1,-112,-102
11:07:37,1,-103,-102
11:07:38,4,-100,-106
11:07:38,2,-109,-103
11:07:38,-2,-105,-108
11:07:38,9,-110,-98
11:07:38,2,-94,-92
11:07:38,4,-106,-110
11:07:38,5,-96,-110
11:07:38,0,-105,-117
11:07:38,2,-94,-97
11:07:38,4,-94,-108
11:07:38,0,-101,-117
11:07:38,-11,-97,-102
11:07:38,-1,-107,-101
11:07:38,4,-94,-109
11:07:38,-1,-105,-93
11:07:38,1,-100,-115
11:07:38,4,-97,-102
11:07:38,15,-99,-100
11:07:38,7,-99,-108
11:07:38,-4,-105,-100
11:07:39,-3,-102,-101
11:07:39,9,-113,-89
11:07:39,8,-109,-107
11:07:39,9,-103,-120
11:07:39,2,-101,-109
11:07:39,-8,-96,-119
11:07:39,4,-104,-109
11:07:39,14,-107,-125
11:07:39,0,-102,-94
11:07:39,6,-96,-109
11:07:39,7,-109,-121
11:07:39,7,-95,-96
11:07:39,-4,-98,-108
11:07:39,-3,-95,-104
11:07:39,7,-100,-97
11:07:39,6,-97,-114
11:07:39,-3,-91,-99
11:07:39,4,-95,-109
11:07:39,6,-105,-105
11:07:40,8,-99,-104
11:07:40,3,-111,-105
11:07:40,-3,-99,-106
11:07:40,-2,-92,-111
11:07:40,5,-100,-105
11:07:40,20,-108,-107
11:07:40,2,-106,-107
11:07:40,-4,-105,-113
11:07:40,1,-101,-111
11:07:40,6,-94,-114
11:07:40,6,-97,-103
11:07:40,-5,-113,-103
11:07:40,5,-108,-100
11:07:40,13,-97,-107
11:07:40,2,-111,-107
11:07:40,-4,-104,-101
11:07:40,6,-100,-106
11:07:40,12,-110,-110
11:07:40,6,-103,-109
11:07:40,-6,-107,-93
11:07:41,-5,-97,-101
11:07:41,19,-107,-109
11:07:41,-1,-91,-105
11:07:41,1,-97,-105
11:07:41,1,-89,-95
11:07:41,7,-96,-97
11:07:41,9,-102,-114
11:07:41,3,-93,-104
11:07:41,-5,-86,-107
11:07:41,-6,-101,-98
11:07:41,4,-106,-108
11:07:41,9,-98,-116
11:07:41,-2,-100,-101
11:07:41,-7,-105,-119
11:07:41,1,-104,-110
11:07:41,9,-104,-109
11:07:41,1,-103,-106
11:07:41,-3,-94,-113
11:07:41,1,-93,-99
11:07:41,1,-90,-113
11:07:42,2,-102,-102
11:07:42,3,-107,-112
11:07:42,5,-97,-108
11:07:42,4,-85,-111
11:07:42,5,-91,-102
11:07:42,0,-93,-115
11:07:42,-6,-91,-106
11:07:42,-4,-84,-110
11:07:42,12,-101,-111
11:07:42,5,-89,-105
11:07:42,-9,-102,-109
11:07:42,7,-95,-88
11:07:42,17,-97,-110
11:07:42,2,-111,-111
11:07:42,2,-103,-112
11:07:42,-3,-98,-124
11:07:42,12,-108,-98
11:07:42,-1,-101,-102
11:07:42,-5,-106,-110
11:07:43,7,-99,-94
11:07:43,4,-97,-106
11:07:43,-3,-99,-117
11:07:43,-3,-94,-113
11:07:43,2,-97,-121
11:07:43,-1,-93,-100
11:07:43,8,-99,-104
11:07:43,8,-92,-108
11:07:43,-8,-97,-106
11:07:43,7,-95,-111
11:07:43,10,-100,-101
11:07:43,12,-93,-121
11:07:43,0,-99,-112
11:07:43,5,-103,-102
11:07:43,12,-114,-117
11:07:43,10,-95,-102
11:07:43,4,-113,-108
11:07:43,-7,-92,-104
11:07:43,10,-108,-110
11:07:43,8,-100,-110
11:07:44,6,-97,-107
11:07:44,5,-98,-104
11:07:44,8,-100,-106
11:07:44,-1,-100,-117
11:07:44,5,-116,-99
11:07:44,0,-99,-98
11:07:44,4,-102,-102
11:07:44,-3,-107,-107
11:07:44,4,-102,-100
11:07:44,-1,-103,-104
11:07:44,-8,-100,-98
11:07:44,3,-105,-114
11:07:44,8,-100,-98
11:07:44,2,-94,-99
11:07:44,-3,-92,-98
11:07:44,6,-100,-103
11:07:44,7,-94,-99
11:07:44,5,-100,-88
11:07:44,-3,-99,-109
11:07:44,2,-104,-107
11:07:45,11,-100,-102
11:07:45,10,-106,-105
11:07:45,1,-106,-114
11:07:45,2,-103,-117
11:07:45,7,-100,-111
11:07:45,2,-90,-105
11:07:45,1,-83,-110
11:07:45,2,-95,-112
11:07:45,3,-105,-107
11:07:45,13,-92,-120
11:07:45,5,-104,-106
11:07:45,-8,-94,-103
11:07:45,-1,-100,-96
11:07:45,11,-102,-115
11:07:45,10,-103,-102
11:07:45,-7,-89,-99
11:07:45,3,-104,-98
11:07:45,10,-98,-106
11:07:45,8,-103,-96
11:07:45,0,-103,-109
11:07:46,1,-91,-92
11:07:46,11,-95,-97
11:07:46,3,-102,-106
11:07:46,4,-96,-122
11:07:46,4,-94,-110
11:07:46,9,-91,-109
11:07:46,0,-96,-107
11:07:46,6,-104,-105
11:07:46,4,-100,-105
11:07:46,0,-106,-109
11:07:46,0,-106,-110
11:07:46,11,-98,-107
11:07:46,3,-102,-94
11:07:46,-2,-106,-99
11:07:46,9,-111,-122
11:07:46,5,-89,-104
11:07:46,-6,-102,-111
11:07:46,-7,-86,-95
11:07:46,4,-107,-105
11:07:47,11,-101,-101
11:07:47,9,-95,-106
11:07:47,-4,-100,-111
11:07:47,0,-94,-92
11:07:47,7,-104,-107
11:07:47,10,-106,-102
11:07:47,1,-98,-99
11:07:47,0,-93,-110
11:07:47,0,-108,-92
11:07:47,0,-103,-104
11:07:47,-2,-97,-105
11:07:47,3,-103,-106
11:07:47,-4,-100,-104
11:07:47,8,-114,-102
11:07:47,-2,-83,-121
11:07:47,-12,-105,-96
11:07:47,2,-104,-103
11:07:47,12,-96,-103
11:07:47,1,-98,-104
11:07:47,-7,-94,-100
11:07:48,2,-106,-113
11:07:48,15,-96,-115
11:07:48,12,-99,-103
11:07:48,3,-104,-100
11:07:48,10,-106,-98
11:07:48,4,-85,-107
11:07:48,4,-98,-110
11:07:48,6,-100,-103
11:07:48,2,-98,-103
11:07:48,5,-95,-105
11:07:48,10,-109,-108
11:07:48,9,-109,-118
11:07:48,1,-111,-96
11:07:48,-2,-109,-105
11:07:48,3,-96,-108
11:07:48,10,-104,-103
11:07:48,1,-101,-112
11:07:48,-5,-96,-110
11:07:48,3,-109,-104
11:07:48,5,-98,-100
11:07:49,-3,-100,-110
11:07:49,-6,-99,-110
11:07:49,12,-107,-98
11:07:49,11,-89,-101
11:07:49,2,-104,-111
11:07:49,-2,-105,-103
11:07:49,5,-93,-92
11:07:49,3,-93,-98
11:07:49,8,-90,-97
11:07:49,2,-100,-97
11:07:49,2,-99,-97
11:07:49,6,-103,-106
11:07:49,7,-97,-109
11:07:49,7,-97,-103
11:07:49,-6,-91,-94
11:07:49,3,-99,-100
11:07:49,9,-105,-106
11:07:49,3,-107,-109
11:07:49,-4,-96,-101
11:07:49,2,-94,-105
11:07:50,7,-103,-106
11:07:50,6,-99,-107
11:07:50,-3,-98,-98
11:07:50,5,-91,-106
11:07:50,8,-93,-105
11:07:50,4,-105,-95
11:07:50,2,-100,-117
11:07:50,-4,-102,-96
11:07:50,2,-102,-95
11:07:50,12,-111,-113
11:07:50,11,-99,-104
11:07:50,10,-98,-101
11:07:50,0,-95,-97
11:07:50,3,-100,-91
11:07:50,7,-101,-107
11:07:50,-4,-103,-110
11:07:50,-4,-100,-100
11:07:50,5,-100,-98
11:07:50,5,-109,-107
11:07:51,1,-101,-106
11:07:51,-8,-89,-107
11:07:51,8,-103,-111
11:07:51,0,-93,-106
11:07:51,2,-102,-92
11:07:51,3,-102,-114
11:07:51,8,-103,-95
11:07:51,8,-101,-107
11:07:51,10,-112,-124
11:07:51,-3,-97,-97
11:07:51,-4,-100,-100
11:07:51,7,-95,-111
11:07:51,17,-98,-118
11:07:51,5,-102,-101
11:07:51,-6,-99,-110
11:07:51,14,-97,-93
11:07:51,6,-97,-94
11:07:51,-2,-93,-97
11:07:51,2,-101,-106
11:07:51,5,-95,-107
11:07:52,11,-106,-109
11:07:52,0,-106,-98
11:07:52,-3,-99,-114
11:07:52,3,-92,-105
11:07:52,2,-106,-115
11:07:52,0,-97,-113
11:07:52,-2,-93,-115
11:07:52,2,-110,-108
11:07:52,-6,-109,-104
11:07:52,15,-101,-111
11:07:52,4,-98,-114
11:07:52,5,-108,-107
11:07:52,-1,-106,-90
11:07:52,9,-100,-95
11:07:52,3,-94,-108
11:07:52,2,-113,-108
11:07:52,2,-105,-103
11:07:52,5,-101,-101
11:07:52,9,-100,-104
11:07:52,-5,-96,-102
11:07:53,2,-90,-101
11:07:53,4,-95,-104
11:07:53,8,-106,-111
11:07:53,-1,-87,-98
11:07:53,-3,-101,-102
11:07:53,1,-110,-101
11:07:53,-2,-102,-109
11:07:53,5,-106,-102
11:07:53,-3,-106,-112
11:07:53,1,-103,-109
11:07:53,5,-105,-112
11:07:53,5,-98,-114
11:07:53,-4,-95,-107
11:07:53,1,-102,-107
11:07:53,3,-100,-102
11:07:53,12,-103,-107
11:07:53,-7,-89,-112
11:07:53,-13,-98,-99
11:07:53,6,-99,-96
11:07:54,10,-91,-111
11:07:54,4,-109,-96
11:07:54,-3,-105,-101
11:07:54,9,-103,-97
11:07:54,17,-101,-111
11:07:54,10,-101,-110
11:07:54,5,-101,-108
11:07:54,1,-102,-118
11:07:54,3,-102,-106
11:07:54,3,-104,-110
11:07:54,4,-104,-110
11:07:54,5,-107,-111
11:07:54,2,-97,-102
11:07:54,3,-102,-96
11:07:54,2,-112,-107
11:07:54,6,-99,-102
11:07:54,0,-100,-112
11:07:54,9,-111,-104
11:07:54,2,-96,-100
11:07:54,-8,-98,-96
11:07:55,0,-102,-101
11:07:55,9,-104,-104
11:07:55,2,-98,-101
11:07:55,-2,-94,-115
11:07:55,1,-97,-100
11:07:55,8,-100,-111
11:07:55,7,-99,-102
11:07:55,-2,-104,-104
11:07:55,2,-100,-107
11:07:55,9,-101,-108
11:07:55,-6,-106,-105
11:07:55,3,-103,-105
11:07:55,-7,-91,-107
11:07:55,2,-103,-118
11:07:55,5,-109,-105
11:07:55,4,-102,-109
11:07:55,-3,-106,-101
11:07:55,0,-91,-113
11:07:55,12,-89,-106
11:07:55,14,-101,-123
11:07:56,-4,-89,-103
11:07:56,-1,-118,-103
11:07:56,1,-99,-105
11:07:56,15,-109,-95
11:07:56,1,-86,-95
11:07:56,-2,-100,-104
11:07:56,8,-94,-96
11:07:56,8,-89,-100
11:07:56,3,-100,-106
11:07:56,-2,-101,-116
11:07:56,4,-101,-102
11:07:56,11,-109,-114
11:07:56,8,-99,-114
11:07:56,4,-103,-105
11:07:56,5,-104,-102
11:07:56,4,-107,-103
11:07:56,5,-104,-94
11:07:56,2,-100,-114
11:07:56,5,-104,-106
11:07:56,10,-103,-108
11:07:57,6,-102,-108
11:07:57,3,-106,-106
11:07:57,-1,-113,-99
11:07:57,3,-102,-96
11:07:57,3,-102,-99
11:07:57,5,-102,-122
11:07:57,-3,-95,-111
11:07:57,-2,-96,-110
11:07:57,9,-89,-106
11:07:57,12,-111,-100
11:07:57,2,-95,-102
11:07:57,1,-99,-113
11:07:57,9,-112,-108
11:07:57,9,-108,-108
11:07:57,7,-101,-118
11:07:57,-6,-95,-105
11:07:57,1,-98,-93
11:07:57,9,-102,-110
11:07:57,6,-95,-114
11:07:58,-9,-92,-99
11:07:58,-3,-110,-107
11:07:58,-1,-90,-96
11:07:58,10,-95,-120
11:07:58,-3,-99,-109
11:07:58,-6,-103,-114
11:07:58,9,-102,-108
11:07:58,12,-96,-98
11:07:58,-1,-100,-103
11:07:58,2,-109,-106
11:07:58,6,-93,-99
11:07:58,4,-98,-110
11:07:58,8,-99,-106
11:07:58,2,-98,-108
11:07:58,-7,-101,-98
11:07:58,-1,-90,-98
11:07:58,11,-93,-108
11:07:58,10,-102,-102
11:07:58,-3,-104,-95
11:07:58,-5,-96,-99
11:07:59,5,-98,-105
11:07:59,0,-102,-114
11:07:59,-4,-93,-102
11:07:59,5,-103,-107
11:07:59,8,-104,-108
11:07:59,0,-115,-112
11:07:59,-3,-101,-102
11:07:59,1,-102,-100
11:07:59,7,-96,-97
11:07:59,3,-98,-113
11:07:59,-1,-103,-107
11:07:59,-7,-104,-92
11:07:59,19,-108,-94
11:07:59,8,-98,-108
11:07:59,3,-87,-107
11:07:59,5,-88,-107
11:07:59,4,-100,-102
11:07:59,10,-101,-111
11:07:59,10,-102,-107
11:07:59,0,-97,-116
11:08:00,0,-99,-108
11:08:00,13,-102,-110
11:08:00,1,-102,-107
11:08:00,-5,-102,-105
11:08:00,0,-104,-118
11:08:00,10,-102,-111
11:08:00,6,-98,-110
11:08:00,-3,-116,-103
11:08:00,-10,-101,-107
11:08:00,6,-98,-98
11:08:00,3,-95,-109
11:08:00,4,-108,-103
11:08:00,-7,-103,-103
11:08:00,3,-95,-114
11:08:00,8,-111,-98
11:08:00,6,-100,-109
11:08:00,6,-100,-102
11:08:00,-1,-107,-97
11:08:00,10,-97,-106
11:08:00,16,-104,-108
11:08:01,-3,-94,-101
11:08:01,-3,-96,-99
11:08:01,3,-108,-109
11:08:01,8,-99,-111
11:08:01,-2,-105,-107
11:08:01,-11,-100,-99
11:08:01,4,-98,-113
11:08:01,5,-99,-118
11:08:01,6,-108,-113
11:08:01,-6,-97,-106
11:08:01,2,-91,-117
11:08:01,15,-96,-104
11:08:01,-3,-96,-105
11:08:01,-1,-94,-106
11:08:01,2,-100,-105
11:08:01,6,-99,-102
11:08:01,10,-105,-113
11:08:01,1,-102,-104
11:08:01,3,-96,-102
11:08:02,7,-103,-92
11:08:02,-3,-114,-99
11:08:02,8,-98,-106
11:08:02,-7,-96,-95
11:08:02,4,-105,-112
11:08:02,11,-95,-114
11:08:02,4,-103,-108
11:08:02,-3,-106,-117
11:08:02,-10,-103,-98
11:08:02,-6,-95,-108
11:08:02,8,-107,-119
11:08:02,-1,-86,-125
11:08:02,-3,-97,-106
11:08:02,4,-101,-99
11:08:02,1,-104,-113
11:08:02,5,-92,-103
11:08:02,-4,-103,-105
11:08:02,7,-114,-112
11:08:02,3,-97,-111
11:08:02,5,-101,-109
11:08:03,-5,-101,-118
11:08:03,-2,-95,-91
11:08:03,-2,-88,-103
11:08:03,14,-105,-122
11:08:03,-6,-102,-111
11:08:03,-2,-101,-113
11:08:03,-1,-96,-90
11:08:03,12,-100,-114
11:08:03,5,-94,-111
11:08:03,-4,-100,-91
11:08:03,1,-100,-102
11:08:03,0,-100,-110
11:08:03,10,-101,-103
11:08:03,5,-102,-112
11:08:03,8,-93,-112
11:08:03,3,-99,-113
11:08:03,-8,-104,-97
11:08:03,-5,-99,-104
11:08:03,0,-107,-118
11:08:03,0,-99,-114
11:08:04,4,-102,-117
11:08:04,-4,-83,-111
11:08:04,-2,-104,-100
11:08:04,-4,-99,-107
11:08:04,16,-103,-100
11:08:04,4,-103,-106
11:08:04,0,-96,-106
11:08:04,2,-91,-116
11:08:04,7,-91,-102
11:08:04,9,-102,-103
11:08:04,0,-96,-103
11:08:04,9,-121,-115
11:08:04,7,-101,-114
11:08:04,3,-108,-117
11:08:04,-5,-99,-115
11:08:04,-1,-104,-124
11:08:04,11,-106,-113
11:08:04,8,-107,-109
11:08:04,-1,-100,-107
11:08:05,4,-98,-115
11:08:05,7,-100,-109
11:08:05,15,-102,-98
11:08:05,-1,-99,-104
11:08:05,5,-99,-115
11:08:05,-4,-96,-96
11:08:05,7,-97,-106
11:08:05,6,-98,-103
11:08:05,-3,-97,-118
11:08:05,4,-101,-97
11:08:05,8,-107,-102
11:08:05,9,-98,-107
11:08:05,7,-92,-99
11:08:05,-5,-90,-90
11:08:05,6,-92,-108
11:08:05,5,-94,-98
11:08:05,9,-99,-113
11:08:05,0,-103,-120
11:08:05,-7,-88,-101
11:08:05,-2,-109,-106
11:08:06,-1,-100,-116
11:08:06,2,-104,-104
11:08:06,3,-108,-105
11:08:06,3,-102,-103
11:08:06,7,-95,-102
11:08:06,3,-108,-108
11:08:06,2,-108,-104
11:08:06,-2,-102,-99
11:08:06,6,-90,-101
11:08:06,-2,-106,-105
11:08:06,-14,-90,-91
11:08:06,-3,-95,-111
11:08:06,18,-104,-101
11:08:06,24,-102,-113
11:08:06,5,-97,-104
11:08:06,0,-99,-106
11:08:06,5,-96,-108
11:08:06,3,-100,-108
11:08:06,4,-94,-114
11:08:06,-2,-99,-116
11:08:07,2,-106,-103
11:08:07,3,-92,-96
11:08:07,1,-97,-117
11:08:07,-1,-100,-123
11:08:07,9,-109,-106
11:08:07,1,-106,-117
11:08:07,8,-93,-108
11:08:07,-7,-89,-107
11:08:07,8,-104,-109
11:08:07,6,-99,-109
11:08:07,8,-113,-113
11:08:07,1,-94,-105
11:08:07,-11,-102,-95
11:08:07,3,-108,-115
11:08:07,12,-109,-105
11:08:07,3,-104,-109
11:08:07,-2,-97,-103
11:08:07,3,-102,-101
11:08:07,19,-97,-116
11:08:07,8,-87,-103
11:08:08,3,-98,-106
11:08:08,4,-100,-108
11:08:08,13,-105,-109
11:08:08,4,-104,-109
11:08:08,5,-99,-108
11:08:08,4,-107,-96
11:08:08,2,-97,-108
11:08:08,6,-103,-107
11:08:08,-4,-101,-117
11:08:08,-2,-91,-113
11:08:08,3,-103,-112
11:08:08,5,-98,-109
11:08:08,9,-104,-112
11:08:08,-8,-94,-107
11:08:08,-4,-104,-98
11:08:08,7,-101,-107
11:08:08,16,-95,-103
11:08:08,-7,-97,-106
11:08:08,-8,-108,-110
11:08:09,6,-86,-96
11:08:09,8,-104,-109
11:08:09,6,-106,-95
11:08:09,-2,-93,-114
11:08:09,4,-92,-95
11:08:09,7,-102,-106
11:08:09,5,-99,-121
11:08:09,4,-102,-114
11:08:09,-2,-102,-105
11:08:09,2,-101,-107
11:08:09,1,-99,-108
11:08:09,-5,-106,-116
11:08:09,-5,-102,-98
11:08:09,9,-102,-101
11:08:09,10,-102,-106
11:08:09,-10,-99,-98
11:08:09,-5,-100,-111
11:08:09,1,-83,-97
11:08:09,13,-108,-113
11:08:09,2,-106,-106
11:08:10,-6,-98,-118
11:08:10,6,-92,-88
11:08:10,11,-106,-105
11:08:10,3,-95,-107
11:08:10,-2,-95,-96
11:08:10,5,-106,-103
11:08:10,11,-98,-105
11:08:10,10,-101,-109
11:08:10,2,-92,-113
11:08:10,-1,-93,-100
11:08:10,5,-96,-104
11:08:10,10,-114,-103
11:08:10,13,-109,-94
11:08:10,-15,-107,-96
11:08:10,0,-102,-111
11:08:10,14,-98,-116
11:08:10,2,-97,-107
11:08:10,-7,-94,-96
11:08:10,-2,-103,-101
11:08:10,7,-95,-106
11:08:11,9,-114,-109
11:08:11,-3,-107,-107
11:08:11,-4,-105,-112
11:08:11,10,-98,-98
11:08:11,11,-113,-104
11:08:11,-2,-87,-113
11:08:11,0,-102,-106
11:08:11,14,-102,-109
11:08:11,15,-106,-96
11:08:11,2,-102,-105
11:08:11,7,-99,-109
11:08:11,0,-97,-98
11:08:11,-1,-86,-103
11:08:11,6,-100,-106
11:08:11,5,-103,-106
11:08:11,1,-111,-110
11:08:11,1,-88,-95
11:08:11,3,-99,-114
11:08:11,-1,-102,-108
11:08:12,-2,-104,-118
11:08:12,4,-106,-87
11:08:12,7,-109,-97
11:08:12,2,-97,-108
11:08:12,4,-92,-102
11:08:12,1,-106,-111
11:08:12,7,-98,-113
11:08:12,3,-104,-116
11:08:12,-1,-95,-96
11:08:12,3,-103,-97
11:08:12,0,-99,-100
11:08:12,5,-93,-104
11:08:12,6,-106,-96
11:08:12,2,-112,-103
11:08:12,-1,-102,-112
11:08:12,6,-113,-115
11:08:12,11,-103,-91
11:08:12,-2,-101,-105
11:08:12,-3,-98,-100
11:08:12,6,-75,-110
11:08:13,3,-111,-108
11:08:13,3,-102,-102
11:08:13,5,-103,-100
11:08:13,13,-97,-111
11:08:13,7,-97,-108
11:08:13,-1,-102,-108
11:08:13,-4,-99,-108
11:08:13,8,-108,-96
11:08:13,9,-105,-112
11:08:13,-1,-99,-106
11:08:13,-1,-92,-105
11:08:13,-4,-105,-110
11:08:13,7,-112,-110
11:08:13,4,-102,-107
11:08:13,5,-107,-99
11:08:13,3,-101,-107
11:08:13,8,-88,-113
11:08:13,6,-95,-103
11:08:13,-10,-88,-95
11:08:13,2,-92,-100
11:08:14,2,-98,-99
11:08:14,9,-106,-109
11:08:14,-2,-108,-115
11:08:14,-7,-96,-87
11:08:14,8,-92,-96
11:08:14,3,-91,-114
11:08:14,3,-100,-111
11:08:14,4,-97,-105
11:08:14,3,-107,-118
11:08:14,7,-88,-97
11:08:14,7,-97,-108
11:08:14,-2,-107,-106
11:08:14,0,-104,-101
11:08:14,6,-89,-90
11:08:14,1,-104,-109
11:08:14,3,-99,-114
11:08:14,-13,-111,-98
11:08:14,1,-92,-109
11:08:14,6,-105,-105
11:08:14,1,-95,-111
11:08:15,4,-97,-109
11:08:15,3,-100,-107
11:08:15,4,-101,-101
11:08:15,1,-106,-111
11:08:15,0,-110,-104
11:08:15,6,-109,-105
11:08:15,5,-102,-107
11:08:15,0,-100,-95
11:08:15,6,-113,-107
11:08:15,1,-92,-97
11:08:15,5,-91,-107
11:08:15,5,-104,-107
11:08:15,4,-106,-113
11:08:15,-3,-105,-111
11:08:15,-2,-96,-104
11:08:15,10,-105,-115
11:08:15,5,-90,-123
11:08:15,-7,-89,-118
11:08:15,1,-109,-113
11:08:16,8,-100,-114
11:08:16,13,-102,-115
11:08:16,-1,-109,-109
11:08:16,10,-100,-104
11:08:16,3,-107,-109
11:08:16,1,-101,-106
11:08:16,3,-103,-119
11:08:16,-2,-84,-111
11:08:16,5,-106,-106
11:08:16,7,-104,-96
11:08:16,2,-100,-98
11:08:16,0,-101,-104
11:08:16,4,-102,-105
11:08:16,10,-99,-94
11:08:16,15,-95,-109
11:08:16,0,-84,-102
11:08:16,2,-100,-118
11:08:16,9,-104,-97
11:08:16,15,-104,-98
11:08:16,3,-93,-108
11:08:17,-4,-108,-110
11:08:17,4,-97,-111
11:08:17,2,-100,-106
11:08:17,4,-106,-102
11:08:17,-3,-102,-100
11:08:17,-4,-94,-103
11:08:17,13,-101,-120
11:08:17,5,-104,-120
11:08:17,-3,-101,-115
11:08:17,-2,-96,-97
11:08:17,4,-111,-115
11:08:17,8,-106,-104
11:08:17,1,-102,-101
11:08:17,-2,-94,-108
11:08:17,5,-96,-104
11:08:17,-6,-104,-97
11:08:17,0,-94,-96
11:08:17,4,-99,-94
11:08:17,5,-111,-85
11:08:17,6,-87,-94
11:08:18,11,-101,-109
11:08:18,2,-96,-106
11:08:18,-3,-95,-94
11:08:18,7,-103,-110
11:08:18,9,-103,-103
11:08:18,-1,-105,-108
11:08:18,-7,-92,-107
11:08:18,3,-104,-99
11:08:18,6,-102,-99
11:08:18,-5,-102,-106
11:08:18,8,-112,-108
11:08:18,8,-93,-104
11:08:18,8,-102,-104
11:08:18,7,-110,-101
11:08:18,5,-92,-102
11:08:18,2,-107,-97
11:08:18,9,-92,-109
11:08:18,6,-107,-107
11:08:18,-4,-92,-114
11:08:18,-4,-105,-115
11:08:19,2,-98,-109
11:08:19,14,-102,-101
11:08:19,6,-96,-117
11:08:19,-1,-91,-113
11:08:19,9,-88,-96
11:08:19,7,-99,-112
11:08:19,-1,-97,-113
11:08:19,1,-105,-113
11:08:19,-3,-102,-109
11:08:19,5,-98,-95
11:08:19,6,-95,-106
11:08:19,1,-99,-107
11:08:19,3,-106,-101
11:08:19,-2,-99,-100
11:08:19,8,-96,-112
11:08:19,10,-96,-102
11:08:19,-8,-98,-107
11:08:19,1,-100,-105
11:08:19,6,-92,-95
11:08:20,-2,-98,-110
11:08:20,-3,-105,-92
11:08:20,2,-93,-102
11:08:20,11,-105,-95
11:08:20,10,-99,-109
11:08:20,5,-100,-119
11:08:20,4,-91,-104
11:08:20,14,-100,-89
11:08:20,4,-93,-99
11:08:20,-1,-99,-101
11:08:20,-5,-91,-102
11:08:20,2,-99,-107
11:08:20,-1,-93,-104
11:08:20,12,-97,-117
11:08:20,1,-101,-101
11:08:20,-6,-99,-110
11:08:20,0,-88,-105
11:08:20,5,-94,-108
11:08:20,-6,-110,-108
11:08:20,0,-97,-112
11:08:21,8,-95,-103
11:08:21,2,-96,-111
11:08:21,-1,-104,-109
11:08:21,-3,-98,-102
11:08:21,14,-94,-96
11:08:21,6,-94,-100
11:08:21,-4,-97,-108
11:08:21,-5,-96,-104
11:08:21,5,-96,-105
11:08:21,8,-106,-102
11:08:21,9,-91,-106
11:08:21,2,-91,-100
11:08:21,-5,-89,-108
11:08:21,8,-95,-95
11:08:21,12,-102,-100
11:08:21,0,-88,-101
11:08:21,-1,-102,-104
11:08:21,10,-100,-113
11:08:21,5,-94,-108
11:08:21,2,-99,-109
11:08:22,-1,-100,-107
11:08:22,8,-104,-114
11:08:22,1,-103,-100
11:08:22,-3,-87,-116
11:08:22,2,-98,-109
11:08:22,9,-110,-109
11:08:22,3,-101,-105
11:08:22,4,-96,-98
11:08:22,-4,-84,-109
11:08:22,-3,-102,-106
11:08:22,2,-110,-96
11:08:22,-3,-96,-98
11:08:22,-1,-101,-102
11:08:22,-9,-94,-113
11:08:22,0,-105,-98
11:08:22,6,-100,-97
11:08:22,6,-97,-106
11:08:22,0,-99,-107
11:08:22,0,-98,-96
11:08:23,5,-82,-101
11:08:23,6,-101,-101
11:08:23,4,-98,-101
11:08:23,4,-97,-118
11:08:23,6,-95,-101
11:08:23,6,-95,-114
11:08:23,0,-96,-105
11:08:23,-4,-89,-112
11:08:23,-1,-95,-120
11:08:23,3,-100,-106
11:08:23,1,-111,-104
11:08:23,2,-106,-110
11:08:23,5,-108,-112
11:08:23,11,-97,-107
11:08:23,10,-93,-106
11:08:23,-5,-113,-115
11:08:23,-2,-101,-106
11:08:23,12,-100,-93
11:08:23,6,-99,-106
11:08:23,-5,-103,-108
11:08:24,0,-106,-95
11:08:24,4,-95,-96
11:08:24,5,-95,-99
11:08:24,3,-98,-119
11:08:24,-1,-98,-99
11:08:24,4,-95,-89
11:08:24,9,-102,-111
11:08:24,8,-100,-96
11:08:24,7,-108,-107
11:08:24,4,-106,-98
11:08:24,7,-98,-115
11:08:24,6,-101,-106
11:08:24,2,-108,-115
11:08:24,0,-106,-114
11:08:24,10,-98,-102
11:08:24,18,-105,-102
11:08:24,-2,-101,-103
11:08:24,-3,-96,-102
11:08:24,4,-92,-98
11:08:24,5,-108,-112
11:08:25,7,-106,-109
11:08:25,-2,-98,-100
11:08:25,3,-101,-109
11:08:25,5,-106,-106
11:08:25,7,-103,-107
11:08:25,7,-103,-110
11:08:25,6,-100,-103
11:08:25,-2,-103,-108
11:08:25,6,-96,-102
11:08:25,10,-106,-107
11:08:25,-1,-99,-102
11:08:25,5,-93,-111
11:08:25,7,-100,-96
11:08:25,6,-97,-99
11:08:25,0,-92,-108
11:08:25,7,-95,-109
11:08:25,6,-102,-98
11:08:25,-1,-92,-104
11:08:25,-4,-100,-109
11:08:25,5,-100,-95
11:08:26,10,-105,-114
11:08:26,3,-103,-106
11:08:26,4,-106,-109
11:08:26,0,-103,-103
11:08:26,5,-110,-101
11:08:26,5,-102,-94
11:08:26,3,-97,-107
11:08:26,3,-108,-103
11:08:26,-4,-109,-105
11:08:26,1,-96,-105
11:08:26,5,-97,-101
11:08:26,-1,-87,-106
11:08:26,-8,-96,-99
11:08:26,7,-93,-106
11:08:26,8,-102,-99
11:08:26,-5,-96,-108
11:08:26,1,-86,-91
11:08:26,4,-88,-95
11:08:26,6,-105,-93
11:08:27,4,-106,-120
11:08:27,5,-101,-112
11:08:27,6,-111,-108
11:08:27,2,-92,-114
11:08:27,4,-95,-99
11:08:27,-2,-102,-94
11:08:27,4,-115,-95
11:08:27,9,-95,-106
11:08:27,13,-108,-116
11:08:27,4,-104,-98
11:08:27,-9,-107,-105
11:08:27,5,-96,-117
11:08:27,5,-101,-100
11:08:27,1,-107,-113
11:08:27,-5,-103,-113
11:08:27,2,-101,-107
11:08:27,6,-99,-110
11:08:27,2,-91,-102
11:08:27,-6,-97,-113
11:08:27,-1,-98,-95
11:08:28,5,-95,-107
11:08:28,1,-99,-114
11:08:28,6,-111,-104
11:08:28,5,-105,-90
11:08:28,-1,-88,-103
11:08:28,8,-103,-111
11:08:28,7,-92,-111
11:08:28,7,-104,-111
11:08:28,1,-104,-129
11:08:28,17,-110,-115
11:08:28,10,-100,-104
11:08:28,-1,-95,-117
11:08:28,-7,-92,-105
11:08:28,5,-103,-106
11:08:28,7,-104,-108
11:08:28,-9,-107,-117
11:08:28,3,-108,-90
11:08:28,11,-109,-105
11:08:28,-1,-93,-103
11:08:28,4,-101,-101
11:08:29,2,-99,-109
11:08:29,6,-101,-112
11:08:29,7,-97,-106
11:08:29,-1,-105,-119
11:08:29,-2,-100,-111
11:08:29,6,-107,-107
11:08:29,7,-96,-105
11:08:29,10,-90,-105
11:08:29,6,-104,-92
11:08:29,-2,-93,-96
11:08:29,12,-98,-100
11:08:29,11,-103,-105
11:08:29,3,-105,-113
11:08:29,-10,-100,-115
11:08:29,0,-93,-107
11:08:29,9,-97,-97
11:08:29,0,-103,-99
11:08:29,-2,-90,-109
11:08:29,6,-103,-95
11:08:29,12,-104,-103
11:08:30,-2,-100,-123
11:08:30,-6,-91,-100
11:08:30,5,-98,-108
11:08:30,10,-98,-106
11:08:30,6,-95,-108
11:08:30,-3,-99,-105
11:08:30,-2,-101,-111
11:08:30,8,-97,-109
11:08:30,2,-100,-102
11:08:30,-1,-99,-118
11:08:30,-3,-97,-103
11:08:30,2,-91,-104
11:08:30,5,-93,-96
11:08:30,8,-91,-89
11:08:30,-3,-101,-115
11:08:30,1,-98,-110
11:08:30,-5,-100,-111
11:08:30,7,-95,-111
11:08:30,3,-103,-113
11:08:31,-2,-100,-109
11:08:31,5,-93,-98
11:08:31,-4,-96,-103
11:08:31,4,-99,-99
11:08:31,-1,-97,-112
11:08:31,5,-110,-109
11:08:31,6,-93,-106
11:08:31,8,-100,-112
11:08:31,-6,-100,-106
11:08:31,4,-110,-102
11:08:31,6,-97,-111
11:08:31,7,-94,-106
11:08:31,-12,-95,-109
11:08:31,-1,-103,-111
11:08:31,11,-103,-101
11:08:31,7,-101,-98
11:08:31,1,-97,-104
11:08:31,3,-93,-106
11:08:31,3,-85,-115
11:08:31,10,-109,-115
11:08:32,13,-90,-122
11:08:32,5,-105,-107
11:08:32,-1,-100,-90
11:08:32,5,-94,-110
11:08:32,4,-90,-105
11:08:32,0,-105,-98
11:08:32,3,-104,-99
11:08:32,-3,-106,-115
11:08:32,7,-105,-110
11:08:32,-5,-100,-117
11:08:32,3,-103,-107
11:08:32,-6,-96,-102
11:08:32,9,-104,-109
11:08:32,-1,-88,-106
11:08:32,-1,-99,-118
11:08:32,-3,-102,-114
11:08:32,26,-110,-114
11:08:32,-2,-84,-99
11:08:32,-7,-113,-106
11:08:32,-2,-101,-103
11:08:33,9,-93,-106
11:08:33,6,-91,-111
11:08:33,3,-94,-112
11:08:33,0,-100,-101
11:08:33,9,-104,-95
11:08:33,11,-93,-111
11:08:33,8,-100,-107
11:08:33,1,-101,-97
11:08:33,3,-103,-111
11:08:33,-3,-106,-102
11:08:33,7,-100,-103
11:08:33,3,-102,-111
11:08:33,-7,-108,-107
11:08:33,0,-104,-112
11:08:33,2,-101,-125
11:08:33,1,-89,-118
11:08:33,1,-111,-98
11:08:33,10,-105,-108
11:08:33,12,-106,-103
11:08:33,-7,-96,-96
11:08:34,-7,-99,-113
11:08:34,10,-98,-101
11:08:34,14,-96,-102
11:08:34,7,-98,-107
11:08:34,4,-102,-104
11:08:34,2,-98,-114
11:08:34,12,-91,-99
11:08:34,9,-92,-112
11:08:34,-4,-98,-107
11:08:34,-4,-98,-105
11:08:34,7,-100,-104
11:08:34,7,-90,-103
11:08:34,-1,-103,-99
11:08:34,-2,-97,-116
11:08:34,7,-105,-99
11:08:34,2,-113,-104
11:08:34,3,-100,-110
11:08:34,0,-109,-118
11:08:34,3,-104,-97
11:08:35,5,-92,-107
11:08:35,0,-97,-100
11:08:35,0,-84,-108
11:08:35,0,-96,-109
11:08:35,-4,-101,-104
11:08:35,2,-102,-112
11:08:35,1,-92,-126
11:08:35,3,-104,-99
11:08:35,-3,-98,-103
11:08:35,8,-98,-107
11:08:35,10,-89,-106
11:08:35,-2,-105,-106
11:08:35,9,-98,-101
11:08:35,8,-82,-103
11:08:35,8,-90,-105
11:08:35,2,-104,-109
11:08:35,0,-107,-99
11:08:35,8,-94,-104
11:08:35,-2,-94,-111
11:08:35,-5,-94,-96
11:08:36,2,-97,-107
11:08:36,2,-108,-107
