11:29:54,3,-82,-114
11:29:54,-6,-108,-105
11:29:54,-1,-103,-116
11:29:54,-1,-98,-108
11:29:54,-1,-89,-113
11:29:54,13,-98,-113
11:29:54,10,-107,-105
11:29:54,-20,-107,-101
11:29:54,2,-98,-104
11:29:54,-3,-98,-119
11:29:54,16,-101,-106
11:29:54,9,-96,-117
11:29:55,6,-104,-105
11:29:55,1,-105,-114
11:29:55,11,-109,-124
11:29:55,2,-94,-123
11:29:55,2,-92,-121
11:29:55,-8,-99,-112
11:29:55,1,-103,-108
11:29:55,10,-97,-109
11:29:55,3,-96,-106
11:29:55,15,-93,-111
11:29:55,7,-115,-116
11:29:55,-3,-98,-107
11:29:55,2,-96,-106
11:29:55,5,-93,-119
11:29:55,5,-98,-112
11:29:55,8,-100,-108
11:29:55,4,-108,-119
11:29:55,-3,-105,-103
11:29:55,10,-103,-109
11:29:56,17,-100,-102
11:29:56,0,-82,-111
11:29:56,-4,-92,-111
11:29:56,-6,-109,-88
11:29:56,4,-94,-107
11:29:56,17,-97,-130
11:29:56,17,-96,-115
11:29:56,7,-104,-103
11:29:56,-7,-104,-105
11:29:56,3,-100,-105
11:29:56,2,-92,-110
11:29:56,16,-98,-102
11:29:56,6,-96,-103
11:29:56,0,-90,-103
11:29:56,-6,-105,-99
11:29:56,14,-94,-118
11:29:56,6,-100,-120
11:29:56,11,-103,-108
11:29:56,-3,-92,-103
11:29:56,17,-116,-116
11:29:57,14,-102,-112
11:29:57,0,-89,-108
11:29:57,1,-93,-127
11:29:57,1,-98,-107
11:29:57,-2,-105,-115
11:29:57,-5,-104,-109
11:29:57,14,-104,-103
11:29:57,19,-98,-112
11:29:57,12,-106,-116
11:29:57,-8,-102,-111
11:29:57,5,-106,-96
11:29:57,-5,-90,-120
11:29:57,15,-79,-120
11:29:57,-1,-90,-114
11:29:57,17,-105,-103
11:29:57,15,-101,-96
11:29:57,0,-109,-125
11:29:57,11,-89,-105
11:29:57,4,-90,-103
11:29:57,-9,-99,-118
11:29:58,0,-100,-94
11:29:58,12,-100,-112
11:29:58,9,-93,-121
11:29:58,1,-91,-129
11:29:58,0,-102,-120
11:29:58,-4,-100,-104
11:29:58,-9,-110,-111
11:29:58,-6,-99,-99
11:29:58,27,-91,-110
11:29:58,7,-104,-120
11:29:58,-1,-99,-108
11:29:58,0,-114,-98
11:29:58,4,-101,-125
11:29:58,9,-101,-120
11:29:58,0,-106,-101
11:29:58,-1,-107,-98
11:29:58,3,-112,-104
11:29:58,6,-102,-117
11:29:58,2,-95,-123
11:29:58,11,-89,-102
11:29:59,1,-104,-101
11:29:59,-5,-106,-98
11:29:59,8,-100,-108
11:29:59,5,-96,-112
11:29:59,15,-100,-110
11:29:59,-3,-100,-106
11:29:59,1,-102,-109
11:29:59,-4,-99,-106
11:29:59,16,-106,-114
11:29:59,-2,-105,-115
11:29:59,12,-98,-114
11:29:59,-2,-100,-111
11:29:59,-8,-111,-96
11:29:59,3,-98,-114
11:29:59,22,-102,-119
11:29:59,10,-97,-108
11:29:59,3,-111,-109
11:29:59,-3,-99,-90
11:29:59,3,-99,-97
11:30:00,10,-100,-115
11:30:00,9,-95,-116
11:30:00,6,-93,-123
11:30:00,4,-92,-99
11:30:00,1,-95,-112
11:30:00,9,-97,-91
11:30:00,4,-89,-117
11:30:00,8,-95,-114
11:30:00,11,-119,-113
11:30:00,0,-87,-105
11:30:00,-10,-84,-117
11:30:00,1,-88,-113
11:30:00,12,-101,-128
11:30:00,1,-100,-114
11:30:00,-9,-116,-113
11:30:00,0,-106,-107
11:30:00,1,-95,-116
11:30:00,7,-104,-118
11:30:00,4,-95,-111
11:30:00,-16,-104,-112
11:30:01,0,-102,-109
11:30:01,-8,-96,-110
11:30:01,7,-95,-115
11:30:01,4,-83,-99
11:30:01,-2,-97,-103
11:30:01,2,-108,-106
11:30:01,15,-101,-116
11:30:01,19,-97,-95
11:30:01,-6,-96,-110
11:30:01,9,-100,-108
11:30:01,-3,-96,-94
11:30:01,2,-97,-106
11:30:01,1,-87,-124
11:30:01,23,-97,-111
11:30:01,1,-98,-109
11:30:01,6,-115,-110
11:30:01,-5,-87,-123
11:30:01,1,-114,-117
11:30:01,2,-103,-117
11:30:01,-6,-101,-117
11:30:02,-3,-105,-121
11:30:02,-14,-108,-111
11:30:02,5,-94,-102
11:30:02,12,-100,-111
11:30:02,18,-101,-113
11:30:02,-7,-98,-115
11:30:02,1,-113,-96
11:30:02,9,-103,-99
11:30:02,2,-102,-114
11:30:02,6,-81,-129
11:30:02,-2,-108,-115
11:30:02,-4,-102,-112
11:30:02,5,-112,-102
11:30:02,9,-101,-108
11:30:02,18,-89,-101
11:30:02,4,-101,-97
11:30:02,4,-95,-96
11:30:02,-6,-103,-106
11:30:02,7,-98,-115
11:30:02,8,-97,-120
11:30:03,-2,-90,-118
11:30:03,3,-104,-106
11:30:03,-6,-113,-101
11:30:03,-8,-100,-114
11:30:03,6,-107,-123
11:30:03,5,-98,-126
11:30:03,-1,-105,-95
11:30:03,-11,-100,-96
11:30:03,0,-98,-104
11:30:03,-3,-107,-116
11:30:03,4,-92,-119
11:30:03,-1,-100,-114
11:30:03,-12,-99,-110
11:30:03,-2,-95,-105
11:30:03,0,-78,-112
11:30:03,16,-98,-118
11:30:03,9,-96,-104
11:30:03,-2,-100,-99
11:30:03,8,-98,-94
11:30:04,5,-90,-124
11:30:04,-3,-95,-121
11:30:04,9,-95,-115
11:30:04,10,-110,-106
11:30:04,-7,-94,-107
11:30:04,-7,-91,-102
11:30:04,6,-104,-119
11:30:04,0,-90,-118
11:30:04,-15,-100,-108
11:30:04,0,-104,-117
11:30:04,-5,-112,-108
11:30:04,9,-103,-105
11:30:04,1,-83,-117
11:30:04,9,-102,-106
11:30:04,-5,-100,-122
11:30:04,1,-115,-97
11:30:04,11,-100,-115
11:30:04,12,-102,-124
11:30:04,17,-94,-122
11:30:04,0,-98,-102
11:30:05,1,-97,-117
11:30:05,-13,-93,-105
11:30:05,2,-99,-133
11:30:05,7,-93,-111
11:30:05,-6,-101,-103
11:30:05,7,-114,-102
11:30:05,8,-100,-113
11:30:05,7,-101,-101
11:30:05,3,-86,-115
11:30:05,7,-106,-109
11:30:05,2,-108,-113
11:30:05,-10,-109,-125
11:30:05,6,-96,-104
11:30:05,3,-95,-108
11:30:05,6,-100,-126
11:30:05,-5,-109,-99
11:30:05,-7,-106,-97
11:30:05,4,-95,-118
11:30:05,3,-93,-111
11:30:05,4,-98,-105
11:30:06,-5,-94,-103
11:30:06,0,-97,-110
11:30:06,8,-109,-121
11:30:06,8,-103,-121
11:30:06,8,-93,-111
11:30:06,24,-101,-108
11:30:06,0,-98,-100
11:30:06,0,-99,-114
11:30:06,4,-99,-116
11:30:06,14,-94,-112
11:30:06,3,-89,-119
11:30:06,-7,-91,-122
11:30:06,16,-115,-95
11:30:06,10,-120,-99
11:30:06,13,-111,-97
11:30:06,13,-104,-120
11:30:06,9,-99,-105
11:30:06,-10,-117,-116
11:30:06,4,-112,-119
11:30:07,6,-90,-108
11:30:07,14,-90,-112
11:30:07,1,-100,-102
11:30:07,6,-90,-108
11:30:07,9,-109,-110
11:30:07,18,-99,-111
11:30:07,5,-99,-108
11:30:07,18,-98,-113
11:30:07,-9,-91,-105
11:30:07,-1,-101,-85
11:30:07,2,-101,-122
11:30:07,14,-99,-104
11:30:07,8,-87,-94
11:30:07,-5,-89,-90
11:30:07,-8,-94,-115
11:30:07,-1,-96,-121
11:30:07,4,-92,-108
11:30:07,14,-86,-118
11:30:07,7,-101,-113
11:30:07,-1,-112,-110
11:30:08,0,-93,-112
11:30:08,1,-89,-113
11:30:08,6,-88,-112
11:30:08,8,-96,-110
11:30:08,-2,-112,-115
11:30:08,-5,-122,-89
11:30:08,9,-92,-110
11:30:08,16,-108,-111
11:30:08,-3,-94,-118
11:30:08,7,-103,-105
11:30:08,-11,-103,-104
11:30:08,12,-113,-99
11:30:08,12,-101,-114
11:30:08,12,-98,-109
11:30:08,9,-104,-113
11:30:08,1,-106,-120
11:30:08,1,-108,-95
11:30:08,14,-100,-97
11:30:08,7,-96,-109
11:30:08,14,-85,-112
11:30:09,10,-96,-117
11:30:09,-6,-104,-113
11:30:09,-5,-100,-128
11:30:09,7,-103,-125
11:30:09,0,-91,-119
11:30:09,-2,-102,-96
11:30:09,-7,-105,-107
11:30:09,8,-97,-101
11:30:09,15,-103,-111
11:30:09,9,-98,-113
11:30:09,-10,-109,-114
11:30:09,-12,-107,-108
11:30:09,-7,-102,-121
11:30:09,0,-111,-118
11:30:09,-2,-95,-113
11:30:09,6,-104,-105
11:30:09,-4,-110,-111
11:30:09,-19,-107,-109
11:30:09,10,-106,-110
11:30:09,24,-106,-109
11:30:10,8,-94,-103
11:30:10,-2,-99,-107
11:30:10,0,-102,-113
11:30:10,8,-103,-109
11:30:10,7,-96,-114
11:30:10,10,-97,-118
11:30:10,6,-116,-117
11:30:10,-9,-110,-114
11:30:10,15,-105,-103
11:30:10,5,-102,-121
11:30:10,2,-88,-120
11:30:10,6,-109,-129
11:30:10,-6,-115,-119
11:30:10,10,-100,-99
11:30:10,8,-102,-99
11:30:10,11,-102,-123
11:30:10,8,-90,-119
11:30:10,11,-114,-95
11:30:10,6,-112,-101
11:30:11,11,-106,-117
11:30:11,5,-100,-104
11:30:11,16,-107,-111
11:30:11,-2,-103,-120
11:30:11,-1,-111,-100
11:30:11,-4,-101,-110
11:30:11,6,-92,-110
11:30:11,14,-92,-125
11:30:11,-15,-111,-107
11:30:11,-1,-108,-105
11:30:11,-5,-119,-114
11:30:11,12,-101,-105
11:30:11,-1,-102,-122
11:30:11,10,-105,-107
11:30:11,-2,-117,-98
11:30:11,6,-98,-106
11:30:11,12,-86,-112
11:30:11,21,-109,-106
11:30:11,8,-93,-131
11:30:11,-2,-102,-117
11:30:12,0,-98,-114
11:30:12,-2,-101,-115
11:30:12,10,-94,-110
11:30:12,3,-100,-120
11:30:12,2,-109,-106
11:30:12,5,-100,-113
11:30:12,-11,-96,-102
11:30:12,12,-82,-109
11:30:12,25,-95,-110
11:30:12,12,-89,-123
11:30:12,1,-105,-102
11:30:12,9,-100,-113
11:30:12,5,-100,-117
11:30:12,22,-104,-111
11:30:12,8,-112,-117
11:30:12,5,-112,-99
11:30:12,-9,-103,-101
11:30:12,4,-102,-107
11:30:12,8,-116,-133
11:30:12,7,-102,-112
11:30:13,-5,-107,-114
11:30:13,-11,-93,-105
11:30:13,-13,-91,-102
11:30:13,-1,-105,-96
11:30:13,13,-86,-114
11:30:13,-1,-97,-121
11:30:13,-10,-103,-109
11:30:13,3,-99,-93
11:30:13,-2,-86,-102
11:30:13,7,-100,-112
11:30:13,10,-110,-104
11:30:13,-1,-99,-102
11:30:13,-5,-103,-109
11:30:13,12,-99,-124
11:30:13,0,-86,-117
11:30:13,1,-94,-112
11:30:13,0,-104,-105
11:30:13,-10,-111,-116
11:30:13,-4,-98,-111
11:30:13,4,-96,-102
11:30:14,12,-92,-105
11:30:14,-2,-109,-102
11:30:14,-17,-116,-121
11:30:14,-2,-100,-100
11:30:14,9,-93,-122
11:30:14,-4,-85,-103
11:30:14,5,-103,-111
11:30:14,2,-92,-120
11:30:14,-4,-101,-102
11:30:14,2,-101,-110
11:30:14,-1,-90,-134
11:30:14,7,-100,-110
11:30:14,1,-112,-94
11:30:14,-5,-108,-112
11:30:14,1,-94,-109
11:30:14,-1,-92,-134
11:30:14,14,-76,-129
11:30:14,1,-106,-105
11:30:14,-9,-97,-119
11:30:15,2,-101,-102
11:30:15,-7,-99,-123
11:30:15,-1,-99,-130
11:30:15,13,-108,-99
11:30:15,9,-108,-112
11:30:15,6,-95,-103
11:30:15,17,-90,-121
11:30:15,16,-92,-114
11:30:15,12,-80,-108
11:30:15,3,-110,-115
11:30:15,11,-103,-110
11:30:15,9,-108,-107
11:30:15,3,-95,-113
11:30:15,12,-104,-116
11:30:15,2,-116,-111
11:30:15,-2,-105,-112
11:30:15,-3,-89,-111
11:30:15,14,-95,-114
11:30:15,17,-95,-120
11:30:15,-9,-87,-110
11:30:16,10,-95,-112
11:30:16,-2,-96,-113
11:30:16,1,-89,-109
11:30:16,8,-98,-132
11:30:16,3,-94,-120
11:30:16,-15,-105,-128
11:30:16,-5,-104,-111
11:30:16,10,-88,-105
11:30:16,13,-96,-109
11:30:16,7,-109,-125
11:30:16,-2,-110,-116
11:30:16,0,-104,-95
11:30:16,1,-92,-111
11:30:16,17,-103,-105
11:30:16,3,-88,-104
11:30:16,-6,-94,-122
11:30:16,4,-108,-107
11:30:16,-5,-87,-97
11:30:16,15,-88,-98
11:30:16,20,-96,-115
11:30:17,18,-94,-100
11:30:17,-2,-102,-109
11:30:17,18,-110,-118
11:30:17,-6,-100,-103
11:30:17,12,-98,-106
11:30:17,14,-94,-115
11:30:17,-2,-112,-116
11:30:17,2,-94,-112
11:30:17,-4,-103,-120
11:30:17,7,-92,-112
11:30:17,17,-107,-119
11:30:17,-2,-101,-119
11:30:17,-7,-102,-110
11:30:17,5,-105,-99
11:30:17,11,-89,-99
11:30:17,16,-94,-107
11:30:17,11,-95,-116
11:30:17,1,-109,-104
11:30:17,2,-91,-123
11:30:17,14,-101,-107
11:30:18,5,-99,-130
11:30:18,9,-98,-106
11:30:18,5,-101,-106
11:30:18,-2,-92,-91
11:30:18,6,-99,-108
11:30:18,4,-104,-119
11:30:18,6,-100,-105
11:30:18,3,-117,-117
11:30:18,-4,-122,-123
11:30:18,-11,-102,-112
11:30:18,9,-101,-121
11:30:18,8,-91,-126
11:30:18,3,-96,-115
11:30:18,0,-104,-107
11:30:18,1,-96,-103
11:30:18,1,-87,-114
11:30:18,10,-116,-116
11:30:18,2,-90,-110
11:30:18,4,-110,-116
11:30:19,-8,-102,-93
11:30:19,4,-101,-109
11:30:19,11,-96,-105
11:30:19,5,-93,-114
11:30:19,2,-125,-110
11:30:19,-4,-99,-95
11:30:19,-5,-97,-104
11:30:19,-1,-92,-112
11:30:19,5,-90,-140
11:30:19,-9,-103,-110
11:30:19,-3,-106,-99
11:30:19,-1,-97,-104
11:30:19,5,-89,-110
11:30:19,9,-98,-125
11:30:19,8,-100,-113
11:30:19,-2,-98,-112
11:30:19,5,-109,-116
11:30:19,1,-101,-103
11:30:19,10,-91,-110
11:30:19,2,-94,-123
11:30:20,5,-104,-102
11:30:20,5,-99,-99
11:30:20,13,-106,-108
11:30:20,6,-86,-107
11:30:20,12,-100,-119
11:30:20,17,-95,-100
11:30:20,8,-95,-103
11:30:20,1,-90,-88
11:30:20,11,-108,-107
11:30:20,8,-88,-122
11:30:20,11,-98,-106
11:30:20,-2,-114,-100
11:30:20,-1,-100,-105
11:30:20,10,-105,-107
11:30:20,14,-98,-126
11:30:20,22,-97,-97
11:30:20,3,-99,-109
11:30:20,1,-106,-101
11:30:20,8,-108,-98
11:30:20,15,-102,-105
11:30:21,25,-101,-138
11:30:21,10,-99,-117
11:30:21,5,-111,-91
11:30:21,4,-100,-112
11:30:21,2,-99,-107
11:30:21,14,-98,-107
11:30:21,2,-105,-110
11:30:21,13,-111,-116
11:30:21,8,-99,-108
11:30:21,5,-117,-100
11:30:21,19,-96,-124
11:30:21,14,-105,-99
11:30:21,8,-86,-91
11:30:21,6,-100,-93
11:30:21,0,-112,-113
11:30:21,11,-98,-104
11:30:21,11,-109,-129
11:30:21,-22,-100,-126
11:30:21,3,-103,-117
11:30:21,2,-94,-107
11:30:22,8,-108,-118
11:30:22,15,-93,-106
11:30:22,6,-90,-104
11:30:22,3,-109,-116
11:30:22,4,-97,-93
11:30:22,7,-95,-111
11:30:22,14,-106,-119
11:30:22,-2,-99,-122
11:30:22,-12,-106,-107
11:30:22,-6,-104,-99
11:30:22,-3,-95,-117
11:30:22,-4,-106,-95
11:30:22,13,-98,-110
11:30:22,8,-103,-103
11:30:22,-2,-104,-94
11:30:22,2,-102,-103
11:30:22,11,-107,-105
11:30:22,15,-101,-136
11:30:22,11,-110,-124
11:30:23,-2,-111,-105
11:30:23,-2,-102,-106
11:30:23,8,-104,-94
11:30:23,-8,-89,-115
11:30:23,7,-100,-121
11:30:23,-17,-92,-100
11:30:23,-9,-99,-105
11:30:23,9,-106,-132
11:30:23,6,-79,-97
11:30:23,9,-100,-114
11:30:23,7,-89,-110
11:30:23,-5,-107,-103
11:30:23,14,-104,-114
11:30:23,8,-101,-111
11:30:23,6,-108,-103
11:30:23,11,-99,-123
11:30:23,-5,-110,-103
11:30:23,10,-92,-108
11:30:23,13,-91,-122
11:30:23,5,-102,-114
11:30:24,12,-100,-110
11:30:24,-11,-115,-109
11:30:24,-3,-104,-119
11:30:24,2,-108,-116
11:30:24,9,-105,-111
11:30:24,4,-92,-112
11:30:24,-1,-107,-97
11:30:24,-8,-101,-108
11:30:24,-8,-98,-106
11:30:24,3,-104,-116
11:30:24,13,-110,-110
11:30:24,-4,-93,-116
11:30:24,-4,-107,-97
11:30:24,10,-113,-109
11:30:24,5,-100,-111
11:30:24,-3,-103,-102
11:30:24,4,-87,-102
11:30:24,-15,-102,-93
11:30:24,-3,-103,-107
11:30:24,4,-110,-99
11:30:25,3,-93,-117
11:30:25,6,-94,-119
11:30:25,-11,-93,-111
11:30:25,-1,-115,-117
11:30:25,0,-97,-91
11:30:25,0,-96,-114
11:30:25,20,-96,-123
11:30:25,0,-97,-114
11:30:25,7,-109,-100
11:30:25,-2,-96,-93
11:30:25,8,-95,-112
11:30:25,25,-100,-109
11:30:25,14,-103,-124
11:30:25,-7,-102,-106
11:30:25,7,-107,-100
11:30:25,0,-98,-108
11:30:25,8,-97,-110
11:30:25,11,-100,-108
11:30:25,-10,-98,-96
11:30:26,-2,-93,-110
11:30:26,10,-96,-104
11:30:26,11,-92,-113
11:30:26,11,-95,-107
11:30:26,-1,-99,-108
11:30:26,2,-107,-116
11:30:26,-4,-92,-130
11:30:26,8,-102,-126
11:30:26,19,-99,-120
11:30:26,3,-94,-106
11:30:26,-1,-108,-107
11:30:26,0,-101,-104
11:30:26,12,-113,-123
11:30:26,2,-96,-113
11:30:26,11,-99,-108
11:30:26,-1,-105,-107
11:30:26,-11,-99,-101
11:30:26,0,-102,-105
11:30:26,0,-88,-117
11:30:26,17,-95,-110
11:30:27,-1,-99,-94
11:30:27,6,-101,-103
11:30:27,-4,-88,-109
11:30:27,16,-109,-117
11:30:27,16,-103,-111
11:30:27,7,-95,-111
11:30:27,-4,-106,-100
11:30:27,1,-116,-109
11:30:27,21,-105,-101
11:30:27,-3,-80,-118
11:30:27,14,-101,-110
11:30:27,2,-100,-111
11:30:27,-7,-101,-113
11:30:27,-3,-97,-104
11:30:27,18,-104,-101
11:30:27,13,-92,-135
11:30:27,-3,-101,-122
11:30:27,-9,-95,-105
11:30:27,-4,-106,-110
11:30:27,-1,-94,-113
11:30:28,12,-99,-117
11:30:28,-2,-102,-106
11:30:28,3,-93,-101
11:30:28,-10,-106,-89
11:30:28,16,-96,-106
11:30:28,10,-91,-131
11:30:28,14,-111,-102
11:30:28,-15,-105,-114
11:30:28,-7,-99,-112
11:30:28,-8,-97,-115
11:30:28,7,-98,-114
11:30:28,7,-102,-109
11:30:28,-5,-108,-104
11:30:28,-21,-102,-106
11:30:28,-6,-103,-124
11:30:28,4,-101,-124
11:30:28,3,-98,-115
11:30:28,-7,-99,-99
11:30:28,-12,-96,-115
11:30:28,-3,-112,-100
11:30:29,7,-104,-110
11:30:29,-15,-80,-109
11:30:29,11,-95,-112
11:30:29,-15,-101,-102
11:30:29,0,-115,-98
11:30:29,-1,-92,-98
11:30:29,2,-92,-110
11:30:29,8,-88,-107
11:30:29,2,-94,-102
11:30:29,-4,-102,-111
11:30:29,1,-103,-115
11:30:29,2,-98,-123
11:30:29,19,-107,-112
11:30:29,5,-118,-108
11:30:29,-2,-106,-109
11:30:29,-5,-106,-106
11:30:29,7,-113,-128
11:30:29,8,-97,-102
11:30:29,12,-108,-102
11:30:30,-9,-96,-111
11:30:30,-12,-102,-107
11:30:30,-10,-97,-107
11:30:30,6,-98,-106
11:30:30,10,-106,-110
11:30:30,-11,-112,-85
11:30:30,2,-107,-94
11:30:30,-5,-98,-128
11:30:30,-5,-95,-113
11:30:30,-1,-96,-122
11:30:30,1,-113,-95
11:30:30,-12,-89,-108
11:30:30,-6,-119,-123
11:30:30,3,-97,-116
11:30:30,8,-90,-126
11:30:30,-3,-104,-106
11:30:30,-10,-103,-113
11:30:30,-4,-101,-100
11:30:30,-10,-105,-94
11:30:30,6,-95,-127
11:30:31,17,-103,-122
11:30:31,-18,-104,-113
11:30:31,4,-114,-111
11:30:31,2,-101,-108
11:30:31,4,-94,-113
11:30:31,20,-116,-123
11:30:31,8,-97,-104
11:30:31,-4,-103,-116
11:30:31,18,-107,-107
11:30:31,8,-87,-111
11:30:31,13,-95,-118
11:30:31,17,-79,-104
11:30:31,12,-102,-110
11:30:31,1,-99,-109
11:30:31,13,-102,-97
11:30:31,3,-90,-118
11:30:31,7,-95,-114
11:30:31,9,-103,-94
11:30:31,0,-109,-101
11:30:31,10,-100,-106
11:30:32,6,-89,-124
11:30:32,8,-102,-122
11:30:32,12,-109,-117
11:30:32,8,-113,-108
11:30:32,14,-105,-103
11:30:32,13,-96,-112
11:30:32,14,-90,-110
11:30:32,10,-111,-120
11:30:32,-3,-106,-106
11:30:32,-1,-100,-94
11:30:32,7,-107,-109
11:30:32,0,-88,-94
11:30:32,0,-99,-111
11:30:32,12,-104,-110
11:30:32,-5,-101,-103
11:30:32,16,-101,-99
11:30:32,6,-100,-118
11:30:32,12,-102,-115
11:30:32,-16,-88,-114
11:30:32,-12,-103,-113
11:30:33,1,-114,-102
11:30:33,1,-96,-126
11:30:33,7,-100,-99
11:30:33,4,-103,-124
11:30:33,-1,-99,-101
11:30:33,-6,-96,-123
11:30:33,15,-96,-118
11:30:33,-4,-93,-116
11:30:33,-6,-88,-118
11:30:33,3,-100,-108
11:30:33,-1,-103,-99
11:30:33,10,-103,-108
11:30:33,9,-96,-106
11:30:33,17,-92,-126
11:30:33,-5,-102,-121
11:30:33,-1,-96,-98
11:30:33,3,-104,-105
11:30:33,4,-96,-115
11:30:33,20,-100,-111
11:30:34,15,-104,-108
11:30:34,3,-115,-118
11:30:34,-5,-117,-106
11:30:34,-1,-103,-118
11:30:34,-2,-90,-113
11:30:34,2,-110,-114
11:30:34,-1,-106,-133
11:30:34,-8,-109,-96
11:30:34,8,-102,-101
11:30:34,2,-92,-121
11:30:34,18,-90,-100
11:30:34,-12,-112,-118
11:30:34,-3,-113,-123
11:30:34,-2,-97,-102
11:30:34,-7,-91,-115
11:30:34,11,-105,-125
11:30:34,-2,-101,-112
11:30:34,3,-108,-107
11:30:34,-10,-106,-95
11:30:34,2,-92,-107
11:30:35,5,-97,-110
11:30:35,9,-113,-112
11:30:35,0,-104,-111
11:30:35,-6,-93,-113
11:30:35,-20,-102,-120
11:30:35,-1,-115,-122
11:30:35,2,-98,-111
11:30:35,-16,-103,-126
11:30:35,-4,-114,-119
11:30:35,-4,-107,-122
11:30:35,2,-110,-119
11:30:35,7,-106,-113
11:30:35,2,-100,-114
11:30:35,7,-108,-103
11:30:35,2,-98,-99
11:30:35,7,-90,-111
11:30:35,8,-102,-110
11:30:35,4,-96,-121
11:30:35,-2,-98,-108
11:30:35,-2,-107,-87
11:30:36,4,-87,-118
11:30:36,3,-93,-107
11:30:36,0,-94,-96
11:30:36,10,-103,-106
11:30:36,-2,-106,-97
11:30:36,2,-103,-114
11:30:36,14,-80,-114
11:30:36,4,-95,-107
11:30:36,-16,-91,-99
11:30:36,10,-108,-118
11:30:36,10,-112,-107
11:30:36,-4,-94,-100
11:30:36,3,-91,-112
11:30:36,15,-105,-119
11:30:36,1,-99,-112
11:30:36,-6,-99,-107
11:30:36,3,-103,-113
11:30:36,29,-108,-118
11:30:36,-3,-89,-116
11:30:37,1,-104,-106
11:30:37,-10,-107,-100
11:30:37,-3,-95,-108
11:30:37,6,-94,-124
11:30:37,14,-87,-102
11:30:37,0,-97,-102
11:30:37,15,-102,-109
11:30:37,-2,-103,-118
11:30:37,6,-102,-118
11:30:37,7,-84,-106
11:30:37,9,-95,-114
11:30:37,5,-101,-96
11:30:37,-11,-95,-119
11:30:37,9,-111,-117
11:30:37,11,-93,-123
11:30:37,0,-92,-104
11:30:37,3,-123,-101
11:30:37,-1,-110,-92
11:30:37,16,-89,-100
11:30:37,8,-90,-116
11:30:38,26,-90,-117
11:30:38,0,-93,-101
11:30:38,0,-96,-102
11:30:38,3,-113,-106
11:30:38,-1,-87,-128
11:30:38,10,-105,-113
11:30:38,4,-90,-104
11:30:38,8,-95,-111
11:30:38,2,-102,-85
11:30:38,-1,-106,-103
11:30:38,12,-109,-107
11:30:38,8,-90,-113
11:30:38,-2,-105,-102
11:30:38,6,-111,-108
11:30:38,3,-106,-114
11:30:38,14,-99,-121
11:30:38,-3,-108,-120
11:30:38,7,-90,-108
11:30:38,1,-106,-104
11:30:38,-2,-105,-111
11:30:39,4,-91,-104
11:30:39,13,-108,-100
11:30:39,0,-104,-116
11:30:39,0,-106,-100
11:30:39,6,-119,-103
11:30:39,4,-96,-116
11:30:39,20,-92,-123
11:30:39,14,-91,-120
11:30:39,6,-108,-106
11:30:39,2,-93,-110
11:30:39,2,-113,-110
11:30:39,15,-100,-110
11:30:39,20,-108,-112
11:30:39,-1,-97,-121
11:30:39,-9,-101,-117
11:30:39,2,-90,-99
11:30:39,-1,-91,-108
11:30:39,17,-110,-110
11:30:39,10,-91,-110
11:30:39,1,-108,-117
11:30:40,12,-117,-102
11:30:40,-7,-92,-106
11:30:40,12,-94,-114
11:30:40,-6,-95,-129
11:30:40,7,-108,-115
11:30:40,6,-113,-113
11:30:40,7,-117,-113
11:30:40,-4,-110,-106
11:30:40,-4,-100,-120
11:30:40,0,-105,-110
11:30:40,-5,-100,-105
11:30:40,0,-100,-103
11:30:40,-1,-108,-117
11:30:40,12,-96,-101
11:30:40,2,-96,-119
11:30:40,15,-111,-107
11:30:40,-5,-113,-116
11:30:40,7,-105,-99
11:30:40,-3,-89,-121
11:30:41,-2,-99,-115
11:30:41,-12,-106,-109
11:30:41,-14,-99,-105
11:30:41,0,-97,-118
11:30:41,5,-112,-106
11:30:41,-1,-91,-115
11:30:41,-6,-95,-115
11:30:41,-19,-92,-117
11:30:41,-6,-99,-109
11:30:41,5,-93,-111
11:30:41,15,-91,-106
11:30:41,5,-88,-113
11:30:41,-13,-101,-110
11:30:41,-1,-101,-111
11:30:41,-1,-91,-120
11:30:41,23,-102,-112
11:30:41,8,-97,-115
11:30:41,-2,-101,-107
11:30:41,-1,-105,-106
11:30:41,-4,-96,-104
11:30:42,3,-100,-113
11:30:42,16,-93,-114
11:30:42,0,-98,-99
11:30:42,-3,-109,-108
11:30:42,0,-108,-113
11:30:42,18,-103,-120
11:30:42,9,-93,-113
11:30:42,2,-104,-96
11:30:42,4,-107,-106
11:30:42,3,-95,-124
11:30:42,3,-103,-117
11:30:42,12,-101,-116
11:30:42,-6,-94,-107
11:30:42,6,-112,-118
11:30:42,-8,-104,-100
11:30:42,6,-101,-117
11:30:42,-2,-93,-114
11:30:42,17,-100,-105
11:30:42,-1,-89,-106
11:30:42,-13,-96,-101
11:30:43,2,-93,-98
11:30:43,6,-83,-125
11:30:43,20,-91,-115
11:30:43,10,-92,-118
11:30:43,6,-100,-120
11:30:43,-7,-95,-109
11:30:43,2,-95,-124
11:30:43,10,-86,-115
11:30:43,9,-94,-112
11:30:43,-5,-103,-101
11:30:43,-2,-105,-102
11:30:43,5,-107,-113
11:30:43,5,-99,-116
11:30:43,10,-92,-111
11:30:43,-9,-116,-103
11:30:43,1,-103,-100
11:30:43,-5,-113,-102
11:30:43,13,-107,-110
11:30:43,11,-90,-119
11:30:43,17,-92,-92
11:30:44,8,-116,-108
11:30:44,-9,-102,-104
11:30:44,5,-84,-109
11:30:44,17,-96,-118
11:30:44,11,-90,-120
11:30:44,1,-104,-114
11:30:44,10,-99,-102
11:30:44,10,-84,-110
11:30:44,17,-96,-117
11:30:44,13,-84,-120
11:30:44,3,-102,-98
11:30:44,-2,-104,-115
11:30:44,2,-100,-102
11:30:44,3,-91,-115
11:30:44,20,-108,-112
11:30:44,6,-98,-112
11:30:44,-2,-105,-109
11:30:44,11,-103,-111
11:30:44,7,-90,-109
11:30:45,10,-103,-106
11:30:45,5,-106,-121
11:30:45,-2,-94,-116
11:30:45,0,-97,-111
11:30:45,8,-101,-123
11:30:45,11,-97,-116
11:30:45,1,-96,-111
11:30:45,8,-102,-103
11:30:45,5,-98,-97
11:30:45,16,-113,-110
11:30:45,6,-92,-120
11:30:45,14,-91,-110
11:30:45,14,-103,-109
11:30:45,-7,-105,-106
11:30:45,-10,-106,-115
11:30:45,-3,-85,-125
11:30:45,12,-94,-130
11:30:45,9,-109,-127
11:30:45,-2,-111,-102
11:30:45,6,-104,-98
11:30:46,12,-97,-115
11:30:46,-5,-107,-112
11:30:46,8,-90,-95
11:30:46,-3,-98,-101
11:30:46,-7,-106,-106
11:30:46,-1,-93,-103
11:30:46,10,-93,-110
11:30:46,3,-90,-105
11:30:46,9,-111,-100
11:30:46,7,-106,-105
11:30:46,13,-107,-93
11:30:46,3,-84,-117
11:30:46,10,-105,-101
11:30:46,1,-90,-109
11:30:46,1,-97,-98
11:30:46,12,-92,-101
11:30:46,1,-102,-111
11:30:46,8,-106,-101
11:30:46,12,-100,-89
11:30:46,-7,-107,-115
11:30:47,-4,-115,-103
11:30:47,1,-101,-122
11:30:47,9,-107,-118
11:30:47,4,-92,-114
11:30:47,1,-93,-94
11:30:47,-4,-97,-109
11:30:47,-7,-105,-105
11:30:47,-2,-94,-105
11:30:47,2,-94,-120
11:30:47,-3,-92,-123
11:30:47,3,-103,-115
11:30:47,-22,-113,-96
11:30:47,-2,-101,-112
11:30:47,7,-104,-106
11:30:47,14,-104,-98
11:30:47,-5,-103,-92
11:30:47,-13,-105,-105
11:30:47,1,-105,-120
11:30:47,4,-96,-83
11:30:47,14,-100,-110
11:30:48,-17,-98,-114
11:30:48,-7,-91,-117
11:30:48,-3,-104,-127
11:30:48,1,-107,-115
11:30:48,24,-100,-105
11:30:48,16,-109,-115
11:30:48,6,-98,-129
11:30:48,18,-110,-104
11:30:48,1,-90,-116
11:30:48,16,-93,-126
11:30:48,10,-99,-114
11:30:48,10,-107,-112
11:30:48,4,-106,-104
11:30:48,1,-110,-131
11:30:48,-15,-100,-116
11:30:48,2,-79,-113
11:30:48,2,-92,-109
11:30:48,6,-98,-97
11:30:48,3,-102,-92
11:30:49,8,-89,-117
11:30:49,15,-88,-111
11:30:49,9,-100,-123
11:30:49,-1,-111,-123
11:30:49,1,-106,-107
11:30:49,-4,-86,-114
11:30:49,12,-108,-110
11:30:49,5,-100,-121
11:30:49,-7,-108,-105
11:30:49,-3,-100,-108
11:30:49,-3,-105,-112
11:30:49,11,-84,-121
11:30:49,-1,-90,-123
11:30:49,0,-103,-118
11:30:49,-7,-88,-100
11:30:49,7,-100,-94
11:30:49,9,-91,-121
11:30:49,7,-109,-105
11:30:49,8,-106,-112
11:30:49,1,-107,-100
11:30:50,-4,-106,-97
11:30:50,0,-82,-103
11:30:50,8,-76,-100
11:30:50,10,-99,-122
11:30:50,-7,-106,-121
11:30:50,-10,-109,-98
11:30:50,-6,-83,-99
11:30:50,-16,-98,-125
11:30:50,1,-109,-124
11:30:50,-11,-104,-121
11:30:50,-6,-108,-101
11:30:50,-5,-106,-102
11:30:50,12,-103,-111
11:30:50,-7,-91,-113
11:30:50,5,-101,-112
11:30:50,6,-99,-118
11:30:50,10,-118,-117
11:30:50,5,-104,-126
11:30:50,7,-100,-117
11:30:50,6,-96,-117
11:30:51,0,-113,-103
11:30:51,0,-105,-107
11:30:51,3,-100,-105
11:30:51,9,-96,-101
11:30:51,6,-91,-125
11:30:51,14,-109,-93
11:30:51,-2,-95,-111
11:30:51,4,-98,-112
11:30:51,11,-93,-121
11:30:51,10,-89,-126
11:30:51,9,-101,-119
11:30:51,1,-108,-102
11:30:51,-6,-117,-102
11:30:51,-3,-96,-103
11:30:51,-7,-92,-113
11:30:51,3,-105,-110
11:30:51,-11,-108,-114
11:30:51,-9,-103,-95
11:30:51,13,-102,-122
11:30:51,7,-110,-121
11:30:52,7,-88,-114
11:30:52,1,-103,-105
11:30:52,-6,-100,-99
11:30:52,-3,-96,-103
11:30:52,9,-102,-99
11:30:52,13,-89,-110
11:30:52,-1,-95,-100
11:30:52,-8,-106,-94
11:30:52,-11,-97,-106
11:30:52,2,-100,-101
11:30:52,4,-93,-122
11:30:52,8,-99,-110
11:30:52,-6,-108,-87
11:30:52,-4,-100,-106
11:30:52,-2,-104,-109
11:30:52,-3,-90,-118
11:30:52,3,-107,-127
11:30:52,-12,-108,-96
11:30:52,-10,-110,-112
11:30:53,2,-112,-113
11:30:53,17,-106,-132
11:30:53,10,-101,-111
11:30:53,2,-89,-114
11:30:53,0,-99,-111
11:30:53,-7,-104,-111
11:30:53,-4,-100,-115
11:30:53,9,-100,-106
11:30:53,12,-92,-122
11:30:53,5,-99,-100
11:30:53,-1,-98,-96
11:30:53,8,-106,-116
11:30:53,5,-102,-114
11:30:53,6,-99,-111
11:30:53,-3,-100,-93
11:30:53,6,-113,-108
11:30:53,0,-99,-110
11:30:53,-11,-99,-108
11:30:53,20,-104,-112
11:30:53,-2,-116,-121
11:30:54,-5,-108,-126
11:30:54,-6,-105,-106
11:30:54,-9,-99,-102
11:30:54,-1,-94,-113
11:30:54,5,-110,-101
11:30:54,-10,-93,-119
11:30:54,0,-115,-98
11:30:54,-7,-103,-106
11:30:54,-4,-94,-111
11:30:54,18,-116,-120
11:30:54,-4,-95,-107
11:30:54,-20,-105,-105
11:30:54,13,-104,-121
11:30:54,9,-93,-109
11:30:54,9,-96,-122
11:30:54,1,-94,-116
11:30:54,3,-101,-119
11:30:54,-7,-100,-102
11:30:54,3,-103,-118
11:30:54,5,-84,-104
11:30:55,3,-112,-116
11:30:55,-4,-112,-101
11:30:55,-11,-111,-105
11:30:55,10,-99,-112
11:30:55,8,-115,-105
11:30:55,-1,-98,-114
11:30:55,-15,-99,-98
11:30:55,6,-113,-116
11:30:55,13,-100,-108
11:30:55,9,-90,-110
11:30:55,4,-83,-123
11:30:55,-2,-105,-112
11:30:55,-6,-100,-119
11:30:55,-10,-108,-110
11:30:55,0,-95,-107
11:30:55,14,-93,-128
11:30:55,12,-97,-116
11:30:55,1,-107,-99
11:30:55,1,-112,-123
11:30:55,-4,-89,-93
11:30:56,7,-110,-104
11:30:56,13,-97,-110
11:30:56,-1,-114,-106
11:30:56,-1,-99,-107
11:30:56,11,-119,-108
11:30:56,8,-105,-102
11:30:56,5,-91,-119
11:30:56,2,-99,-103
11:30:56,-4,-102,-109
11:30:56,-5,-112,-110
11:30:56,9,-90,-110
11:30:56,4,-83,-117
11:30:56,19,-108,-117
11:30:56,1,-93,-114
11:30:56,-10,-97,-112
11:30:56,-2,-95,-107
11:30:56,6,-101,-111
11:30:56,16,-101,-109
11:30:56,-9,-96,-116
11:30:57,-9,-96,-94
11:30:57,7,-98,-100
11:30:57,3,-89,-130
11:30:57,14,-95,-114
11:30:57,1,-90,-106
11:30:57,0,-89,-115
11:30:57,10,-108,-99
11:30:57,3,-91,-107
11:30:57,4,-89,-123
11:30:57,15,-88,-119
11:30:57,-6,-98,-112
11:30:57,-3,-123,-99
11:30:57,0,-101,-120
11:30:57,7,-102,-105
11:30:57,4,-99,-108
11:30:57,5,-94,-95
11:30:57,-3,-107,-115
11:30:57,7,-106,-106
11:30:57,3,-84,-117
11:30:57,21,-96,-115
11:30:58,1,-99,-110
11:30:58,-5,-103,-97
11:30:58,-6,-102,-112
11:30:58,11,-94,-119
11:30:58,23,-107,-106
11:30:58,17,-113,-98
11:30:58,11,-106,-117
11:30:58,23,-113,-94
11:30:58,3,-91,-114
11:30:58,12,-93,-111
11:30:58,15,-100,-117
11:30:58,-4,-101,-123
11:30:58,6,-107,-124
11:30:58,9,-98,-106
11:30:58,6,-94,-125
11:30:58,14,-93,-112
11:30:58,13,-110,-111
11:30:58,-1,-104,-112
11:30:58,-4,-100,-103
11:30:58,-4,-91,-115
11:30:59,16,-92,-110
11:30:59,13,-101,-127
11:30:59,-2,-100,-109
11:30:59,6,-110,-124
11:30:59,7,-100,-110
11:30:59,14,-103,-105
11:30:59,-6,-93,-113
11:30:59,-10,-98,-116
11:30:59,-11,-103,-111
11:30:59,11,-94,-112
11:30:59,7,-99,-122
11:30:59,10,-103,-98
11:30:59,-2,-99,-108
11:30:59,4,-99,-119
11:30:59,3,-109,-119
11:30:59,0,-100,-116
11:30:59,-3,-101,-122
11:30:59,10,-98,-118
11:30:59,0,-106,-118
11:31:00,-17,-100,-116
11:31:00,0,-111,-96
11:31:00,4,-91,-118
11:31:00,5,-105,-119
11:31:00,1,-107,-108
11:31:00,-18,-97,-110
11:31:00,6,-99,-102
11:31:00,-6,-92,-127
11:31:00,12,-100,-100
11:31:00,-4,-101,-99
11:31:00,-13,-112,-106
11:31:00,14,-99,-119
11:31:00,13,-112,-109
11:31:00,17,-93,-103
11:31:00,19,-112,-118
11:31:00,7,-99,-96
11:31:00,11,-114,-109
11:31:00,10,-98,-125
11:31:00,15,-105,-116
11:31:00,14,-111,-125
11:31:01,2,-101,-116
11:31:01,-4,-101,-105
11:31:01,-1,-97,-118
11:31:01,0,-103,-118
11:31:01,-5,-84,-121
11:31:01,-2,-96,-96
11:31:01,0,-119,-116
11:31:01,-3,-103,-106
11:31:01,9,-84,-119
11:31:01,8,-100,-122
11:31:01,16,-101,-109
11:31:01,1,-101,-92
11:31:01,-1,-104,-105
11:31:01,-5,-91,-116
11:31:01,11,-102,-103
11:31:01,14,-91,-102
11:31:01,-10,-100,-102
11:31:01,-1,-98,-113
11:31:01,-4,-104,-104
11:31:01,-3,-99,-105
11:31:02,8,-91,-124
11:31:02,1,-98,-111
11:31:02,-9,-103,-117
11:31:02,8,-115,-98
11:31:02,11,-100,-122
11:31:02,8,-102,-130
11:31:02,7,-93,-107
11:31:02,2,-106,-112
11:31:02,-5,-100,-110
11:31:02,9,-87,-118
11:31:02,12,-95,-121
11:31:02,-3,-104,-111
11:31:02,-10,-116,-114
11:31:02,-12,-98,-115
11:31:02,1,-98,-103
11:31:02,14,-99,-110
11:31:02,-2,-103,-112
11:31:02,-6,-103,-103
11:31:02,-13,-105,-108
11:31:02,8,-100,-125
11:31:03,-2,-103,-108
11:31:03,16,-108,-94
11:31:03,3,-101,-114
11:31:03,2,-108,-117
11:31:03,3,-100,-106
11:31:03,2,-107,-109
11:31:03,7,-90,-110
11:31:03,2,-105,-112
11:31:03,1,-106,-99
11:31:03,-18,-104,-112
11:31:03,10,-113,-116
11:31:03,16,-94,-107
11:31:03,18,-90,-113
11:31:03,4,-95,-105
11:31:03,5,-104,-98
11:31:03,8,-101,-108
11:31:03,15,-100,-108
11:31:03,16,-104,-119
11:31:03,3,-103,-117
11:31:04,3,-92,-102
11:31:04,-1,-101,-116
11:31:04,2,-81,-124
11:31:04,9,-94,-114
11:31:04,14,-97,-95
11:31:04,-5,-98,-110
11:31:04,-4,-99,-124
11:31:04,2,-113,-116
11:31:04,7,-95,-109
11:31:04,17,-100,-121
11:31:04,4,-100,-101
11:31:04,4,-113,-91
11:31:04,1,-89,-114
11:31:04,2,-86,-122
11:31:04,17,-97,-124
11:31:04,-1,-98,-92
11:31:04,-17,-111,-111
11:31:04,3,-105,-104
11:31:04,10,-104,-109
11:31:04,10,-95,-113
11:31:05,18,-102,-98
11:31:05,-5,-91,-121
11:31:05,0,-85,-86
11:31:05,16,-93,-108
11:31:05,11,-90,-122
11:31:05,-8,-100,-119
11:31:05,-7,-102,-116
11:31:05,-8,-97,-107
11:31:05,4,-110,-113
11:31:05,-2,-88,-118
11:31:05,14,-100,-107
11:31:05,3,-104,-118
11:31:05,-7,-118,-100
11:31:05,6,-111,-90
11:31:05,7,-84,-120
11:31:05,21,-103,-112
11:31:05,-14,-102,-101
11:31:05,-6,-99,-107
11:31:05,5,-118,-107
11:31:05,6,-100,-99
11:31:06,17,-105,-126
11:31:06,13,-96,-102
11:31:06,2,-96,-92
11:31:06,1,-100,-100
11:31:06,1,-91,-115
11:31:06,4,-92,-101
11:31:06,6,-93,-106
11:31:06,2,-102,-116
11:31:06,-10,-103,-101
11:31:06,4,-102,-114
11:31:06,2,-113,-112
11:31:06,8,-99,-99
11:31:06,-6,-101,-136
11:31:06,-5,-100,-107
11:31:06,11,-98,-111
11:31:06,-1,-107,-100
11:31:06,8,-102,-104
11:31:06,18,-103,-116
11:31:06,-3,-101,-105
11:31:06,-14,-104,-124
11:31:07,4,-94,-111
11:31:07,11,-98,-115
11:31:07,18,-99,-108
11:31:07,-1,-99,-116
11:31:07,5,-103,-96
11:31:07,5,-94,-113
11:31:07,9,-88,-120
11:31:07,5,-91,-99
11:31:07,1,-99,-92
11:31:07,-4,-91,-120
11:31:07,1,-97,-99
11:31:07,-4,-91,-110
11:31:07,12,-99,-129
11:31:07,7,-100,-102
11:31:07,3,-104,-103
11:31:07,-3,-109,-102
11:31:07,0,-93,-118
11:31:07,11,-96,-121
11:31:07,9,-89,-104
11:31:08,-4,-103,-92
11:31:08,10,-112,-95
11:31:08,-4,-90,-111
11:31:08,9,-102,-109
11:31:08,16,-88,-124
11:31:08,-3,-106,-111
11:31:08,3,-92,-110
11:31:08,0,-107,-115
11:31:08,10,-105,-109
11:31:08,18,-93,-122
11:31:08,15,-92,-125
11:31:08,8,-98,-118
11:31:08,8,-109,-105
11:31:08,7,-96,-101
11:31:08,5,-96,-104
11:31:08,16,-99,-109
11:31:08,7,-102,-111
11:31:08,-2,-109,-105
11:31:08,-5,-98,-110
11:31:08,0,-108,-118
11:31:09,15,-89,-112
11:31:09,13,-98,-115
11:31:09,3,-105,-99
11:31:09,1,-107,-100
11:31:09,5,-97,-112
11:31:09,7,-87,-115
11:31:09,1,-101,-122
11:31:09,10,-110,-110
11:31:09,6,-111,-101
11:31:09,6,-95,-116
11:31:09,3,-96,-102
11:31:09,7,-97,-113
11:31:09,5,-108,-105
11:31:09,-11,-109,-109
11:31:09,14,-101,-99
11:31:09,16,-95,-119
11:31:09,13,-96,-103
11:31:09,10,-86,-108
11:31:09,-9,-92,-104
11:31:09,3,-103,-105
11:31:10,-11,-93,-109
11:31:10,10,-99,-118
11:31:10,5,-97,-116
11:31:10,3,-109,-105
11:31:10,-1,-101,-102
11:31:10,10,-100,-116
11:31:10,14,-97,-106
11:31:10,18,-90,-120
11:31:10,-10,-98,-108
11:31:10,-4,-107,-112
11:31:10,5,-96,-100
11:31:10,2,-93,-114
11:31:10,27,-107,-118
11:31:10,5,-104,-109
11:31:10,3,-106,-110
11:31:10,-1,-91,-101
11:31:10,5,-96,-105
11:31:10,12,-94,-116
11:31:10,8,-104,-105
11:31:11,5,-105,-101
11:31:11,10,-98,-114
11:31:11,16,-103,-106
11:31:11,4,-101,-117
11:31:11,16,-96,-109
11:31:11,-10,-99,-113
11:31:11,0,-100,-123
11:31:11,-3,-100,-99
11:31:11,12,-94,-115
11:31:11,9,-87,-105
11:31:11,1,-102,-112
11:31:11,5,-100,-107
11:31:11,2,-100,-117
11:31:11,4,-93,-114
11:31:11,5,-93,-113
11:31:11,4,-104,-104
11:31:11,-3,-97,-105
11:31:11,0,-100,-114
11:31:11,6,-91,-112
11:31:11,15,-83,-105
11:31:12,5,-92,-108
11:31:12,10,-109,-103
11:31:12,9,-104,-116
11:31:12,10,-101,-102
11:31:12,20,-91,-112
11:31:12,4,-79,-110
11:31:12,9,-102,-113
11:31:12,0,-100,-111
11:31:12,5,-105,-103
11:31:12,5,-94,-114
11:31:12,5,-92,-115
11:31:12,10,-101,-121
11:31:12,-5,-100,-102
11:31:12,5,-99,-105
11:31:12,8,-103,-111
11:31:12,12,-93,-120
11:31:12,1,-93,-120
11:31:12,6,-106,-100
11:31:12,3,-103,-118
11:31:12,-3,-102,-118
11:31:13,18,-103,-112
11:31:13,18,-105,-121
11:31:13,5,-89,-114
11:31:13,-14,-88,-99
11:31:13,3,-97,-111
11:31:13,10,-102,-100
11:31:13,17,-102,-106
11:31:13,16,-89,-115
11:31:13,-14,-89,-98
11:31:13,-12,-99,-100
11:31:13,5,-94,-115
11:31:13,14,-99,-121
11:31:13,5,-100,-105
11:31:13,9,-105,-109
11:31:13,-9,-109,-101
11:31:13,-7,-107,-100
11:31:13,3,-89,-121
11:31:13,13,-102,-102
11:31:13,-13,-95,-109
11:31:13,-14,-98,-94
11:31:14,5,-106,-92
11:31:14,2,-96,-105
11:31:14,14,-92,-108
11:31:14,19,-97,-109
11:31:14,7,-110,-106
11:31:14,-9,-95,-89
11:31:14,9,-102,-104
11:31:14,10,-107,-112
11:31:14,0,-99,-116
11:31:14,7,-103,-107
11:31:14,-9,-99,-88
11:31:14,5,-105,-107
11:31:14,3,-103,-118
11:31:14,17,-103,-126
11:31:14,-4,-103,-97
11:31:14,3,-110,-108
11:31:14,-2,-108,-114
11:31:14,9,-94,-125
11:31:14,12,-90,-117
11:31:15,3,-108,-127
11:31:15,9,-108,-124
11:31:15,-3,-107,-105
11:31:15,5,-106,-121
11:31:15,14,-98,-105
11:31:15,6,-97,-115
11:31:15,1,-102,-107
11:31:15,-6,-107,-107
11:31:15,-9,-87,-116
11:31:15,10,-85,-118
11:31:15,15,-84,-119
11:31:15,-4,-98,-120
11:31:15,0,-108,-102
11:31:15,4,-98,-105
11:31:15,13,-97,-110
11:31:15,16,-91,-118
11:31:15,18,-96,-120
11:31:15,8,-109,-112
11:31:15,4,-106,-105
11:31:15,7,-94,-103
11:31:16,7,-92,-112
11:31:16,16,-106,-123
11:31:16,6,-100,-105
11:31:16,-3,-102,-120
11:31:16,2,-101,-122
11:31:16,6,-104,-106
11:31:16,11,-92,-128
11:31:16,2,-108,-117
11:31:16,0,-94,-105
11:31:16,5,-110,-123
11:31:16,9,-98,-118
11:31:16,10,-97,-117
11:31:16,8,-99,-108
11:31:16,3,-102,-109
11:31:16,3,-100,-105
11:31:16,-7,-95,-102
11:31:16,14,-101,-96
11:31:16,15,-87,-105
11:31:16,9,-104,-96
11:31:16,-7,-98,-101
11:31:17,14,-101,-107
11:31:17,4,-95,-120
11:31:17,12,-92,-107
11:31:17,11,-107,-114
11:31:17,-8,-110,-118
11:31:17,-4,-103,-103
11:31:17,7,-97,-117
11:31:17,6,-98,-119
11:31:17,5,-97,-99
11:31:17,7,-106,-120
11:31:17,8,-92,-107
11:31:17,8,-118,-108
11:31:17,14,-102,-116
11:31:17,11,-111,-117
11:31:17,1,-100,-108
11:31:17,4,-110,-101
11:31:17,11,-93,-132
11:31:17,7,-96,-117
11:31:17,14,-98,-109
11:31:17,7,-87,-104
11:31:18,3,-104,-102
11:31:18,-10,-99,-101
11:31:18,13,-100,-105
11:31:18,7,-87,-107
11:31:18,9,-92,-114
11:31:18,3,-107,-104
11:31:18,-4,-108,-105
11:31:18,2,-108,-106
11:31:18,18,-97,-116
11:31:18,15,-103,-97
11:31:18,-8,-114,-113
11:31:18,0,-107,-104
11:31:18,4,-101,-114
11:31:18,9,-111,-120
11:31:18,9,-95,-119
11:31:18,1,-98,-120
11:31:18,5,-113,-113
11:31:18,8,-93,-110
11:31:18,4,-92,-109
11:31:19,22,-103,-104
11:31:19,7,-102,-113
11:31:19,5,-100,-96
11:31:19,10,-107,-107
11:31:19,12,-97,-118
11:31:19,14,-104,-119
11:31:19,14,-93,-108
11:31:19,-7,-98,-112
11:31:19,-6,-108,-104
11:31:19,0,-98,-116
11:31:19,3,-104,-107
11:31:19,13,-101,-116
11:31:19,-14,-96,-103
11:31:19,-3,-116,-102
11:31:19,-8,-95,-95
11:31:19,-3,-97,-117
11:31:19,7,-97,-115
11:31:19,13,-90,-119
11:31:19,0,-99,-117
11:31:19,4,-90,-106
11:31:20,9,-106,-106
11:31:20,10,-93,-119
11:31:20,14,-107,-115
11:31:20,4,-89,-122
11:31:20,10,-108,-94
11:31:20,6,-99,-93
11:31:20,7,-90,-118
11:31:20,14,-108,-120
11:31:20,-2,-98,-127
11:31:20,-6,-98,-107
11:31:20,2,-96,-104
11:31:20,9,-93,-99
11:31:20,10,-88,-104
11:31:20,11,-99,-107
11:31:20,-9,-106,-114
11:31:20,7,-107,-98
11:31:20,-1,-89,-113
11:31:20,9,-105,-112
11:31:20,-7,-95,-104
11:31:20,-9,-89,-105
11:31:21,4,-103,-109
11:31:21,-1,-98,-117
11:31:21,0,-89,-102
11:31:21,6,-90,-99
11:31:21,6,-100,-106
11:31:21,-7,-99,-103
11:31:21,7,-107,-97
11:31:21,1,-101,-104
11:31:21,16,-91,-122
11:31:21,9,-100,-118
11:31:21,12,-108,-98
11:31:21,8,-98,-108
11:31:21,6,-100,-95
11:31:21,8,-94,-89
11:31:21,9,-93,-111
11:31:21,-6,-107,-104
11:31:21,-13,-97,-92
11:31:21,11,-89,-99
11:31:21,8,-113,-124
11:31:21,1,-101,-117
11:31:22,0,-94,-106
11:31:22,-3,-118,-102
11:31:22,-5,-102,-109
11:31:22,-8,-94,-117
11:31:22,5,-88,-98
11:31:22,4,-96,-107
11:31:22,-3,-92,-128
11:31:22,3,-104,-108
11:31:22,12,-99,-94
11:31:22,10,-101,-114
11:31:22,18,-93,-115
11:31:22,-2,-101,-111
11:31:22,-4,-107,-104
11:31:22,1,-98,-103
11:31:22,-1,-87,-109
11:31:22,18,-104,-109
11:31:22,6,-93,-131
11:31:22,-1,-102,-112
11:31:22,-1,-89,-93
11:31:23,8,-85,-103
11:31:23,22,-90,-121
11:31:23,10,-86,-107
11:31:23,14,-107,-112
11:31:23,2,-96,-109
11:31:23,3,-108,-107
11:31:23,10,-100,-117
11:31:23,8,-114,-122
11:31:23,6,-109,-131
11:31:23,2,-106,-105
11:31:23,3,-109,-107
11:31:23,13,-89,-129
11:31:23,14,-95,-124
11:31:23,-6,-107,-121
11:31:23,2,-112,-107
11:31:23,-5,-109,-99
11:31:23,6,-102,-105
11:31:23,7,-95,-115
11:31:23,1,-96,-120
11:31:23,7,-116,-100
11:31:24,5,-92,-96
11:31:24,7,-99,-104
11:31:24,8,-86,-110
11:31:24,10,-111,-119
11:31:24,5,-98,-101
11:31:24,3,-97,-98
11:31:24,-4,-99,-111
11:31:24,5,-101,-126
11:31:24,7,-95,-106
11:31:24,3,-99,-112
11:31:24,-12,-103,-106
11:31:24,-20,-99,-101
11:31:24,8,-107,-120
11:31:24,6,-101,-103
11:31:24,-1,-88,-108
11:31:24,6,-103,-115
11:31:24,-12,-109,-113
11:31:24,5,-97,-123
11:31:24,8,-96,-110
11:31:24,0,-109,-119
11:31:25,-3,-102,-119
11:31:25,-16,-96,-108
11:31:25,-9,-89,-116
11:31:25,-4,-94,-116
11:31:25,8,-98,-117
11:31:25,0,-97,-110
11:31:25,-14,-95,-105
11:31:25,-5,-106,-114
11:31:25,13,-110,-93
11:31:25,7,-93,-123
11:31:25,0,-108,-106
11:31:25,0,-97,-109
11:31:25,2,-103,-111
11:31:25,-3,-92,-115
11:31:25,0,-95,-124
11:31:25,9,-100,-109
11:31:25,-5,-109,-113
11:31:25,-7,-110,-123
11:31:25,6,-105,-107
11:31:25,-7,-93,-110
11:31:26,7,-96,-110
11:31:26,3,-108,-101
11:31:26,-1,-121,-102
11:31:26,-6,-113,-103
11:31:26,0,-115,-110
11:31:26,-3,-93,-110
11:31:26,1,-101,-105
11:31:26,-11,-99,-96
11:31:26,1,-91,-106
11:31:26,3,-110,-100
11:31:26,18,-102,-99
11:31:26,14,-105,-100
11:31:26,-3,-95,-107
11:31:26,1,-107,-102
11:31:26,-1,-100,-94
11:31:26,9,-96,-97
11:31:26,14,-104,-127
11:31:26,3,-97,-108
11:31:26,-5,-111,-115
11:31:27,8,-104,-105
11:31:27,1,-94,-123
11:31:27,10,-87,-114
11:31:27,2,-98,-109
11:31:27,-1,-101,-88
11:31:27,6,-116,-97
11:31:27,-2,-94,-106
11:31:27,8,-98,-127
11:31:27,13,-102,-119
11:31:27,-3,-114,-104
11:31:27,-2,-90,-119
11:31:27,-8,-103,-110
11:31:27,6,-90,-106
11:31:27,14,-95,-112
11:31:27,11,-89,-97
11:31:27,9,-111,-115
11:31:27,7,-118,-96
11:31:27,-3,-94,-116
11:31:27,-6,-97,-112
11:31:27,14,-106,-118
11:31:28,-10,-107,-117
11:31:28,4,-104,-111
11:31:28,-4,-94,-112
11:31:28,-2,-92,-106
11:31:28,2,-88,-119
11:31:28,-7,-110,-107
11:31:28,3,-116,-106
11:31:28,1,-101,-110
11:31:28,5,-111,-116
11:31:28,-8,-97,-119
11:31:28,1,-107,-108
11:31:28,3,-104,-111
11:31:28,-12,-112,-112
11:31:28,4,-94,-99
11:31:28,10,-96,-113
11:31:28,9,-106,-109
11:31:28,-12,-104,-110
11:31:28,-4,-97,-97
11:31:28,1,-100,-110
11:31:28,7,-97,-128
11:31:29,16,-89,-108
11:31:29,-7,-92,-108
11:31:29,-4,-116,-112
11:31:29,-15,-92,-106
11:31:29,19,-101,-108
11:31:29,9,-107,-113
11:31:29,0,-110,-103
11:31:29,-8,-105,-113
11:31:29,-4,-110,-107
11:31:29,12,-98,-115
11:31:29,18,-100,-105
11:31:29,1,-106,-109
11:31:29,1,-100,-119
11:31:29,4,-103,-98
11:31:29,23,-112,-109
11:31:29,25,-99,-130
11:31:29,10,-97,-127
11:31:29,17,-103,-93
11:31:29,13,-108,-105
11:31:29,5,-106,-104
11:31:30,1,-100,-105
11:31:30,0,-81,-118
11:31:30,-8,-101,-106
11:31:30,5,-108,-113
11:31:30,-6,-90,-114
11:31:30,12,-108,-110
11:31:30,5,-90,-103
11:31:30,7,-105,-110
11:31:30,-7,-91,-115
11:31:30,-11,-92,-114
11:31:30,5,-95,-118
11:31:30,-4,-93,-115
11:31:30,5,-100,-107
11:31:30,3,-115,-107
11:31:30,-8,-101,-109
11:31:30,6,-98,-114
11:31:30,11,-103,-109
11:31:30,2,-101,-112
11:31:30,-11,-103,-119
11:31:31,2,-104,-128
11:31:31,9,-84,-108
11:31:31,14,-108,-116
11:31:31,10,-87,-121
11:31:31,1,-111,-109
11:31:31,-5,-95,-115
11:31:31,-8,-106,-114
11:31:31,5,-93,-116
11:31:31,10,-96,-112
11:31:31,3,-96,-109
11:31:31,-2,-99,-92
11:31:31,-7,-102,-116
11:31:31,4,-100,-97
11:31:31,9,-94,-93
11:31:31,13,-100,-111
11:31:31,-9,-87,-102
11:31:31,-5,-113,-105
11:31:31,8,-104,-122
11:31:31,-1,-97,-120
11:31:31,11,-92,-111
11:31:32,8,-99,-103
11:31:32,-2,-104,-128
11:31:32,4,-95,-104
11:31:32,10,-78,-121
11:31:32,17,-101,-122
11:31:32,12,-110,-123
11:31:32,-2,-108,-123
11:31:32,2,-109,-102
11:31:32,-1,-101,-110
11:31:32,9,-98,-123
11:31:32,10,-99,-117
11:31:32,0,-112,-106
11:31:32,-8,-95,-107
11:31:32,1,-107,-108
11:31:32,2,-84,-112
11:31:32,16,-90,-112
11:31:32,10,-97,-112
11:31:32,0,-101,-88
11:31:32,7,-100,-105
11:31:32,4,-91,-106
11:31:33,17,-82,-101
11:31:33,6,-85,-106
11:31:33,14,-116,-123
11:31:33,-2,-109,-104
11:31:33,3,-104,-106
11:31:33,7,-94,-102
11:31:33,6,-95,-122
11:31:33,8,-118,-103
11:31:33,-4,-108,-109
11:31:33,10,-105,-121
11:31:33,5,-88,-110
11:31:33,12,-97,-134
11:31:33,13,-89,-101
11:31:33,0,-102,-115
11:31:33,1,-102,-114
11:31:33,11,-101,-102
11:31:33,14,-103,-118
11:31:33,0,-98,-113
11:31:33,4,-107,-91
11:31:34,-15,-92,-111
11:31:34,1,-98,-112
11:31:34,4,-88,-111
11:31:34,12,-97,-113
11:31:34,0,-88,-121
11:31:34,-1,-99,-108
11:31:34,17,-96,-113
11:31:34,19,-96,-96
11:31:34,9,-113,-115
11:31:34,2,-107,-115
11:31:34,3,-94,-109
11:31:34,-7,-108,-117
11:31:34,15,-94,-115
11:31:34,18,-108,-102
11:31:34,-2,-98,-123
11:31:34,-9,-103,-112
11:31:34,9,-116,-88
11:31:34,9,-96,-116
11:31:34,6,-101,-122
11:31:34,9,-86,-97
11:31:35,9,-108,-92
11:31:35,0,-96,-107
11:31:35,-8,-94,-111
11:31:35,-5,-106,-115
11:31:35,3,-87,-125
11:31:35,1,-98,-112
11:31:35,-7,-105,-98
11:31:35,6,-97,-103
11:31:35,-1,-84,-113
11:31:35,20,-95,-116
11:31:35,6,-101,-117
11:31:35,6,-111,-100
11:31:35,-2,-109,-121
11:31:35,-4,-89,-100
11:31:35,-1,-103,-103
11:31:35,5,-98,-128
11:31:35,2,-107,-96
11:31:35,-10,-108,-117
11:31:35,-7,-95,-118
11:31:35,7,-92,-121
11:31:36,6,-103,-128
11:31:36,14,-88,-111
11:31:36,1,-115,-107
11:31:36,8,-108,-98
11:31:36,7,-87,-126
11:31:36,22,-102,-110
11:31:36,10,-100,-104
11:31:36,-11,-104,-106
11:31:36,-11,-105,-106
11:31:36,3,-98,-116
11:31:36,-5,-92,-102
11:31:36,3,-100,-116
11:31:36,1,-94,-119
11:31:36,-8,-101,-108
11:31:36,-2,-84,-121
11:31:36,-6,-91,-113
11:31:36,17,-101,-114
11:31:36,-7,-93,-112
11:31:36,0,-108,-118
11:31:36,-6,-99,-105
11:31:37,10,-104,-115
11:31:37,17,-95,-126
11:31:37,-11,-103,-111
11:31:37,-6,-96,-107
11:31:37,-8,-95,-120
11:31:37,-1,-99,-108
11:31:37,8,-105,-112
11:31:37,9,-105,-118
11:31:37,-12,-96,-108
11:31:37,-6,-95,-102
11:31:37,4,-101,-113
11:31:37,0,-98,-107
11:31:37,16,-95,-121
11:31:37,5,-91,-101
11:31:37,-2,-108,-110
11:31:37,4,-107,-114
11:31:37,14,-98,-114
11:31:37,29,-95,-101
11:31:37,13,-105,-105
11:31:38,-5,-108,-107
11:31:38,-19,-105,-125
11:31:38,2,-96,-98
11:31:38,1,-93,-105
11:31:38,14,-101,-130
11:31:38,1,-100,-119
11:31:38,0,-117,-122
11:31:38,-14,-105,-112
11:31:38,-2,-108,-105
11:31:38,12,-100,-115
11:31:38,1,-108,-101
11:31:38,-5,-106,-108
11:31:38,-1,-105,-111
11:31:38,3,-95,-121
11:31:38,10,-100,-114
11:31:38,20,-107,-116
11:31:38,-3,-105,-120
11:31:38,-6,-100,-99
11:31:38,-2,-90,-117
11:31:38,-1,-90,-130
11:31:39,4,-97,-93
11:31:39,-11,-107,-99
11:31:39,-5,-102,-110
11:31:39,10,-97,-119
11:31:39,-4,-92,-108
11:31:39,12,-89,-123
11:31:39,7,-100,-108
11:31:39,-5,-103,-101
11:31:39,-8,-111,-109
11:31:39,17,-107,-125
11:31:39,0,-85,-116
11:31:39,14,-106,-118
11:31:39,0,-111,-112
11:31:39,8,-115,-117
11:31:39,5,-97,-105
11:31:39,18,-96,-97
11:31:39,3,-93,-118
11:31:39,-7,-112,-93
11:31:39,5,-116,-97
11:31:39,8,-97,-109
11:31:40,5,-111,-118
11:31:40,6,-105,-112
11:31:40,-10,-100,-103
11:31:40,-4,-111,-120
11:31:40,3,-106,-95
11:31:40,16,-95,-96
11:31:40,11,-90,-111
11:31:40,-2,-104,-104
11:31:40,4,-100,-109
11:31:40,0,-110,-98
11:31:40,16,-109,-113
11:31:40,17,-105,-109
11:31:40,21,-84,-115
11:31:40,8,-110,-100
11:31:40,-1,-105,-113
11:31:40,11,-107,-115
11:31:40,2,-95,-114
11:31:40,5,-104,-115
11:31:40,-2,-97,-111
11:31:40,-6,-115,-118
11:31:41,1,-102,-114
11:31:41,14,-102,-117
11:31:41,-1,-81,-105
11:31:41,5,-113,-92
11:31:41,-6,-101,-116
11:31:41,-6,-105,-109
11:31:41,7,-91,-106
11:31:41,16,-98,-95
11:31:41,11,-91,-110
11:31:41,10,-104,-106
11:31:41,5,-103,-99
11:31:41,-2,-96,-101
11:31:41,13,-97,-107
11:31:41,9,-85,-122
11:31:41,6,-94,-112
11:31:41,4,-107,-90
11:31:41,-5,-95,-108
11:31:41,1,-105,-111
11:31:41,14,-104,-107
11:31:42,1,-100,-125
11:31:42,-2,-104,-105
11:31:42,5,-109,-103
11:31:42,-2,-97,-108
11:31:42,16,-105,-115
11:31:42,2,-83,-132
11:31:42,-1,-114,-113
11:31:42,4,-102,-104
11:31:42,11,-102,-110
11:31:42,2,-89,-129
11:31:42,14,-105,-110
11:31:42,-5,-105,-105
11:31:42,-5,-106,-99
11:31:42,2,-94,-111
11:31:42,4,-100,-120
11:31:42,14,-102,-90
11:31:42,7,-99,-104
11:31:42,8,-103,-110
11:31:42,-6,-104,-100
11:31:42,13,-99,-122
11:31:43,16,-103,-105
11:31:43,4,-98,-113
11:31:43,-5,-99,-96
11:31:43,1,-102,-100
11:31:43,-2,-84,-101
11:31:43,16,-98,-110
11:31:43,2,-91,-123
11:31:43,2,-96,-106
11:31:43,-2,-109,-107
11:31:43,6,-101,-122
11:31:43,20,-99,-133
11:31:43,12,-87,-119
11:31:43,-1,-104,-99
11:31:43,10,-106,-96
11:31:43,-5,-109,-110
11:31:43,9,-100,-108
11:31:43,16,-98,-114
11:31:43,24,-101,-111
11:31:43,2,-100,-114
11:31:43,-8,-96,-94
11:31:44,4,-91,-118
11:31:44,12,-104,-115
11:31:44,19,-95,-113
11:31:44,11,-106,-101
11:31:44,0,-99,-112
11:31:44,14,-96,-115
11:31:44,14,-98,-108
11:31:44,21,-105,-128
11:31:44,5,-105,-107
11:31:44,0,-96,-89
11:31:44,22,-104,-116
11:31:44,7,-102,-115
11:31:44,9,-105,-118
11:31:44,5,-105,-127
11:31:44,1,-108,-98
11:31:44,6,-105,-96
11:31:44,6,-98,-114
11:31:44,3,-102,-112
11:31:44,16,-93,-111
11:31:45,-4,-107,-112
11:31:45,-3,-102,-107
11:31:45,4,-118,-103
11:31:45,8,-96,-106
11:31:45,19,-96,-112
11:31:45,13,-113,-105
11:31:45,-14,-102,-108
11:31:45,0,-107,-114
11:31:45,-9,-103,-106
11:31:45,4,-93,-114
11:31:45,10,-93,-107
11:31:45,-8,-106,-110
11:31:45,-12,-92,-111
11:31:45,5,-99,-112
11:31:45,4,-95,-111
11:31:45,-6,-99,-102
11:31:45,-6,-101,-120
11:31:45,-11,-106,-110
11:31:45,-6,-104,-100
11:31:45,5,-96,-121
11:31:46,13,-111,-118
11:31:46,-8,-112,-96
11:31:46,-6,-98,-103
11:31:46,0,-108,-112
11:31:46,-3,-93,-129
11:31:46,16,-109,-100
11:31:46,-5,-94,-126
11:31:46,0,-99,-112
11:31:46,8,-108,-109
11:31:46,-9,-86,-113
11:31:46,22,-99,-97
11:31:46,10,-92,-125
11:31:46,-4,-93,-99
11:31:46,-7,-104,-102
11:31:46,-7,-86,-103
11:31:46,20,-99,-106
11:31:46,15,-78,-114
11:31:46,19,-97,-115
11:31:46,3,-105,-114
11:31:46,-5,-104,-107
11:31:47,0,-91,-97
11:31:47,6,-81,-122
11:31:47,-1,-101,-109
11:31:47,-1,-108,-120
11:31:47,-6,-113,-106
11:31:47,10,-96,-116
11:31:47,17,-103,-118
11:31:47,12,-111,-108
11:31:47,1,-102,-120
11:31:47,8,-109,-115
11:31:47,7,-102,-105
11:31:47,6,-96,-128
11:31:47,15,-104,-117
11:31:47,11,-101,-117
11:31:47,-6,-117,-113
11:31:47,-7,-104,-125
11:31:47,12,-97,-113
11:31:47,6,-114,-109
11:31:47,-7,-99,-117
11:31:47,-4,-109,-98
11:31:48,0,-99,-114
11:31:48,-1,-97,-121
11:31:48,17,-105,-107
11:31:48,-1,-103,-113
11:31:48,-6,-105,-128
11:31:48,-6,-111,-126
11:31:48,-19,-96,-110
11:31:48,5,-100,-109
11:31:48,11,-109,-99
11:31:48,-10,-103,-106
11:31:48,-4,-107,-107
11:31:48,7,-97,-119
11:31:48,5,-112,-111
11:31:48,4,-99,-114
11:31:48,-1,-93,-96
11:31:48,-9,-105,-119
11:31:48,-16,-103,-97
11:31:48,9,-105,-116
11:31:48,7,-96,-126
11:31:49,-5,-94,-126
11:31:49,-2,-110,-98
11:31:49,-11,-90,-101
11:31:49,1,-93,-118
11:31:49,8,-92,-99
11:31:49,15,-91,-125
11:31:49,13,-91,-114
11:31:49,15,-96,-107
11:31:49,0,-99,-107
11:31:49,10,-111,-107
11:31:49,16,-103,-125
11:31:49,10,-94,-93
11:31:49,0,-107,-105
11:31:49,-2,-102,-108
11:31:49,12,-103,-115
11:31:49,5,-103,-125
11:31:49,-3,-100,-122
11:31:49,-22,-103,-127
11:31:49,-11,-119,-101
11:31:49,2,-115,-108
11:31:50,10,-108,-133
11:31:50,7,-107,-111
11:31:50,-5,-87,-117
11:31:50,-4,-117,-107
11:31:50,2,-96,-108
11:31:50,-7,-97,-111
11:31:50,7,-96,-102
11:31:50,-1,-98,-100
11:31:50,6,-98,-92
11:31:50,-1,-93,-114
11:31:50,4,-85,-113
11:31:50,12,-94,-112
11:31:50,2,-92,-122
11:31:50,3,-99,-111
11:31:50,8,-108,-108
11:31:50,9,-94,-98
11:31:50,10,-109,-107
11:31:50,15,-104,-115
11:31:50,-4,-98,-102
11:31:50,-2,-106,-113
11:31:51,-7,-101,-107
11:31:51,8,-85,-125
11:31:51,9,-98,-115
11:31:51,6,-106,-113
11:31:51,2,-99,-99
11:31:51,3,-105,-99
11:31:51,11,-99,-102
11:31:51,14,-110,-127
11:31:51,13,-90,-116
11:31:51,2,-99,-109
11:31:51,2,-99,-99
11:31:51,3,-103,-119
11:31:51,8,-101,-101
11:31:51,5,-86,-89
11:31:51,-1,-88,-112
11:31:51,-3,-100,-109
11:31:51,-3,-96,-125
11:31:51,-4,-93,-105
11:31:51,17,-105,-101
11:31:51,-1,-109,-105
11:31:52,-6,-100,-112
11:31:52,-5,-104,-107
11:31:52,-5,-102,-122
11:31:52,3,-88,-119
11:31:52,10,-114,-124
11:31:52,-3,-101,-118
11:31:52,-18,-112,-98
11:31:52,12,-97,-124
11:31:52,11,-102,-103
11:31:52,6,-96,-122
11:31:52,7,-103,-111
11:31:52,7,-111,-109
11:31:52,5,-108,-106
11:31:52,0,-94,-123
11:31:52,19,-91,-124
11:31:52,5,-96,-102
11:31:52,-3,-96,-104
11:31:52,8,-98,-89
11:31:52,-7,-94,-122
11:31:53,0,-106,-103
11:31:53,-13,-92,-128
11:31:53,6,-106,-106
11:31:53,-12,-87,-109
11:31:53,3,-94,-99
11:31:53,7,-103,-121
11:31:53,-6,-93,-125
11:31:53,-5,-97,-114
11:31:53,-8,-94,-106
11:31:53,11,-108,-106
11:31:53,1,-104,-123
11:31:53,13,-104,-126
11:31:53,-3,-94,-106
11:31:53,-6,-110,-119
11:31:53,4,-120,-104
11:31:53,-6,-94,-126
11:31:53,7,-107,-97
11:31:53,5,-106,-122
11:31:53,-3,-97,-96
11:31:53,3,-104,-122
11:31:54,-7,-94,-108
11:31:54,7,-112,-130
11:31:54,8,-91,-99
11:31:54,4,-80,-110
11:31:54,4,-107,-90
11:31:54,14,-104,-119
11:31:54,15,-96,-109
11:31:54,8,-92,-120
11:31:54,4,-98,-92
11:31:54,10,-112,-97
11:31:54,2,-92,-97
11:31:54,-7,-98,-117
11:31:54,13,-92,-112
11:31:54,-3,-99,-127
11:31:54,-3,-112,-114
11:31:54,-15,-94,-107
11:31:54,-20,-96,-125
11:31:54,7,-104,-102
11:31:54,-9,-83,-120
11:31:54,7,-106,-107
11:31:55,-23,-92,-114
11:31:55,-2,-106,-93
11:31:55,10,-108,-117
11:31:55,11,-99,-124
11:31:55,7,-101,-107
11:31:55,2,-102,-115
11:31:55,-4,-91,-104
11:31:55,-3,-91,-110
11:31:55,0,-84,-124
11:31:55,10,-102,-100
11:31:55,-8,-95,-102
11:31:55,-15,-96,-111
11:31:55,-5,-101,-116
11:31:55,5,-88,-111
11:31:55,9,-96,-109
11:31:55,-6,-100,-105
11:31:55,-10,-92,-102
11:31:55,2,-104,-119
11:31:55,-9,-87,-118
11:31:55,2,-111,-116
11:31:56,-9,-90,-106
11:31:56,-21,-111,-95
11:31:56,-4,-103,-107
11:31:56,-1,-99,-109
11:31:56,10,-101,-109
11:31:56,-3,-93,-115
11:31:56,2,-109,-99
11:31:56,-1,-111,-103
11:31:56,-12,-94,-120
11:31:56,-1,-96,-124
11:31:56,6,-85,-107
11:31:56,-6,-101,-126
11:31:56,-11,-89,-96
11:31:56,-6,-100,-107
11:31:56,7,-94,-115
11:31:56,15,-93,-112
11:31:56,6,-93,-107
11:31:56,-14,-79,-110
11:31:56,-3,-103,-100
11:31:57,4,-85,-98
11:31:57,4,-97,-113
11:31:57,21,-102,-110
11:31:57,5,-110,-102
11:31:57,-1,-113,-106
11:31:57,-9,-95,-117
11:31:57,8,-109,-115
11:31:57,11,-94,-106
11:31:57,-6,-97,-101
11:31:57,7,-98,-109
11:31:57,2,-97,-122
11:31:57,3,-106,-117
11:31:57,24,-103,-114
11:31:57,0,-101,-107
11:31:57,-4,-93,-91
11:31:57,4,-105,-105
11:31:57,-1,-90,-114
11:31:57,14,-107,-108
11:31:57,18,-106,-111
11:31:57,-10,-99,-106
11:31:58,1,-95,-112
11:31:58,13,-89,-111
11:31:58,6,-108,-109
11:31:58,6,-100,-101
11:31:58,4,-101,-113
11:31:58,0,-107,-108
11:31:58,-2,-113,-99
11:31:58,-1,-98,-108
11:31:58,-1,-81,-120
11:31:58,10,-100,-112
11:31:58,-2,-109,-95
11:31:58,0,-112,-122
11:31:58,2,-91,-122
11:31:58,11,-95,-126
11:31:58,3,-100,-115
11:31:58,-3,-95,-95
11:31:58,-6,-111,-98
11:31:58,3,-107,-111
11:31:58,11,-90,-123
11:31:58,12,-105,-123
11:31:59,-1,-107,-103
11:31:59,1,-114,-98
11:31:59,9,-106,-123
11:31:59,16,-80,-110
11:31:59,5,-93,-100
11:31:59,8,-99,-109
11:31:59,4,-94,-104
11:31:59,20,-87,-117
11:31:59,10,-106,-114
11:31:59,15,-93,-121
11:31:59,23,-106,-110
11:31:59,6,-99,-88
11:31:59,-3,-107,-102
11:31:59,1,-103,-113
11:31:59,3,-106,-107
11:31:59,10,-104,-116
11:31:59,12,-105,-99
11:31:59,3,-101,-112
11:31:59,-10,-100,-104
11:31:59,7,-92,-125
11:32:00,14,-96,-122
11:32:00,-3,-111,-101
11:32:00,6,-103,-111
11:32:00,-7,-103,-110
11:32:00,3,-100,-124
11:32:00,2,-87,-113
11:32:00,6,-85,-121
11:32:00,-5,-92,-112
11:32:00,-4,-99,-107
11:32:00,-2,-82,-108
11:32:00,16,-109,-121
11:32:00,14,-88,-117
11:32:00,2,-108,-95
11:32:00,-1,-106,-82
11:32:00,15,-85,-97
11:32:00,6,-96,-113
11:32:00,14,-97,-98
11:32:00,16,-106,-112
11:32:00,-7,-101,-112
11:32:01,5,-99,-85
11:32:01,6,-99,-127
11:32:01,17,-109,-111
11:32:01,4,-109,-104
11:32:01,0,-106,-99
11:32:01,-4,-111,-99
11:32:01,-4,-108,-112
11:32:01,5,-101,-116
11:32:01,9,-93,-103
11:32:01,5,-102,-87
11:32:01,-10,-102,-111
11:32:01,-2,-97,-101
11:32:01,8,-84,-106
11:32:01,9,-104,-116
11:32:01,4,-88,-96
11:32:01,-2,-98,-126
11:32:01,-1,-104,-91
11:32:01,19,-94,-122
11:32:01,8,-84,-111
11:32:01,10,-87,-110
11:32:02,-5,-103,-98
11:32:02,7,-100,-88
11:32:02,-6,-101,-112
11:32:02,-3,-93,-116
11:32:02,19,-103,-123
11:32:02,-10,-108,-116
11:32:02,-4,-104,-112
11:32:02,-8,-102,-120
11:32:02,2,-97,-107
11:32:02,1,-94,-118
11:32:02,-6,-117,-96
11:32:02,-3,-100,-105
11:32:02,11,-103,-103
11:32:02,-4,-98,-120
11:32:02,18,-101,-119
11:32:02,2,-89,-113
11:32:02,-3,-104,-108
11:32:02,-8,-96,-104
11:32:02,2,-94,-128
11:32:02,3,-86,-104
11:32:03,16,-101,-123
11:32:03,5,-76,-101
11:32:03,-1,-111,-101
11:32:03,-11,-89,-107
11:32:03,11,-92,-109
11:32:03,5,-92,-112
11:32:03,-3,-99,-103
11:32:03,1,-104,-106
11:32:03,-1,-88,-120
11:32:03,14,-91,-121
11:32:03,11,-90,-113
11:32:03,12,-98,-100
11:32:03,0,-100,-103
11:32:03,-9,-113,-89
11:32:03,4,-98,-125
11:32:03,12,-107,-103
11:32:03,9,-101,-122
11:32:03,0,-100,-109
11:32:03,0,-110,-84
11:32:03,8,-98,-103
11:32:04,-5,-103,-118
11:32:04,7,-100,-113
11:32:04,15,-104,-104
11:32:04,8,-113,-118
11:32:04,0,-96,-137
11:32:04,1,-93,-114
11:32:04,5,-100,-103
11:32:04,9,-89,-120
11:32:04,8,-103,-99
11:32:04,9,-99,-99
11:32:04,2,-96,-112
11:32:04,8,-93,-105
11:32:04,-7,-94,-120
11:32:04,-13,-103,-107
11:32:04,2,-119,-104
11:32:04,3,-109,-101
11:32:04,4,-93,-96
11:32:04,-5,-102,-125
11:32:04,2,-103,-126
11:32:05,-7,-109,-116
11:32:05,5,-107,-90
11:32:05,-4,-79,-117
11:32:05,1,-91,-111
11:32:05,2,-99,-116
11:32:05,-10,-109,-99
11:32:05,-3,-104,-122
11:32:05,0,-89,-118
11:32:05,9,-102,-124
11:32:05,8,-87,-114
11:32:05,-20,-97,-107
11:32:05,-7,-91,-104
11:32:05,1,-103,-91
11:32:05,1,-78,-88
11:32:05,17,-97,-99
11:32:05,11,-95,-113
11:32:05,8,-99,-123
11:32:05,4,-96,-85
11:32:05,1,-99,-107
11:32:05,3,-94,-117
11:32:06,-1,-101,-107
11:32:06,-21,-106,-106
11:32:06,6,-112,-109
11:32:06,1,-104,-120
11:32:06,6,-102,-104
11:32:06,9,-109,-102
11:32:06,13,-105,-129
11:32:06,2,-104,-112
11:32:06,-11,-102,-93
11:32:06,9,-92,-108
11:32:06,16,-105,-115
11:32:06,9,-102,-114
11:32:06,-5,-99,-127
11:32:06,4,-102,-97
11:32:06,5,-105,-88
11:32:06,15,-103,-116
11:32:06,13,-93,-99
11:32:06,-4,-102,-98
11:32:06,-11,-102,-89
11:32:06,4,-96,-112
11:32:07,3,-104,-102
11:32:07,12,-87,-110
11:32:07,1,-102,-102
11:32:07,-4,-110,-109
11:32:07,-8,-100,-106
11:32:07,8,-98,-115
11:32:07,8,-100,-105
11:32:07,0,-110,-118
11:32:07,0,-110,-97
11:32:07,9,-98,-114
11:32:07,4,-100,-127
11:32:07,11,-101,-123
11:32:07,16,-88,-109
11:32:07,-1,-102,-113
11:32:07,2,-113,-92
11:32:07,-6,-95,-103
11:32:07,8,-95,-116
11:32:07,-1,-86,-111
11:32:07,-10,-99,-110
11:32:08,4,-111,-109
11:32:08,-11,-104,-99
11:32:08,3,-95,-111
11:32:08,12,-101,-114
11:32:08,-2,-87,-98
11:32:08,-7,-93,-88
11:32:08,4,-106,-102
11:32:08,11,-95,-126
11:32:08,2,-88,-109
11:32:08,8,-103,-122
11:32:08,-2,-108,-108
11:32:08,0,-104,-104
11:32:08,-1,-101,-117
11:32:08,8,-93,-111
11:32:08,5,-90,-121
11:32:08,-1,-107,-107
11:32:08,5,-120,-113
11:32:08,-16,-95,-113
11:32:08,13,-101,-114
11:32:08,0,-93,-121
11:32:09,-5,-93,-120
11:32:09,0,-108,-114
11:32:09,-9,-105,-105
11:32:09,0,-101,-120
11:32:09,3,-89,-124
11:32:09,6,-106,-114
11:32:09,-1,-103,-116
11:32:09,-7,-104,-99
11:32:09,2,-99,-105
11:32:09,2,-98,-101
11:32:09,6,-92,-97
11:32:09,6,-92,-103
11:32:09,-9,-104,-102
11:32:09,15,-117,-127
11:32:09,19,-84,-119
11:32:09,6,-94,-121
11:32:09,9,-113,-99
11:32:09,-6,-104,-110
11:32:09,-2,-107,-92
11:32:09,7,-101,-112
11:32:10,20,-99,-124
11:32:10,16,-91,-123
11:32:10,-6,-103,-109
11:32:10,10,-117,-104
11:32:10,4,-96,-120
11:32:10,9,-99,-112
11:32:10,7,-89,-111
11:32:10,10,-104,-118
11:32:10,-3,-102,-112
11:32:10,6,-106,-104
11:32:10,2,-92,-107
11:32:10,14,-93,-112
11:32:10,10,-99,-102
11:32:10,4,-101,-114
11:32:10,13,-108,-97
11:32:10,8,-96,-115
11:32:10,13,-84,-97
11:32:10,15,-79,-112
11:32:10,-3,-88,-105
11:32:10,8,-124,-109
11:32:11,-3,-105,-110
11:32:11,10,-96,-105
11:32:11,18,-97,-129
11:32:11,-8,-100,-122
11:32:11,-10,-100,-103
11:32:11,-11,-94,-129
11:32:11,7,-100,-113
11:32:11,4,-77,-123
11:32:11,2,-99,-111
11:32:11,0,-105,-116
11:32:11,4,-114,-117
11:32:11,5,-96,-105
11:32:11,9,-97,-139
11:32:11,16,-90,-128
11:32:11,0,-105,-110
11:32:11,8,-103,-119
11:32:11,12,-94,-104
11:32:11,15,-91,-86
11:32:11,14,-99,-115
11:32:12,-9,-103,-105
11:32:12,-3,-92,-111
11:32:12,5,-106,-109
11:32:12,8,-92,-119
11:32:12,10,-100,-117
11:32:12,8,-107,-107
11:32:12,-1,-113,-114
11:32:12,-1,-101,-105
11:32:12,-1,-100,-116
11:32:12,14,-91,-125
11:32:12,16,-112,-104
11:32:12,-5,-98,-96
11:32:12,7,-112,-122
11:32:12,1,-108,-125
11:32:12,5,-96,-112
11:32:12,10,-90,-110
11:32:12,-8,-97,-103
11:32:12,-9,-103,-113
11:32:12,10,-99,-98
11:32:12,7,-95,-124
11:32:13,22,-98,-119
11:32:13,10,-101,-102
11:32:13,7,-102,-96
11:32:13,13,-113,-106
11:32:13,4,-79,-107
11:32:13,11,-93,-108
11:32:13,1,-101,-117
11:32:13,3,-109,-94
11:32:13,-6,-102,-104
11:32:13,-3,-106,-126
11:32:13,9,-104,-114
11:32:13,6,-101,-123
11:32:13,4,-109,-109
11:32:13,-4,-107,-111
11:32:13,-5,-100,-108
11:32:13,5,-90,-107
11:32:13,1,-100,-118
11:32:13,4,-93,-96
11:32:13,5,-96,-108
11:32:13,2,-108,-110
11:32:14,6,-83,-103
11:32:14,-1,-92,-123
11:32:14,-5,-91,-127
11:32:14,5,-102,-102
11:32:14,-2,-98,-106
11:32:14,3,-104,-87
11:32:14,8,-88,-109
11:32:14,6,-91,-125
11:32:14,-5,-104,-107
11:32:14,-11,-97,-120
11:32:14,-7,-96,-105
11:32:14,-3,-88,-122
11:32:14,-3,-100,-110
11:32:14,2,-105,-106
11:32:14,-7,-106,-113
11:32:14,-8,-104,-124
11:32:14,-3,-97,-115
11:32:14,5,-101,-118
11:32:14,-7,-101,-117
11:32:14,-3,-108,-113
11:32:15,-14,-108,-93
11:32:15,5,-97,-118
11:32:15,-4,-94,-103
11:32:15,-3,-104,-112
11:32:15,-4,-111,-106
11:32:15,5,-99,-94
11:32:15,-11,-91,-123
11:32:15,-5,-91,-97
11:32:15,14,-104,-116
11:32:15,1,-92,-118
11:32:15,8,-117,-119
11:32:15,12,-98,-103
11:32:15,12,-92,-103
11:32:15,7,-94,-104
11:32:15,8,-93,-98
11:32:15,2,-116,-117
11:32:15,-5,-106,-112
11:32:15,-9,-89,-118
11:32:15,8,-89,-108
11:32:16,10,-105,-123
11:32:16,5,-116,-108
11:32:16,-5,-107,-109
11:32:16,15,-99,-102
11:32:16,16,-103,-104
11:32:16,1,-92,-106
11:32:16,7,-94,-98
11:32:16,2,-108,-126
11:32:16,9,-101,-108
11:32:16,-2,-85,-108
11:32:16,19,-102,-93
11:32:16,23,-96,-106
11:32:16,-2,-112,-105
11:32:16,0,-103,-97
11:32:16,10,-98,-118
11:32:16,6,-86,-116
11:32:16,0,-103,-120
11:32:16,-3,-104,-109
11:32:16,8,-107,-116
11:32:16,1,-105,-97
11:32:17,17,-102,-106
11:32:17,13,-105,-112
11:32:17,3,-88,-89
11:32:17,5,-114,-122
11:32:17,4,-89,-117
11:32:17,4,-95,-105
11:32:17,-3,-103,-106
11:32:17,4,-101,-93
11:32:17,-6,-96,-102
11:32:17,-5,-113,-101
11:32:17,9,-95,-115
11:32:17,-4,-103,-103
11:32:17,3,-96,-110
11:32:17,-8,-111,-113
11:32:17,1,-103,-102
11:32:17,-4,-92,-105
11:32:17,3,-94,-106
11:32:17,21,-96,-111
11:32:17,-1,-90,-123
11:32:17,-8,-97,-114
11:32:18,1,-82,-102
11:32:18,7,-92,-113
11:32:18,12,-102,-100
11:32:18,-18,-87,-112
11:32:18,4,-110,-100
11:32:18,-11,-97,-105
11:32:18,-6,-98,-101
11:32:18,10,-85,-122
11:32:18,13,-102,-113
11:32:18,-14,-88,-109
11:32:18,-12,-106,-96
11:32:18,-6,-88,-107
11:32:18,-14,-94,-104
11:32:18,8,-90,-107
11:32:18,-3,-112,-119
11:32:18,-9,-106,-107
11:32:18,-3,-101,-94
11:32:18,10,-95,-109
11:32:18,5,-95,-109
11:32:19,19,-101,-123
11:32:19,-1,-85,-106
11:32:19,2,-95,-94
11:32:19,0,-100,-119
11:32:19,9,-99,-111
11:32:19,13,-98,-113
11:32:19,9,-110,-109
11:32:19,-21,-99,-87
11:32:19,8,-110,-130
11:32:19,6,-111,-111
11:32:19,15,-100,-115
11:32:19,2,-109,-104
11:32:19,8,-99,-109
11:32:19,2,-108,-106
11:32:19,4,-95,-98
11:32:19,14,-104,-118
11:32:19,12,-102,-108
11:32:19,9,-110,-110
11:32:19,1,-92,-90
11:32:19,-1,-107,-98
11:32:20,1,-93,-108
11:32:20,15,-105,-133
11:32:20,-2,-101,-103
11:32:20,5,-102,-106
11:32:20,-17,-103,-110
11:32:20,-1,-100,-111
11:32:20,5,-92,-107
11:32:20,8,-93,-118
11:32:20,8,-99,-112
11:32:20,6,-112,-116
11:32:20,13,-100,-122
11:32:20,5,-98,-103
11:32:20,2,-90,-121
11:32:20,6,-95,-118
11:32:20,1,-108,-111
11:32:20,15,-101,-109
11:32:20,19,-113,-102
11:32:20,11,-94,-119
11:32:20,-4,-102,-116
11:32:20,-2,-109,-97
11:32:21,0,-104,-128
11:32:21,16,-104,-106
11:32:21,11,-99,-107
11:32:21,-10,-104,-106
11:32:21,-3,-112,-117
11:32:21,-13,-99,-112
11:32:21,8,-98,-106
11:32:21,8,-98,-105
11:32:21,5,-100,-117
11:32:21,3,-109,-111
11:32:21,-18,-103,-105
11:32:21,7,-101,-116
11:32:21,0,-94,-112
11:32:21,8,-97,-130
11:32:21,-12,-94,-122
11:32:21,-10,-98,-128
11:32:21,-4,-96,-116
11:32:21,2,-91,-115
11:32:21,0,-104,-113
11:32:21,-9,-102,-100
11:32:22,-2,-111,-134
11:32:22,1,-100,-108
11:32:22,12,-114,-134
11:32:22,-7,-91,-109
11:32:22,8,-102,-124
11:32:22,-7,-102,-102
11:32:22,-6,-105,-115
11:32:22,4,-92,-101
11:32:22,1,-96,-118
11:32:22,17,-99,-103
11:32:22,-9,-99,-106
11:32:22,-12,-116,-111
11:32:22,0,-97,-102
11:32:22,6,-93,-116
11:32:22,4,-107,-120
11:32:22,3,-99,-117
11:32:22,-17,-108,-104
11:32:22,9,-90,-107
11:32:22,2,-105,-121
11:32:23,8,-92,-129
11:32:23,-6,-100,-112
11:32:23,-12,-93,-114
11:32:23,-12,-94,-107
11:32:23,3,-104,-110
11:32:23,10,-104,-96
11:32:23,8,-115,-113
11:32:23,5,-109,-120
11:32:23,-2,-107,-108
11:32:23,1,-106,-99
11:32:23,6,-91,-111
11:32:23,24,-98,-109
11:32:23,-5,-101,-108
11:32:23,-6,-100,-102
11:32:23,7,-93,-104
11:32:23,5,-94,-111
11:32:23,7,-96,-110
11:32:23,-4,-90,-112
11:32:23,1,-95,-115
11:32:23,-1,-96,-88
11:32:24,-7,-85,-110
11:32:24,5,-99,-106
11:32:24,10,-98,-109
11:32:24,-5,-100,-104
11:32:24,1,-117,-98
11:32:24,4,-107,-102
11:32:24,10,-94,-110
11:32:24,6,-101,-99
11:32:24,2,-99,-110
11:32:24,3,-122,-104
11:32:24,7,-112,-94
11:32:24,20,-106,-109
11:32:24,10,-99,-109
11:32:24,17,-101,-113
11:32:24,-6,-92,-111
11:32:24,0,-110,-114
11:32:24,12,-98,-114
11:32:24,14,-97,-108
11:32:24,17,-92,-105
11:32:24,4,-102,-113
11:32:25,6,-106,-97
11:32:25,11,-109,-123
11:32:25,10,-95,-119
11:32:25,7,-95,-116
11:32:25,6,-109,-106
11:32:25,6,-105,-94
11:32:25,16,-103,-122
11:32:25,4,-87,-105
11:32:25,6,-102,-117
11:32:25,14,-110,-120
11:32:25,2,-109,-115
11:32:25,0,-113,-97
11:32:25,-1,-94,-101
11:32:25,22,-101,-99
11:32:25,10,-100,-104
11:32:25,-2,-98,-105
11:32:25,-1,-102,-119
11:32:25,1,-98,-102
11:32:25,10,-99,-111
11:32:25,5,-93,-110
11:32:26,4,-105,-101
11:32:26,-1,-108,-112
11:32:26,10,-101,-116
11:32:26,10,-94,-114
11:32:26,23,-91,-133
11:32:26,-2,-90,-87
11:32:26,0,-95,-113
11:32:26,10,-113,-100
11:32:26,12,-103,-109
11:32:26,16,-103,-106
11:32:26,-1,-108,-126
11:32:26,-7,-106,-114
11:32:26,-4,-104,-110
11:32:26,-5,-98,-121
11:32:26,-1,-99,-99
11:32:26,7,-95,-131
11:32:26,-5,-96,-116
11:32:26,2,-109,-99
11:32:26,3,-116,-106
11:32:27,0,-94,-110
11:32:27,12,-103,-124
11:32:27,14,-108,-115
11:32:27,-6,-98,-109
11:32:27,7,-119,-106
11:32:27,6,-95,-104
11:32:27,15,-92,-107
11:32:27,4,-96,-111
11:32:27,0,-98,-111
11:32:27,13,-102,-108
11:32:27,10,-86,-95
11:32:27,4,-104,-99
11:32:27,21,-109,-108
11:32:27,-14,-96,-113
11:32:27,5,-105,-89
11:32:27,-2,-102,-111
11:32:27,10,-100,-111
11:32:27,16,-100,-110
11:32:27,9,-104,-95
11:32:27,-13,-100,-117
11:32:28,10,-96,-90
11:32:28,10,-111,-110
11:32:28,9,-98,-121
11:32:28,0,-94,-108
11:32:28,3,-100,-109
11:32:28,-3,-107,-99
11:32:28,6,-95,-125
11:32:28,11,-101,-95
11:32:28,9,-89,-110
11:32:28,1,-105,-102
11:32:28,5,-102,-95
11:32:28,3,-100,-93
11:32:28,3,-108,-108
11:32:28,20,-106,-115
11:32:28,16,-107,-100
11:32:28,4,-99,-103
11:32:28,2,-102,-105
11:32:28,10,-92,-130
11:32:28,8,-98,-110
11:32:28,-2,-97,-122
11:32:29,5,-105,-95
11:32:29,-10,-107,-111
11:32:29,-3,-95,-117
11:32:29,10,-103,-127
11:32:29,6,-98,-111
11:32:29,0,-101,-106
11:32:29,3,-111,-105
11:32:29,3,-110,-94
11:32:29,4,-106,-110
11:32:29,20,-95,-118
11:32:29,6,-95,-118
11:32:29,-8,-99,-93
11:32:29,-5,-108,-96
11:32:29,-2,-102,-109
11:32:29,7,-87,-111
11:32:29,1,-102,-116
11:32:29,6,-111,-101
11:32:29,-13,-102,-111
11:32:29,11,-103,-113
11:32:29,16,-114,-105
11:32:30,16,-96,-128
11:32:30,4,-101,-101
11:32:30,-5,-109,-107
11:32:30,7,-109,-111
11:32:30,10,-105,-117
11:32:30,3,-87,-125
11:32:30,4,-102,-116
11:32:30,-9,-111,-107
11:32:30,-6,-101,-109
11:32:30,0,-96,-97
11:32:30,-2,-104,-110
11:32:30,12,-114,-114
11:32:30,-5,-95,-107
11:32:30,-8,-108,-98
11:32:30,10,-109,-104
11:32:30,13,-105,-116
11:32:30,2,-88,-122
11:32:30,-12,-95,-111
11:32:30,-20,-104,-113
11:32:31,8,-97,-113
11:32:31,0,-83,-120
11:32:31,7,-85,-108
11:32:31,8,-105,-117
11:32:31,-3,-99,-105
11:32:31,-4,-98,-111
11:32:31,10,-88,-111
11:32:31,14,-96,-131
11:32:31,12,-95,-107
11:32:31,-3,-90,-112
11:32:31,4,-109,-119
11:32:31,1,-101,-120
11:32:31,8,-103,-93
11:32:31,9,-100,-102
11:32:31,-2,-100,-110
11:32:31,1,-107,-111
11:32:31,12,-99,-99
11:32:31,18,-115,-113
11:32:31,1,-95,-111
11:32:31,-1,-106,-114
11:32:32,5,-104,-113
11:32:32,-3,-94,-117
11:32:32,7,-102,-111
11:32:32,10,-93,-114
11:32:32,19,-106,-113
11:32:32,-9,-85,-99
11:32:32,12,-104,-109
11:32:32,-7,-86,-95
11:32:32,6,-97,-103
11:32:32,18,-97,-104
11:32:32,0,-104,-114
11:32:32,2,-110,-99
11:32:32,10,-105,-101
11:32:32,20,-110,-124
11:32:32,4,-103,-121
11:32:32,2,-103,-104
11:32:32,-5,-111,-99
11:32:32,-6,-100,-112
11:32:32,12,-91,-122
11:32:32,8,-111,-95
11:32:33,21,-109,-109
11:32:33,-7,-106,-106
11:32:33,-2,-99,-96
11:32:33,1,-106,-112
11:32:33,12,-105,-111
11:32:33,-6,-88,-92
11:32:33,2,-117,-109
11:32:33,-4,-103,-94
11:32:33,0,-102,-111
11:32:33,12,-98,-105
11:32:33,5,-95,-103
11:32:33,3,-104,-104
11:32:33,3,-116,-109
11:32:33,7,-106,-124
11:32:33,7,-108,-100
11:32:33,8,-101,-120
11:32:33,4,-96,-104
11:32:33,-7,-99,-109
11:32:33,3,-106,-102
11:32:33,-3,-108,-113
11:32:34,13,-98,-126
11:32:34,14,-100,-116
11:32:34,-3,-98,-117
11:32:34,-8,-108,-116
11:32:34,-11,-101,-103
11:32:34,22,-104,-113
11:32:34,-3,-99,-105
11:32:34,-5,-96,-104
11:32:34,0,-112,-100
11:32:34,1,-114,-107
11:32:34,-5,-80,-114
11:32:34,7,-95,-136
11:32:34,12,-94,-117
11:32:34,1,-93,-93
11:32:34,6,-121,-99
11:32:34,6,-87,-105
11:32:34,5,-104,-104
11:32:34,14,-105,-95
11:32:34,1,-110,-106
11:32:35,3,-106,-107
11:32:35,-2,-108,-105
11:32:35,2,-93,-111
11:32:35,12,-102,-117
11:32:35,2,-95,-115
11:32:35,-11,-99,-118
11:32:35,6,-100,-113
11:32:35,6,-89,-129
11:32:35,20,-104,-131
11:32:35,17,-104,-102
11:32:35,-9,-93,-100
11:32:35,-7,-102,-106
11:32:35,14,-96,-114
11:32:35,7,-106,-109
11:32:35,11,-97,-132
11:32:35,2,-104,-93
11:32:35,4,-113,-91
11:32:35,-3,-91,-111
11:32:35,7,-99,-102
11:32:35,16,-99,-96
11:32:36,28,-93,-133
11:32:36,1,-111,-98
11:32:36,1,-106,-120
11:32:36,-3,-94,-118
11:32:36,16,-96,-125
11:32:36,4,-102,-122
11:32:36,9,-99,-98
11:32:36,-9,-103,-109
11:32:36,-4,-110,-121
11:32:36,10,-103,-116
11:32:36,8,-99,-114
11:32:36,9,-108,-107
11:32:36,-18,-94,-101
11:32:36,13,-93,-108
11:32:36,9,-101,-112
11:32:36,5,-97,-127
11:32:36,4,-103,-120
11:32:36,-8,-103,-102
11:32:36,2,-105,-107
11:32:36,-4,-83,-124
11:32:37,19,-96,-120
11:32:37,2,-103,-113
11:32:37,3,-110,-104
11:32:37,1,-97,-103
11:32:37,-12,-89,-104
11:32:37,20,-97,-120
11:32:37,1,-88,-112
11:32:37,-6,-96,-115
11:32:37,5,-99,-117
11:32:37,-6,-104,-114
11:32:37,3,-101,-112
11:32:37,1,-89,-123
11:32:37,-3,-111,-112
11:32:37,-17,-98,-92
11:32:37,-2,-109,-116
11:32:37,1,-105,-119
11:32:37,11,-100,-121
11:32:37,5,-98,-117
11:32:37,-4,-110,-108
11:32:38,-8,-109,-103
11:32:38,-1,-105,-108
11:32:38,20,-95,-109
11:32:38,0,-101,-114
11:32:38,18,-98,-121
11:32:38,-3,-110,-98
11:32:38,-2,-100,-108
11:32:38,11,-92,-101
11:32:38,11,-101,-116
11:32:38,4,-99,-109
11:32:38,-6,-92,-96
11:32:38,-11,-111,-102
11:32:38,-7,-86,-111
11:32:38,14,-100,-123
11:32:38,-2,-103,-122
11:32:38,-6,-106,-110
11:32:38,7,-118,-112
11:32:38,2,-112,-121
11:32:38,11,-94,-115
11:32:38,10,-104,-116
11:32:39,16,-108,-99
11:32:39,2,-113,-110
11:32:39,-6,-87,-92
11:32:39,-1,-102,-106
11:32:39,1,-95,-116
11:32:39,5,-111,-114
11:32:39,-6,-93,-103
11:32:39,16,-115,-106
11:32:39,6,-91,-108
11:32:39,19,-96,-110
11:32:39,13,-83,-105
11:32:39,2,-95,-97
11:32:39,13,-102,-92
11:32:39,2,-105,-108
11:32:39,13,-91,-118
11:32:39,-13,-89,-111
11:32:39,9,-96,-115
11:32:39,-9,-97,-103
11:32:39,-12,-100,-122
11:32:39,15,-99,-111
11:32:40,10,-101,-113
11:32:40,9,-101,-125
11:32:40,-10,-112,-113
11:32:40,1,-95,-112
11:32:40,13,-97,-135
11:32:40,27,-112,-107
11:32:40,-1,-95,-115
11:32:40,13,-105,-117
11:32:40,3,-108,-114
11:32:40,8,-94,-108
11:32:40,8,-92,-125
11:32:40,22,-93,-120
11:32:40,7,-111,-102
11:32:40,-5,-102,-109
11:32:40,2,-92,-100
11:32:40,12,-98,-111
11:32:40,27,-107,-99
11:32:40,-3,-99,-92
11:32:40,14,-110,-103
11:32:40,10,-101,-106
11:32:41,14,-103,-114
11:32:41,-7,-97,-110
11:32:41,-1,-97,-114
11:32:41,-7,-105,-109
11:32:41,-3,-103,-111
11:32:41,-1,-99,-108
11:32:41,4,-103,-108
11:32:41,5,-101,-106
11:32:41,1,-112,-114
11:32:41,-4,-103,-121
11:32:41,-17,-98,-117
11:32:41,-2,-101,-116
11:32:41,-2,-106,-103
11:32:41,1,-95,-124
11:32:41,-12,-91,-102
11:32:41,-7,-91,-96
11:32:41,0,-97,-108
11:32:41,11,-98,-105
11:32:41,-7,-102,-97
11:32:42,2,-103,-102
11:32:42,8,-97,-107
11:32:42,19,-91,-104
11:32:42,14,-90,-112
11:32:42,9,-94,-106
11:32:42,2,-102,-109
11:32:42,6,-109,-114
11:32:42,3,-108,-114
11:32:42,-3,-101,-108
11:32:42,7,-89,-124
11:32:42,-4,-108,-107
11:32:42,-4,-109,-93
11:32:42,4,-99,-128
11:32:42,-2,-99,-121
11:32:42,8,-104,-105
11:32:42,7,-106,-93
11:32:42,4,-102,-105
11:32:42,-11,-100,-96
11:32:42,16,-102,-113
11:32:42,9,-100,-118
11:32:43,4,-96,-114
11:32:43,7,-106,-106
11:32:43,5,-104,-102
11:32:43,8,-97,-116
11:32:43,9,-96,-102
11:32:43,5,-94,-105
11:32:43,2,-99,-105
11:32:43,-5,-94,-97
11:32:43,-5,-105,-102
11:32:43,9,-86,-109
11:32:43,3,-100,-112
11:32:43,-5,-101,-113
11:32:43,-12,-93,-108
11:32:43,8,-107,-110
11:32:43,-7,-86,-117
11:32:43,10,-100,-96
11:32:43,6,-97,-109
11:32:43,-18,-105,-94
11:32:43,2,-106,-109
11:32:43,-7,-101,-108
11:32:44,-1,-91,-120
11:32:44,-8,-96,-99
11:32:44,-15,-90,-112
11:32:44,-6,-106,-100
11:32:44,-9,-96,-111
11:32:44,11,-105,-116
11:32:44,7,-92,-106
11:32:44,-15,-93,-107
11:32:44,-6,-104,-94
11:32:44,4,-106,-112
11:32:44,5,-86,-101
11:32:44,5,-101,-115
11:32:44,4,-93,-99
11:32:44,-4,-88,-105
11:32:44,8,-103,-104
11:32:44,1,-99,-100
11:32:44,5,-95,-104
11:32:44,17,-92,-136
11:32:44,-4,-101,-109
11:32:44,-3,-109,-112
11:32:45,8,-111,-110
11:32:45,7,-95,-126
11:32:45,11,-108,-106
11:32:45,0,-104,-118
11:32:45,6,-99,-117
11:32:45,9,-106,-109
11:32:45,2,-99,-110
11:32:45,24,-106,-112
11:32:45,16,-99,-116
11:32:45,1,-103,-114
11:32:45,-2,-125,-100
11:32:45,12,-83,-110
11:32:45,10,-84,-109
11:32:45,11,-95,-117
11:32:45,-5,-103,-84
11:32:45,11,-100,-114
11:32:45,-3,-100,-102
11:32:45,5,-90,-117
11:32:45,9,-100,-109
11:32:46,-1,-100,-113
11:32:46,-1,-101,-111
11:32:46,3,-102,-112
11:32:46,-1,-93,-132
11:32:46,7,-96,-107
11:32:46,-6,-94,-106
11:32:46,9,-120,-89
11:32:46,13,-99,-106
11:32:46,-1,-100,-106
11:32:46,9,-93,-114
11:32:46,12,-89,-105
11:32:46,2,-111,-108
11:32:46,-4,-99,-107
11:32:46,15,-99,-95
11:32:46,8,-95,-103
11:32:46,21,-106,-108
11:32:46,15,-108,-102
11:32:46,-1,-100,-89
11:32:46,0,-98,-99
11:32:46,18,-88,-101
11:32:47,17,-92,-114
11:32:47,15,-105,-111
11:32:47,1,-99,-104
11:32:47,6,-102,-99
11:32:47,4,-101,-110
11:32:47,24,-99,-105
11:32:47,4,-99,-129
11:32:47,-9,-114,-91
11:32:47,2,-109,-107
11:32:47,-4,-102,-104
11:32:47,16,-106,-130
11:32:47,13,-104,-115
11:32:47,-4,-101,-117
11:32:47,-7,-101,-119
11:32:47,0,-106,-101
11:32:47,11,-112,-111
11:32:47,9,-95,-117
11:32:47,9,-91,-117
11:32:47,6,-98,-98
11:32:47,4,-104,-111
11:32:48,11,-105,-88
11:32:48,11,-85,-111
11:32:48,18,-105,-126
11:32:48,10,-107,-100
11:32:48,4,-107,-119
11:32:48,0,-91,-111
11:32:48,4,-98,-106
11:32:48,6,-104,-119
11:32:48,-12,-95,-121
11:32:48,-4,-120,-104
11:32:48,-2,-111,-115
11:32:48,-2,-91,-125
11:32:48,10,-93,-107
11:32:48,15,-99,-107
11:32:48,-1,-114,-96
11:32:48,4,-100,-102
11:32:48,4,-97,-115
11:32:48,13,-108,-118
11:32:48,6,-87,-106
11:32:48,0,-96,-100
11:32:49,0,-100,-98
11:32:49,8,-110,-104
11:32:49,4,-97,-101
11:32:49,1,-95,-115
11:32:49,14,-97,-106
11:32:49,-6,-102,-97
11:32:49,2,-96,-114
11:32:49,3,-93,-113
11:32:49,3,-103,-117
11:32:49,-4,-79,-101
11:32:49,-15,-95,-117
11:32:49,-1,-111,-99
11:32:49,-9,-93,-115
11:32:49,-5,-111,-126
11:32:49,10,-103,-120
11:32:49,-11,-108,-100
11:32:49,-12,-97,-94
11:32:49,2,-104,-110
11:32:49,9,-91,-119
11:32:50,1,-94,-118
11:32:50,-4,-100,-105
11:32:50,-4,-101,-102
11:32:50,-7,-94,-101
11:32:50,5,-101,-112
11:32:50,-9,-79,-115
11:32:50,13,-99,-124
11:32:50,-13,-105,-100
11:32:50,6,-101,-116
11:32:50,-6,-96,-122
11:32:50,19,-106,-107
11:32:50,4,-86,-124
11:32:50,-14,-93,-110
11:32:50,-7,-109,-103
11:32:50,3,-102,-97
11:32:50,14,-97,-124
11:32:50,-9,-98,-106
11:32:50,6,-106,-118
11:32:50,-5,-119,-119
11:32:50,-2,-111,-102
11:32:51,15,-102,-120
11:32:51,10,-118,-105
11:32:51,7,-97,-100
11:32:51,-6,-108,-98
11:32:51,5,-111,-112
11:32:51,9,-111,-109
11:32:51,7,-100,-114
11:32:51,17,-105,-105
11:32:51,5,-110,-110
11:32:51,10,-115,-97
11:32:51,-3,-108,-115
11:32:51,11,-98,-126
11:32:51,19,-101,-114
11:32:51,-1,-97,-96
11:32:51,12,-111,-104
11:32:51,11,-109,-98
11:32:51,-2,-88,-113
11:32:51,12,-100,-107
11:32:51,2,-109,-90
11:32:51,-6,-108,-114
11:32:52,-13,-102,-105
11:32:52,0,-89,-102
11:32:52,11,-88,-117
11:32:52,3,-99,-135
11:32:52,-1,-97,-120
11:32:52,-12,-97,-106
11:32:52,7,-91,-123
11:32:52,6,-108,-109
11:32:52,9,-105,-112
11:32:52,4,-99,-111
11:32:52,-2,-97,-118
11:32:52,2,-112,-94
11:32:52,7,-100,-118
11:32:52,21,-104,-111
11:32:52,6,-88,-99
11:32:52,12,-92,-112
11:32:52,16,-104,-107
11:32:52,6,-96,-110
11:32:52,19,-97,-109
11:32:53,13,-91,-122
11:32:53,7,-104,-119
11:32:53,6,-100,-98
11:32:53,6,-99,-110
11:32:53,21,-104,-121
11:32:53,11,-96,-111
11:32:53,0,-100,-107
11:32:53,1,-100,-102
11:32:53,0,-112,-113
11:32:53,7,-99,-108
11:32:53,10,-89,-117
11:32:53,14,-99,-104
11:32:53,-6,-98,-114
11:32:53,0,-118,-88
11:32:53,18,-98,-115
11:32:53,5,-105,-107
11:32:53,14,-88,-115
11:32:53,0,-112,-112
11:32:53,-1,-95,-110
11:32:53,-6,-104,-111
11:32:54,28,-107,-98
11:32:54,8,-98,-126
11:32:54,-4,-105,-112
11:32:54,3,-107,-101
11:32:54,2,-114,-121
11:32:54,6,-100,-123
11:32:54,18,-104,-120
11:32:54,9,-103,-112
11:32:54,-3,-91,-125
11:32:54,0,-100,-112
11:32:54,2,-95,-123
11:32:54,12,-98,-109
11:32:54,13,-112,-114
11:32:54,1,-104,-99
11:32:54,-16,-108,-107
11:32:54,1,-104,-90
11:32:54,2,-88,-114
11:32:54,16,-102,-124
11:32:54,-2,-99,-124
11:32:54,4,-114,-99
11:32:55,8,-102,-122
11:32:55,-1,-92,-123
11:32:55,12,-101,-113
11:32:55,11,-91,-108
11:32:55,-17,-105,-115
11:32:55,3,-107,-101
11:32:55,-4,-95,-118
11:32:55,7,-90,-105
11:32:55,9,-95,-106
11:32:55,-4,-106,-99
11:32:55,-6,-97,-110
11:32:55,1,-93,-113
11:32:55,14,-96,-108
11:32:55,6,-100,-111
11:32:55,-11,-102,-95
11:32:55,0,-109,-107
11:32:55,4,-108,-106
11:32:55,6,-98,-123
11:32:55,16,-102,-110
11:32:55,4,-91,-118
11:32:56,5,-108,-114
11:32:56,0,-113,-102
11:32:56,0,-100,-109
11:32:56,19,-93,-120
11:32:56,17,-103,-107
11:32:56,5,-116,-83
11:32:56,-3,-92,-102
11:32:56,4,-105,-96
11:32:56,8,-88,-113
11:32:56,12,-100,-122
11:32:56,7,-109,-100
11:32:56,-4,-98,-113
11:32:56,2,-106,-96
11:32:56,7,-96,-92
11:32:56,15,-95,-124
11:32:56,-2,-101,-115
11:32:56,7,-114,-115
11:32:56,8,-107,-107
11:32:56,13,-102,-105
11:32:57,10,-92,-105
11:32:57,3,-102,-107
11:32:57,8,-105,-107
11:32:57,12,-112,-89
11:32:57,-2,-100,-116
11:32:57,7,-97,-115
11:32:57,8,-92,-120
11:32:57,-6,-100,-101
11:32:57,0,-111,-111
11:32:57,4,-99,-119
11:32:57,2,-88,-110
11:32:57,19,-97,-116
11:32:57,12,-108,-116
11:32:57,5,-106,-94
11:32:57,17,-107,-101
11:32:57,10,-97,-127
11:32:57,23,-105,-106
11:32:57,-4,-101,-99
11:32:57,1,-95,-115
11:32:57,8,-105,-104
11:32:58,-3,-98,-131
11:32:58,11,-110,-96
11:32:58,8,-106,-118
11:32:58,6,-113,-96
11:32:58,-11,-102,-108
11:32:58,1,-98,-114
11:32:58,4,-86,-110
11:32:58,16,-99,-123
11:32:58,13,-113,-115
11:32:58,0,-117,-121
11:32:58,-4,-108,-111
11:32:58,2,-101,-113
11:32:58,3,-103,-119
11:32:58,19,-100,-113
11:32:58,-9,-95,-91
11:32:58,4,-109,-101
11:32:58,5,-103,-110
11:32:58,-6,-95,-119
11:32:58,2,-106,-110
11:32:58,0,-113,-109
11:32:59,-21,-105,-111
11:32:59,-3,-102,-117
11:32:59,-7,-87,-114
11:32:59,-1,-97,-116
11:32:59,5,-103,-111
11:32:59,-16,-109,-108
11:32:59,-7,-105,-117
11:32:59,6,-105,-123
11:32:59,17,-98,-120
11:32:59,8,-99,-124
11:32:59,-7,-115,-112
11:32:59,-16,-106,-107
11:32:59,3,-104,-105
11:32:59,4,-95,-114
11:32:59,6,-81,-108
11:32:59,-4,-105,-108
11:32:59,-2,-108,-96
11:32:59,0,-84,-103
11:32:59,7,-90,-117
11:32:59,14,-96,-97
11:33:00,2,-91,-115
11:33:00,-11,-104,-113
11:33:00,1,-90,-105
11:33:00,9,-90,-108
11:33:00,1,-92,-103
11:33:00,2,-94,-106
11:33:00,-12,-92,-129
11:33:00,12,-107,-105
11:33:00,3,-87,-128
11:33:00,9,-101,-110
11:33:00,7,-94,-111
11:33:00,-5,-103,-107
11:33:00,-1,-119,-98
11:33:00,4,-91,-117
11:33:00,9,-101,-101
11:33:00,24,-100,-112
11:33:00,9,-101,-105
11:33:00,14,-105,-106
11:33:00,5,-107,-102
11:33:01,2,-95,-115
11:33:01,11,-86,-126
11:33:01,15,-98,-97
11:33:01,-1,-98,-115
11:33:01,21,-107,-105
11:33:01,1,-105,-120
11:33:01,6,-98,-119
11:33:01,7,-86,-113
11:33:01,-3,-108,-113
11:33:01,2,-117,-83
11:33:01,-9,-100,-122
11:33:01,12,-100,-113
11:33:01,0,-94,-121
11:33:01,17,-103,-105
11:33:01,-5,-110,-108
11:33:01,6,-104,-113
11:33:01,0,-94,-115
11:33:01,1,-93,-129
11:33:01,9,-97,-111
11:33:01,11,-107,-109
11:33:02,-2,-110,-100
11:33:02,10,-94,-118
11:33:02,12,-99,-107
11:33:02,12,-97,-103
11:33:02,9,-96,-123
11:33:02,1,-114,-95
11:33:02,5,-111,-96
11:33:02,16,-93,-120
11:33:02,19,-94,-111
11:33:02,7,-107,-105
11:33:02,-10,-99,-92
11:33:02,3,-107,-98
11:33:02,3,-104,-100
11:33:02,14,-100,-123
11:33:02,12,-104,-115
11:33:02,-6,-112,-109
11:33:02,7,-110,-112
11:33:02,8,-103,-117
11:33:02,23,-109,-107
11:33:02,1,-94,-127
11:33:03,9,-107,-103
11:33:03,-18,-99,-113
11:33:03,0,-103,-107
11:33:03,6,-103,-117
11:33:03,3,-95,-119
11:33:03,5,-107,-122
11:33:03,-5,-109,-113
11:33:03,-7,-101,-103
11:33:03,-9,-85,-123
11:33:03,6,-87,-120
11:33:03,16,-96,-132
11:33:03,-4,-99,-124
11:33:03,2,-107,-111
11:33:03,8,-93,-104
11:33:03,11,-92,-98
11:33:03,4,-84,-102
11:33:03,10,-105,-106
11:33:03,5,-105,-102
11:33:03,-3,-113,-105
11:33:03,3,-94,-127
11:33:04,8,-86,-98
11:33:04,12,-97,-102
11:33:04,-6,-100,-98
11:33:04,2,-105,-108
11:33:04,6,-86,-104
11:33:04,15,-106,-118
11:33:04,2,-97,-105
11:33:04,-2,-104,-113
11:33:04,2,-101,-118
11:33:04,9,-103,-112
11:33:04,2,-100,-87
11:33:04,24,-108,-94
11:33:04,12,-106,-113
11:33:04,3,-121,-92
11:33:04,15,-111,-99
11:33:04,13,-92,-93
11:33:04,7,-92,-111
11:33:04,-1,-90,-101
11:33:04,4,-95,-122
11:33:05,-4,-105,-104
11:33:05,-18,-97,-109
11:33:05,6,-86,-125
11:33:05,-4,-101,-125
11:33:05,-4,-106,-106
11:33:05,-13,-110,-116
11:33:05,0,-116,-110
11:33:05,5,-93,-110
11:33:05,13,-109,-128
11:33:05,3,-101,-108
11:33:05,-6,-97,-119
11:33:05,10,-105,-116
11:33:05,14,-113,-116
11:33:05,23,-103,-115
11:33:05,4,-98,-121
11:33:05,-9,-97,-106
11:33:05,6,-97,-103
11:33:05,16,-108,-109
11:33:05,14,-100,-120
11:33:05,6,-100,-110
11:33:06,-4,-82,-106
11:33:06,5,-120,-108
11:33:06,0,-94,-112
11:33:06,17,-106,-114
11:33:06,7,-97,-111
11:33:06,5,-105,-90
11:33:06,-2,-107,-104
11:33:06,7,-102,-99
11:33:06,12,-91,-111
11:33:06,0,-93,-107
11:33:06,10,-108,-122
11:33:06,6,-132,-112
11:33:06,-7,-98,-116
11:33:06,7,-105,-113
11:33:06,9,-90,-122
11:33:06,1,-111,-108
11:33:06,10,-107,-105
11:33:06,4,-113,-97
11:33:06,11,-90,-123
11:33:06,14,-92,-109
11:33:07,13,-98,-102
11:33:07,5,-106,-109
11:33:07,2,-111,-94
11:33:07,16,-100,-117
11:33:07,7,-88,-102
11:33:07,14,-97,-114
11:33:07,7,-111,-108
11:33:07,-1,-88,-93
11:33:07,5,-108,-105
11:33:07,13,-109,-125
11:33:07,9,-98,-104
11:33:07,13,-97,-131
11:33:07,9,-100,-126
11:33:07,5,-105,-111
11:33:07,14,-100,-99
11:33:07,11,-100,-107
11:33:07,11,-97,-110
11:33:07,9,-99,-116
11:33:07,-2,-98,-112
11:33:07,12,-105,-99
11:33:08,12,-108,-104
11:33:08,1,-100,-102
11:33:08,5,-105,-107
11:33:08,-1,-109,-103
11:33:08,0,-106,-93
11:33:08,12,-95,-106
11:33:08,12,-83,-111
11:33:08,14,-102,-104
11:33:08,-3,-98,-100
11:33:08,-4,-107,-92
11:33:08,-4,-98,-109
11:33:08,9,-97,-118
11:33:08,20,-101,-117
11:33:08,-3,-98,-110
11:33:08,1,-119,-110
11:33:08,15,-107,-103
11:33:08,12,-94,-122
11:33:08,3,-105,-126
11:33:08,2,-110,-105
11:33:09,-11,-108,-102
11:33:09,2,-92,-123
11:33:09,0,-104,-109
11:33:09,11,-100,-100
11:33:09,4,-110,-119
11:33:09,-9,-97,-114
11:33:09,-11,-95,-112
11:33:09,-5,-87,-113
11:33:09,6,-100,-110
11:33:09,-7,-81,-110
11:33:09,-6,-102,-121
11:33:09,-1,-96,-104
11:33:09,6,-104,-97
11:33:09,7,-103,-120
11:33:09,-5,-92,-114
11:33:09,8,-100,-92
11:33:09,8,-111,-87
11:33:09,14,-111,-135
11:33:09,15,-114,-121
11:33:09,-1,-90,-100
11:33:10,10,-94,-111
11:33:10,-11,-102,-117
11:33:10,5,-118,-108
11:33:10,-13,-98,-111
11:33:10,-2,-95,-118
11:33:10,6,-100,-108
11:33:10,-5,-95,-103
11:33:10,-9,-93,-103
11:33:10,-9,-81,-109
11:33:10,10,-87,-118
11:33:10,-12,-89,-101
11:33:10,1,-106,-121
11:33:10,-8,-92,-105
11:33:10,2,-103,-101
11:33:10,6,-91,-113
11:33:10,20,-93,-109
11:33:10,14,-102,-109
11:33:10,-7,-98,-123
11:33:10,3,-104,-93
11:33:10,8,-102,-107
11:33:11,14,-103,-127
11:33:11,1,-108,-118
11:33:11,5,-103,-110
11:33:11,-4,-102,-104
11:33:11,-2,-97,-128
11:33:11,4,-98,-110
11:33:11,9,-102,-106
11:33:11,-4,-103,-110
11:33:11,-11,-109,-94
11:33:11,2,-104,-113
11:33:11,3,-102,-106
11:33:11,7,-89,-122
11:33:11,7,-107,-118
11:33:11,-14,-95,-118
11:33:11,1,-101,-109
11:33:11,-9,-78,-113
11:33:11,4,-105,-126
11:33:11,4,-89,-119
11:33:11,1,-105,-98
11:33:12,10,-100,-115
11:33:12,5,-87,-112
11:33:12,12,-97,-122
11:33:12,5,-94,-110
11:33:12,-2,-97,-101
11:33:12,-1,-112,-104
11:33:12,4,-106,-112
11:33:12,3,-99,-134
11:33:12,9,-92,-109
11:33:12,5,-98,-115
11:33:12,4,-105,-109
11:33:12,-12,-101,-114
11:33:12,2,-97,-106
11:33:12,12,-86,-108
11:33:12,13,-96,-111
11:33:12,0,-99,-108
11:33:12,7,-106,-103
11:33:12,-4,-99,-105
11:33:12,20,-95,-98
11:33:12,2,-95,-114
11:33:13,10,-107,-99
11:33:13,-3,-109,-95
11:33:13,-6,-85,-112
11:33:13,-4,-97,-116
11:33:13,15,-103,-119
11:33:13,-3,-98,-112
11:33:13,1,-99,-101
11:33:13,2,-95,-116
11:33:13,0,-103,-103
11:33:13,0,-83,-112
11:33:13,10,-101,-114
11:33:13,5,-116,-128
11:33:13,-8,-111,-117
11:33:13,-10,-108,-98
11:33:13,5,-97,-113
11:33:13,-3,-92,-131
11:33:13,-3,-103,-105
11:33:13,-6,-104,-114
11:33:13,-4,-98,-102
11:33:13,-1,-103,-115
11:33:14,11,-108,-120
11:33:14,3,-99,-116
11:33:14,-12,-102,-102
11:33:14,-1,-95,-108
11:33:14,-9,-89,-108
11:33:14,12,-107,-118
11:33:14,2,-106,-108
11:33:14,10,-104,-102
11:33:14,7,-113,-106
11:33:14,9,-106,-109
11:33:14,16,-101,-120
11:33:14,13,-102,-122
11:33:14,3,-103,-107
11:33:14,4,-110,-103
11:33:14,11,-101,-109
11:33:14,10,-97,-111
11:33:14,3,-98,-126
11:33:14,4,-107,-115
11:33:14,10,-89,-126
11:33:14,3,-114,-118
11:33:15,-2,-91,-114
11:33:15,4,-92,-115
11:33:15,16,-115,-117
11:33:15,-4,-95,-106
11:33:15,9,-108,-117
11:33:15,-4,-84,-116
11:33:15,6,-101,-111
11:33:15,6,-97,-107
11:33:15,6,-102,-127
11:33:15,-7,-103,-96
11:33:15,2,-98,-105
11:33:15,18,-103,-120
11:33:15,24,-97,-117
11:33:15,5,-97,-107
11:33:15,9,-112,-96
11:33:15,0,-110,-94
11:33:15,12,-105,-111
11:33:15,12,-90,-122
11:33:15,20,-118,-112
11:33:16,-6,-105,-88
11:33:16,9,-104,-109
11:33:16,13,-97,-121
11:33:16,4,-96,-103
11:33:16,8,-98,-116
11:33:16,5,-109,-97
11:33:16,7,-113,-104
11:33:16,4,-116,-117
11:33:16,9,-90,-116
11:33:16,16,-104,-106
11:33:16,13,-107,-109
11:33:16,-8,-102,-116
11:33:16,4,-103,-114
11:33:16,-1,-99,-115
11:33:16,18,-96,-111
11:33:16,15,-99,-101
11:33:16,6,-102,-114
11:33:16,-4,-96,-116
11:33:16,14,-97,-107
11:33:16,15,-96,-106
11:33:17,18,-105,-117
11:33:17,-4,-95,-103
11:33:17,-1,-116,-102
11:33:17,2,-100,-115
11:33:17,5,-103,-102
11:33:17,6,-98,-117
11:33:17,-1,-94,-113
11:33:17,-8,-101,-93
11:33:17,9,-103,-93
11:33:17,14,-106,-108
11:33:17,12,-99,-125
11:33:17,12,-104,-106
11:33:17,0,-98,-110
11:33:17,-4,-102,-107
11:33:17,6,-112,-113
11:33:17,3,-96,-118
11:33:17,5,-105,-108
11:33:17,-1,-97,-104
11:33:17,3,-105,-102
11:33:17,0,-98,-108
11:33:18,7,-94,-103
11:33:18,17,-101,-100
11:33:18,5,-102,-96
11:33:18,2,-110,-97
11:33:18,-4,-94,-109
11:33:18,6,-103,-120
11:33:18,9,-91,-116
11:33:18,6,-97,-110
11:33:18,5,-108,-95
11:33:18,1,-109,-107
11:33:18,-5,-102,-95
11:33:18,8,-93,-108
11:33:18,0,-106,-110
11:33:18,11,-113,-117
11:33:18,-2,-94,-103
11:33:18,3,-109,-112
11:33:18,4,-100,-115
11:33:18,10,-93,-132
11:33:18,22,-107,-106
11:33:18,-7,-101,-104
11:33:19,5,-102,-99
11:33:19,4,-91,-120
11:33:19,25,-90,-115
11:33:19,12,-96,-122
11:33:19,10,-105,-97
11:33:19,7,-97,-106
11:33:19,1,-96,-111
11:33:19,7,-101,-126
11:33:19,-1,-88,-118
11:33:19,-1,-111,-103
11:33:19,-10,-99,-98
11:33:19,-6,-106,-113
11:33:19,7,-103,-122
11:33:19,4,-95,-114
11:33:19,-3,-94,-102
11:33:19,-6,-95,-117
11:33:19,-4,-97,-100
11:33:19,4,-107,-93
11:33:19,0,-92,-117
11:33:20,2,-111,-100
11:33:20,-3,-98,-112
11:33:20,4,-105,-112
11:33:20,3,-111,-102
11:33:20,12,-110,-112
11:33:20,1,-100,-112
11:33:20,-8,-98,-103
11:33:20,-11,-106,-95
11:33:20,5,-107,-105
11:33:20,13,-98,-108
11:33:20,-2,-94,-123
11:33:20,5,-107,-98
11:33:20,-8,-101,-121
11:33:20,5,-102,-95
11:33:20,5,-93,-115
11:33:20,9,-93,-110
11:33:20,10,-104,-130
11:33:20,5,-111,-125
11:33:20,-7,-105,-111
11:33:20,3,-101,-116
11:33:21,7,-105,-120
11:33:21,13,-115,-107
11:33:21,-9,-101,-103
11:33:21,-10,-103,-107
11:33:21,-1,-101,-101
11:33:21,12,-94,-117
11:33:21,3,-100,-109
11:33:21,-6,-96,-114
11:33:21,-13,-100,-95
11:33:21,1,-102,-118
11:33:21,2,-103,-115
11:33:21,1,-89,-120
11:33:21,-6,-99,-101
11:33:21,-7,-93,-95
11:33:21,9,-108,-112
11:33:21,2,-97,-110
11:33:21,-1,-89,-92
11:33:21,11,-102,-123
11:33:21,6,-104,-118
11:33:21,-5,-99,-113
11:33:22,-6,-102,-115
11:33:22,-5,-96,-109
11:33:22,2,-91,-123
11:33:22,9,-103,-117
11:33:22,7,-103,-120
11:33:22,10,-102,-104
11:33:22,9,-106,-113
11:33:22,3,-92,-95
11:33:22,13,-113,-113
11:33:22,-16,-81,-110
11:33:22,5,-99,-106
11:33:22,7,-104,-130
11:33:22,15,-94,-107
11:33:22,9,-98,-107
11:33:22,3,-112,-103
11:33:22,-6,-109,-97
11:33:22,13,-110,-99
11:33:22,5,-100,-112
11:33:22,20,-108,-106
11:33:22,2,-94,-104
11:33:23,5,-99,-95
11:33:23,18,-95,-119
11:33:23,4,-107,-109
11:33:23,23,-83,-122
11:33:23,9,-89,-116
11:33:23,5,-112,-119
11:33:23,0,-101,-107
11:33:23,12,-100,-101
11:33:23,3,-101,-114
11:33:23,15,-114,-128
11:33:23,-13,-99,-100
11:33:23,6,-105,-104
11:33:23,-1,-106,-109
11:33:23,6,-94,-125
11:33:23,3,-93,-113
11:33:23,-1,-102,-120
11:33:23,7,-109,-99
11:33:23,4,-91,-98
11:33:23,-6,-100,-104
11:33:24,15,-100,-108
11:33:24,5,-98,-94
11:33:24,-3,-113,-100
11:33:24,10,-91,-96
11:33:24,3,-90,-112
11:33:24,3,-99,-107
11:33:24,5,-91,-112
11:33:24,2,-115,-101
11:33:24,-3,-107,-95
11:33:24,-16,-90,-109
11:33:24,5,-99,-110
11:33:24,2,-85,-105
11:33:24,5,-108,-101
11:33:24,-8,-112,-117
11:33:24,3,-107,-103
11:33:24,6,-90,-118
11:33:24,3,-93,-109
11:33:24,-5,-94,-111
11:33:24,6,-98,-106
11:33:24,7,-108,-117
11:33:25,7,-100,-115
11:33:25,0,-87,-104
11:33:25,10,-112,-114
11:33:25,-3,-102,-107
11:33:25,-6,-109,-111
11:33:25,-1,-108,-106
11:33:25,-3,-93,-107
11:33:25,14,-94,-105
11:33:25,1,-105,-116
11:33:25,-4,-95,-102
11:33:25,-16,-91,-114
11:33:25,8,-95,-116
11:33:25,3,-96,-115
11:33:25,5,-101,-112
11:33:25,2,-111,-112
11:33:25,-6,-103,-103
11:33:25,1,-98,-113
11:33:25,10,-102,-120
11:33:25,3,-101,-118
11:33:25,-7,-96,-124
11:33:26,-12,-106,-108
11:33:26,0,-95,-86
11:33:26,8,-110,-114
11:33:26,16,-98,-109
11:33:26,-10,-104,-122
11:33:26,-7,-92,-110
11:33:26,-6,-98,-102
11:33:26,7,-103,-123
11:33:26,2,-87,-107
11:33:26,8,-107,-124
11:33:26,0,-91,-112
11:33:26,1,-106,-111
11:33:26,12,-104,-92
11:33:26,5,-101,-97
11:33:26,23,-103,-118
11:33:26,5,-103,-104
11:33:26,-3,-114,-98
11:33:26,0,-97,-109
11:33:26,5,-89,-125
11:33:27,14,-108,-124
11:33:27,-12,-101,-112
11:33:27,2,-104,-101
11:33:27,-6,-105,-118
11:33:27,3,-91,-123
11:33:27,9,-95,-103
11:33:27,5,-90,-115
11:33:27,6,-113,-114
11:33:27,2,-107,-123
11:33:27,1,-102,-92
11:33:27,6,-109,-104
11:33:27,5,-93,-111
11:33:27,13,-104,-115
11:33:27,-5,-93,-119
11:33:27,1,-110,-116
11:33:27,3,-87,-101
11:33:27,20,-106,-129
11:33:27,-4,-99,-115
11:33:27,-8,-109,-96
11:33:27,22,-112,-105
11:33:28,-8,-101,-98
11:33:28,10,-84,-119
11:33:28,-5,-105,-108
11:33:28,2,-112,-106
11:33:28,-3,-89,-110
11:33:28,1,-96,-120
11:33:28,21,-104,-112
11:33:28,5,-95,-95
11:33:28,-2,-92,-104
11:33:28,-3,-104,-113
11:33:28,-3,-95,-113
11:33:28,0,-98,-107
11:33:28,-1,-96,-119
11:33:28,20,-110,-114
11:33:28,0,-111,-107
11:33:28,5,-107,-113
11:33:28,5,-84,-110
11:33:28,9,-101,-135
11:33:28,19,-105,-118
11:33:28,1,-104,-116
11:33:29,11,-108,-99
11:33:29,-6,-93,-100
11:33:29,21,-97,-112
11:33:29,10,-98,-100
11:33:29,-1,-108,-99
11:33:29,5,-108,-97
11:33:29,6,-112,-118
11:33:29,7,-105,-109
11:33:29,14,-100,-116
11:33:29,-4,-115,-118
11:33:29,-5,-108,-116
11:33:29,3,-108,-108
11:33:29,10,-109,-115
11:33:29,2,-105,-116
11:33:29,11,-98,-111
11:33:29,8,-102,-115
11:33:29,-16,-99,-108
11:33:29,-1,-91,-92
11:33:29,6,-87,-128
11:33:29,6,-85,-126
11:33:30,0,-111,-99
11:33:30,7,-120,-102
11:33:30,-1,-104,-92
11:33:30,0,-102,-114
11:33:30,13,-98,-114
11:33:30,10,-107,-121
11:33:30,-10,-98,-97
11:33:30,5,-99,-96
11:33:30,11,-97,-111
11:33:30,25,-104,-103
11:33:30,1,-98,-120
11:33:30,-10,-107,-110
11:33:30,6,-106,-103
11:33:30,-8,-103,-130
11:33:30,20,-95,-117
11:33:30,5,-96,-97
11:33:30,2,-103,-102
11:33:30,0,-108,-112
11:33:30,-6,-105,-116
11:33:31,15,-102,-123
11:33:31,1,-90,-127
11:33:31,9,-109,-112
11:33:31,-13,-113,-109
11:33:31,-2,-98,-97
11:33:31,4,-96,-121
11:33:31,16,-103,-115
11:33:31,4,-107,-108
11:33:31,5,-111,-105
11:33:31,15,-103,-114
11:33:31,5,-101,-104
11:33:31,1,-97,-97
11:33:31,10,-95,-111
11:33:31,8,-123,-97
11:33:31,-6,-99,-113
11:33:31,5,-106,-119
11:33:31,10,-100,-125
11:33:31,7,-104,-110
11:33:31,8,-94,-109
11:33:31,-13,-104,-106
11:33:32,-9,-95,-113
11:33:32,8,-97,-98
11:33:32,-3,-102,-90
11:33:32,11,-108,-107
11:33:32,4,-104,-104
11:33:32,5,-92,-122
11:33:32,11,-108,-112
11:33:32,1,-92,-102
11:33:32,10,-84,-112
11:33:32,8,-120,-114
11:33:32,-13,-104,-111
11:33:32,4,-84,-105
11:33:32,6,-89,-86
11:33:32,16,-88,-121
11:33:32,4,-108,-118
11:33:32,0,-93,-104
11:33:32,9,-104,-102
11:33:32,16,-96,-106
11:33:32,14,-89,-121
11:33:32,2,-97,-109
11:33:33,-3,-109,-112
11:33:33,0,-102,-102
11:33:33,-2,-101,-119
11:33:33,12,-95,-131
11:33:33,13,-97,-112
11:33:33,-3,-108,-111
11:33:33,-1,-102,-108
11:33:33,0,-109,-110
11:33:33,9,-91,-120
11:33:33,13,-104,-114
11:33:33,2,-96,-101
11:33:33,-2,-94,-100
11:33:33,-5,-97,-100
11:33:33,3,-91,-101
11:33:33,18,-99,-117
11:33:33,14,-105,-109
11:33:33,0,-98,-107
11:33:33,16,-100,-90
11:33:33,7,-101,-108
11:33:33,14,-100,-119
11:33:34,13,-89,-98
11:33:34,8,-108,-101
11:33:34,16,-97,-101
11:33:34,7,-98,-107
11:33:34,16,-97,-112
11:33:34,14,-98,-116
11:33:34,-11,-113,-101
11:33:34,-2,-100,-119
11:33:34,15,-101,-101
11:33:34,-5,-89,-102
11:33:34,3,-95,-109
11:33:34,8,-116,-107
11:33:34,-11,-102,-115
11:33:34,-6,-91,-101
11:33:34,5,-100,-109
11:33:34,13,-107,-116
11:33:34,8,-95,-115
11:33:34,-2,-99,-106
11:33:34,2,-108,-105
11:33:35,1,-107,-110
11:33:35,10,-87,-107
11:33:35,-3,-95,-97
11:33:35,8,-106,-112
11:33:35,5,-91,-115
11:33:35,12,-109,-101
11:33:35,-8,-96,-107
11:33:35,10,-109,-112
11:33:35,-1,-102,-107
11:33:35,-5,-102,-111
11:33:35,-7,-98,-95
11:33:35,7,-110,-112
11:33:35,15,-110,-107
11:33:35,8,-92,-94
11:33:35,1,-99,-114
11:33:35,8,-111,-111
11:33:35,7,-96,-106
11:33:35,14,-89,-106
11:33:35,13,-101,-116
11:33:35,-2,-109,-101
11:33:36,-4,-101,-92
11:33:36,17,-114,-115
11:33:36,5,-85,-107
11:33:36,3,-98,-117
11:33:36,13,-97,-118
11:33:36,0,-116,-91
11:33:36,1,-112,-94
11:33:36,6,-88,-103
11:33:36,9,-98,-111
11:33:36,5,-87,-122
11:33:36,3,-94,-110
11:33:36,-9,-102,-101
11:33:36,9,-94,-121
11:33:36,-6,-101,-118
11:33:36,1,-102,-121
11:33:36,-7,-94,-117
11:33:36,-8,-116,-114
11:33:36,1,-110,-103
11:33:36,18,-102,-135
11:33:36,-1,-95,-113
11:33:37,-4,-95,-118
11:33:37,-8,-102,-109
11:33:37,-7,-108,-103
11:33:37,10,-101,-121
11:33:37,10,-99,-122
11:33:37,14,-107,-107
11:33:37,3,-92,-99
11:33:37,-5,-110,-107
11:33:37,-2,-105,-116
11:33:37,19,-92,-116
11:33:37,13,-85,-130
11:33:37,15,-114,-110
11:33:37,1,-102,-91
11:33:37,3,-104,-102
11:33:37,-2,-82,-111
11:33:37,13,-98,-106
11:33:37,13,-107,-119
11:33:37,3,-95,-114
11:33:37,-5,-92,-110
11:33:37,8,-99,-106
11:33:38,5,-85,-114
11:33:38,24,-101,-119
11:33:38,-15,-100,-102
11:33:38,1,-112,-112
11:33:38,4,-97,-113
11:33:38,10,-98,-106
11:33:38,15,-103,-131
11:33:38,4,-103,-112
11:33:38,-8,-102,-110
11:33:38,1,-106,-126
11:33:38,-6,-91,-128
11:33:38,11,-93,-112
11:33:38,-7,-95,-108
11:33:38,4,-112,-114
11:33:38,13,-93,-116
11:33:38,6,-95,-101
11:33:38,13,-91,-115
11:33:38,3,-98,-111
11:33:38,9,-102,-110
11:33:39,2,-105,-112
11:33:39,3,-89,-110
11:33:39,5,-102,-121
11:33:39,14,-95,-111
11:33:39,-6,-99,-111
11:33:39,-6,-108,-108
11:33:39,4,-108,-110
11:33:39,-1,-94,-118
11:33:39,10,-96,-115
11:33:39,11,-117,-96
11:33:39,3,-91,-123
11:33:39,1,-104,-104
11:33:39,11,-103,-122
11:33:39,9,-95,-113
11:33:39,17,-105,-105
11:33:39,2,-99,-96
11:33:39,3,-101,-118
11:33:39,5,-97,-107
11:33:39,17,-92,-107
11:33:39,25,-105,-110
11:33:40,2,-110,-99
11:33:40,2,-99,-92
11:33:40,-8,-91,-101
11:33:40,1,-94,-106
11:33:40,12,-95,-126
11:33:40,-6,-97,-110
11:33:40,-1,-115,-125
11:33:40,-10,-106,-117
11:33:40,-2,-99,-116
11:33:40,-4,-92,-123
11:33:40,-9,-107,-112
11:33:40,-10,-100,-110
11:33:40,-6,-94,-102
11:33:40,-4,-88,-124
11:33:40,-6,-86,-113
11:33:40,15,-111,-119
11:33:40,-6,-108,-120
11:33:40,-3,-114,-115
11:33:40,-1,-97,-116
11:33:40,0,-89,-122
11:33:41,14,-101,-100
11:33:41,-6,-94,-100
11:33:41,-7,-104,-120
11:33:41,2,-99,-92
11:33:41,-1,-85,-110
11:33:41,15,-91,-95
11:33:41,15,-99,-114
11:33:41,-4,-105,-121
11:33:41,-7,-101,-90
11:33:41,12,-103,-110
11:33:41,4,-99,-133
11:33:41,16,-90,-107
11:33:41,0,-107,-114
11:33:41,-9,-106,-102
11:33:41,3,-106,-108
11:33:41,2,-102,-108
11:33:41,12,-102,-114
11:33:41,-1,-94,-106
11:33:41,-18,-104,-117
11:33:42,2,-104,-95
11:33:42,9,-105,-121
11:33:42,3,-91,-102
11:33:42,1,-105,-101
11:33:42,-12,-89,-99
11:33:42,2,-108,-101
11:33:42,14,-106,-119
11:33:42,-3,-82,-116
11:33:42,-1,-99,-115
11:33:42,1,-106,-102
11:33:42,-8,-108,-94
11:33:42,-7,-105,-97
11:33:42,0,-97,-104
11:33:42,12,-93,-122
11:33:42,0,-96,-109
11:33:42,-4,-102,-102
11:33:42,8,-113,-97
11:33:42,0,-96,-114
11:33:42,9,-101,-115
11:33:42,12,-102,-112
11:33:43,-11,-93,-107
11:33:43,-2,-106,-91
11:33:43,-4,-102,-101
11:33:43,9,-104,-119
11:33:43,9,-93,-120
11:33:43,-2,-103,-109
11:33:43,-10,-107,-121
11:33:43,-12,-99,-104
11:33:43,-1,-92,-122
11:33:43,3,-93,-103
11:33:43,-5,-111,-113
11:33:43,-1,-92,-104
11:33:43,4,-107,-109
11:33:43,3,-99,-85
11:33:43,21,-99,-114
11:33:43,9,-104,-86
11:33:43,1,-104,-101
11:33:43,-6,-88,-114
11:33:43,2,-98,-117
11:33:43,16,-101,-96
11:33:44,7,-99,-120
11:33:44,-2,-108,-108
11:33:44,-6,-100,-94
11:33:44,10,-104,-115
11:33:44,6,-93,-120
11:33:44,13,-102,-114
11:33:44,-3,-99,-112
11:33:44,-5,-102,-103
11:33:44,-4,-109,-111
11:33:44,13,-104,-111
11:33:44,3,-94,-102
11:33:44,6,-108,-115
11:33:44,4,-94,-111
11:33:44,-6,-118,-98
11:33:44,8,-95,-102
11:33:44,0,-69,-109
11:33:44,7,-91,-111
11:33:44,-3,-102,-99
11:33:44,1,-104,-96
11:33:44,-9,-102,-108
11:33:45,8,-101,-133
11:33:45,20,-98,-114
11:33:45,0,-96,-110
11:33:45,-5,-110,-110
11:33:45,-8,-106,-102
11:33:45,-7,-98,-115
11:33:45,18,-99,-117
11:33:45,1,-105,-108
11:33:45,3,-108,-102
11:33:45,-14,-94,-114
11:33:45,6,-95,-108
11:33:45,16,-103,-117
11:33:45,1,-104,-116
11:33:45,0,-103,-123
11:33:45,-5,-108,-105
11:33:45,2,-98,-122
11:33:45,6,-86,-113
11:33:45,14,-102,-114
11:33:45,0,-96,-119
11:33:46,-13,-109,-99
11:33:46,4,-95,-119
11:33:46,3,-99,-111
11:33:46,12,-95,-119
11:33:46,-4,-95,-128
11:33:46,-5,-93,-125
11:33:46,11,-114,-116
11:33:46,-5,-101,-105
11:33:46,-1,-100,-103
11:33:46,-4,-93,-116
11:33:46,-11,-96,-109
11:33:46,-3,-116,-110
11:33:46,2,-105,-95
11:33:46,1,-99,-132
11:33:46,10,-97,-119
11:33:46,8,-102,-113
11:33:46,-12,-103,-121
11:33:46,6,-94,-115
11:33:46,-8,-88,-116
11:33:46,6,-94,-117
11:33:47,7,-94,-115
11:33:47,-8,-99,-98
11:33:47,1,-109,-112
11:33:47,6,-84,-108
11:33:47,6,-101,-99
11:33:47,13,-98,-117
11:33:47,5,-100,-97
11:33:47,5,-95,-108
11:33:47,14,-95,-112
11:33:47,-9,-89,-111
11:33:47,13,-108,-122
11:33:47,5,-110,-110
11:33:47,5,-99,-109
11:33:47,1,-107,-121
11:33:47,17,-100,-104
11:33:47,8,-93,-120
11:33:47,21,-115,-93
11:33:47,0,-107,-101
11:33:47,2,-99,-103
11:33:47,7,-93,-110
11:33:48,12,-90,-111
11:33:48,7,-94,-106
11:33:48,-3,-103,-110
11:33:48,4,-120,-103
11:33:48,3,-100,-114
11:33:48,7,-87,-122
11:33:48,10,-88,-118
11:33:48,4,-97,-118
11:33:48,-11,-91,-97
11:33:48,3,-108,-119
11:33:48,5,-85,-107
11:33:48,1,-100,-115
11:33:48,-2,-90,-117
11:33:48,2,-99,-102
11:33:48,-7,-110,-115
11:33:48,-12,-101,-117
11:33:48,6,-113,-128
11:33:48,15,-108,-108
11:33:48,3,-95,-105
11:33:48,-11,-105,-111
11:33:49,-6,-96,-106
11:33:49,-6,-90,-107
11:33:49,6,-97,-119
11:33:49,5,-97,-122
11:33:49,-7,-100,-117
11:33:49,0,-104,-112
11:33:49,-1,-89,-109
11:33:49,7,-84,-119
11:33:49,9,-96,-106
11:33:49,-1,-93,-102
11:33:49,8,-97,-100
11:33:49,-12,-99,-111
11:33:49,10,-86,-114
11:33:49,1,-91,-105
11:33:49,4,-100,-110
11:33:49,-11,-99,-104
11:33:49,0,-100,-104
11:33:49,9,-104,-122
11:33:49,4,-95,-121
11:33:50,2,-103,-113
11:33:50,-5,-106,-122
11:33:50,9,-111,-125
11:33:50,-1,-113,-121
11:33:50,12,-104,-130
11:33:50,-1,-100,-118
11:33:50,-3,-107,-105
11:33:50,-5,-95,-97
11:33:50,-10,-97,-103
11:33:50,8,-92,-125
11:33:50,0,-91,-123
11:33:50,-8,-95,-117
11:33:50,-3,-116,-102
11:33:50,3,-89,-116
11:33:50,12,-94,-105
11:33:50,12,-91,-113
11:33:50,-10,-101,-102
11:33:50,2,-110,-98
11:33:50,4,-108,-101
11:33:50,7,-87,-121
11:33:51,5,-98,-125
11:33:51,15,-105,-115
11:33:51,-2,-97,-124
11:33:51,3,-101,-108
11:33:51,-8,-90,-100
11:33:51,5,-88,-119
11:33:51,19,-103,-115
11:33:51,-2,-108,-118
11:33:51,1,-112,-115
11:33:51,-5,-104,-122
11:33:51,-3,-99,-115
11:33:51,20,-107,-116
11:33:51,6,-98,-113
11:33:51,-6,-109,-109
11:33:51,-7,-87,-114
11:33:51,5,-93,-101
11:33:51,10,-84,-118
11:33:51,-1,-98,-98
11:33:51,0,-95,-92
11:33:51,-2,-99,-117
11:33:52,6,-101,-104
11:33:52,16,-97,-97
11:33:52,1,-106,-109
11:33:52,3,-103,-103
11:33:52,-16,-105,-115
11:33:52,5,-104,-124
11:33:52,-3,-99,-112
11:33:52,12,-110,-120
11:33:52,7,-93,-127
11:33:52,4,-105,-92
11:33:52,1,-105,-114
11:33:52,4,-94,-110
11:33:52,18,-105,-121
11:33:52,-7,-97,-118
11:33:52,9,-116,-107
11:33:52,-5,-103,-106
11:33:52,3,-96,-116
11:33:52,16,-92,-107
11:33:52,-10,-96,-131
11:33:52,3,-102,-111
11:33:53,1,-105,-112
11:33:53,14,-95,-111
11:33:53,1,-105,-106
11:33:53,14,-86,-105
11:33:53,8,-99,-96
11:33:53,-5,-111,-116
11:33:53,11,-102,-112
11:33:53,2,-102,-112
11:33:53,17,-100,-120
11:33:53,5,-97,-109
11:33:53,9,-101,-108
11:33:53,3,-112,-116
11:33:53,5,-104,-117
11:33:53,18,-108,-110
11:33:53,21,-99,-113
11:33:53,0,-102,-110
11:33:53,0,-116,-114
11:33:53,8,-98,-102
11:33:53,14,-95,-108
11:33:54,16,-91,-104
11:33:54,4,-101,-107
11:33:54,0,-101,-107
11:33:54,6,-102,-123
11:33:54,9,-98,-129
11:33:54,7,-90,-104
11:33:54,0,-104,-100
11:33:54,1,-106,-104
11:33:54,-9,-94,-100
11:33:54,12,-102,-99
11:33:54,14,-99,-114
11:33:54,13,-109,-111
11:33:54,-2,-85,-106
11:33:54,-3,-114,-95
11:33:54,5,-112,-118
11:33:54,8,-105,-111
11:33:54,12,-94,-111
11:33:54,5,-99,-103
11:33:54,-5,-102,-113
11:33:54,-6,-99,-99
11:33:55,1,-102,-119
11:33:55,15,-100,-111
11:33:55,-1,-100,-118
11:33:55,10,-99,-113
11:33:55,3,-97,-101
11:33:55,2,-107,-112
11:33:55,19,-100,-119
11:33:55,9,-103,-116
11:33:55,3,-112,-99
11:33:55,3,-104,-114
