11:39:00,4,-99,-113
11:39:00,8,-96,-114
11:39:00,6,-86,-109
11:39:00,8,-95,-112
11:39:00,7,-103,-100
11:39:00,2,-97,-98
11:39:00,9,-102,-110
11:39:00,6,-91,-110
11:39:00,4,-93,-120
11:39:00,9,-98,-111
11:39:00,3,-105,-113
11:39:00,6,-99,-124
11:39:00,8,-114,-110
11:39:00,2,-93,-105
11:39:00,2,-112,-104
11:39:00,4,-98,-112
11:39:00,6,-108,-129
11:39:00,8,-107,-108
11:39:00,-3,-96,-115
11:39:00,6,-95,-115
11:39:01,9,-102,-117
11:39:01,8,-96,-113
11:39:01,3,-101,-119
11:39:01,3,-99,-111
11:39:01,-1,-92,-116
11:39:01,6,-95,-101
11:39:01,5,-101,-101
11:39:01,8,-89,-112
11:39:01,10,-98,-107
11:39:01,9,-93,-116
11:39:01,9,-98,-100
11:39:01,5,-90,-124
11:39:01,5,-94,-111
11:39:01,0,-97,-115
11:39:01,3,-109,-103
11:39:01,5,-109,-129
11:39:01,11,-108,-118
11:39:01,2,-103,-111
11:39:01,8,-104,-102
11:39:01,4,-106,-111
11:39:02,2,-106,-103
11:39:02,4,-96,-118
11:39:02,5,-106,-116
11:39:02,7,-101,-113
11:39:02,9,-103,-111
11:39:02,12,-98,-108
11:39:02,4,-99,-118
11:39:02,3,-98,-113
11:39:02,6,-99,-102
11:39:02,10,-100,-111
11:39:02,12,-102,-101
11:39:02,8,-101,-110
11:39:02,4,-94,-112
11:39:02,1,-94,-117
11:39:02,4,-93,-113
11:39:02,5,-98,-125
11:39:02,1,-101,-121
11:39:02,-2,-97,-124
11:39:02,4,-107,-113
11:39:03,5,-96,-113
11:39:03,1,-94,-122
11:39:03,6,-98,-99
11:39:03,-1,-100,-113
11:39:03,9,-101,-107
11:39:03,-3,-102,-123
11:39:03,6,-98,-110
11:39:03,11,-110,-108
11:39:03,3,-94,-100
11:39:03,1,-93,-114
11:39:03,10,-99,-103
11:39:03,4,-97,-108
11:39:03,6,-94,-100
11:39:03,11,-86,-112
11:39:03,10,-101,-113
11:39:03,5,-91,-108
11:39:03,9,-104,-114
11:39:03,8,-96,-114
11:39:03,2,-99,-106
11:39:03,0,-101,-105
11:39:04,1,-101,-114
11:39:04,4,-108,-118
11:39:04,5,-96,-120
11:39:04,6,-105,-106
11:39:04,8,-96,-122
11:39:04,1,-91,-123
11:39:04,11,-107,-116
11:39:04,0,-92,-111
11:39:04,9,-109,-103
11:39:04,2,-103,-114
11:39:04,1,-100,-123
11:39:04,-6,-93,-104
11:39:04,-1,-100,-120
11:39:04,2,-98,-106
11:39:04,4,-101,-110
11:39:04,9,-101,-98
11:39:04,8,-96,-111
11:39:04,3,-89,-109
11:39:04,10,-96,-106
11:39:04,7,-109,-108
11:39:05,6,-103,-94
11:39:05,6,-99,-112
11:39:05,4,-106,-117
11:39:05,4,-101,-117
11:39:05,2,-103,-121
11:39:05,-1,-99,-110
11:39:05,1,-104,-115
11:39:05,-2,-98,-112
11:39:05,3,-98,-97
11:39:05,4,-96,-124
11:39:05,0,-108,-101
11:39:05,1,-100,-109
11:39:05,12,-115,-119
11:39:05,5,-92,-105
11:39:05,4,-90,-113
11:39:05,8,-99,-120
11:39:05,6,-96,-106
11:39:05,0,-99,-106
11:39:05,10,-91,-114
11:39:05,8,-100,-112
11:39:06,3,-94,-110
11:39:06,2,-99,-115
11:39:06,6,-97,-106
11:39:06,-6,-99,-107
11:39:06,5,-106,-112
11:39:06,0,-101,-105
11:39:06,6,-104,-121
11:39:06,1,-101,-110
11:39:06,3,-109,-114
11:39:06,2,-98,-115
11:39:06,3,-102,-103
11:39:06,9,-97,-106
11:39:06,6,-101,-123
11:39:06,3,-94,-115
11:39:06,1,-97,-117
11:39:06,2,-95,-110
11:39:06,4,-99,-116
11:39:06,6,-97,-104
11:39:06,9,-90,-106
11:39:07,11,-94,-107
11:39:07,8,-99,-106
11:39:07,11,-101,-124
11:39:07,4,-99,-103
11:39:07,8,-95,-101
11:39:07,1,-96,-104
11:39:07,10,-95,-112
11:39:07,0,-107,-102
11:39:07,4,-105,-101
11:39:07,-2,-97,-116
11:39:07,1,-100,-118
11:39:07,7,-102,-113
11:39:07,6,-103,-108
11:39:07,-1,-96,-111
11:39:07,7,-105,-114
11:39:07,10,-101,-121
11:39:07,1,-104,-108
11:39:07,12,-99,-102
11:39:07,5,-89,-119
11:39:07,3,-106,-113
11:39:08,0,-101,-119
11:39:08,5,-97,-120
11:39:08,10,-109,-108
11:39:08,6,-98,-102
11:39:08,10,-99,-115
11:39:08,4,-92,-120
11:39:08,3,-101,-103
11:39:08,3,-101,-104
11:39:08,14,-94,-119
11:39:08,0,-106,-117
11:39:08,1,-92,-110
11:39:08,1,-100,-123
11:39:08,-1,-99,-119
11:39:08,4,-110,-114
11:39:08,0,-93,-105
11:39:08,2,-112,-110
11:39:08,8,-86,-120
11:39:08,7,-103,-113
11:39:08,6,-107,-105
11:39:08,3,-97,-106
11:39:09,10,-99,-111
11:39:09,3,-100,-114
11:39:09,8,-94,-109
11:39:09,9,-96,-109
11:39:09,9,-92,-104
11:39:09,5,-102,-105
11:39:09,10,-105,-101
11:39:09,10,-101,-109
11:39:09,6,-101,-105
11:39:09,7,-100,-110
11:39:09,8,-101,-125
11:39:09,3,-99,-110
11:39:09,8,-102,-112
11:39:09,5,-110,-113
11:39:09,4,-97,-115
11:39:09,6,-103,-115
11:39:09,0,-108,-111
11:39:09,4,-108,-117
11:39:09,10,-100,-109
11:39:09,6,-100,-125
11:39:10,1,-102,-111
11:39:10,2,-106,-107
11:39:10,13,-100,-111
11:39:10,11,-94,-103
11:39:10,2,-96,-89
11:39:10,4,-97,-111
11:39:10,9,-99,-116
11:39:10,9,-94,-107
11:39:10,8,-104,-95
11:39:10,15,-96,-96
11:39:10,8,-96,-103
11:39:10,10,-97,-120
11:39:10,6,-97,-116
11:39:10,0,-97,-114
11:39:10,5,-101,-113
11:39:10,5,-100,-118
11:39:10,7,-99,-110
11:39:10,4,-101,-109
11:39:10,4,-112,-118
11:39:11,-2,-94,-107
11:39:11,4,-100,-111
11:39:11,8,-103,-123
11:39:11,10,-91,-108
11:39:11,8,-103,-119
11:39:11,5,-94,-112
11:39:11,6,-105,-110
11:39:11,0,-94,-103
11:39:11,3,-92,-106
11:39:11,3,-100,-100
11:39:11,8,-100,-111
11:39:11,3,-108,-113
11:39:11,4,-95,-111
11:39:11,5,-98,-109
11:39:11,8,-95,-105
11:39:11,2,-101,-118
11:39:11,3,-105,-104
11:39:11,4,-97,-116
11:39:11,5,-103,-110
11:39:11,-2,-104,-116
11:39:12,7,-97,-112
11:39:12,4,-95,-106
11:39:12,5,-104,-96
11:39:12,11,-92,-111
11:39:12,4,-87,-121
11:39:12,-1,-100,-114
11:39:12,0,-100,-105
11:39:12,4,-97,-101
11:39:12,4,-94,-115
11:39:12,1,-98,-114
11:39:12,6,-103,-114
11:39:12,3,-95,-93
11:39:12,10,-104,-106
11:39:12,8,-98,-110
11:39:12,8,-110,-106
11:39:12,8,-111,-103
11:39:12,10,-101,-118
11:39:12,4,-101,-114
11:39:12,3,-96,-114
11:39:12,3,-96,-112
11:39:13,2,-100,-114
11:39:13,6,-101,-104
11:39:13,9,-98,-110
11:39:13,4,-103,-103
11:39:13,1,-111,-100
11:39:13,4,-95,-120
11:39:13,7,-100,-101
11:39:13,2,-102,-123
11:39:13,-5,-99,-114
11:39:13,9,-109,-108
11:39:13,7,-103,-113
11:39:13,11,-108,-108
11:39:13,1,-96,-108
11:39:13,4,-100,-102
11:39:13,6,-87,-99
11:39:13,13,-105,-102
11:39:13,4,-90,-99
11:39:13,1,-94,-111
11:39:13,7,-100,-100
11:39:13,4,-95,-117
11:39:14,6,-102,-114
11:39:14,9,-104,-102
11:39:14,-3,-97,-111
11:39:14,0,-101,-112
11:39:14,4,-102,-115
11:39:14,12,-99,-97
11:39:14,-1,-105,-111
11:39:14,-2,-96,-119
11:39:14,3,-106,-122
11:39:14,13,-118,-115
11:39:14,7,-108,-104
11:39:14,-5,-100,-107
11:39:14,0,-100,-106
11:39:14,10,-99,-108
11:39:14,10,-102,-115
11:39:14,4,-102,-109
11:39:14,7,-103,-115
11:39:14,9,-102,-105
11:39:14,7,-94,-101
11:39:15,12,-111,-106
11:39:15,6,-102,-102
11:39:15,4,-104,-114
11:39:15,8,-99,-110
11:39:15,3,-106,-109
11:39:15,5,-99,-120
11:39:15,1,-109,-108
11:39:15,3,-98,-105
11:39:15,9,-105,-103
11:39:15,3,-100,-94
11:39:15,3,-104,-122
11:39:15,5,-96,-112
11:39:15,-2,-97,-118
11:39:15,1,-102,-118
11:39:15,9,-107,-104
11:39:15,0,-100,-110
11:39:15,5,-101,-112
11:39:15,5,-96,-105
11:39:15,3,-96,-100
11:39:15,5,-104,-115
11:39:16,10,-104,-106
11:39:16,4,-89,-107
11:39:16,7,-106,-110
11:39:16,11,-95,-104
11:39:16,9,-100,-114
11:39:16,6,-102,-117
11:39:16,5,-100,-106
11:39:16,-1,-103,-109
11:39:16,10,-97,-110
11:39:16,7,-101,-105
11:39:16,4,-99,-127
11:39:16,1,-96,-127
11:39:16,6,-97,-116
11:39:16,4,-105,-124
11:39:16,4,-101,-111
11:39:16,7,-113,-116
11:39:16,4,-110,-100
11:39:16,7,-102,-109
11:39:16,8,-113,-110
11:39:16,4,-101,-112
11:39:17,4,-101,-110
11:39:17,9,-95,-115
11:39:17,9,-108,-95
11:39:17,4,-105,-106
11:39:17,6,-102,-113
11:39:17,4,-99,-114
11:39:17,0,-95,-103
11:39:17,2,-98,-104
11:39:17,5,-89,-112
11:39:17,-2,-98,-106
11:39:17,9,-99,-114
11:39:17,7,-101,-116
11:39:17,2,-110,-108
11:39:17,9,-99,-112
11:39:17,-2,-102,-109
11:39:17,6,-100,-111
11:39:17,-1,-92,-110
11:39:17,1,-103,-113
11:39:17,6,-104,-117
11:39:18,-2,-96,-114
11:39:18,1,-93,-114
11:39:18,2,-97,-110
11:39:18,7,-104,-112
11:39:18,2,-102,-95
11:39:18,8,-84,-107
11:39:18,0,-106,-111
11:39:18,8,-108,-126
11:39:18,6,-96,-108
11:39:18,7,-95,-108
11:39:18,3,-96,-109
11:39:18,8,-109,-116
11:39:18,3,-104,-115
11:39:18,2,-110,-126
11:39:18,0,-92,-115
11:39:18,6,-101,-122
11:39:18,5,-101,-112
11:39:18,12,-100,-102
11:39:18,0,-99,-122
11:39:18,2,-99,-104
11:39:19,6,-100,-111
11:39:19,8,-106,-104
11:39:19,4,-101,-113
11:39:19,3,-95,-113
11:39:19,11,-107,-103
11:39:19,10,-101,-115
11:39:19,5,-100,-107
11:39:19,8,-89,-109
11:39:19,5,-108,-108
11:39:19,7,-100,-115
11:39:19,7,-97,-124
11:39:19,3,-98,-111
11:39:19,-2,-98,-119
11:39:19,3,-106,-123
11:39:19,5,-103,-107
11:39:19,3,-113,-112
11:39:19,4,-103,-120
11:39:19,4,-104,-103
11:39:19,7,-104,-118
11:39:19,-3,-97,-122
11:39:20,6,-100,-121
11:39:20,-1,-90,-113
11:39:20,12,-104,-118
11:39:20,6,-98,-105
11:39:20,6,-96,-117
11:39:20,7,-101,-113
11:39:20,7,-98,-108
11:39:20,11,-101,-100
11:39:20,12,-101,-111
11:39:20,8,-89,-118
11:39:20,2,-84,-112
11:39:20,8,-108,-109
11:39:20,6,-99,-118
11:39:20,8,-106,-122
11:39:20,3,-100,-111
11:39:20,2,-93,-109
11:39:20,3,-97,-102
11:39:20,4,-105,-107
11:39:20,8,-106,-111
11:39:20,8,-107,-103
11:39:21,5,-104,-119
11:39:21,12,-101,-120
11:39:21,9,-97,-116
11:39:21,14,-101,-107
11:39:21,4,-104,-121
11:39:21,6,-97,-114
11:39:21,8,-96,-107
11:39:21,9,-97,-113
11:39:21,3,-101,-107
11:39:21,13,-93,-97
11:39:21,7,-103,-111
11:39:21,2,-86,-109
11:39:21,8,-102,-100
11:39:21,10,-102,-107
11:39:21,-5,-103,-115
11:39:21,4,-95,-112
11:39:21,6,-101,-109
11:39:21,-1,-104,-117
11:39:21,4,-107,-113
11:39:22,7,-109,-113
11:39:22,0,-94,-112
11:39:22,5,-96,-103
11:39:22,8,-106,-111
11:39:22,8,-108,-111
11:39:22,-1,-99,-106
11:39:22,7,-104,-104
11:39:22,7,-92,-118
11:39:22,4,-101,-110
11:39:22,8,-103,-116
11:39:22,3,-108,-105
11:39:22,4,-99,-114
11:39:22,7,-102,-109
11:39:22,2,-96,-99
11:39:22,6,-96,-111
11:39:22,2,-100,-106
11:39:22,9,-89,-99
11:39:22,6,-100,-115
11:39:22,4,-96,-109
11:39:22,13,-101,-114
11:39:23,10,-106,-127
11:39:23,6,-98,-119
11:39:23,5,-103,-121
11:39:23,1,-97,-116
11:39:23,-1,-96,-117
11:39:23,7,-104,-114
11:39:23,-1,-95,-115
11:39:23,0,-97,-122
11:39:23,3,-98,-105
11:39:23,7,-102,-102
11:39:23,3,-102,-119
11:39:23,2,-97,-107
11:39:23,8,-97,-109
11:39:23,6,-102,-113
11:39:23,8,-100,-112
11:39:23,4,-94,-99
11:39:23,8,-101,-102
11:39:23,8,-97,-117
11:39:23,-1,-96,-112
11:39:23,10,-105,-97
11:39:24,3,-96,-109
11:39:24,5,-97,-102
11:39:24,9,-95,-108
11:39:24,7,-105,-127
11:39:24,5,-97,-104
11:39:24,-1,-101,-108
11:39:24,4,-97,-117
11:39:24,4,-100,-102
11:39:24,0,-102,-118
11:39:24,3,-101,-103
11:39:24,5,-95,-126
11:39:24,8,-102,-111
11:39:24,-1,-99,-107
11:39:24,5,-101,-106
11:39:24,5,-106,-117
11:39:24,1,-102,-105
11:39:24,-1,-95,-114
11:39:24,6,-98,-110
11:39:24,10,-96,-104
11:39:24,8,-97,-113
11:39:25,10,-98,-111
11:39:25,3,-101,-98
11:39:25,7,-95,-104
11:39:25,3,-105,-117
11:39:25,12,-93,-105
11:39:25,-3,-99,-112
11:39:25,3,-97,-111
11:39:25,14,-108,-113
11:39:25,2,-101,-106
11:39:25,0,-91,-110
11:39:25,3,-99,-110
11:39:25,1,-102,-99
11:39:25,3,-99,-114
11:39:25,2,-103,-112
11:39:25,10,-103,-108
11:39:25,2,-99,-115
11:39:25,8,-97,-118
11:39:25,10,-102,-105
11:39:25,4,-104,-105
11:39:26,10,-102,-98
11:39:26,12,-96,-113
11:39:26,5,-96,-102
11:39:26,1,-91,-102
11:39:26,2,-92,-107
11:39:26,7,-100,-109
11:39:26,7,-101,-102
11:39:26,6,-98,-110
11:39:26,3,-89,-115
11:39:26,6,-99,-103
11:39:26,5,-108,-116
11:39:26,5,-94,-113
11:39:26,6,-108,-113
11:39:26,7,-90,-108
11:39:26,4,-90,-132
11:39:26,11,-102,-119
11:39:26,3,-96,-112
11:39:26,14,-99,-101
11:39:26,12,-102,-105
11:39:26,-1,-98,-113
11:39:27,1,-94,-107
11:39:27,6,-105,-120
11:39:27,4,-109,-102
11:39:27,5,-96,-102
11:39:27,0,-95,-104
11:39:27,11,-103,-114
11:39:27,8,-95,-109
11:39:27,6,-96,-103
11:39:27,9,-100,-112
11:39:27,7,-95,-108
11:39:27,6,-102,-118
11:39:27,10,-103,-119
11:39:27,8,-103,-117
11:39:27,6,-98,-113
11:39:27,2,-100,-112
11:39:27,-4,-100,-120
11:39:27,2,-96,-112
11:39:27,6,-97,-119
11:39:27,5,-96,-110
11:39:27,7,-100,-115
11:39:28,-1,-99,-118
11:39:28,7,-101,-106
11:39:28,13,-103,-117
11:39:28,3,-93,-115
11:39:28,4,-108,-105
11:39:28,1,-106,-110
11:39:28,7,-97,-111
11:39:28,4,-108,-111
11:39:28,2,-95,-108
11:39:28,6,-97,-116
11:39:28,1,-93,-104
11:39:28,9,-97,-113
11:39:28,4,-109,-115
11:39:28,2,-92,-113
11:39:28,2,-92,-111
11:39:28,4,-111,-112
11:39:28,9,-98,-107
11:39:28,9,-94,-110
11:39:28,7,-89,-101
11:39:28,5,-89,-106
11:39:29,11,-105,-103
11:39:29,4,-103,-119
11:39:29,9,-97,-101
11:39:29,8,-98,-115
11:39:29,4,-97,-120
11:39:29,6,-102,-105
11:39:29,3,-102,-112
11:39:29,1,-101,-116
11:39:29,1,-100,-107
11:39:29,14,-99,-97
11:39:29,11,-98,-108
11:39:29,4,-98,-117
11:39:29,7,-91,-100
11:39:29,6,-104,-117
11:39:29,3,-101,-105
11:39:29,7,-107,-111
11:39:29,5,-105,-124
11:39:29,-1,-98,-117
11:39:29,3,-105,-118
11:39:30,3,-93,-114
11:39:30,10,-115,-99
11:39:30,4,-102,-127
11:39:30,2,-101,-123
11:39:30,3,-98,-107
11:39:30,3,-94,-106
11:39:30,-3,-104,-115
11:39:30,5,-95,-110
11:39:30,5,-104,-104
11:39:30,7,-104,-108
11:39:30,1,-91,-116
11:39:30,13,-93,-106
11:39:30,4,-97,-107
11:39:30,8,-96,-100
11:39:30,4,-103,-111
11:39:30,0,-88,-116
11:39:30,5,-97,-121
11:39:30,4,-105,-110
11:39:30,4,-100,-113
11:39:30,3,-101,-113
11:39:31,7,-107,-106
11:39:31,1,-94,-106
11:39:31,6,-103,-96
11:39:31,8,-100,-118
11:39:31,8,-101,-111
11:39:31,6,-103,-117
11:39:31,-1,-101,-115
11:39:31,6,-100,-109
11:39:31,7,-104,-121
11:39:31,4,-97,-103
11:39:31,3,-98,-103
11:39:31,1,-91,-109
11:39:31,5,-97,-116
11:39:31,7,-105,-112
11:39:31,4,-94,-121
11:39:31,-1,-92,-110
11:39:31,7,-100,-114
11:39:31,2,-105,-107
11:39:31,5,-106,-105
11:39:31,5,-101,-115
11:39:32,7,-107,-123
11:39:32,5,-99,-117
11:39:32,-1,-87,-112
11:39:32,4,-107,-114
11:39:32,4,-108,-115
11:39:32,6,-96,-118
11:39:32,1,-100,-107
11:39:32,4,-88,-113
11:39:32,1,-99,-109
11:39:32,-1,-101,-112
11:39:32,-2,-91,-115
11:39:32,4,-104,-124
11:39:32,-4,-104,-126
11:39:32,-3,-99,-120
11:39:32,9,-103,-114
11:39:32,8,-102,-99
11:39:32,9,-99,-110
11:39:32,7,-92,-108
11:39:32,4,-91,-105
11:39:32,7,-103,-109
11:39:33,11,-98,-101
11:39:33,5,-98,-111
11:39:33,5,-100,-100
11:39:33,7,-106,-112
11:39:33,-2,-102,-114
11:39:33,1,-103,-127
11:39:33,5,-97,-124
11:39:33,10,-102,-119
11:39:33,2,-98,-95
11:39:33,4,-93,-124
11:39:33,3,-105,-112
11:39:33,8,-108,-111
11:39:33,8,-103,-108
11:39:33,3,-98,-113
11:39:33,7,-101,-115
11:39:33,4,-101,-115
11:39:33,5,-106,-107
11:39:33,4,-99,-110
11:39:33,5,-95,-111
11:39:34,2,-97,-108
11:39:34,0,-100,-100
11:39:34,11,-94,-113
11:39:34,0,-99,-116
11:39:34,0,-98,-107
11:39:34,3,-100,-117
11:39:34,7,-96,-105
11:39:34,6,-102,-110
11:39:34,8,-103,-120
11:39:34,4,-102,-113
11:39:34,5,-99,-117
11:39:34,2,-97,-111
11:39:34,9,-101,-113
11:39:34,9,-100,-118
11:39:34,2,-103,-114
11:39:34,-2,-99,-109
11:39:34,10,-100,-116
11:39:34,13,-107,-105
11:39:34,1,-100,-113
11:39:34,2,-95,-109
11:39:35,1,-94,-110
11:39:35,3,-98,-116
11:39:35,7,-101,-103
11:39:35,2,-97,-105
11:39:35,12,-104,-109
11:39:35,5,-97,-108
11:39:35,9,-99,-115
11:39:35,3,-96,-119
11:39:35,3,-91,-110
11:39:35,7,-109,-116
11:39:35,0,-106,-112
11:39:35,6,-104,-111
11:39:35,2,-101,-101
11:39:35,4,-108,-112
11:39:35,4,-94,-115
11:39:35,9,-97,-112
11:39:35,3,-102,-99
11:39:35,7,-98,-117
11:39:35,9,-102,-111
11:39:35,7,-106,-108
11:39:36,0,-103,-116
11:39:36,0,-93,-104
11:39:36,2,-90,-109
11:39:36,5,-99,-114
11:39:36,5,-104,-117
11:39:36,6,-104,-108
11:39:36,8,-96,-100
11:39:36,8,-101,-111
11:39:36,2,-93,-108
11:39:36,3,-91,-109
11:39:36,7,-107,-111
11:39:36,6,-102,-114
11:39:36,3,-110,-120
11:39:36,2,-106,-112
11:39:36,3,-98,-116
11:39:36,-1,-102,-122
11:39:36,0,-100,-120
11:39:36,10,-100,-104
11:39:36,9,-93,-116
11:39:36,6,-105,-114
11:39:37,1,-99,-109
11:39:37,4,-103,-115
11:39:37,5,-104,-120
11:39:37,3,-101,-102
11:39:37,7,-101,-104
11:39:37,7,-95,-106
11:39:37,7,-97,-101
11:39:37,3,-99,-117
11:39:37,5,-101,-110
11:39:37,13,-98,-121
11:39:37,6,-102,-109
11:39:37,3,-100,-116
11:39:37,4,-96,-113
11:39:37,-4,-96,-112
11:39:37,-1,-97,-121
11:39:37,5,-97,-109
11:39:37,4,-97,-106
11:39:37,4,-101,-108
11:39:37,5,-99,-118
11:39:38,-2,-105,-108
11:39:38,2,-99,-108
11:39:38,6,-105,-109
11:39:38,3,-98,-106
11:39:38,8,-103,-113
11:39:38,10,-105,-107
11:39:38,-1,-97,-119
11:39:38,2,-104,-106
11:39:38,1,-99,-112
11:39:38,7,-92,-118
11:39:38,8,-98,-112
11:39:38,10,-101,-107
11:39:38,9,-99,-113
11:39:38,5,-111,-115
11:39:38,2,-93,-110
11:39:38,-2,-93,-118
11:39:38,1,-93,-118
11:39:38,5,-95,-112
11:39:38,0,-100,-122
11:39:38,3,-111,-114
11:39:39,3,-96,-114
11:39:39,2,-97,-108
11:39:39,4,-96,-110
11:39:39,2,-106,-104
11:39:39,3,-101,-109
11:39:39,2,-104,-107
11:39:39,9,-97,-111
11:39:39,3,-97,-119
11:39:39,4,-99,-108
11:39:39,4,-89,-108
11:39:39,2,-103,-113
11:39:39,6,-99,-109
11:39:39,6,-98,-107
11:39:39,4,-94,-109
11:39:39,2,-96,-99
11:39:39,12,-101,-96
11:39:39,5,-93,-110
11:39:39,8,-92,-106
11:39:39,5,-106,-109
11:39:39,7,-104,-108
11:39:40,6,-106,-103
11:39:40,3,-100,-115
11:39:40,-1,-96,-109
11:39:40,7,-106,-112
11:39:40,9,-105,-101
11:39:40,1,-97,-113
11:39:40,1,-99,-102
11:39:40,1,-91,-118
11:39:40,10,-104,-105
11:39:40,-3,-106,-119
11:39:40,3,-99,-116
11:39:40,6,-103,-122
11:39:40,2,-99,-115
11:39:40,5,-102,-103
11:39:40,11,-90,-101
11:39:40,7,-108,-106
11:39:40,6,-96,-116
11:39:40,10,-102,-115
11:39:40,5,-107,-106
11:39:40,2,-103,-116
11:39:41,4,-89,-110
11:39:41,-1,-95,-109
11:39:41,2,-100,-117
11:39:41,-1,-100,-122
11:39:41,1,-96,-111
11:39:41,1,-101,-112
11:39:41,2,-97,-111
11:39:41,10,-97,-108
11:39:41,8,-107,-109
11:39:41,-1,-99,-110
11:39:41,9,-90,-120
11:39:41,7,-102,-117
11:39:41,5,-100,-103
11:39:41,5,-108,-116
11:39:41,6,-97,-113
11:39:41,3,-99,-111
11:39:41,-2,-95,-123
11:39:41,9,-104,-114
11:39:41,9,-93,-115
11:39:42,8,-102,-101
11:39:42,8,-108,-102
11:39:42,9,-100,-104
11:39:42,10,-97,-104
11:39:42,-2,-96,-114
11:39:42,-3,-96,-116
11:39:42,9,-107,-121
11:39:42,3,-98,-109
11:39:42,9,-109,-104
11:39:42,2,-100,-117
11:39:42,3,-102,-115
11:39:42,2,-106,-115
11:39:42,7,-107,-111
11:39:42,10,-102,-104
11:39:42,2,-101,-117
11:39:42,6,-102,-121
11:39:42,2,-97,-118
11:39:42,-5,-97,-120
11:39:42,12,-99,-114
11:39:42,6,-91,-117
11:39:43,4,-99,-113
11:39:43,8,-94,-100
11:39:43,3,-91,-118
11:39:43,3,-101,-123
11:39:43,6,-95,-105
11:39:43,9,-96,-109
11:39:43,8,-105,-112
11:39:43,4,-99,-102
11:39:43,3,-99,-110
11:39:43,1,-98,-116
11:39:43,6,-100,-115
11:39:43,7,-104,-120
11:39:43,6,-110,-118
11:39:43,12,-98,-113
11:39:43,-1,-100,-111
11:39:43,9,-97,-113
11:39:43,4,-99,-92
11:39:43,7,-102,-116
11:39:43,4,-102,-116
11:39:43,7,-100,-113
11:39:44,14,-104,-112
11:39:44,6,-104,-115
11:39:44,2,-98,-111
11:39:44,12,-100,-107
11:39:44,11,-96,-102
11:39:44,8,-91,-112
11:39:44,6,-101,-115
11:39:44,7,-98,-97
11:39:44,6,-98,-104
11:39:44,6,-100,-113
11:39:44,3,-102,-102
11:39:44,6,-109,-104
11:39:44,9,-108,-115
11:39:44,-1,-91,-114
11:39:44,1,-103,-130
11:39:44,14,-113,-112
11:39:44,5,-103,-125
11:39:44,6,-106,-107
11:39:44,3,-100,-112
11:39:45,11,-104,-126
11:39:45,3,-107,-106
11:39:45,6,-103,-112
11:39:45,9,-104,-108
11:39:45,4,-99,-111
11:39:45,3,-100,-119
11:39:45,4,-90,-115
11:39:45,11,-100,-115
11:39:45,7,-85,-113
11:39:45,10,-105,-107
11:39:45,20,-105,-110
11:39:45,6,-94,-104
11:39:45,7,-92,-122
11:39:45,3,-98,-112
11:39:45,1,-105,-114
11:39:45,-1,-97,-110
11:39:45,7,-104,-113
11:39:45,1,-99,-110
11:39:45,1,-107,-116
11:39:45,4,-99,-106
11:39:46,1,-103,-107
11:39:46,3,-104,-103
11:39:46,4,-96,-114
11:39:46,4,-104,-110
11:39:46,1,-93,-106
11:39:46,8,-91,-122
11:39:46,1,-103,-109
11:39:46,7,-101,-100
11:39:46,0,-100,-116
11:39:46,4,-99,-113
11:39:46,10,-104,-106
11:39:46,0,-103,-115
11:39:46,4,-98,-118
11:39:46,6,-102,-108
11:39:46,3,-104,-120
11:39:46,4,-102,-108
11:39:46,4,-104,-112
11:39:46,7,-99,-113
11:39:46,2,-108,-105
11:39:46,3,-98,-109
11:39:47,0,-97,-111
11:39:47,4,-99,-119
11:39:47,6,-99,-104
11:39:47,7,-95,-117
11:39:47,3,-95,-117
11:39:47,4,-97,-117
11:39:47,3,-107,-110
11:39:47,5,-100,-101
11:39:47,8,-104,-102
11:39:47,2,-100,-99
11:39:47,2,-93,-113
11:39:47,3,-89,-120
11:39:47,1,-95,-107
11:39:47,10,-99,-108
11:39:47,7,-98,-117
11:39:47,6,-94,-121
11:39:48,3,-97,-115
11:39:48,3,-100,-105
11:39:48,5,-93,-108
11:39:48,9,-107,-114
11:39:48,6,-105,-119
11:39:48,5,-99,-113
11:39:48,2,-107,-104
11:39:48,4,-103,-108
11:39:48,1,-96,-106
11:39:48,1,-98,-118
11:39:48,-2,-97,-102
11:39:48,4,-96,-108
11:39:48,2,-101,-127
11:39:48,9,-106,-114
11:39:48,5,-109,-115
11:39:48,7,-94,-111
11:39:48,-2,-94,-110
11:39:48,-3,-99,-112
11:39:48,6,-110,-117
11:39:48,5,-102,-121
11:39:48,7,-101,-110
11:39:48,6,-106,-105
11:39:48,9,-105,-108
11:39:49,9,-100,-110
11:39:49,10,-103,-110
11:39:49,1,-98,-115
11:39:49,8,-100,-122
11:39:49,5,-101,-105
11:39:49,2,-99,-119
11:39:49,4,-100,-108
11:39:49,2,-101,-115
11:39:49,7,-104,-102
11:39:49,-1,-93,-122
11:39:49,1,-99,-122
11:39:49,6,-100,-108
11:39:49,9,-98,-107
11:39:49,2,-94,-113
11:39:49,4,-94,-110
11:39:49,5,-96,-116
11:39:49,5,-95,-110
11:39:49,5,-97,-114
11:39:49,3,-100,-103
11:39:49,10,-98,-108
11:39:50,8,-94,-109
11:39:50,8,-95,-103
11:39:50,4,-99,-107
11:39:50,7,-94,-97
11:39:50,0,-101,-114
11:39:50,4,-94,-114
11:39:50,2,-95,-112
11:39:50,6,-105,-114
11:39:50,2,-101,-104
11:39:50,5,-100,-119
11:39:50,8,-110,-115
11:39:50,4,-97,-121
11:39:50,5,-100,-103
11:39:50,9,-105,-107
11:39:50,2,-105,-116
11:39:50,3,-93,-119
11:39:50,1,-97,-104
11:39:50,11,-99,-107
11:39:50,2,-98,-113
11:39:50,11,-102,-117
11:39:51,6,-93,-110
11:39:51,4,-97,-116
11:39:51,1,-102,-104
11:39:51,2,-94,-102
11:39:51,14,-96,-105
11:39:51,5,-93,-112
11:39:51,7,-101,-107
11:39:51,8,-99,-110
11:39:51,8,-107,-117
11:39:51,1,-97,-108
11:39:51,7,-95,-102
11:39:51,1,-98,-124
11:39:51,7,-98,-111
11:39:51,0,-102,-114
11:39:51,6,-103,-112
11:39:51,4,-100,-106
11:39:51,7,-97,-119
11:39:51,7,-102,-106
11:39:51,7,-106,-113
11:39:51,10,-105,-117
11:39:52,2,-98,-110
11:39:52,3,-94,-111
11:39:52,3,-100,-117
11:39:52,-1,-101,-103
11:39:52,2,-95,-102
11:39:52,6,-95,-107
11:39:52,9,-90,-107
11:39:52,8,-99,-109
11:39:52,4,-100,-116
11:39:52,6,-92,-103
11:39:52,5,-96,-110
11:39:52,9,-105,-105
11:39:52,9,-103,-118
11:39:52,0,-107,-119
11:39:52,2,-100,-120
11:39:52,6,-101,-110
11:39:52,0,-103,-106
11:39:52,2,-93,-113
11:39:52,-4,-88,-117
11:39:53,4,-98,-116
11:39:53,4,-108,-113
11:39:53,-1,-93,-114
11:39:53,5,-93,-107
11:39:53,6,-100,-108
11:39:53,3,-103,-109
11:39:53,-6,-92,-108
11:39:53,5,-99,-107
11:39:53,9,-102,-103
11:39:53,7,-100,-112
11:39:53,7,-97,-106
11:39:53,4,-101,-101
11:39:53,13,-102,-106
11:39:53,5,-98,-111
11:39:53,4,-98,-111
11:39:53,9,-95,-107
11:39:53,6,-107,-121
11:39:53,3,-104,-118
11:39:53,7,-101,-111
11:39:53,5,-99,-108
11:39:54,4,-100,-110
11:39:54,5,-109,-103
11:39:54,1,-100,-111
11:39:54,7,-110,-97
11:39:54,7,-111,-105
11:39:54,7,-103,-116
11:39:54,0,-100,-110
11:39:54,4,-97,-116
11:39:54,1,-97,-105
11:39:54,7,-102,-112
11:39:54,5,-91,-113
11:39:54,6,-94,-100
11:39:54,8,-96,-111
11:39:54,10,-105,-99
11:39:54,3,-94,-114
11:39:54,11,-111,-111
11:39:54,7,-106,-105
11:39:54,7,-100,-118
11:39:54,10,-106,-110
11:39:54,6,-116,-118
11:39:55,8,-105,-106
11:39:55,-5,-99,-113
11:39:55,-1,-105,-115
11:39:55,0,-91,-112
11:39:55,10,-103,-111
11:39:55,1,-95,-121
11:39:55,9,-107,-116
11:39:55,3,-98,-108
11:39:55,4,-108,-104
11:39:55,4,-105,-108
11:39:55,3,-97,-104
11:39:55,3,-88,-111
11:39:55,2,-103,-100
11:39:55,5,-92,-95
11:39:55,3,-93,-114
11:39:55,2,-96,-111
11:39:55,7,-97,-106
11:39:55,6,-95,-114
11:39:55,4,-102,-103
11:39:55,6,-101,-116
11:39:56,13,-99,-112
11:39:56,0,-96,-113
11:39:56,4,-98,-124
11:39:56,10,-112,-106
11:39:56,1,-93,-105
11:39:56,8,-106,-106
11:39:56,5,-113,-110
11:39:56,-2,-93,-109
11:39:56,6,-98,-95
11:39:56,9,-107,-126
11:39:56,10,-103,-113
11:39:56,1,-94,-113
11:39:56,6,-101,-109
11:39:56,4,-93,-103
11:39:56,4,-92,-115
11:39:56,4,-104,-112
11:39:56,10,-92,-99
11:39:56,4,-99,-118
11:39:56,11,-100,-110
11:39:57,8,-99,-109
11:39:57,7,-97,-108
11:39:57,4,-107,-110
11:39:57,0,-100,-114
11:39:57,1,-99,-116
11:39:57,6,-104,-124
11:39:57,-1,-108,-109
11:39:57,3,-102,-109
11:39:57,6,-108,-106
11:39:57,1,-98,-113
11:39:57,7,-112,-112
11:39:57,-2,-99,-117
11:39:57,5,-103,-106
11:39:57,3,-100,-103
11:39:57,7,-99,-113
11:39:57,2,-100,-108
11:39:57,8,-96,-113
11:39:57,-2,-95,-100
11:39:57,6,-95,-98
11:39:57,9,-102,-112
11:39:58,7,-96,-109
11:39:58,7,-98,-111
11:39:58,11,-96,-113
11:39:58,6,-99,-110
11:39:58,5,-91,-109
11:39:58,7,-98,-105
11:39:58,6,-101,-125
11:39:58,11,-97,-103
11:39:58,9,-100,-115
11:39:58,3,-101,-101
11:39:58,4,-108,-102
11:39:58,9,-110,-108
11:39:58,8,-94,-116
11:39:58,-4,-101,-114
11:39:58,4,-104,-109
11:39:58,7,-103,-108
11:39:58,-1,-99,-113
11:39:58,5,-102,-105
11:39:58,10,-99,-100
11:39:58,1,-110,-116
11:39:59,6,-92,-118
11:39:59,3,-97,-113
11:39:59,1,-96,-104
11:39:59,6,-95,-117
11:39:59,9,-111,-93
11:39:59,-3,-98,-110
11:39:59,8,-97,-110
11:39:59,5,-88,-113
11:39:59,11,-101,-98
11:39:59,4,-102,-111
11:39:59,5,-107,-112
11:39:59,3,-103,-104
11:39:59,1,-100,-126
11:39:59,6,-102,-115
11:39:59,8,-109,-102
11:39:59,8,-92,-117
11:39:59,6,-108,-101
11:39:59,5,-101,-108
11:39:59,3,-105,-106
11:39:59,2,-100,-115
11:40:00,8,-100,-114
11:40:00,7,-110,-107
11:40:00,1,-101,-111
11:40:00,3,-106,-118
11:40:00,6,-100,-101
11:40:00,3,-92,-117
11:40:00,5,-102,-118
11:40:00,13,-102,-107
11:40:00,4,-96,-112
11:40:00,5,-96,-111
11:40:00,6,-92,-119
11:40:00,4,-105,-108
11:40:00,3,-102,-120
11:40:00,7,-104,-119
11:40:00,5,-104,-119
11:40:00,4,-95,-115
11:40:00,-2,-100,-109
11:40:00,8,-93,-113
11:40:00,2,-101,-113
11:40:01,3,-98,-102
11:40:01,8,-108,-112
11:40:01,4,-98,-105
11:40:01,6,-107,-113
11:40:01,3,-110,-112
11:40:01,10,-96,-104
11:40:01,9,-91,-109
11:40:01,-1,-104,-102
11:40:01,7,-102,-108
11:40:01,6,-99,-102
11:40:01,11,-99,-101
11:40:01,9,-87,-105
11:40:01,11,-109,-109
11:40:01,9,-108,-105
11:40:01,2,-96,-115
11:40:01,9,-108,-110
11:40:01,5,-102,-111
11:40:01,0,-102,-109
11:40:01,4,-103,-107
11:40:01,8,-106,-109
11:40:02,1,-99,-114
11:40:02,9,-94,-105
11:40:02,3,-111,-104
11:40:02,6,-106,-110
11:40:02,2,-108,-118
11:40:02,3,-102,-107
11:40:02,11,-103,-119
11:40:02,5,-100,-111
11:40:02,7,-95,-112
11:40:02,3,-104,-107
11:40:02,10,-102,-119
11:40:02,4,-107,-106
11:40:02,5,-99,-96
11:40:02,13,-99,-101
11:40:02,2,-101,-103
11:40:02,5,-99,-114
11:40:02,7,-102,-115
11:40:02,1,-98,-108
11:40:02,11,-101,-119
11:40:02,3,-104,-117
11:40:03,2,-94,-117
11:40:03,1,-104,-119
11:40:03,7,-96,-115
11:40:03,7,-101,-130
11:40:03,4,-106,-108
11:40:03,0,-105,-118
11:40:03,3,-88,-112
11:40:03,3,-112,-119
11:40:03,2,-96,-109
11:40:03,6,-110,-116
11:40:03,6,-103,-105
11:40:03,8,-103,-120
11:40:03,5,-108,-106
11:40:03,7,-99,-112
11:40:03,4,-96,-102
11:40:03,12,-98,-118
11:40:03,7,-101,-109
11:40:03,7,-94,-110
11:40:03,5,-96,-104
11:40:03,1,-85,-107
11:40:04,6,-101,-112
11:40:04,-1,-101,-116
11:40:04,8,-99,-108
11:40:04,2,-96,-106
11:40:04,1,-100,-117
11:40:04,-2,-103,-112
11:40:04,6,-96,-115
11:40:04,3,-100,-112
11:40:04,6,-107,-105
11:40:04,3,-101,-114
11:40:04,10,-99,-97
11:40:04,6,-105,-110
11:40:04,3,-98,-112
11:40:04,-1,-103,-101
11:40:04,2,-102,-112
11:40:04,5,-102,-110
11:40:04,3,-103,-109
11:40:04,5,-92,-107
11:40:04,16,-94,-115
11:40:05,11,-98,-99
11:40:05,5,-91,-113
11:40:05,4,-95,-109
11:40:05,9,-95,-109
11:40:05,14,-102,-101
11:40:05,3,-101,-108
11:40:05,7,-105,-114
11:40:05,0,-105,-113
11:40:05,4,-103,-112
11:40:05,5,-105,-108
11:40:05,0,-104,-111
11:40:05,11,-98,-117
11:40:05,9,-105,-109
11:40:05,-1,-98,-105
11:40:05,11,-98,-116
11:40:05,2,-95,-116
11:40:05,2,-97,-105
11:40:05,4,-100,-121
11:40:05,1,-93,-109
11:40:05,0,-98,-105
11:40:06,1,-96,-110
11:40:06,7,-99,-101
11:40:06,3,-95,-107
11:40:06,12,-101,-119
11:40:06,11,-103,-116
11:40:06,7,-106,-117
11:40:06,5,-94,-107
11:40:06,8,-92,-108
11:40:06,0,-107,-117
11:40:06,7,-98,-116
11:40:06,2,-99,-112
11:40:06,1,-112,-110
11:40:06,10,-108,-104
11:40:06,-1,-103,-124
11:40:06,3,-96,-105
11:40:06,2,-104,-117
11:40:06,6,-106,-117
11:40:06,8,-100,-110
11:40:06,1,-99,-111
11:40:06,7,-97,-104
11:40:07,9,-105,-113
11:40:07,8,-101,-113
11:40:07,7,-101,-116
11:40:07,0,-105,-111
11:40:07,12,-96,-107
11:40:07,10,-110,-109
11:40:07,5,-87,-111
11:40:07,10,-93,-115
11:40:07,8,-98,-102
11:40:07,2,-97,-97
11:40:07,14,-108,-110
11:40:07,7,-103,-102
11:40:07,14,-99,-99
11:40:07,0,-99,-116
11:40:07,2,-100,-111
11:40:07,-1,-102,-118
11:40:07,8,-106,-109
11:40:07,9,-106,-95
11:40:07,3,-98,-105
11:40:08,-4,-100,-105
11:40:08,3,-110,-114
11:40:08,3,-99,-106
11:40:08,5,-104,-124
11:40:08,1,-96,-113
11:40:08,13,-99,-104
11:40:08,0,-96,-108
11:40:08,8,-104,-104
11:40:08,8,-104,-108
11:40:08,5,-93,-112
11:40:08,0,-96,-105
11:40:08,11,-107,-105
11:40:08,3,-97,-106
11:40:08,8,-94,-106
11:40:08,7,-103,-103
11:40:08,9,-103,-115
11:40:08,2,-97,-105
11:40:08,0,-101,-109
11:40:08,3,-105,-111
11:40:08,1,-102,-113
11:40:09,11,-104,-119
11:40:09,4,-96,-113
11:40:09,5,-94,-117
11:40:09,2,-111,-114
11:40:09,6,-98,-114
11:40:09,6,-103,-120
11:40:09,-1,-88,-106
11:40:09,7,-101,-109
11:40:09,5,-93,-110
11:40:09,7,-104,-109
11:40:09,9,-100,-106
11:40:09,11,-100,-101
11:40:09,5,-106,-116
11:40:09,2,-99,-101
11:40:09,2,-94,-112
11:40:09,8,-101,-111
11:40:09,7,-97,-111
11:40:09,3,-92,-107
11:40:09,2,-95,-112
11:40:09,5,-103,-116
11:40:10,11,-105,-106
11:40:10,7,-100,-113
11:40:10,2,-101,-119
11:40:10,-3,-98,-110
11:40:10,7,-104,-114
11:40:10,0,-105,-120
11:40:10,0,-104,-107
11:40:10,11,-106,-98
11:40:10,7,-94,-114
11:40:10,-2,-92,-105
11:40:10,1,-106,-114
11:40:10,2,-99,-111
11:40:10,6,-101,-99
11:40:10,7,-99,-106
11:40:10,-3,-92,-114
11:40:10,12,-90,-105
11:40:10,-2,-91,-113
11:40:10,3,-94,-107
11:40:10,5,-97,-111
11:40:10,3,-89,-103
11:40:11,9,-88,-107
11:40:11,3,-88,-104
11:40:11,7,-95,-112
11:40:11,3,-100,-109
11:40:11,2,-93,-116
11:40:11,5,-99,-122
11:40:11,-3,-104,-108
11:40:11,-7,-93,-115
11:40:11,-1,-92,-115
11:40:11,5,-105,-110
11:40:11,3,-103,-127
11:40:11,2,-104,-104
11:40:11,8,-104,-112
11:40:11,5,-98,-117
11:40:11,0,-111,-122
11:40:11,5,-107,-117
11:40:11,3,-103,-118
11:40:11,9,-104,-102
11:40:11,2,-95,-113
11:40:12,7,-103,-106
11:40:12,10,-90,-114
11:40:12,7,-97,-116
11:40:12,7,-92,-112
11:40:12,10,-87,-105
11:40:12,13,-104,-112
11:40:12,6,-90,-100
11:40:12,7,-100,-101
11:40:12,2,-98,-112
11:40:12,7,-107,-106
11:40:12,2,-105,-115
11:40:12,4,-103,-111
11:40:12,1,-101,-118
11:40:12,3,-101,-116
11:40:12,8,-105,-112
11:40:12,0,-99,-99
11:40:12,5,-93,-114
11:40:12,8,-102,-113
11:40:12,4,-99,-112
11:40:12,6,-107,-114
11:40:13,9,-100,-117
11:40:13,0,-96,-108
11:40:13,10,-98,-113
11:40:13,3,-105,-115
11:40:13,8,-101,-108
11:40:13,5,-93,-118
11:40:13,4,-95,-109
11:40:13,0,-101,-107
11:40:13,2,-89,-110
11:40:13,12,-99,-113
11:40:13,3,-99,-111
11:40:13,8,-94,-106
11:40:13,5,-101,-108
11:40:13,6,-106,-107
11:40:13,6,-102,-114
11:40:13,8,-104,-115
11:40:13,1,-95,-109
11:40:13,-3,-97,-108
11:40:13,9,-99,-113
11:40:13,6,-97,-118
11:40:14,-1,-99,-124
11:40:14,10,-104,-116
11:40:14,8,-106,-121
11:40:14,9,-102,-119
11:40:14,9,-101,-112
11:40:14,5,-102,-117
11:40:14,6,-93,-102
11:40:14,3,-99,-112
11:40:14,1,-96,-113
11:40:14,6,-109,-105
11:40:14,10,-104,-111
11:40:14,9,-90,-107
11:40:14,1,-89,-113
11:40:14,10,-98,-108
11:40:14,6,-97,-122
11:40:14,10,-89,-115
11:40:14,15,-95,-106
11:40:14,8,-106,-124
11:40:14,4,-101,-104
11:40:14,7,-100,-108
11:40:15,3,-108,-113
11:40:15,4,-106,-119
11:40:15,5,-105,-112
11:40:15,6,-101,-106
11:40:15,7,-91,-116
11:40:15,-3,-96,-119
11:40:15,4,-103,-117
11:40:15,5,-96,-104
11:40:15,5,-108,-120
11:40:15,1,-100,-121
11:40:15,7,-101,-110
11:40:15,11,-108,-99
11:40:15,6,-96,-120
11:40:15,6,-98,-105
11:40:15,1,-102,-113
11:40:15,7,-99,-116
11:40:15,7,-109,-117
11:40:15,11,-101,-104
11:40:15,7,-101,-105
11:40:16,3,-97,-103
11:40:16,10,-99,-118
11:40:16,5,-99,-107
11:40:16,1,-101,-116
11:40:16,9,-101,-109
11:40:16,4,-98,-118
11:40:16,0,-107,-121
11:40:16,-1,-103,-108
11:40:16,7,-107,-113
11:40:16,3,-95,-111
11:40:16,5,-103,-106
11:40:16,7,-104,-107
11:40:16,8,-102,-112
11:40:16,-4,-98,-105
11:40:16,3,-98,-106
11:40:16,7,-104,-110
11:40:16,2,-99,-108
11:40:16,16,-101,-106
11:40:16,7,-98,-102
11:40:16,5,-101,-109
11:40:17,7,-102,-118
11:40:17,14,-104,-110
11:40:17,8,-93,-110
11:40:17,4,-102,-105
11:40:17,5,-100,-101
11:40:17,8,-99,-107
11:40:17,10,-110,-107
11:40:17,2,-109,-114
11:40:17,6,-107,-110
11:40:17,-2,-102,-100
11:40:17,-2,-108,-111
11:40:17,2,-102,-118
11:40:17,2,-106,-116
11:40:17,2,-97,-106
11:40:17,-2,-103,-106
11:40:17,6,-101,-118
11:40:17,-1,-101,-105
11:40:17,4,-101,-114
11:40:17,4,-105,-111
11:40:17,1,-97,-94
11:40:18,8,-101,-120
11:40:18,0,-103,-109
11:40:18,3,-103,-108
11:40:18,10,-98,-108
11:40:18,6,-101,-119
11:40:18,10,-93,-111
11:40:18,7,-100,-114
11:40:18,6,-97,-109
11:40:18,5,-95,-107
11:40:18,9,-96,-111
11:40:18,7,-92,-113
11:40:18,6,-104,-121
11:40:18,6,-102,-119
11:40:18,7,-108,-111
11:40:18,10,-103,-111
11:40:18,0,-99,-103
11:40:18,7,-102,-112
11:40:18,3,-101,-98
11:40:18,11,-113,-116
11:40:18,3,-100,-113
11:40:19,-1,-99,-120
11:40:19,6,-101,-99
11:40:19,5,-102,-107
11:40:19,2,-94,-128
11:40:19,2,-99,-111
11:40:19,6,-94,-107
11:40:19,7,-96,-114
11:40:19,8,-99,-106
11:40:19,9,-101,-111
11:40:19,10,-97,-95
11:40:19,7,-94,-103
11:40:19,2,-92,-112
11:40:19,2,-98,-100
11:40:19,2,-100,-111
11:40:19,4,-94,-106
11:40:19,7,-106,-96
11:40:19,2,-102,-115
11:40:19,4,-104,-116
11:40:19,-2,-104,-100
11:40:20,-1,-93,-120
11:40:20,-1,-101,-112
11:40:20,1,-101,-120
11:40:20,6,-101,-102
11:40:20,1,-103,-110
11:40:20,2,-101,-109
11:40:20,6,-96,-108
11:40:20,8,-100,-108
11:40:20,6,-96,-123
11:40:20,11,-99,-104
11:40:20,6,-107,-114
11:40:20,1,-95,-110
11:40:20,1,-98,-108
11:40:20,6,-102,-113
11:40:20,8,-94,-127
11:40:20,9,-97,-105
11:40:20,11,-95,-119
11:40:20,4,-100,-111
11:40:20,5,-103,-101
11:40:20,2,-96,-99
11:40:21,6,-96,-107
11:40:21,2,-97,-113
11:40:21,-1,-96,-109
11:40:21,11,-105,-116
11:40:21,5,-105,-122
11:40:21,4,-95,-111
11:40:21,4,-100,-124
11:40:21,0,-101,-111
11:40:21,6,-99,-121
11:40:21,2,-107,-103
11:40:21,3,-101,-116
11:40:21,6,-96,-111
11:40:21,1,-100,-107
11:40:21,5,-93,-109
11:40:21,1,-98,-106
11:40:21,5,-104,-125
11:40:21,2,-104,-114
11:40:21,10,-94,-102
11:40:21,7,-100,-104
11:40:21,9,-95,-110
11:40:22,4,-96,-103
11:40:22,4,-98,-115
11:40:22,5,-97,-105
11:40:22,7,-95,-103
11:40:22,6,-100,-101
11:40:22,6,-102,-120
11:40:22,7,-101,-106
11:40:22,3,-106,-120
11:40:22,-2,-99,-112
11:40:22,8,-103,-103
11:40:22,8,-107,-119
11:40:22,3,-97,-105
11:40:22,6,-96,-102
11:40:22,7,-96,-111
11:40:22,6,-99,-121
11:40:22,9,-96,-94
11:40:22,8,-102,-109
11:40:22,3,-100,-113
11:40:22,4,-102,-111
11:40:22,2,-97,-115
11:40:23,7,-92,-98
11:40:23,3,-98,-103
11:40:23,3,-102,-118
11:40:23,2,-103,-113
11:40:23,6,-100,-109
11:40:23,9,-97,-103
11:40:23,5,-100,-110
11:40:23,9,-100,-103
11:40:23,5,-97,-123
11:40:23,8,-93,-113
11:40:23,7,-98,-112
11:40:23,6,-95,-117
11:40:23,3,-96,-112
11:40:23,0,-104,-122
11:40:23,8,-103,-114
11:40:23,3,-95,-117
11:40:23,2,-109,-112
11:40:23,5,-99,-116
11:40:23,2,-105,-108
11:40:24,12,-104,-108
11:40:24,9,-105,-105
11:40:24,5,-101,-119
11:40:24,7,-100,-114
11:40:24,1,-98,-110
11:40:24,2,-99,-112
11:40:24,2,-101,-101
11:40:24,2,-101,-111
11:40:24,4,-102,-104
11:40:24,4,-99,-114
11:40:24,6,-99,-103
11:40:24,5,-104,-112
11:40:24,6,-110,-102
11:40:24,6,-89,-108
11:40:24,10,-99,-111
11:40:24,12,-106,-110
11:40:24,5,-92,-110
11:40:24,8,-104,-116
11:40:24,5,-96,-109
11:40:24,3,-104,-118
11:40:25,-2,-88,-107
11:40:25,4,-100,-106
11:40:25,5,-112,-114
11:40:25,2,-96,-97
11:40:25,4,-102,-116
11:40:25,9,-98,-118
11:40:25,2,-106,-97
11:40:25,-5,-96,-122
11:40:25,8,-99,-103
11:40:25,8,-106,-112
11:40:25,7,-104,-109
11:40:25,4,-102,-114
11:40:25,3,-105,-100
11:40:25,8,-95,-114
11:40:25,5,-104,-112
11:40:25,9,-111,-100
11:40:25,9,-97,-113
11:40:25,1,-96,-101
11:40:25,7,-105,-99
11:40:25,3,-97,-102
11:40:26,9,-91,-116
11:40:26,5,-99,-108
11:40:26,13,-96,-108
11:40:26,5,-105,-104
11:40:26,3,-92,-112
11:40:26,4,-98,-110
11:40:26,3,-99,-107
11:40:26,2,-101,-102
11:40:26,-5,-101,-111
11:40:26,6,-103,-108
11:40:26,3,-91,-117
11:40:26,5,-96,-108
11:40:26,6,-96,-115
11:40:26,0,-110,-109
11:40:26,11,-116,-107
11:40:26,1,-97,-106
11:40:26,1,-104,-104
11:40:26,-1,-98,-118
11:40:26,6,-104,-102
11:40:26,4,-94,-120
11:40:27,8,-99,-106
11:40:27,-1,-106,-108
11:40:27,3,-99,-112
11:40:27,0,-94,-102
11:40:27,-3,-100,-103
11:40:27,6,-97,-112
11:40:27,10,-113,-115
11:40:27,12,-100,-105
11:40:27,2,-104,-106
11:40:27,3,-102,-124
11:40:27,0,-101,-112
11:40:27,-2,-96,-113
11:40:27,1,-103,-118
11:40:27,2,-104,-122
11:40:27,3,-97,-123
11:40:27,-1,-104,-115
11:40:27,9,-101,-119
11:40:27,8,-102,-109
11:40:27,5,-108,-111
11:40:28,5,-105,-111
11:40:28,-1,-94,-106
11:40:28,6,-94,-116
11:40:28,5,-102,-106
11:40:28,7,-97,-96
11:40:28,2,-99,-111
11:40:28,12,-98,-120
11:40:28,0,-102,-111
11:40:28,3,-96,-107
11:40:28,2,-95,-112
11:40:28,9,-100,-114
11:40:28,6,-101,-118
11:40:28,5,-99,-111
11:40:28,5,-100,-111
11:40:28,0,-106,-113
11:40:28,6,-95,-118
11:40:28,-8,-106,-115
11:40:28,7,-104,-115
11:40:28,2,-100,-123
11:40:28,1,-98,-116
11:40:29,6,-109,-108
11:40:29,1,-114,-113
11:40:29,4,-94,-123
11:40:29,-2,-102,-103
11:40:29,8,-104,-124
11:40:29,3,-106,-120
11:40:29,9,-105,-113
11:40:29,6,-97,-105
11:40:29,5,-102,-107
11:40:29,3,-100,-120
11:40:29,2,-96,-112
11:40:29,8,-100,-108
11:40:29,6,-92,-117
11:40:29,11,-96,-127
11:40:29,9,-96,-113
11:40:29,-1,-100,-111
11:40:29,-4,-98,-112
11:40:29,7,-99,-116
11:40:29,8,-93,-106
11:40:29,5,-93,-117
11:40:30,5,-101,-124
11:40:30,9,-108,-115
11:40:30,0,-104,-119
11:40:30,-3,-100,-128
11:40:30,3,-98,-105
11:40:30,6,-103,-116
11:40:30,3,-101,-113
11:40:30,7,-97,-114
11:40:30,1,-95,-122
11:40:30,6,-100,-111
11:40:30,1,-97,-108
11:40:30,15,-108,-114
11:40:30,6,-97,-100
11:40:30,0,-97,-111
11:40:30,5,-100,-120
11:40:30,1,-99,-116
11:40:30,4,-105,-104
11:40:30,8,-99,-110
11:40:30,13,-101,-117
11:40:30,6,-93,-98
11:40:31,5,-97,-117
11:40:31,11,-99,-99
11:40:31,9,-93,-116
11:40:31,9,-103,-110
11:40:31,6,-94,-114
11:40:31,2,-102,-100
11:40:31,-2,-106,-116
11:40:31,6,-107,-107
11:40:31,4,-97,-105
11:40:31,-3,-106,-111
11:40:31,1,-97,-114
11:40:31,6,-104,-119
11:40:31,4,-95,-114
11:40:31,-2,-104,-106
11:40:31,5,-100,-120
11:40:31,0,-101,-105
11:40:31,9,-95,-117
11:40:31,8,-106,-115
11:40:31,6,-106,-116
11:40:32,0,-100,-110
11:40:32,-3,-97,-103
11:40:32,6,-96,-118
11:40:32,1,-101,-116
11:40:32,7,-105,-104
11:40:32,5,-98,-100
11:40:32,15,-102,-111
11:40:32,6,-95,-111
11:40:32,3,-101,-112
11:40:32,6,-92,-114
11:40:32,7,-106,-102
11:40:32,5,-96,-113
11:40:32,9,-105,-112
11:40:32,7,-104,-124
11:40:32,3,-107,-114
11:40:32,10,-107,-114
11:40:32,3,-107,-103
11:40:32,-4,-95,-124
11:40:32,5,-100,-123
11:40:32,7,-98,-112
11:40:33,-1,-100,-107
11:40:33,2,-110,-112
11:40:33,6,-101,-117
11:40:33,7,-99,-110
11:40:33,7,-102,-113
11:40:33,5,-102,-116
11:40:33,5,-100,-116
11:40:33,3,-96,-115
11:40:33,5,-100,-119
11:40:33,5,-95,-103
11:40:33,8,-89,-103
11:40:33,4,-96,-107
11:40:33,6,-100,-104
11:40:33,6,-106,-111
11:40:33,4,-97,-103
11:40:33,6,-98,-112
11:40:33,8,-107,-114
11:40:33,3,-99,-111
11:40:33,3,-107,-117
11:40:33,7,-108,-120
11:40:34,2,-107,-118
11:40:34,1,-95,-115
11:40:34,6,-101,-113
11:40:34,7,-96,-110
11:40:34,4,-109,-111
11:40:34,11,-108,-103
11:40:34,7,-103,-106
11:40:34,3,-97,-106
11:40:34,5,-112,-110
11:40:34,6,-102,-118
11:40:34,1,-99,-103
11:40:34,3,-104,-119
11:40:34,6,-107,-113
11:40:34,10,-103,-119
11:40:34,6,-97,-106
11:40:34,11,-92,-112
11:40:34,6,-94,-97
11:40:34,4,-102,-114
11:40:34,3,-97,-107
11:40:35,3,-100,-107
11:40:35,7,-103,-113
11:40:35,6,-106,-114
11:40:35,4,-101,-112
11:40:35,4,-104,-119
11:40:35,1,-106,-111
11:40:35,-3,-97,-111
11:40:35,3,-96,-104
11:40:35,4,-100,-113
11:40:35,-3,-92,-122
11:40:35,6,-100,-110
11:40:35,0,-109,-105
11:40:35,0,-95,-113
11:40:35,13,-105,-114
11:40:35,9,-99,-105
11:40:35,3,-96,-113
11:40:35,5,-100,-105
11:40:35,-2,-102,-110
11:40:35,7,-96,-112
11:40:35,5,-95,-106
11:40:36,1,-92,-106
11:40:36,7,-99,-108
11:40:36,6,-98,-98
11:40:36,9,-98,-110
11:40:36,9,-98,-99
11:40:36,1,-102,-113
11:40:36,9,-106,-115
11:40:36,-3,-97,-117
11:40:36,9,-106,-114
11:40:36,1,-100,-113
11:40:36,-4,-95,-106
11:40:36,4,-104,-114
11:40:36,6,-102,-114
11:40:36,4,-101,-113
11:40:36,17,-99,-108
11:40:36,8,-97,-108
11:40:36,1,-95,-120
11:40:36,1,-105,-117
11:40:36,11,-96,-107
11:40:36,3,-100,-105
11:40:37,4,-96,-103
11:40:37,1,-97,-115
11:40:37,4,-94,-104
11:40:37,11,-93,-102
11:40:37,8,-97,-115
11:40:37,10,-98,-97
11:40:37,6,-102,-115
11:40:37,10,-101,-109
11:40:37,13,-93,-121
11:40:37,6,-92,-119
11:40:37,8,-93,-106
11:40:37,3,-88,-105
11:40:37,9,-103,-116
11:40:37,4,-104,-108
11:40:37,3,-105,-103
11:40:37,7,-99,-118
11:40:37,-3,-100,-116
11:40:37,4,-104,-113
11:40:37,3,-100,-109
11:40:37,0,-102,-109
11:40:38,4,-105,-122
11:40:38,6,-104,-115
11:40:38,7,-102,-116
11:40:38,-2,-95,-116
11:40:38,8,-102,-122
11:40:38,5,-92,-114
11:40:38,12,-106,-116
11:40:38,8,-102,-112
11:40:38,14,-111,-111
11:40:38,5,-96,-103
11:40:38,3,-96,-104
11:40:38,5,-93,-106
11:40:38,4,-95,-117
11:40:38,3,-90,-116
11:40:38,0,-91,-109
11:40:38,4,-99,-110
11:40:38,5,-91,-116
11:40:38,3,-98,-112
11:40:38,7,-103,-119
11:40:39,6,-105,-109
11:40:39,-5,-100,-120
11:40:39,2,-100,-104
11:40:39,7,-99,-112
11:40:39,9,-108,-105
11:40:39,5,-114,-109
11:40:39,11,-102,-113
11:40:39,5,-100,-110
11:40:39,4,-98,-112
11:40:39,10,-101,-115
11:40:39,4,-101,-116
11:40:39,3,-98,-114
11:40:39,0,-100,-115
11:40:39,10,-101,-104
11:40:39,4,-94,-110
11:40:39,8,-97,-103
11:40:39,5,-100,-103
11:40:39,11,-103,-104
11:40:39,9,-95,-106
11:40:39,5,-96,-98
11:40:40,9,-100,-118
11:40:40,6,-103,-107
11:40:40,-1,-102,-112
11:40:40,6,-104,-113
11:40:40,1,-99,-114
11:40:40,5,-98,-111
11:40:40,-5,-105,-108
11:40:40,5,-102,-118
11:40:40,6,-104,-114
11:40:40,9,-102,-121
11:40:40,4,-108,-107
11:40:40,5,-97,-108
11:40:40,11,-97,-113
11:40:40,6,-97,-113
11:40:40,13,-109,-104
11:40:40,7,-101,-115
11:40:40,3,-99,-100
11:40:40,4,-101,-108
11:40:40,4,-98,-111
11:40:40,6,-102,-102
11:40:41,5,-100,-107
11:40:41,9,-104,-114
11:40:41,8,-95,-97
11:40:41,3,-95,-113
11:40:41,8,-102,-120
11:40:41,4,-97,-108
11:40:41,7,-100,-118
11:40:41,6,-91,-111
11:40:41,4,-110,-118
11:40:41,4,-91,-114
11:40:41,3,-102,-119
11:40:41,5,-98,-111
11:40:41,4,-107,-105
11:40:41,2,-100,-116
11:40:41,-3,-104,-118
11:40:41,5,-107,-109
11:40:41,9,-99,-102
11:40:41,5,-100,-106
11:40:41,8,-103,-108
11:40:41,5,-97,-114
11:40:42,6,-92,-104
11:40:42,2,-106,-119
11:40:42,9,-101,-104
11:40:42,7,-100,-111
11:40:42,12,-93,-107
11:40:42,9,-100,-120
11:40:42,9,-93,-111
11:40:42,1,-102,-109
11:40:42,2,-89,-104
11:40:42,5,-105,-104
11:40:42,8,-95,-111
11:40:42,5,-102,-99
11:40:42,14,-103,-107
11:40:42,-2,-104,-105
11:40:42,12,-108,-107
11:40:42,3,-97,-110
11:40:42,11,-104,-100
11:40:42,7,-100,-101
11:40:42,7,-91,-107
11:40:43,-4,-103,-101
11:40:43,0,-101,-115
11:40:43,1,-103,-100
11:40:43,10,-100,-111
11:40:43,6,-103,-109
11:40:43,8,-110,-117
11:40:43,-1,-94,-107
11:40:43,5,-99,-123
11:40:43,14,-96,-98
11:40:43,5,-101,-114
11:40:43,6,-99,-117
11:40:43,9,-103,-112
11:40:43,7,-98,-96
11:40:43,3,-92,-104
11:40:43,3,-91,-107
11:40:43,11,-106,-117
11:40:43,12,-98,-107
11:40:43,-2,-106,-115
11:40:43,7,-104,-110
11:40:43,7,-106,-98
11:40:44,5,-102,-116
11:40:44,4,-100,-115
11:40:44,1,-95,-116
11:40:44,3,-96,-108
11:40:44,-3,-91,-124
11:40:44,9,-108,-109
11:40:44,11,-95,-115
11:40:44,6,-101,-111
11:40:44,13,-94,-118
11:40:44,7,-99,-101
11:40:44,13,-101,-118
11:40:44,0,-98,-104
11:40:44,3,-95,-115
11:40:44,8,-99,-113
11:40:44,8,-96,-110
11:40:44,4,-98,-118
11:40:44,12,-100,-117
11:40:44,5,-98,-100
11:40:44,9,-100,-119
11:40:44,-3,-86,-105
11:40:45,5,-92,-119
11:40:45,6,-97,-112
11:40:45,3,-92,-109
11:40:45,-2,-95,-121
11:40:45,7,-111,-120
11:40:45,5,-98,-113
11:40:45,4,-96,-119
11:40:45,4,-98,-124
11:40:45,5,-100,-109
11:40:45,2,-101,-108
11:40:45,8,-104,-114
11:40:45,9,-95,-112
11:40:45,4,-101,-106
11:40:45,7,-103,-115
11:40:45,1,-94,-109
11:40:45,14,-103,-109
11:40:45,-3,-100,-111
11:40:45,0,-104,-115
11:40:45,7,-97,-104
11:40:45,2,-94,-118
11:40:46,1,-97,-99
11:40:46,7,-98,-108
11:40:46,2,-103,-110
11:40:46,8,-97,-107
11:40:46,7,-91,-105
11:40:46,9,-99,-117
11:40:46,4,-95,-104
11:40:46,8,-108,-105
11:40:46,2,-98,-108
11:40:46,4,-104,-124
11:40:46,1,-104,-111
11:40:46,7,-107,-106
11:40:46,0,-105,-107
11:40:46,-1,-100,-110
11:40:46,9,-102,-118
11:40:46,9,-99,-112
11:40:46,5,-99,-111
11:40:46,10,-95,-123
11:40:46,7,-95,-109
11:40:47,7,-103,-116
11:40:47,3,-95,-121
11:40:47,0,-100,-97
11:40:47,11,-101,-98
11:40:47,1,-94,-102
11:40:47,6,-102,-112
11:40:47,6,-100,-112
11:40:47,11,-94,-112
11:40:47,5,-98,-110
11:40:47,11,-99,-120
11:40:47,9,-112,-118
11:40:47,-2,-98,-104
11:40:47,3,-87,-98
11:40:47,7,-108,-108
11:40:47,2,-99,-121
11:40:47,10,-109,-106
11:40:47,2,-103,-105
11:40:47,-3,-103,-104
11:40:47,5,-114,-112
11:40:47,2,-116,-101
11:40:48,7,-98,-109
11:40:48,7,-109,-108
11:40:48,11,-98,-105
11:40:48,-2,-98,-115
11:40:48,9,-116,-109
11:40:48,8,-103,-96
11:40:48,3,-101,-106
11:40:48,2,-92,-118
11:40:48,7,-97,-104
11:40:48,8,-104,-113
11:40:48,10,-96,-113
11:40:48,8,-96,-113
11:40:48,9,-101,-117
11:40:48,9,-101,-115
11:40:48,10,-107,-108
11:40:48,7,-105,-108
11:40:48,3,-97,-105
11:40:48,-1,-83,-114
11:40:48,8,-110,-115
11:40:48,-2,-103,-110
11:40:49,11,-104,-119
11:40:49,12,-105,-115
11:40:49,8,-92,-112
11:40:49,5,-107,-115
11:40:49,-1,-109,-105
11:40:49,3,-104,-113
11:40:49,13,-92,-113
11:40:49,-1,-100,-112
11:40:49,-1,-97,-111
11:40:49,6,-110,-112
11:40:49,-2,-96,-109
11:40:49,7,-96,-101
11:40:49,3,-100,-111
11:40:49,9,-97,-116
11:40:49,0,-95,-102
11:40:49,4,-95,-108
11:40:49,5,-93,-98
11:40:49,7,-103,-106
11:40:49,9,-111,-112
11:40:49,6,-95,-119
11:40:50,11,-99,-111
11:40:50,5,-93,-121
11:40:50,-7,-97,-109
11:40:50,-5,-95,-116
11:40:50,11,-101,-120
11:40:50,6,-91,-103
11:40:50,5,-110,-114
11:40:50,6,-98,-108
11:40:50,-1,-97,-118
11:40:50,0,-92,-101
11:40:50,1,-105,-122
11:40:50,7,-104,-115
11:40:50,6,-105,-112
11:40:50,5,-102,-107
11:40:50,8,-95,-108
11:40:50,5,-104,-110
11:40:50,8,-106,-117
11:40:50,6,-100,-103
11:40:50,7,-107,-122
11:40:51,4,-93,-108
11:40:51,7,-89,-106
11:40:51,7,-89,-116
11:40:51,5,-94,-105
11:40:51,8,-87,-105
11:40:51,7,-99,-118
11:40:51,7,-103,-113
11:40:51,7,-97,-112
11:40:51,16,-109,-108
11:40:51,-1,-106,-118
11:40:51,2,-93,-123
11:40:51,6,-110,-106
11:40:51,4,-105,-115
11:40:51,3,-99,-123
11:40:51,7,-108,-110
11:40:51,-5,-92,-111
11:40:51,3,-102,-118
11:40:51,6,-85,-106
11:40:51,-1,-99,-107
11:40:51,3,-113,-112
11:40:52,5,-102,-124
11:40:52,9,-92,-118
11:40:52,10,-98,-100
11:40:52,7,-102,-100
11:40:52,7,-101,-108
11:40:52,1,-100,-116
11:40:52,4,-97,-92
11:40:52,13,-109,-106
11:40:52,9,-105,-90
11:40:52,11,-103,-107
11:40:52,6,-100,-120
11:40:52,9,-103,-118
11:40:52,2,-103,-117
11:40:52,5,-96,-125
11:40:52,10,-108,-115
11:40:52,8,-97,-120
11:40:52,7,-103,-109
11:40:52,4,-97,-126
11:40:52,13,-105,-114
11:40:52,3,-95,-103
11:40:53,5,-106,-117
11:40:53,3,-103,-103
11:40:53,3,-104,-118
11:40:53,15,-96,-113
11:40:53,3,-110,-114
11:40:53,7,-99,-120
11:40:53,-5,-91,-109
11:40:53,8,-97,-121
11:40:53,1,-94,-103
11:40:53,3,-105,-105
11:40:53,12,-89,-101
11:40:53,8,-88,-105
11:40:53,6,-91,-110
11:40:53,4,-96,-117
11:40:53,6,-96,-113
11:40:53,5,-110,-111
11:40:53,4,-106,-116
11:40:53,8,-92,-114
11:40:53,13,-105,-115
11:40:53,4,-101,-110
11:40:54,9,-101,-106
11:40:54,0,-100,-115
11:40:54,7,-102,-113
11:40:54,11,-102,-112
11:40:54,2,-101,-113
11:40:54,3,-103,-120
11:40:54,8,-108,-104
11:40:54,7,-105,-111
11:40:54,8,-103,-104
11:40:54,5,-107,-111
11:40:54,6,-100,-107
11:40:54,6,-99,-107
11:40:54,6,-93,-96
11:40:54,5,-94,-109
11:40:54,7,-100,-116
11:40:54,3,-95,-105
11:40:54,8,-96,-114
11:40:54,5,-98,-103
11:40:54,7,-95,-99
11:40:55,6,-113,-119
11:40:55,2,-103,-112
11:40:55,6,-105,-120
11:40:55,1,-100,-106
11:40:55,3,-101,-100
11:40:55,11,-101,-105
11:40:55,0,-104,-105
11:40:55,7,-96,-106
11:40:55,5,-95,-114
11:40:55,7,-97,-113
11:40:55,10,-102,-116
11:40:55,4,-96,-106
11:40:55,9,-107,-126
11:40:55,9,-104,-104
11:40:55,11,-107,-107
11:40:55,7,-94,-111
11:40:55,8,-96,-101
11:40:55,7,-98,-102
11:40:55,4,-106,-107
11:40:55,11,-97,-97
11:40:56,6,-95,-101
11:40:56,6,-99,-107
11:40:56,4,-93,-97
11:40:56,10,-108,-113
11:40:56,3,-101,-101
11:40:56,-1,-100,-109
11:40:56,6,-98,-117
11:40:56,-1,-103,-119
11:40:56,-6,-104,-112
11:40:56,4,-92,-111
11:40:56,1,-94,-116
11:40:56,4,-96,-110
11:40:56,7,-103,-117
11:40:56,12,-95,-110
11:40:56,3,-99,-118
11:40:56,6,-102,-116
11:40:56,5,-102,-121
11:40:56,-4,-106,-114
11:40:56,-1,-93,-115
11:40:56,9,-98,-106
11:40:57,5,-100,-109
11:40:57,12,-110,-107
11:40:57,10,-91,-118
11:40:57,10,-99,-106
11:40:57,6,-97,-107
11:40:57,6,-90,-112
11:40:57,10,-105,-99
11:40:57,-4,-100,-121
11:40:57,2,-101,-118
11:40:57,1,-107,-111
11:40:57,1,-95,-125
11:40:57,2,-101,-120
11:40:57,12,-103,-119
11:40:57,1,-102,-112
11:40:57,9,-103,-102
11:40:57,6,-100,-117
11:40:57,10,-106,-107
11:40:57,7,-89,-114
11:40:57,5,-111,-114
11:40:57,9,-103,-106
11:40:58,6,-104,-110
11:40:58,1,-98,-98
11:40:58,7,-96,-107
11:40:58,5,-89,-111
11:40:58,5,-100,-110
11:40:58,9,-101,-115
11:40:58,3,-94,-109
11:40:58,5,-101,-104
11:40:58,7,-101,-114
11:40:58,1,-100,-119
11:40:58,-6,-100,-120
11:40:58,3,-111,-113
11:40:58,10,-106,-115
11:40:58,-3,-93,-113
11:40:58,6,-104,-109
11:40:58,-1,-111,-100
11:40:58,-1,-98,-114
11:40:58,1,-101,-101
11:40:58,3,-97,-92
11:40:59,4,-100,-126
11:40:59,4,-100,-117
11:40:59,11,-93,-107
11:40:59,6,-99,-106
11:40:59,2,-92,-115
11:40:59,11,-88,-106
11:40:59,4,-95,-108
11:40:59,4,-96,-103
11:40:59,4,-91,-114
11:40:59,4,-94,-115
11:40:59,5,-104,-107
11:40:59,1,-108,-112
11:40:59,-1,-99,-107
11:40:59,1,-100,-106
11:40:59,7,-103,-110
11:40:59,3,-100,-111
11:40:59,9,-105,-120
11:40:59,3,-99,-108
11:40:59,5,-102,-106
11:40:59,2,-94,-113
11:41:00,6,-99,-112
11:41:00,0,-104,-121
11:41:00,6,-91,-117
11:41:00,9,-104,-111
11:41:00,10,-105,-106
11:41:00,8,-99,-105
11:41:00,7,-104,-115
11:41:00,5,-92,-124
11:41:00,9,-105,-99
11:41:00,4,-92,-109
11:41:00,-1,-84,-109
11:41:00,5,-103,-119
11:41:00,7,-109,-113
11:41:00,1,-91,-109
11:41:00,0,-98,-111
11:41:00,7,-97,-110
11:41:00,8,-101,-107
11:41:00,2,-104,-118
11:41:00,7,-102,-123
11:41:00,2,-108,-112
11:41:01,3,-96,-122
11:41:01,0,-99,-111
11:41:01,8,-98,-106
11:41:01,0,-101,-110
11:41:01,3,-100,-110
11:41:01,5,-100,-121
11:41:01,6,-93,-106
11:41:01,1,-101,-108
11:41:01,4,-100,-107
11:41:01,10,-94,-117
11:41:01,-4,-102,-119
11:41:01,6,-98,-109
11:41:01,8,-103,-105
11:41:01,8,-81,-108
11:41:01,5,-101,-102
11:41:01,8,-95,-107
11:41:01,12,-104,-116
11:41:01,-1,-102,-115
11:41:01,6,-105,-109
11:41:02,7,-95,-110
11:41:02,3,-107,-115
11:41:02,8,-105,-109
11:41:02,0,-102,-106
11:41:02,3,-101,-127
11:41:02,2,-108,-110
11:41:02,-4,-109,-120
11:41:02,0,-102,-111
11:41:02,1,-107,-112
11:41:02,10,-99,-122
11:41:02,4,-97,-108
11:41:02,7,-102,-114
11:41:02,12,-104,-105
11:41:02,8,-103,-106
11:41:02,9,-99,-106
11:41:02,3,-103,-113
11:41:02,8,-105,-104
11:41:02,9,-92,-102
11:41:02,17,-91,-113
11:41:02,12,-96,-99
11:41:03,10,-103,-109
11:41:03,5,-101,-115
11:41:03,6,-99,-107
11:41:03,2,-101,-109
11:41:03,4,-98,-105
11:41:03,-4,-102,-111
11:41:03,1,-95,-116
11:41:03,-1,-95,-104
11:41:03,2,-98,-107
11:41:03,3,-113,-115
11:41:03,6,-107,-116
11:41:03,7,-101,-112
11:41:03,6,-94,-105
11:41:03,6,-100,-115
11:41:03,13,-105,-117
11:41:03,1,-109,-110
11:41:03,7,-102,-107
11:41:03,2,-96,-100
11:41:03,4,-96,-110
11:41:03,5,-93,-118
11:41:04,2,-99,-110
11:41:04,1,-107,-107
11:41:04,4,-86,-109
11:41:04,8,-104,-117
11:41:04,4,-88,-111
11:41:04,-2,-103,-116
11:41:04,4,-100,-110
11:41:04,-4,-98,-105
11:41:04,-2,-102,-120
11:41:04,-3,-97,-111
11:41:04,3,-107,-103
11:41:04,5,-105,-118
11:41:04,7,-94,-101
11:41:04,6,-108,-96
11:41:04,4,-97,-108
11:41:04,0,-106,-116
11:41:04,4,-101,-111
11:41:04,1,-91,-109
11:41:04,9,-101,-105
11:41:04,15,-89,-105
11:41:05,2,-102,-109
11:41:05,7,-102,-112
11:41:05,3,-93,-107
11:41:05,7,-99,-113
11:41:05,5,-96,-114
11:41:05,6,-98,-116
11:41:05,8,-99,-116
11:41:05,7,-99,-105
11:41:05,7,-108,-118
11:41:05,2,-113,-109
11:41:05,0,-101,-117
11:41:05,9,-111,-106
11:41:05,3,-105,-112
11:41:05,-4,-98,-112
11:41:05,4,-97,-115
11:41:05,-3,-94,-113
11:41:05,2,-112,-115
11:41:05,2,-103,-104
11:41:05,5,-99,-105
11:41:06,-2,-99,-116
11:41:06,6,-102,-108
11:41:06,7,-95,-113
11:41:06,13,-107,-117
11:41:06,6,-97,-105
11:41:06,4,-95,-111
11:41:06,5,-100,-109
11:41:06,4,-103,-103
11:41:06,9,-111,-98
11:41:06,11,-96,-112
11:41:06,7,-99,-103
11:41:06,9,-96,-120
11:41:06,0,-98,-114
11:41:06,15,-105,-118
11:41:06,2,-100,-109
11:41:06,0,-95,-112
11:41:06,8,-106,-113
11:41:06,3,-105,-110
11:41:06,-1,-104,-102
11:41:06,6,-101,-118
11:41:07,3,-102,-119
11:41:07,-1,-98,-116
11:41:07,4,-104,-114
11:41:07,6,-100,-109
11:41:07,3,-100,-105
11:41:07,1,-102,-100
11:41:07,7,-102,-109
11:41:07,9,-100,-103
11:41:07,-3,-90,-104
11:41:07,-1,-87,-106
11:41:07,5,-92,-113
11:41:07,4,-91,-104
11:41:07,6,-100,-111
11:41:07,5,-99,-109
11:41:07,3,-107,-105
11:41:07,-4,-106,-125
11:41:07,11,-110,-103
11:41:07,1,-101,-103
11:41:07,4,-104,-119
11:41:07,10,-102,-103
11:41:08,1,-104,-112
11:41:08,2,-101,-125
11:41:08,5,-97,-105
11:41:08,5,-97,-111
11:41:08,-2,-98,-96
11:41:08,7,-99,-99
11:41:08,8,-103,-115
11:41:08,7,-109,-110
11:41:08,2,-95,-119
11:41:08,9,-102,-105
11:41:08,12,-100,-109
11:41:08,8,-98,-116
11:41:08,7,-93,-124
11:41:08,4,-98,-103
11:41:08,8,-95,-117
11:41:08,1,-104,-113
11:41:08,9,-103,-116
11:41:08,-2,-104,-111
11:41:08,4,-103,-115
11:41:08,3,-108,-119
11:41:09,3,-108,-104
11:41:09,10,-100,-106
11:41:09,9,-100,-118
11:41:09,-3,-92,-106
11:41:09,9,-99,-117
11:41:09,7,-100,-118
11:41:09,1,-95,-118
11:41:09,10,-100,-119
11:41:09,3,-103,-120
11:41:09,3,-94,-110
11:41:09,6,-103,-108
11:41:09,-1,-95,-109
11:41:09,7,-102,-105
11:41:09,8,-100,-108
11:41:09,4,-92,-109
11:41:09,4,-105,-103
11:41:09,-1,-91,-117
11:41:09,6,-100,-109
11:41:09,3,-103,-116
11:41:10,8,-103,-109
11:41:10,8,-106,-108
11:41:10,2,-100,-121
11:41:10,2,-102,-108
11:41:10,6,-98,-106
11:41:10,7,-107,-108
11:41:10,2,-102,-129
11:41:10,1,-99,-117
11:41:10,10,-103,-105
11:41:10,3,-104,-125
11:41:10,4,-94,-105
11:41:10,8,-103,-116
11:41:10,6,-93,-108
11:41:10,0,-102,-113
11:41:10,3,-96,-108
11:41:10,6,-96,-114
11:41:10,10,-100,-106
11:41:10,8,-101,-101
11:41:10,8,-97,-113
11:41:10,3,-100,-115
11:41:11,8,-104,-119
11:41:11,10,-110,-113
11:41:11,1,-91,-116
11:41:11,7,-115,-102
11:41:11,2,-108,-115
11:41:11,4,-100,-106
11:41:11,10,-105,-104
11:41:11,0,-93,-119
11:41:11,6,-111,-110
11:41:11,7,-110,-109
11:41:11,9,-94,-116
11:41:11,5,-102,-111
11:41:11,8,-98,-118
11:41:11,8,-104,-112
11:41:11,7,-104,-130
11:41:11,3,-97,-115
11:41:11,4,-102,-108
11:41:11,6,-100,-113
11:41:11,8,-95,-105
11:41:11,9,-113,-100
11:41:12,2,-84,-106
11:41:12,3,-96,-121
11:41:12,7,-107,-99
11:41:12,10,-97,-105
11:41:12,6,-96,-104
11:41:12,5,-96,-114
11:41:12,6,-101,-109
11:41:12,3,-103,-116
11:41:12,1,-94,-109
11:41:12,2,-97,-124
11:41:12,6,-100,-108
11:41:12,-2,-105,-110
11:41:12,9,-105,-113
11:41:12,4,-94,-123
11:41:12,4,-105,-105
11:41:12,3,-94,-108
11:41:12,2,-109,-119
11:41:12,7,-99,-107
11:41:12,6,-101,-117
11:41:12,4,-105,-112
11:41:13,8,-89,-113
11:41:13,3,-93,-113
11:41:13,5,-101,-105
11:41:13,9,-93,-105
11:41:13,13,-107,-102
11:41:13,7,-95,-113
11:41:13,-1,-99,-99
11:41:13,2,-96,-109
11:41:13,5,-106,-107
11:41:13,4,-95,-113
11:41:13,4,-114,-117
11:41:13,-1,-96,-117
11:41:13,2,-99,-102
11:41:13,5,-112,-113
11:41:13,0,-103,-112
11:41:13,14,-104,-109
11:41:13,5,-99,-104
11:41:13,-1,-108,-108
11:41:13,8,-102,-111
11:41:14,1,-97,-111
11:41:14,8,-102,-104
11:41:14,5,-99,-116
11:41:14,13,-100,-111
11:41:14,4,-94,-115
11:41:14,10,-94,-104
11:41:14,8,-105,-108
11:41:14,10,-102,-123
11:41:14,6,-96,-119
11:41:14,5,-97,-101
11:41:14,8,-99,-127
11:41:14,0,-104,-106
11:41:14,7,-102,-106
11:41:14,5,-101,-113
11:41:14,3,-97,-120
11:41:14,5,-102,-108
11:41:14,10,-100,-109
11:41:14,-1,-96,-104
11:41:14,5,-100,-115
11:41:14,5,-96,-117
11:41:15,9,-99,-111
11:41:15,4,-101,-102
11:41:15,6,-100,-110
11:41:15,4,-98,-109
11:41:15,1,-98,-109
11:41:15,0,-102,-113
11:41:15,-2,-100,-119
11:41:15,7,-103,-107
11:41:15,2,-92,-108
11:41:15,9,-105,-111
11:41:15,9,-98,-95
11:41:15,13,-102,-117
11:41:15,5,-102,-103
11:41:15,1,-98,-103
11:41:15,8,-100,-113
11:41:15,8,-96,-126
11:41:15,2,-110,-103
11:41:15,7,-100,-117
11:41:15,1,-104,-97
11:41:15,5,-95,-106
11:41:16,6,-100,-104
11:41:16,7,-110,-110
11:41:16,4,-100,-111
11:41:16,10,-101,-100
11:41:16,5,-99,-113
11:41:16,9,-102,-100
11:41:16,0,-93,-111
11:41:16,6,-92,-111
11:41:16,11,-94,-113
11:41:16,7,-86,-115
11:41:16,2,-104,-118
11:41:16,-1,-103,-118
11:41:16,8,-104,-119
11:41:16,0,-99,-112
11:41:16,11,-99,-104
11:41:16,6,-93,-101
11:41:16,7,-97,-92
11:41:16,8,-92,-106
11:41:16,5,-95,-107
11:41:16,5,-104,-109
11:41:17,5,-101,-111
11:41:17,3,-105,-122
11:41:17,1,-95,-118
11:41:17,4,-109,-119
11:41:17,2,-103,-109
11:41:17,-2,-103,-107
11:41:17,15,-96,-102
11:41:17,10,-103,-132
11:41:17,10,-106,-112
11:41:17,0,-97,-109
11:41:17,3,-101,-114
11:41:17,5,-95,-113
11:41:17,8,-96,-115
11:41:17,2,-97,-108
11:41:17,8,-109,-113
11:41:17,5,-102,-103
11:41:17,8,-104,-101
11:41:17,5,-93,-100
11:41:17,7,-94,-99
11:41:18,8,-97,-96
11:41:18,1,-91,-107
11:41:18,7,-97,-107
11:41:18,4,-94,-114
11:41:18,6,-96,-108
11:41:18,2,-106,-123
11:41:18,4,-99,-113
11:41:18,-2,-95,-118
11:41:18,3,-105,-118
11:41:18,5,-101,-106
11:41:18,10,-99,-119
11:41:18,2,-93,-123
11:41:18,7,-101,-120
11:41:18,8,-100,-113
11:41:18,3,-103,-104
11:41:18,6,-101,-113
11:41:18,5,-106,-110
11:41:18,6,-107,-111
11:41:18,-2,-101,-111
11:41:18,7,-92,-109
11:41:19,15,-96,-102
11:41:19,4,-109,-105
11:41:19,9,-94,-117
11:41:19,2,-97,-99
11:41:19,0,-97,-108
11:41:19,1,-92,-116
11:41:19,2,-94,-113
11:41:19,4,-101,-110
11:41:19,0,-93,-121
11:41:19,5,-92,-114
11:41:19,2,-92,-124
11:41:19,3,-94,-117
11:41:19,-4,-90,-112
11:41:19,2,-102,-123
11:41:19,10,-97,-110
11:41:19,1,-98,-113
11:41:19,-6,-97,-105
11:41:19,7,-105,-113
11:41:19,6,-108,-108
11:41:19,0,-87,-114
11:41:20,6,-99,-119
11:41:20,3,-104,-116
11:41:20,1,-103,-111
11:41:20,10,-100,-117
11:41:20,6,-95,-113
11:41:20,6,-96,-103
11:41:20,13,-89,-116
11:41:20,8,-109,-106
11:41:20,12,-102,-117
11:41:20,6,-92,-110
11:41:20,6,-98,-115
11:41:20,7,-105,-116
11:41:20,-2,-100,-113
11:41:20,8,-108,-89
11:41:20,0,-99,-118
11:41:20,5,-107,-110
11:41:20,6,-107,-110
11:41:20,4,-111,-108
11:41:20,9,-105,-103
11:41:20,-2,-87,-101
11:41:21,7,-106,-112
11:41:21,4,-97,-117
11:41:21,4,-99,-99
11:41:21,8,-99,-117
11:41:21,5,-88,-114
11:41:21,9,-95,-120
11:41:21,6,-111,-106
11:41:21,8,-99,-108
11:41:21,-1,-107,-112
11:41:21,6,-99,-114
11:41:21,3,-98,-101
11:41:21,1,-107,-103
11:41:21,3,-96,-114
11:41:21,5,-91,-110
11:41:21,6,-97,-99
11:41:21,9,-107,-120
11:41:21,-1,-108,-113
11:41:21,5,-90,-105
11:41:21,7,-99,-121
11:41:22,12,-103,-117
11:41:22,8,-106,-109
11:41:22,3,-105,-107
11:41:22,5,-103,-120
11:41:22,11,-101,-117
11:41:22,0,-105,-110
11:41:22,2,-99,-114
11:41:22,9,-105,-109
11:41:22,6,-97,-110
11:41:22,4,-111,-112
11:41:22,1,-103,-104
11:41:22,3,-100,-110
11:41:22,1,-92,-113
11:41:22,5,-100,-105
11:41:22,11,-95,-102
11:41:22,12,-103,-106
11:41:22,12,-102,-117
11:41:22,10,-107,-126
11:41:22,1,-96,-111
11:41:22,5,-99,-122
11:41:23,3,-95,-114
11:41:23,8,-89,-121
11:41:23,4,-105,-111
11:41:23,4,-104,-111
11:41:23,6,-100,-107
11:41:23,3,-98,-105
11:41:23,5,-111,-104
11:41:23,6,-105,-107
11:41:23,10,-96,-112
11:41:23,0,-104,-106
11:41:23,4,-101,-117
11:41:23,0,-111,-111
11:41:23,6,-99,-125
11:41:23,5,-102,-108
11:41:23,1,-92,-113
11:41:23,3,-88,-101
11:41:23,10,-93,-99
11:41:23,11,-95,-109
11:41:23,9,-103,-112
11:41:23,7,-96,-106
11:41:24,14,-98,-106
11:41:24,4,-92,-116
11:41:24,7,-114,-110
11:41:24,1,-95,-118
11:41:24,4,-104,-112
11:41:24,9,-99,-117
11:41:24,1,-101,-112
11:41:24,7,-100,-114
11:41:24,3,-94,-121
11:41:24,6,-104,-104
11:41:24,0,-108,-117
11:41:24,3,-92,-110
11:41:24,3,-96,-124
11:41:24,-2,-84,-122
11:41:24,7,-100,-89
11:41:24,6,-100,-119
11:41:24,12,-91,-119
11:41:24,1,-114,-103
11:41:24,8,-100,-109
11:41:24,8,-101,-110
11:41:25,6,-102,-117
11:41:25,9,-95,-112
11:41:25,3,-95,-115
11:41:25,11,-92,-108
11:41:25,3,-85,-106
11:41:25,8,-101,-122
11:41:25,8,-107,-100
11:41:25,11,-97,-112
11:41:25,8,-98,-107
11:41:25,7,-98,-110
11:41:25,3,-94,-104
11:41:25,0,-101,-118
11:41:25,6,-94,-113
11:41:25,11,-112,-106
11:41:25,-2,-104,-118
11:41:25,6,-91,-102
11:41:25,8,-105,-106
11:41:25,6,-96,-110
11:41:25,6,-88,-112
11:41:26,4,-95,-101
11:41:26,1,-103,-104
11:41:26,0,-103,-103
11:41:26,8,-87,-111
11:41:26,9,-98,-108
11:41:26,4,-102,-104
11:41:26,9,-88,-103
11:41:26,4,-104,-113
11:41:26,10,-102,-106
11:41:26,1,-102,-115
11:41:26,6,-93,-111
11:41:26,5,-106,-117
11:41:26,2,-109,-109
11:41:26,8,-109,-121
11:41:26,11,-96,-114
11:41:26,2,-93,-120
11:41:26,-2,-99,-108
11:41:26,7,-99,-112
11:41:26,6,-97,-107
11:41:26,11,-92,-120
11:41:27,9,-107,-98
11:41:27,-2,-109,-117
11:41:27,10,-99,-116
11:41:27,7,-96,-122
11:41:27,-2,-97,-113
11:41:27,2,-92,-130
11:41:27,0,-94,-123
11:41:27,7,-99,-115
11:41:27,13,-98,-112
11:41:27,3,-106,-98
11:41:27,9,-105,-114
11:41:27,0,-96,-113
11:41:27,9,-92,-117
11:41:27,9,-96,-104
11:41:27,2,-89,-117
11:41:27,8,-102,-107
11:41:27,8,-102,-113
11:41:27,1,-95,-98
11:41:27,6,-105,-117
11:41:27,4,-104,-119
11:41:28,-1,-99,-105
11:41:28,9,-105,-127
11:41:28,10,-107,-108
11:41:28,1,-106,-115
11:41:28,2,-92,-103
11:41:28,2,-92,-106
11:41:28,4,-106,-116
11:41:28,10,-100,-103
11:41:28,4,-101,-116
11:41:28,2,-99,-120
11:41:28,6,-106,-109
11:41:28,7,-102,-101
11:41:28,12,-103,-120
11:41:28,10,-102,-106
11:41:28,7,-103,-112
11:41:28,7,-95,-98
11:41:28,14,-105,-107
11:41:28,4,-106,-109
11:41:28,10,-98,-104
11:41:28,7,-104,-98
11:41:29,5,-105,-114
11:41:29,10,-100,-119
11:41:29,4,-91,-107
11:41:29,6,-102,-116
11:41:29,1,-111,-103
11:41:29,-2,-93,-126
11:41:29,5,-92,-102
11:41:29,4,-100,-112
11:41:29,6,-96,-115
11:41:29,6,-105,-108
11:41:29,13,-101,-113
11:41:29,7,-98,-113
11:41:29,7,-97,-115
11:41:29,6,-96,-108
11:41:29,6,-106,-113
11:41:29,6,-100,-114
11:41:29,9,-92,-108
11:41:29,4,-99,-117
11:41:29,9,-88,-104
11:41:30,7,-92,-105
11:41:30,2,-101,-109
11:41:30,6,-95,-102
11:41:30,0,-94,-106
11:41:30,5,-108,-112
11:41:30,-1,-102,-114
11:41:30,5,-105,-117
11:41:30,-1,-104,-120
11:41:30,4,-107,-106
11:41:30,9,-110,-121
11:41:30,3,-102,-106
11:41:30,-2,-96,-110
11:41:30,-5,-106,-108
11:41:30,0,-95,-110
11:41:30,2,-103,-107
11:41:30,6,-102,-111
11:41:30,6,-95,-122
11:41:30,2,-86,-104
11:41:30,7,-101,-112
11:41:30,4,-97,-108
11:41:31,6,-103,-115
11:41:31,1,-88,-106
11:41:31,4,-97,-111
11:41:31,1,-100,-109
11:41:31,6,-97,-102
11:41:31,5,-100,-105
11:41:31,1,-91,-97
11:41:31,9,-100,-122
11:41:31,7,-110,-109
11:41:31,7,-96,-101
11:41:31,5,-107,-105
11:41:31,6,-88,-103
11:41:31,12,-113,-101
11:41:31,5,-103,-112
11:41:31,6,-101,-120
11:41:31,5,-104,-106
11:41:31,2,-100,-105
11:41:31,2,-96,-109
11:41:31,2,-104,-108
11:41:31,5,-103,-117
11:41:32,7,-104,-128
11:41:32,1,-98,-106
11:41:32,4,-105,-108
11:41:32,4,-100,-100
11:41:32,8,-102,-99
11:41:32,8,-97,-113
11:41:32,3,-101,-107
11:41:32,6,-102,-121
11:41:32,2,-94,-98
11:41:32,10,-100,-116
11:41:32,3,-104,-118
11:41:32,4,-104,-99
11:41:32,-3,-91,-109
11:41:32,3,-110,-93
11:41:32,1,-103,-107
11:41:32,1,-91,-120
11:41:32,-5,-106,-114
11:41:32,1,-109,-115
11:41:32,7,-103,-111
11:41:33,4,-97,-123
11:41:33,-5,-95,-124
11:41:33,3,-104,-104
11:41:33,-2,-107,-109
11:41:33,4,-93,-117
11:41:33,6,-94,-106
11:41:33,4,-96,-115
11:41:33,11,-108,-97
11:41:33,6,-97,-116
11:41:33,11,-102,-122
11:41:33,6,-92,-106
11:41:33,0,-96,-90
11:41:33,11,-104,-109
11:41:33,7,-102,-96
11:41:33,6,-96,-122
11:41:33,6,-95,-103
11:41:33,11,-100,-114
11:41:33,9,-109,-105
11:41:33,8,-108,-129
11:41:33,3,-105,-118
11:41:34,-2,-102,-110
11:41:34,11,-103,-106
11:41:34,2,-98,-109
11:41:34,-2,-95,-109
11:41:34,6,-99,-120
11:41:34,-2,-99,-122
11:41:34,2,-110,-101
11:41:34,8,-106,-108
11:41:34,12,-100,-107
11:41:34,5,-100,-112
11:41:34,6,-101,-125
11:41:34,-1,-92,-103
11:41:34,7,-105,-115
11:41:34,8,-103,-112
11:41:34,9,-99,-104
11:41:34,0,-94,-109
11:41:34,10,-102,-106
11:41:34,7,-90,-104
11:41:34,8,-104,-101
11:41:34,11,-102,-107
11:41:35,4,-100,-113
11:41:35,7,-103,-114
11:41:35,11,-107,-110
11:41:35,-1,-95,-111
11:41:35,-1,-108,-108
11:41:35,7,-105,-119
11:41:35,6,-99,-98
11:41:35,7,-100,-114
11:41:35,5,-107,-119
11:41:35,5,-91,-110
11:41:35,7,-95,-107
11:41:35,2,-95,-94
11:41:35,14,-105,-108
11:41:35,2,-103,-109
11:41:35,6,-101,-114
11:41:35,3,-93,-120
11:41:35,4,-92,-120
11:41:35,-3,-98,-114
11:41:35,0,-99,-108
11:41:35,2,-89,-115
11:41:36,7,-102,-101
11:41:36,-1,-98,-106
11:41:36,10,-100,-108
11:41:36,6,-98,-115
11:41:36,9,-91,-97
11:41:36,6,-111,-97
11:41:36,11,-99,-116
11:41:36,3,-103,-106
11:41:36,15,-108,-108
11:41:36,2,-99,-109
11:41:36,10,-95,-110
11:41:36,5,-94,-115
11:41:36,1,-96,-107
11:41:36,0,-98,-101
11:41:36,3,-104,-107
11:41:36,9,-105,-117
11:41:36,9,-106,-126
11:41:36,3,-97,-122
11:41:36,3,-97,-108
11:41:37,8,-99,-121
11:41:37,6,-104,-106
11:41:37,-1,-103,-117
11:41:37,-1,-96,-117
11:41:37,-2,-94,-124
11:41:37,3,-104,-107
11:41:37,1,-99,-99
11:41:37,0,-97,-109
11:41:37,0,-101,-106
11:41:37,17,-100,-111
11:41:37,9,-93,-110
11:41:37,7,-103,-100
11:41:37,10,-97,-113
11:41:37,4,-102,-107
11:41:37,9,-103,-119
11:41:37,10,-100,-113
11:41:37,6,-112,-121
11:41:37,0,-107,-105
11:41:37,8,-107,-114
11:41:37,3,-104,-113
11:41:38,9,-103,-106
11:41:38,9,-103,-113
11:41:38,5,-102,-116
11:41:38,2,-93,-110
11:41:38,4,-97,-104
11:41:38,9,-103,-121
11:41:38,4,-98,-114
11:41:38,6,-104,-106
11:41:38,5,-106,-112
11:41:38,11,-108,-101
11:41:38,3,-87,-114
11:41:38,7,-99,-101
11:41:38,8,-89,-105
11:41:38,12,-94,-106
11:41:38,2,-102,-110
11:41:38,0,-101,-103
11:41:38,3,-107,-104
11:41:38,1,-101,-119
11:41:38,3,-101,-111
11:41:38,3,-106,-118
11:41:39,7,-103,-113
11:41:39,5,-104,-102
11:41:39,1,-98,-108
11:41:39,5,-105,-107
11:41:39,7,-96,-113
11:41:39,2,-95,-115
11:41:39,1,-92,-111
11:41:39,3,-94,-134
11:41:39,1,-91,-119
11:41:39,9,-99,-108
11:41:39,6,-106,-118
11:41:39,9,-99,-121
11:41:39,7,-92,-104
11:41:39,1,-100,-117
11:41:39,8,-106,-107
11:41:39,9,-97,-102
11:41:39,3,-102,-112
11:41:39,5,-93,-104
11:41:39,11,-106,-103
11:41:39,8,-98,-109
11:41:40,11,-95,-106
11:41:40,11,-98,-110
11:41:40,5,-101,-114
11:41:40,0,-97,-113
11:41:40,0,-102,-104
11:41:40,1,-100,-105
11:41:40,4,-101,-115
11:41:40,2,-107,-112
11:41:40,4,-94,-126
11:41:40,7,-109,-113
11:41:40,7,-116,-95
11:41:40,-1,-102,-119
11:41:40,4,-106,-102
11:41:40,4,-96,-114
11:41:40,2,-96,-108
11:41:40,7,-104,-110
11:41:40,7,-96,-111
11:41:40,-1,-98,-101
11:41:40,1,-94,-106
11:41:41,7,-103,-106
11:41:41,5,-94,-113
11:41:41,7,-102,-115
11:41:41,3,-106,-104
11:41:41,-2,-106,-94
11:41:41,8,-92,-109
11:41:41,14,-99,-102
11:41:41,4,-101,-110
11:41:41,8,-101,-119
11:41:41,4,-111,-119
11:41:41,-2,-104,-100
11:41:41,2,-98,-106
11:41:41,3,-104,-106
11:41:41,6,-107,-114
11:41:41,7,-109,-114
11:41:41,7,-100,-115
11:41:41,5,-104,-113
11:41:41,1,-107,-117
11:41:41,7,-93,-120
11:41:41,-1,-100,-122
11:41:42,4,-103,-101
11:41:42,3,-88,-102
11:41:42,7,-95,-123
11:41:42,7,-98,-103
11:41:42,8,-98,-110
11:41:42,7,-108,-104
11:41:42,5,-97,-94
11:41:42,11,-102,-107
11:41:42,4,-91,-107
11:41:42,8,-104,-96
11:41:42,1,-100,-106
11:41:42,0,-95,-106
11:41:42,3,-100,-112
11:41:42,4,-114,-103
11:41:42,8,-95,-117
11:41:42,2,-108,-110
11:41:42,1,-105,-107
11:41:42,3,-99,-117
11:41:42,5,-108,-117
11:41:42,6,-104,-111
11:41:43,7,-87,-125
11:41:43,11,-99,-117
11:41:43,7,-111,-104
11:41:43,6,-97,-108
11:41:43,2,-95,-111
11:41:43,5,-99,-113
11:41:43,1,-104,-117
11:41:43,-1,-99,-100
11:41:43,-1,-102,-123
11:41:43,3,-93,-100
11:41:43,9,-99,-109
11:41:43,-1,-97,-119
11:41:43,7,-96,-111
11:41:43,7,-97,-112
11:41:43,2,-98,-99
11:41:43,4,-100,-100
11:41:43,3,-106,-123
11:41:43,2,-113,-114
11:41:43,7,-100,-116
11:41:43,-1,-98,-110
11:41:44,7,-107,-121
11:41:44,6,-102,-115
11:41:44,3,-95,-110
11:41:44,-3,-105,-111
11:41:44,2,-97,-124
11:41:44,7,-91,-129
11:41:44,-2,-98,-103
11:41:44,0,-99,-113
11:41:44,4,-94,-120
11:41:44,-1,-102,-117
11:41:44,10,-105,-122
11:41:44,3,-83,-125
11:41:44,2,-99,-106
11:41:44,0,-100,-104
11:41:44,4,-102,-108
11:41:44,8,-101,-107
11:41:44,11,-102,-99
11:41:44,8,-96,-107
11:41:44,12,-104,-122
11:41:45,1,-96,-119
11:41:45,3,-109,-108
11:41:45,7,-90,-107
11:41:45,5,-104,-123
11:41:45,10,-96,-108
11:41:45,2,-103,-118
11:41:45,7,-101,-114
11:41:45,6,-115,-116
11:41:45,5,-98,-118
11:41:45,5,-109,-109
11:41:45,3,-104,-109
11:41:45,3,-111,-103
11:41:45,5,-91,-116
11:41:45,0,-98,-112
11:41:45,5,-100,-113
11:41:45,-1,-93,-116
11:41:45,4,-100,-106
11:41:45,-1,-105,-101
11:41:45,3,-100,-113
11:41:45,1,-101,-112
11:41:46,8,-109,-116
11:41:46,11,-110,-103
11:41:46,4,-102,-108
11:41:46,7,-99,-115
11:41:46,4,-102,-106
11:41:46,5,-102,-108
11:41:46,4,-105,-108
11:41:46,7,-95,-126
11:41:46,8,-106,-100
11:41:46,-2,-94,-117
11:41:46,-6,-91,-123
11:41:46,-6,-97,-112
11:41:46,-2,-106,-115
11:41:46,6,-98,-120
11:41:46,-2,-107,-110
11:41:46,6,-109,-118
11:41:46,6,-82,-117
11:41:46,3,-90,-99
11:41:46,-1,-109,-109
11:41:46,5,-97,-108
11:41:47,10,-103,-96
11:41:47,5,-101,-107
11:41:47,13,-88,-119
11:41:47,7,-102,-95
11:41:47,3,-95,-110
11:41:47,5,-97,-114
11:41:47,6,-101,-108
11:41:47,5,-98,-102
11:41:47,5,-106,-98
11:41:47,5,-102,-105
11:41:47,6,-108,-111
11:41:47,16,-107,-118
11:41:47,4,-95,-114
11:41:47,6,-94,-109
11:41:47,9,-89,-117
11:41:47,4,-105,-113
11:41:47,10,-105,-106
11:41:47,-3,-91,-121
11:41:47,3,-98,-107
11:41:47,2,-107,-118
11:41:48,5,-108,-111
11:41:48,6,-108,-116
11:41:48,-3,-95,-111
11:41:48,7,-107,-110
11:41:48,7,-99,-112
11:41:48,5,-91,-114
11:41:48,5,-103,-112
11:41:48,1,-104,-112
11:41:48,0,-98,-117
11:41:48,11,-98,-122
11:41:48,15,-97,-114
11:41:48,12,-97,-110
11:41:48,3,-94,-106
11:41:48,7,-92,-99
11:41:48,7,-96,-106
11:41:48,10,-95,-107
11:41:48,6,-91,-98
11:41:48,6,-100,-118
11:41:48,7,-99,-100
11:41:49,2,-101,-115
11:41:49,6,-104,-116
11:41:49,9,-111,-113
11:41:49,3,-97,-104
11:41:49,8,-99,-121
11:41:49,3,-104,-106
11:41:49,2,-106,-116
11:41:49,10,-105,-98
11:41:49,0,-110,-116
11:41:49,4,-100,-112
11:41:49,4,-94,-111
11:41:49,5,-108,-125
11:41:49,5,-87,-109
11:41:49,7,-106,-113
11:41:49,7,-102,-111
11:41:49,7,-99,-103
11:41:49,5,-104,-113
11:41:49,5,-96,-103
11:41:49,3,-102,-111
11:41:49,3,-114,-115
11:41:50,5,-95,-115
11:41:50,3,-89,-121
11:41:50,7,-101,-117
11:41:50,9,-97,-90
11:41:50,2,-95,-109
11:41:50,6,-88,-103
11:41:50,3,-107,-123
11:41:50,-3,-104,-106
11:41:50,4,-102,-114
11:41:50,3,-104,-115
11:41:50,-4,-102,-112
11:41:50,0,-104,-118
11:41:50,-7,-89,-115
11:41:50,-1,-99,-109
11:41:50,9,-100,-116
11:41:50,4,-101,-115
11:41:50,3,-103,-104
11:41:50,7,-104,-106
11:41:50,5,-96,-93
11:41:50,7,-89,-113
11:41:51,-2,-94,-110
11:41:51,2,-96,-128
11:41:51,2,-101,-113
11:41:51,9,-110,-101
11:41:51,6,-97,-106
11:41:51,5,-103,-108
11:41:51,4,-94,-98
11:41:51,8,-97,-114
11:41:51,-1,-95,-109
11:41:51,6,-100,-101
11:41:51,8,-98,-126
11:41:51,4,-93,-113
11:41:51,3,-100,-130
11:41:51,6,-105,-119
11:41:51,6,-106,-117
11:41:51,1,-103,-103
11:41:51,2,-100,-107
11:41:51,2,-96,-124
11:41:51,4,-94,-111
11:41:52,12,-105,-111
11:41:52,6,-107,-115
11:41:52,10,-108,-107
11:41:52,-2,-101,-110
11:41:52,7,-108,-117
11:41:52,9,-100,-103
11:41:52,2,-103,-110
11:41:52,3,-104,-110
11:41:52,11,-86,-111
11:41:52,2,-99,-120
11:41:52,10,-96,-108
11:41:52,13,-97,-112
11:41:52,2,-94,-108
11:41:52,6,-97,-100
11:41:52,6,-99,-93
11:41:52,8,-97,-110
11:41:52,10,-102,-120
11:41:52,5,-103,-112
11:41:52,2,-103,-118
11:41:52,7,-94,-99
11:41:53,5,-99,-103
11:41:53,-1,-91,-96
11:41:53,1,-100,-116
11:41:53,0,-92,-108
11:41:53,8,-102,-105
11:41:53,3,-109,-117
11:41:53,10,-106,-115
11:41:53,-4,-91,-120
11:41:53,-4,-104,-106
11:41:53,11,-102,-94
11:41:53,4,-97,-116
11:41:53,-4,-97,-105
11:41:53,6,-88,-103
11:41:53,8,-105,-106
11:41:53,7,-105,-109
11:41:53,5,-97,-112
11:41:53,13,-98,-114
11:41:53,7,-100,-100
11:41:53,11,-86,-110
11:41:53,6,-113,-119
11:41:54,6,-103,-104
11:41:54,8,-99,-109
11:41:54,6,-106,-110
11:41:54,7,-109,-126
11:41:54,5,-105,-119
11:41:54,11,-103,-118
11:41:54,3,-100,-116
11:41:54,6,-100,-113
11:41:54,7,-100,-102
11:41:54,-1,-98,-102
11:41:54,4,-101,-106
11:41:54,-1,-97,-127
11:41:54,9,-111,-110
11:41:54,9,-114,-114
11:41:54,5,-94,-109
11:41:54,6,-95,-122
11:41:54,6,-99,-111
11:41:54,7,-99,-112
11:41:54,3,-91,-103
11:41:54,7,-104,-91
11:41:55,4,-95,-105
11:41:55,7,-102,-101
11:41:55,2,-100,-109
11:41:55,9,-85,-105
11:41:55,8,-102,-90
11:41:55,-3,-95,-114
11:41:55,3,-100,-114
11:41:55,9,-103,-115
11:41:55,6,-104,-113
11:41:55,6,-97,-116
11:41:55,9,-101,-117
11:41:55,7,-101,-99
11:41:55,5,-99,-122
11:41:55,-2,-89,-119
11:41:55,8,-98,-119
11:41:55,6,-98,-106
11:41:55,-1,-108,-99
11:41:55,3,-98,-120
11:41:55,10,-103,-105
11:41:56,1,-101,-100
11:41:56,7,-96,-116
11:41:56,13,-102,-105
11:41:56,5,-101,-116
11:41:56,8,-102,-119
11:41:56,2,-92,-110
11:41:56,7,-99,-109
11:41:56,14,-91,-114
11:41:56,10,-95,-118
11:41:56,2,-103,-121
11:41:56,10,-104,-112
11:41:56,5,-98,-104
11:41:56,7,-101,-101
11:41:56,4,-96,-114
11:41:56,1,-95,-109
11:41:56,2,-103,-108
11:41:56,0,-101,-107
11:41:56,1,-98,-108
11:41:56,2,-107,-114
11:41:56,6,-94,-103
11:41:57,-2,-94,-108
11:41:57,10,-104,-117
11:41:57,3,-95,-115
11:41:57,2,-90,-110
11:41:57,1,-96,-105
11:41:57,-1,-111,-113
11:41:57,5,-100,-107
11:41:57,5,-100,-114
11:41:57,6,-99,-107
11:41:57,3,-92,-93
11:41:57,6,-93,-114
11:41:57,17,-98,-103
11:41:57,10,-104,-106
11:41:57,8,-102,-117
11:41:57,4,-112,-116
11:41:57,0,-98,-111
11:41:57,8,-94,-106
11:41:57,11,-103,-106
11:41:57,6,-95,-117
11:41:57,3,-101,-125
11:41:58,-3,-99,-113
11:41:58,13,-102,-102
11:41:58,5,-101,-117
11:41:58,4,-99,-114
11:41:58,7,-109,-109
11:41:58,9,-112,-111
11:41:58,12,-96,-113
11:41:58,8,-105,-112
11:41:58,11,-103,-101
11:41:58,15,-97,-111
11:41:58,4,-92,-111
11:41:58,12,-100,-112
11:41:58,6,-99,-116
11:41:58,7,-103,-110
11:41:58,5,-106,-118
11:41:58,9,-109,-112
11:41:58,0,-101,-109
11:41:58,10,-103,-102
11:41:58,15,-89,-109
11:41:58,4,-89,-114
11:41:59,1,-101,-115
11:41:59,7,-94,-114
11:41:59,3,-87,-113
11:41:59,-5,-104,-109
11:41:59,12,-111,-125
11:41:59,-1,-105,-126
11:41:59,1,-104,-112
11:41:59,5,-99,-111
11:41:59,10,-104,-114
11:41:59,1,-108,-115
11:41:59,6,-96,-118
11:41:59,1,-99,-117
11:41:59,11,-90,-120
11:41:59,6,-101,-118
11:41:59,6,-95,-115
11:41:59,6,-101,-117
11:41:59,6,-102,-97
11:41:59,2,-94,-113
11:41:59,2,-100,-107
11:42:00,8,-101,-111
11:42:00,15,-93,-97
11:42:00,4,-85,-109
11:42:00,5,-91,-112
11:42:00,10,-96,-118
11:42:00,3,-103,-99
11:42:00,11,-99,-111
11:42:00,1,-93,-112
11:42:00,3,-101,-110
11:42:00,3,-104,-115
11:42:00,8,-96,-105
11:42:00,-2,-100,-106
11:42:00,4,-100,-115
11:42:00,3,-108,-115
11:42:00,7,-95,-114
11:42:00,2,-100,-112
11:42:00,3,-101,-109
11:42:00,5,-111,-102
11:42:00,8,-100,-110
11:42:00,7,-96,-114
11:42:01,7,-100,-116
11:42:01,3,-104,-109
11:42:01,10,-111,-103
11:42:01,8,-103,-96
11:42:01,7,-100,-108
11:42:01,2,-97,-105
11:42:01,5,-92,-113
11:42:01,8,-109,-105
11:42:01,-4,-97,-110
11:42:01,9,-105,-106
11:42:01,7,-94,-102
11:42:01,9,-97,-116
11:42:01,9,-100,-113
11:42:01,7,-92,-109
11:42:01,2,-93,-108
11:42:01,7,-104,-112
11:42:01,7,-106,-106
11:42:01,9,-101,-122
11:42:01,7,-103,-118
11:42:01,0,-103,-122
11:42:02,3,-99,-115
11:42:02,6,-96,-112
11:42:02,5,-105,-112
11:42:02,3,-100,-102
11:42:02,-5,-92,-98
11:42:02,1,-101,-112
11:42:02,1,-106,-115
11:42:02,3,-107,-106
11:42:02,1,-96,-119
11:42:02,12,-104,-109
11:42:02,5,-107,-120
11:42:02,4,-96,-101
11:42:02,13,-92,-104
11:42:02,16,-101,-114
11:42:02,11,-110,-94
11:42:02,9,-107,-114
11:42:02,15,-104,-102
11:42:02,7,-100,-111
11:42:02,4,-95,-114
11:42:02,-1,-99,-113
11:42:03,-2,-101,-105
11:42:03,5,-98,-107
11:42:03,4,-105,-106
11:42:03,5,-98,-107
11:42:03,6,-110,-110
11:42:03,2,-92,-124
11:42:03,3,-95,-113
11:42:03,5,-92,-115
11:42:03,4,-92,-108
11:42:03,6,-99,-120
11:42:03,2,-95,-100
11:42:03,1,-107,-118
11:42:03,10,-102,-123
11:42:03,3,-103,-120
11:42:03,-4,-101,-109
11:42:03,2,-91,-110
11:42:03,4,-103,-99
11:42:03,10,-101,-108
11:42:03,6,-101,-101
11:42:04,10,-112,-108
11:42:04,4,-97,-116
11:42:04,2,-100,-125
11:42:04,8,-101,-122
11:42:04,9,-93,-123
11:42:04,2,-98,-117
11:42:04,9,-108,-122
11:42:04,7,-103,-92
11:42:04,5,-102,-107
11:42:04,11,-105,-117
11:42:04,10,-103,-106
11:42:04,2,-113,-106
11:42:04,0,-105,-112
11:42:04,-2,-104,-115
11:42:04,3,-106,-112
11:42:04,1,-96,-109
11:42:04,1,-97,-122
11:42:04,7,-98,-132
11:42:04,-1,-100,-113
11:42:04,14,-94,-87
11:42:05,6,-93,-103
11:42:05,5,-96,-101
11:42:05,9,-100,-103
11:42:05,11,-100,-106
11:42:05,4,-98,-110
11:42:05,3,-107,-114
11:42:05,4,-93,-106
11:42:05,1,-95,-102
11:42:05,16,-97,-113
11:42:05,2,-99,-115
11:42:05,1,-92,-114
11:42:05,13,-106,-124
11:42:05,3,-101,-120
11:42:05,2,-113,-114
11:42:05,2,-100,-111
11:42:05,-1,-91,-120
11:42:05,5,-99,-96
11:42:05,1,-107,-110
11:42:05,4,-100,-113
11:42:05,-4,-97,-97
11:42:06,7,-108,-110
11:42:06,6,-101,-113
11:42:06,5,-112,-112
11:42:06,-1,-87,-114
11:42:06,3,-86,-109
11:42:06,12,-105,-100
11:42:06,8,-103,-115
11:42:06,5,-96,-103
11:42:06,11,-104,-97
11:42:06,5,-96,-116
11:42:06,4,-98,-122
11:42:06,4,-81,-104
11:42:06,-2,-104,-124
11:42:06,8,-98,-110
11:42:06,1,-104,-126
11:42:06,9,-105,-113
11:42:06,4,-98,-106
11:42:06,7,-102,-118
11:42:06,9,-97,-110
11:42:06,2,-94,-114
11:42:07,6,-98,-107
11:42:07,6,-95,-116
11:42:07,11,-104,-103
11:42:07,5,-102,-116
11:42:07,7,-106,-108
11:42:07,4,-109,-117
11:42:07,-4,-97,-100
11:42:07,6,-107,-110
11:42:07,9,-103,-114
11:42:07,5,-104,-104
11:42:07,10,-103,-107
11:42:07,2,-105,-107
11:42:07,12,-99,-113
11:42:07,1,-88,-104
11:42:07,5,-103,-108
11:42:07,5,-105,-110
11:42:07,7,-108,-114
11:42:07,3,-101,-122
11:42:07,2,-97,-108
11:42:08,8,-106,-124
11:42:08,5,-102,-113
11:42:08,1,-97,-118
11:42:08,1,-105,-113
11:42:08,4,-104,-105
11:42:08,8,-92,-117
11:42:08,7,-104,-116
11:42:08,5,-105,-111
11:42:08,12,-105,-122
11:42:08,7,-89,-103
11:42:08,-1,-102,-106
11:42:08,8,-86,-111
11:42:08,7,-94,-106
11:42:08,8,-103,-109
11:42:08,9,-103,-107
11:42:08,6,-115,-113
11:42:08,10,-86,-102
11:42:08,10,-95,-107
11:42:08,12,-95,-107
11:42:08,6,-104,-107
11:42:09,9,-102,-116
11:42:09,8,-104,-120
11:42:09,3,-100,-108
11:42:09,6,-101,-112
11:42:09,5,-105,-116
11:42:09,3,-101,-118
11:42:09,6,-109,-103
11:42:09,-2,-93,-113
11:42:09,8,-97,-115
11:42:09,6,-93,-117
11:42:09,2,-101,-118
11:42:09,8,-100,-90
11:42:09,8,-91,-114
11:42:09,1,-87,-124
11:42:09,1,-96,-108
11:42:09,6,-97,-106
11:42:09,4,-96,-126
11:42:09,5,-97,-103
11:42:09,5,-99,-112
11:42:09,13,-108,-105
11:42:10,9,-98,-101
11:42:10,3,-96,-105
11:42:10,11,-91,-103
11:42:10,11,-89,-112
11:42:10,10,-101,-118
11:42:10,7,-102,-108
11:42:10,2,-98,-120
11:42:10,0,-112,-119
11:42:10,-1,-104,-113
11:42:10,2,-100,-99
11:42:10,0,-99,-121
11:42:10,-1,-105,-118
11:42:10,4,-109,-118
11:42:10,0,-102,-119
11:42:10,6,-98,-110
11:42:10,10,-105,-111
11:42:10,7,-101,-116
11:42:10,6,-95,-100
11:42:10,2,-95,-107
11:42:10,0,-92,-111
11:42:11,4,-96,-110
11:42:11,0,-94,-117
11:42:11,5,-97,-105
11:42:11,11,-90,-122
11:42:11,-1,-92,-93
11:42:11,8,-96,-103
11:42:11,6,-90,-113
11:42:11,6,-104,-100
11:42:11,3,-97,-115
11:42:11,6,-98,-111
11:42:11,4,-108,-116
11:42:11,1,-100,-106
11:42:11,0,-98,-115
11:42:11,3,-96,-109
11:42:11,3,-98,-112
11:42:11,5,-101,-113
11:42:11,5,-93,-113
11:42:11,9,-100,-120
11:42:11,5,-110,-111
11:42:12,1,-95,-107
11:42:12,7,-103,-121
11:42:12,15,-100,-119
11:42:12,-1,-108,-122
11:42:12,10,-110,-105
11:42:12,2,-103,-104
11:42:12,11,-100,-120
11:42:12,8,-91,-121
11:42:12,10,-96,-101
11:42:12,6,-110,-95
11:42:12,5,-99,-110
11:42:12,1,-105,-106
11:42:12,0,-98,-118
11:42:12,12,-108,-121
11:42:12,7,-106,-109
11:42:12,5,-100,-111
11:42:12,-6,-101,-110
11:42:12,1,-105,-102
11:42:12,-2,-102,-116
11:42:12,9,-101,-112
11:42:13,1,-95,-118
11:42:13,9,-94,-113
11:42:13,1,-98,-115
11:42:13,6,-99,-112
11:42:13,9,-98,-113
11:42:13,10,-98,-108
11:42:13,5,-116,-99
11:42:13,5,-110,-117
11:42:13,5,-96,-108
11:42:13,7,-101,-119
11:42:13,8,-100,-107
11:42:13,5,-99,-110
11:42:13,1,-101,-114
11:42:13,15,-93,-106
11:42:13,9,-103,-113
11:42:13,0,-99,-116
11:42:13,7,-95,-109
11:42:13,8,-102,-113
11:42:13,10,-102,-112
11:42:13,1,-96,-115
11:42:14,-1,-105,-118
11:42:14,2,-102,-113
11:42:14,9,-108,-110
11:42:14,6,-90,-123
11:42:14,8,-96,-108
11:42:14,7,-99,-113
11:42:14,3,-89,-116
11:42:14,0,-104,-117
11:42:14,4,-89,-115
11:42:14,5,-102,-119
11:42:14,11,-116,-118
11:42:14,-1,-95,-109
11:42:14,10,-102,-102
11:42:14,1,-98,-110
11:42:14,9,-97,-100
11:42:14,0,-100,-116
11:42:14,9,-97,-102
11:42:14,9,-92,-118
11:42:14,8,-97,-99
11:42:14,8,-96,-105
11:42:15,3,-98,-126
11:42:15,0,-105,-109
11:42:15,3,-96,-116
11:42:15,5,-107,-107
11:42:15,-1,-106,-115
11:42:15,0,-100,-120
11:42:15,4,-104,-112
11:42:15,7,-97,-113
11:42:15,8,-95,-125
11:42:15,6,-109,-110
11:42:15,5,-101,-122
11:42:15,5,-107,-102
11:42:15,7,-107,-117
11:42:15,3,-101,-124
11:42:15,5,-108,-101
11:42:15,7,-98,-106
11:42:15,8,-109,-97
11:42:15,10,-96,-109
11:42:15,4,-89,-105
11:42:16,1,-89,-116
11:42:16,6,-96,-122
11:42:16,3,-104,-103
11:42:16,5,-93,-112
11:42:16,2,-96,-117
11:42:16,6,-103,-98
11:42:16,-1,-100,-101
11:42:16,5,-104,-107
11:42:16,1,-106,-104
11:42:16,9,-97,-113
11:42:16,5,-102,-111
11:42:16,3,-110,-100
11:42:16,1,-108,-110
11:42:16,4,-97,-105
11:42:16,1,-96,-101
11:42:16,-1,-97,-116
11:42:16,5,-95,-106
11:42:16,6,-101,-119
11:42:16,5,-104,-106
11:42:16,3,-97,-98
11:42:17,9,-98,-105
11:42:17,13,-98,-109
11:42:17,7,-104,-112
11:42:17,5,-99,-99
11:42:17,2,-99,-108
11:42:17,6,-107,-117
11:42:17,0,-101,-108
11:42:17,7,-101,-108
11:42:17,4,-110,-106
11:42:17,6,-107,-114
11:42:17,2,-94,-117
11:42:17,2,-97,-113
11:42:17,6,-106,-109
11:42:17,1,-103,-101
11:42:17,3,-115,-123
11:42:17,1,-101,-112
11:42:17,8,-98,-116
11:42:17,-3,-92,-98
11:42:17,4,-99,-116
11:42:17,6,-94,-105
11:42:18,8,-91,-106
11:42:18,9,-82,-113
11:42:18,12,-99,-105
11:42:18,9,-97,-114
11:42:18,13,-104,-114
11:42:18,8,-96,-113
11:42:18,8,-103,-112
11:42:18,16,-109,-110
11:42:18,1,-100,-120
11:42:18,0,-101,-115
11:42:18,2,-90,-106
11:42:18,-3,-102,-115
11:42:18,5,-109,-116
11:42:18,-3,-97,-116
11:42:18,1,-102,-104
11:42:18,7,-100,-105
11:42:18,6,-106,-115
11:42:18,7,-91,-114
11:42:18,3,-95,-127
11:42:18,2,-102,-114
11:42:19,6,-86,-117
11:42:19,5,-97,-108
11:42:19,7,-93,-109
11:42:19,1,-98,-120
11:42:19,5,-102,-107
11:42:19,1,-92,-119
11:42:19,14,-97,-105
11:42:19,13,-105,-111
11:42:19,9,-100,-112
11:42:19,7,-100,-122
11:42:19,5,-99,-114
11:42:19,3,-97,-112
11:42:19,4,-104,-103
11:42:19,12,-103,-102
11:42:19,1,-95,-112
11:42:19,-1,-90,-108
11:42:19,6,-100,-115
11:42:19,-7,-95,-107
11:42:19,3,-99,-116
11:42:20,5,-109,-98
11:42:20,11,-102,-119
11:42:20,4,-91,-104
11:42:20,-4,-100,-113
11:42:20,9,-110,-109
11:42:20,6,-99,-117
11:42:20,4,-101,-102
11:42:20,12,-103,-109
11:42:20,4,-97,-119
11:42:20,3,-104,-115
11:42:20,10,-95,-111
11:42:20,8,-96,-106
11:42:20,2,-93,-114
11:42:20,4,-100,-108
11:42:20,2,-100,-93
11:42:20,4,-98,-120
11:42:20,3,-101,-126
11:42:20,6,-95,-121
11:42:20,7,-104,-108
11:42:20,1,-100,-106
11:42:21,6,-112,-110
11:42:21,1,-103,-109
11:42:21,8,-102,-120
11:42:21,9,-104,-118
11:42:21,7,-102,-111
11:42:21,10,-100,-109
11:42:21,-1,-95,-110
11:42:21,6,-101,-109
11:42:21,4,-102,-111
11:42:21,4,-110,-109
11:42:21,4,-102,-112
11:42:21,9,-96,-99
11:42:21,2,-85,-120
11:42:21,5,-104,-117
11:42:21,11,-107,-112
11:42:21,10,-107,-108
11:42:21,9,-101,-108
11:42:21,4,-98,-103
11:42:21,6,-106,-119
11:42:21,3,-101,-116
11:42:22,-3,-93,-123
11:42:22,-2,-98,-115
11:42:22,12,-102,-119
11:42:22,2,-93,-108
11:42:22,2,-108,-105
11:42:22,-2,-103,-107
11:42:22,-2,-93,-109
11:42:22,2,-100,-105
11:42:22,2,-97,-102
11:42:22,7,-95,-117
11:42:22,5,-98,-110
11:42:22,7,-99,-96
11:42:22,4,-97,-109
11:42:22,9,-97,-111
11:42:22,6,-96,-112
11:42:22,7,-102,-120
11:42:22,8,-95,-113
11:42:22,4,-98,-115
11:42:22,3,-101,-125
11:42:23,-4,-101,-115
11:42:23,2,-111,-121
11:42:23,-5,-109,-106
11:42:23,-4,-98,-117
11:42:23,8,-111,-115
11:42:23,0,-106,-109
11:42:23,10,-103,-112
11:42:23,7,-103,-113
11:42:23,3,-99,-113
11:42:23,2,-95,-116
11:42:23,6,-100,-111
11:42:23,3,-98,-114
11:42:23,6,-105,-108
11:42:23,10,-96,-126
11:42:23,13,-94,-107
11:42:23,10,-107,-105
11:42:23,2,-99,-105
11:42:23,11,-103,-103
11:42:23,10,-107,-108
11:42:23,2,-101,-102
11:42:24,5,-99,-117
11:42:24,3,-102,-105
11:42:24,7,-101,-126
11:42:24,-5,-101,-124
11:42:24,11,-103,-123
11:42:24,9,-106,-106
11:42:24,8,-102,-123
11:42:24,4,-109,-127
11:42:24,1,-101,-110
11:42:24,9,-94,-127
11:42:24,4,-105,-114
11:42:24,11,-98,-124
11:42:24,10,-107,-110
11:42:24,5,-95,-111
11:42:24,6,-94,-105
11:42:24,12,-103,-117
11:42:24,4,-99,-116
11:42:24,1,-85,-108
11:42:24,6,-103,-109
11:42:24,2,-93,-103
11:42:25,8,-100,-101
11:42:25,12,-94,-107
11:42:25,2,-92,-110
11:42:25,5,-100,-123
11:42:25,6,-103,-103
11:42:25,-3,-101,-117
11:42:25,8,-112,-108
11:42:25,-2,-98,-124
11:42:25,-1,-95,-125
11:42:25,-1,-97,-107
11:42:25,4,-91,-116
11:42:25,16,-97,-121
11:42:25,-2,-114,-107
11:42:25,2,-104,-117
11:42:25,5,-94,-119
11:42:25,8,-110,-111
11:42:25,4,-86,-114
11:42:25,3,-102,-114
11:42:25,-1,-109,-108
11:42:25,1,-104,-108
11:42:26,5,-93,-116
11:42:26,9,-106,-113
11:42:26,10,-98,-119
11:42:26,5,-106,-104
11:42:26,2,-103,-103
11:42:26,8,-100,-120
11:42:26,1,-88,-111
11:42:26,3,-98,-116
11:42:26,7,-92,-120
11:42:26,7,-97,-112
11:42:26,5,-96,-111
11:42:26,1,-93,-123
11:42:26,6,-101,-100
11:42:26,3,-101,-109
11:42:26,8,-87,-124
11:42:26,8,-107,-109
11:42:26,9,-100,-105
11:42:26,6,-92,-121
11:42:26,5,-101,-103
11:42:27,-2,-102,-119
11:42:27,5,-98,-106
11:42:27,0,-83,-107
11:42:27,9,-104,-97
11:42:27,10,-98,-100
11:42:27,1,-101,-96
11:42:27,8,-91,-108
11:42:27,10,-101,-108
11:42:27,6,-109,-126
11:42:27,3,-101,-104
11:42:27,12,-114,-114
11:42:27,7,-107,-118
11:42:27,2,-102,-108
11:42:27,4,-90,-120
11:42:27,-1,-93,-108
11:42:27,5,-88,-123
11:42:27,-6,-97,-106
11:42:27,-1,-100,-107
11:42:27,0,-101,-107
11:42:27,7,-99,-105
11:42:28,4,-98,-115
11:42:28,5,-101,-105
11:42:28,3,-109,-113
11:42:28,3,-98,-116
11:42:28,8,-100,-110
11:42:28,9,-94,-105
11:42:28,0,-101,-103
11:42:28,8,-103,-123
11:42:28,2,-103,-118
11:42:28,10,-102,-103
11:42:28,2,-101,-115
11:42:28,6,-109,-114
11:42:28,10,-99,-105
11:42:28,1,-98,-117
11:42:28,7,-102,-101
11:42:28,5,-100,-125
11:42:28,9,-100,-118
11:42:28,6,-100,-115
11:42:28,7,-98,-97
11:42:28,6,-100,-110
11:42:29,3,-107,-105
11:42:29,6,-98,-110
11:42:29,5,-98,-111
11:42:29,10,-100,-109
11:42:29,5,-93,-125
11:42:29,5,-90,-112
11:42:29,6,-102,-112
11:42:29,11,-98,-115
11:42:29,3,-102,-105
11:42:29,6,-108,-103
11:42:29,7,-100,-104
11:42:29,-1,-87,-96
11:42:29,0,-98,-107
11:42:29,5,-97,-105
11:42:29,1,-99,-109
11:42:29,4,-99,-110
11:42:29,-5,-104,-114
11:42:29,1,-105,-114
11:42:29,1,-104,-111
11:42:29,-4,-100,-111
11:42:30,5,-87,-124
11:42:30,11,-99,-119
11:42:30,2,-115,-114
11:42:30,6,-84,-115
11:42:30,6,-95,-116
11:42:30,10,-98,-106
11:42:30,3,-90,-117
11:42:30,4,-96,-112
11:42:30,9,-93,-117
11:42:30,7,-89,-112
11:42:30,4,-90,-110
11:42:30,7,-93,-103
11:42:30,6,-90,-105
11:42:30,9,-94,-99
11:42:30,8,-94,-105
11:42:30,9,-104,-104
11:42:30,5,-104,-115
11:42:30,5,-109,-104
11:42:30,6,-111,-108
11:42:31,1,-97,-118
11:42:31,0,-103,-111
11:42:31,6,-97,-113
11:42:31,1,-104,-108
11:42:31,10,-106,-88
11:42:31,2,-99,-99
11:42:31,3,-105,-120
11:42:31,5,-105,-112
11:42:31,1,-104,-108
11:42:31,8,-106,-124
11:42:31,0,-95,-115
11:42:31,4,-96,-122
11:42:31,6,-107,-113
11:42:31,5,-101,-108
11:42:31,5,-91,-118
11:42:31,10,-102,-118
11:42:31,22,-98,-117
11:42:31,6,-92,-121
11:42:31,3,-96,-112
11:42:31,10,-110,-105
11:42:32,7,-104,-121
11:42:32,-2,-99,-104
11:42:32,-2,-99,-122
11:42:32,-3,-96,-118
11:42:32,14,-102,-107
11:42:32,10,-107,-114
11:42:32,6,-100,-107
11:42:32,1,-117,-117
11:42:32,1,-102,-114
11:42:32,5,-103,-114
11:42:32,3,-93,-113
11:42:32,-1,-100,-106
11:42:32,15,-100,-110
11:42:32,10,-87,-112
11:42:32,9,-97,-111
11:42:32,11,-91,-105
11:42:32,8,-99,-112
11:42:32,7,-89,-106
11:42:32,1,-96,-114
11:42:32,8,-102,-112
11:42:33,8,-95,-107
11:42:33,8,-86,-105
11:42:33,6,-103,-111
11:42:33,-2,-103,-108
11:42:33,4,-101,-116
11:42:33,7,-103,-121
11:42:33,-1,-105,-112
11:42:33,9,-97,-116
11:42:33,5,-86,-119
11:42:33,1,-101,-111
11:42:33,8,-93,-118
11:42:33,9,-96,-116
11:42:33,10,-104,-105
11:42:33,4,-96,-118
11:42:33,3,-90,-118
11:42:33,9,-107,-106
11:42:33,7,-104,-112
11:42:33,5,-101,-107
11:42:33,5,-95,-102
11:42:33,9,-101,-116
11:42:34,13,-96,-105
11:42:34,9,-104,-109
11:42:34,4,-107,-101
11:42:34,10,-109,-99
11:42:34,6,-95,-123
11:42:34,0,-102,-112
11:42:34,-3,-97,-107
11:42:34,7,-108,-118
11:42:34,-8,-100,-118
11:42:34,5,-106,-111
11:42:34,4,-97,-119
11:42:34,12,-104,-116
11:42:34,5,-101,-104
11:42:34,2,-104,-111
11:42:34,6,-103,-121
11:42:34,-3,-107,-110
11:42:34,8,-105,-119
11:42:34,7,-101,-117
11:42:34,8,-100,-99
11:42:35,0,-98,-106
11:42:35,-2,-94,-114
11:42:35,6,-92,-106
11:42:35,6,-104,-97
11:42:35,14,-92,-110
11:42:35,2,-84,-100
11:42:35,0,-102,-122
11:42:35,7,-92,-103
11:42:35,8,-97,-112
11:42:35,4,-99,-113
11:42:35,9,-96,-117
11:42:35,7,-106,-113
11:42:35,-2,-96,-120
11:42:35,7,-92,-107
11:42:35,0,-93,-102
11:42:35,4,-98,-122
11:42:35,5,-94,-106
11:42:35,3,-99,-120
11:42:35,-5,-101,-105
11:42:35,4,-99,-117
11:42:36,7,-91,-102
11:42:36,2,-98,-107
11:42:36,9,-97,-115
11:42:36,9,-99,-117
11:42:36,8,-98,-105
11:42:36,4,-100,-113
11:42:36,5,-101,-93
11:42:36,1,-86,-107
11:42:36,13,-91,-105
11:42:36,-2,-101,-109
11:42:36,7,-102,-107
11:42:36,7,-97,-112
11:42:36,1,-98,-107
11:42:36,5,-99,-113
11:42:36,1,-100,-106
11:42:36,9,-104,-106
11:42:36,4,-101,-114
11:42:36,5,-106,-98
11:42:36,-2,-103,-107
11:42:36,2,-90,-114
11:42:37,3,-104,-112
11:42:37,7,-109,-114
11:42:37,4,-108,-114
11:42:37,6,-101,-110
11:42:37,12,-114,-114
11:42:37,8,-103,-107
11:42:37,9,-103,-104
11:42:37,9,-103,-110
11:42:37,10,-100,-103
11:42:37,5,-106,-109
11:42:37,9,-94,-106
11:42:37,0,-95,-121
11:42:37,3,-106,-118
11:42:37,1,-96,-110
11:42:37,7,-103,-100
11:42:37,9,-108,-119
11:42:37,1,-99,-113
11:42:37,2,-100,-112
11:42:37,1,-103,-100
11:42:37,1,-97,-113
11:42:38,5,-102,-112
11:42:38,6,-96,-110
11:42:38,3,-100,-108
11:42:38,9,-107,-115
11:42:38,0,-107,-100
11:42:38,2,-100,-116
11:42:38,11,-99,-118
11:42:38,7,-102,-115
11:42:38,7,-103,-116
11:42:38,6,-89,-98
11:42:38,4,-101,-119
11:42:38,8,-88,-110
11:42:38,12,-97,-115
11:42:38,6,-105,-108
11:42:38,9,-101,-107
11:42:38,9,-104,-112
11:42:38,5,-104,-114
11:42:38,2,-110,-109
11:42:38,6,-102,-109
11:42:39,3,-95,-116
11:42:39,9,-104,-102
11:42:39,6,-104,-101
11:42:39,-1,-102,-124
11:42:39,4,-95,-122
11:42:39,1,-109,-108
11:42:39,3,-91,-115
11:42:39,5,-107,-108
11:42:39,3,-107,-116
11:42:39,3,-103,-122
11:42:39,-1,-102,-101
11:42:39,6,-97,-107
11:42:39,5,-93,-109
11:42:39,7,-98,-111
11:42:39,13,-97,-105
11:42:39,8,-100,-110
11:42:39,7,-110,-100
11:42:39,13,-103,-119
11:42:39,3,-106,-103
11:42:39,12,-97,-120
11:42:40,5,-101,-117
11:42:40,3,-115,-104
11:42:40,11,-110,-115
11:42:40,0,-102,-108
11:42:40,5,-95,-105
11:42:40,-2,-110,-119
11:42:40,7,-104,-116
11:42:40,1,-96,-112
11:42:40,5,-98,-115
11:42:40,10,-98,-128
11:42:40,5,-101,-101
11:42:40,3,-108,-112
11:42:40,-1,-110,-112
11:42:40,6,-99,-115
11:42:40,5,-93,-113
11:42:40,12,-99,-112
11:42:40,7,-111,-121
11:42:40,9,-102,-111
11:42:40,4,-97,-107
11:42:40,9,-87,-107
11:42:41,10,-97,-99
11:42:41,8,-102,-110
11:42:41,6,-95,-113
11:42:41,1,-92,-122
11:42:41,10,-109,-117
11:42:41,0,-104,-121
11:42:41,-1,-99,-114
11:42:41,6,-102,-114
11:42:41,3,-105,-101
11:42:41,4,-100,-113
11:42:41,5,-103,-125
11:42:41,0,-103,-111
11:42:41,5,-99,-111
11:42:41,3,-105,-112
11:42:41,9,-107,-119
11:42:41,7,-96,-111
11:42:41,-2,-94,-98
11:42:41,2,-98,-116
11:42:41,10,-109,-125
11:42:41,9,-93,-98
11:42:42,5,-105,-109
11:42:42,4,-93,-100
11:42:42,8,-96,-107
11:42:42,0,-87,-114
11:42:42,5,-105,-107
11:42:42,2,-95,-101
11:42:42,-2,-102,-111
11:42:42,9,-98,-120
11:42:42,3,-96,-119
11:42:42,9,-108,-116
11:42:42,0,-101,-108
11:42:42,11,-107,-111
11:42:42,-5,-101,-98
11:42:42,0,-100,-127
11:42:42,2,-103,-108
11:42:42,11,-98,-121
11:42:42,8,-89,-105
11:42:42,9,-111,-112
11:42:42,11,-109,-126
11:42:43,1,-92,-105
11:42:43,6,-100,-98
11:42:43,-1,-96,-101
11:42:43,8,-91,-104
11:42:43,5,-92,-116
11:42:43,0,-100,-113
11:42:43,4,-99,-103
11:42:43,13,-96,-116
11:42:43,7,-100,-85
11:42:43,5,-102,-114
11:42:43,6,-104,-109
11:42:43,3,-103,-127
11:42:43,9,-110,-116
11:42:43,4,-98,-105
11:42:43,6,-110,-103
11:42:43,2,-108,-102
11:42:43,2,-103,-116
11:42:43,9,-107,-112
11:42:43,1,-103,-117
11:42:43,9,-97,-104
11:42:44,5,-104,-97
11:42:44,1,-107,-118
11:42:44,2,-98,-99
11:42:44,3,-97,-105
11:42:44,2,-105,-107
11:42:44,5,-102,-108
11:42:44,3,-93,-103
11:42:44,4,-103,-111
11:42:44,6,-100,-109
11:42:44,5,-99,-117
11:42:44,8,-93,-109
11:42:44,6,-96,-103
11:42:44,5,-101,-99
11:42:44,1,-95,-106
11:42:44,-3,-107,-121
11:42:44,7,-103,-118
11:42:44,1,-104,-107
11:42:44,3,-96,-123
11:42:44,2,-107,-111
11:42:44,2,-103,-121
11:42:45,3,-101,-107
11:42:45,2,-90,-111
11:42:45,7,-98,-100
11:42:45,0,-98,-109
11:42:45,3,-100,-107
11:42:45,7,-105,-120
11:42:45,2,-91,-114
11:42:45,4,-99,-110
11:42:45,8,-107,-100
11:42:45,7,-89,-114
11:42:45,7,-93,-103
11:42:45,0,-90,-104
11:42:45,7,-103,-104
11:42:45,-1,-100,-105
11:42:45,0,-105,-103
11:42:45,-9,-95,-115
11:42:45,5,-102,-112
11:42:45,4,-99,-106
11:42:45,3,-107,-118
11:42:45,3,-116,-106
11:42:46,3,-98,-118
11:42:46,8,-99,-121
11:42:46,2,-109,-117
11:42:46,15,-101,-129
11:42:46,5,-96,-110
11:42:46,2,-102,-106
11:42:46,4,-84,-101
11:42:46,5,-97,-122
11:42:46,5,-110,-110
11:42:46,7,-99,-110
11:42:46,8,-104,-116
11:42:46,10,-105,-108
11:42:46,6,-90,-106
11:42:46,4,-101,-108
11:42:46,7,-117,-116
11:42:46,7,-103,-114
11:42:46,7,-100,-107
11:42:46,11,-100,-116
11:42:46,8,-104,-109
11:42:47,6,-108,-113
11:42:47,5,-100,-111
11:42:47,-3,-105,-119
11:42:47,7,-118,-107
11:42:47,6,-100,-107
11:42:47,7,-105,-109
11:42:47,-3,-101,-104
11:42:47,-2,-103,-132
11:42:47,9,-113,-129
11:42:47,10,-101,-110
11:42:47,11,-108,-117
11:42:47,2,-91,-124
11:42:47,3,-99,-116
11:42:47,1,-99,-113
11:42:47,7,-95,-114
11:42:47,2,-97,-106
11:42:47,7,-97,-105
11:42:47,11,-106,-107
11:42:47,6,-99,-108
11:42:47,9,-99,-102
11:42:48,3,-99,-124
11:42:48,14,-100,-109
11:42:48,6,-104,-115
11:42:48,4,-97,-103
11:42:48,-1,-102,-116
11:42:48,4,-96,-117
11:42:48,0,-95,-109
11:42:48,9,-107,-126
11:42:48,4,-102,-117
11:42:48,2,-115,-95
11:42:48,1,-104,-116
11:42:48,7,-95,-119
11:42:48,-1,-94,-116
11:42:48,11,-97,-121
11:42:48,2,-92,-104
11:42:48,5,-100,-109
11:42:48,3,-99,-107
11:42:48,12,-94,-114
11:42:48,7,-96,-112
11:42:48,10,-97,-100
11:42:49,4,-99,-113
11:42:49,9,-100,-107
11:42:49,9,-92,-93
11:42:49,-1,-96,-112
11:42:49,9,-100,-109
11:42:49,10,-107,-120
11:42:49,4,-103,-116
11:42:49,12,-104,-111
11:42:49,3,-109,-114
11:42:49,5,-101,-106
11:42:49,0,-99,-127
11:42:49,5,-99,-112
11:42:49,4,-103,-114
11:42:49,2,-94,-107
11:42:49,2,-99,-115
11:42:49,5,-97,-127
11:42:49,14,-114,-108
11:42:49,5,-112,-104
11:42:49,3,-89,-113
11:42:50,2,-88,-105
11:42:50,5,-97,-119
11:42:50,0,-98,-116
11:42:50,3,-95,-104
11:42:50,13,-100,-111
11:42:50,9,-102,-101
11:42:50,10,-92,-103
11:42:50,8,-89,-109
11:42:50,1,-95,-100
11:42:50,6,-99,-123
11:42:50,2,-106,-118
11:42:50,2,-101,-121
11:42:50,0,-105,-108
11:42:50,3,-97,-100
11:42:50,4,-108,-109
11:42:50,4,-103,-122
11:42:50,0,-109,-120
11:42:50,7,-106,-116
11:42:50,4,-94,-110
11:42:50,7,-92,-103
11:42:51,9,-103,-121
11:42:51,13,-109,-103
11:42:51,3,-99,-121
11:42:51,-3,-104,-105
11:42:51,2,-90,-102
11:42:51,5,-105,-109
11:42:51,12,-107,-121
11:42:51,8,-98,-109
11:42:51,5,-100,-115
11:42:51,5,-99,-104
11:42:51,6,-95,-107
11:42:51,10,-108,-119
11:42:51,11,-109,-110
11:42:51,8,-108,-101
11:42:51,-1,-98,-116
11:42:51,15,-114,-122
11:42:51,10,-94,-111
11:42:51,2,-100,-103
11:42:51,5,-95,-112
11:42:51,5,-83,-102
11:42:52,3,-102,-112
11:42:52,2,-93,-115
11:42:52,8,-101,-110
11:42:52,7,-101,-116
11:42:52,1,-106,-102
11:42:52,5,-108,-117
11:42:52,0,-105,-103
11:42:52,-3,-93,-111
11:42:52,8,-108,-107
11:42:52,9,-104,-95
11:42:52,5,-103,-114
11:42:52,8,-98,-112
11:42:52,9,-101,-111
11:42:52,3,-94,-111
11:42:52,5,-93,-109
11:42:52,1,-101,-101
11:42:52,13,-98,-115
11:42:52,7,-102,-120
11:42:52,3,-108,-123
11:42:52,-4,-95,-112
11:42:53,-2,-93,-115
11:42:53,1,-105,-117
11:42:53,5,-90,-106
11:42:53,3,-96,-116
11:42:53,5,-104,-112
11:42:53,6,-109,-109
11:42:53,11,-89,-107
11:42:53,9,-106,-119
11:42:53,-4,-97,-103
11:42:53,5,-101,-111
11:42:53,5,-108,-115
11:42:53,2,-102,-107
11:42:53,8,-97,-106
11:42:53,3,-82,-113
11:42:53,2,-102,-101
11:42:53,3,-93,-113
11:42:53,2,-86,-116
11:42:53,13,-96,-108
11:42:53,3,-89,-115
11:42:54,3,-95,-118
11:42:54,7,-105,-114
11:42:54,3,-107,-122
11:42:54,12,-94,-107
11:42:54,0,-93,-122
11:42:54,5,-100,-112
11:42:54,9,-95,-103
11:42:54,4,-99,-98
11:42:54,7,-90,-112
11:42:54,2,-105,-115
11:42:54,-3,-102,-110
11:42:54,6,-97,-107
11:42:54,2,-102,-104
11:42:54,5,-97,-111
11:42:54,5,-103,-115
11:42:54,6,-102,-119
11:42:54,6,-95,-123
11:42:54,9,-113,-104
11:42:54,4,-97,-113
11:42:54,7,-99,-109
11:42:55,2,-96,-113
11:42:55,2,-90,-114
11:42:55,3,-98,-110
11:42:55,5,-103,-107
11:42:55,6,-107,-111
11:42:55,11,-108,-115
11:42:55,13,-104,-126
11:42:55,1,-91,-109
11:42:55,6,-94,-115
11:42:55,10,-101,-121
11:42:55,5,-88,-122
11:42:55,7,-94,-124
11:42:55,5,-103,-101
11:42:55,12,-99,-114
11:42:55,4,-103,-117
11:42:55,2,-98,-121
11:42:55,8,-108,-99
11:42:55,5,-101,-123
11:42:55,7,-95,-103
11:42:55,8,-91,-113
11:42:56,7,-97,-97
11:42:56,4,-105,-105
11:42:56,6,-95,-120
11:42:56,12,-98,-104
11:42:56,9,-105,-115
11:42:56,10,-111,-103
11:42:56,5,-103,-105
11:42:56,9,-104,-108
11:42:56,1,-104,-120
11:42:56,9,-97,-108
11:42:56,7,-96,-108
11:42:56,-1,-90,-109
11:42:56,9,-93,-109
11:42:56,7,-98,-111
11:42:56,3,-89,-104
11:42:56,-1,-88,-108
11:42:56,7,-94,-115
11:42:56,1,-98,-108
11:42:56,9,-101,-117
11:42:56,5,-104,-112
11:42:57,8,-102,-102
11:42:57,6,-95,-104
11:42:57,4,-98,-101
11:42:57,10,-98,-103
11:42:57,4,-106,-99
11:42:57,5,-89,-113
11:42:57,11,-104,-112
11:42:57,10,-105,-104
11:42:57,3,-102,-116
11:42:57,4,-107,-101
11:42:57,6,-109,-115
11:42:57,6,-108,-121
11:42:57,13,-100,-118
11:42:57,5,-105,-118
11:42:57,3,-94,-118
11:42:57,8,-100,-114
11:42:57,-1,-100,-119
11:42:57,14,-94,-110
11:42:57,9,-114,-108
11:42:58,13,-103,-103
11:42:58,6,-100,-108
11:42:58,8,-93,-112
11:42:58,4,-92,-103
11:42:58,6,-93,-119
11:42:58,1,-100,-102
11:42:58,9,-93,-120
11:42:58,15,-105,-109
11:42:58,8,-104,-116
11:42:58,3,-94,-111
11:42:58,6,-106,-110
11:42:58,17,-106,-119
11:42:58,4,-100,-103
11:42:58,3,-94,-108
11:42:58,3,-107,-104
11:42:58,11,-101,-102
11:42:58,7,-108,-110
11:42:58,6,-97,-106
11:42:58,7,-105,-123
11:42:58,7,-105,-122
11:42:59,11,-105,-110
11:42:59,-1,-101,-106
11:42:59,8,-95,-106
11:42:59,-2,-84,-125
11:42:59,9,-104,-121
11:42:59,8,-101,-118
11:42:59,3,-99,-108
11:42:59,7,-103,-108
11:42:59,6,-102,-105
11:42:59,8,-82,-113
11:42:59,8,-97,-104
11:42:59,7,-98,-110
11:42:59,6,-98,-113
11:42:59,3,-103,-100
11:42:59,8,-92,-117
11:42:59,6,-108,-123
11:42:59,5,-112,-113
11:42:59,4,-98,-108
11:42:59,-8,-101,-110
11:42:59,12,-101,-109
11:43:00,-1,-99,-118
11:43:00,0,-93,-111
11:43:00,6,-100,-108
11:43:00,3,-100,-119
11:43:00,2,-95,-111
11:43:00,0,-102,-116
11:43:00,2,-92,-112
11:43:00,7,-104,-105
11:43:00,-1,-97,-99
11:43:00,-5,-88,-96
11:43:00,7,-108,-110
11:43:00,10,-101,-106
11:43:00,16,-106,-114
11:43:00,3,-110,-107
11:43:00,4,-103,-114
11:43:00,8,-90,-112
11:43:00,2,-94,-121
11:43:00,4,-93,-115
11:43:00,7,-95,-104
11:43:00,-4,-107,-114
