11:23:52,0,92,-47
11:23:52,-4,93,-44
11:23:52,-7,94,-56
11:23:52,-13,91,-63
11:23:52,-11,94,-58
11:23:52,-4,96,-49
11:23:52,-3,93,-42
11:23:52,-5,93,-52
11:23:52,-17,94,-59
11:23:52,-12,92,-61
11:23:52,2,96,-52
11:23:52,-1,92,-44
11:23:52,-6,94,-47
11:23:53,-10,95,-62
11:23:53,-8,92,-63
11:23:53,-7,93,-49
11:23:53,-5,97,-44
11:23:53,-6,96,-47
11:23:53,-8,91,-60
11:23:53,-13,93,-63
11:23:53,-11,93,-55
11:23:53,-5,94,-45
11:23:53,-4,94,-49
11:23:53,-6,93,-55
11:23:53,-12,93,-66
11:23:53,-10,93,-62
11:23:53,-5,90,-47
11:23:53,4,98,-45
11:23:53,-6,98,-51
11:23:53,-7,91,-63
11:23:53,-14,92,-61
11:23:53,-11,92,-50
11:23:54,-1,94,-43
11:23:54,-4,96,-51
11:23:54,-8,94,-60
11:23:54,-13,90,-60
11:23:54,-7,93,-53
11:23:54,-1,96,-50
11:23:54,-2,96,-46
11:23:54,-9,97,-60
11:23:54,-8,92,-61
11:23:54,-15,92,-52
11:23:54,-5,94,-48
11:23:54,3,96,-49
11:23:54,-7,96,-56
11:23:54,-8,92,-59
11:23:54,-15,90,-57
11:23:54,-11,91,-47
11:23:54,-4,98,-53
11:23:54,-2,97,-52
11:23:54,-4,89,-59
11:23:54,-15,95,-58
11:23:55,-12,91,-54
11:23:55,-7,96,-47
11:23:55,-2,99,-50
11:23:55,-3,93,-61
11:23:55,-15,94,-61
11:23:55,-12,89,-54
11:23:55,-6,93,-43
11:23:55,1,100,-50
11:23:55,-4,98,-58
11:23:55,-11,91,-59
11:23:55,-13,92,-57
11:23:55,-11,94,-49
11:23:55,-3,96,-49
11:23:55,-2,96,-54
11:23:55,-12,93,-57
11:23:55,-6,89,-60
11:23:55,-13,92,-49
11:23:55,-2,91,-50
11:23:55,2,99,-51
11:23:55,-2,94,-59
11:23:56,-15,94,-57
11:23:56,-8,92,-54
11:23:56,-7,94,-48
11:23:56,1,99,-52
11:23:56,-2,97,-55
11:23:56,-12,89,-57
11:23:56,-18,91,-54
11:23:56,-5,94,-52
11:23:56,5,94,-57
11:23:56,-2,93,-53
11:23:56,-5,92,-55
11:23:56,-10,89,-53
11:23:56,-14,97,-56
11:23:56,-4,99,-59
11:23:56,-5,95,-53
11:23:56,-12,97,-50
11:23:56,-10,89,-54
11:23:56,-14,92,-50
11:23:56,-6,96,-59
11:23:57,0,95,-53
11:23:57,-1,91,-52
11:23:57,-3,91,-59
11:23:57,-21,96,-55
11:23:57,-11,94,-57
11:23:57,-3,98,-52
11:23:57,1,95,-52
11:23:57,-13,92,-54
11:23:57,-15,94,-59
11:23:57,-8,90,-58
11:23:57,-8,97,-53
11:23:57,4,95,-52
11:23:57,-9,91,-51
11:23:57,-13,92,-55
11:23:57,-12,92,-56
11:23:57,-4,94,-57
11:23:57,-2,103,-54
11:23:57,-1,94,-55
11:23:57,-14,94,-48
11:23:57,-7,95,-56
11:23:58,-11,92,-54
11:23:58,-2,98,-57
11:23:58,-8,94,-40
11:23:58,-5,89,-51
11:23:58,-12,91,-52
11:23:58,-18,89,-60
11:23:58,-7,95,-53
11:23:58,1,97,-44
11:23:58,1,94,-53
11:23:58,-11,89,-53
11:23:58,-12,95,-60
11:23:58,-11,96,-52
11:23:58,2,96,-53
11:23:58,-4,96,-52
11:23:58,-8,87,-52
11:23:58,-10,88,-58
11:23:58,-9,96,-60
11:23:58,3,92,-56
11:23:58,-3,93,-48
11:23:58,-9,94,-49
11:23:59,-7,91,-59
11:23:59,-10,95,-62
11:23:59,-2,98,-57
11:23:59,-5,93,-39
11:23:59,-4,93,-45
11:23:59,-4,92,-59
11:23:59,-17,93,-60
11:23:59,-5,93,-58
11:23:59,-5,98,-44
11:23:59,1,92,-42
11:23:59,-5,92,-55
11:23:59,-14,95,-62
11:23:59,-12,91,-63
11:23:59,-2,94,-49
11:23:59,-2,94,-43
11:23:59,-10,91,-49
11:23:59,-13,95,-59
11:23:59,-13,93,-61
11:23:59,2,90,-52
11:23:59,1,96,-41
11:24:00,1,93,-50
11:24:00,-14,95,-58
11:24:00,-11,95,-65
11:24:00,-7,93,-53
11:24:00,0,92,-43
11:24:00,-5,95,-42
11:24:00,-12,93,-58
11:24:00,-10,93,-65
11:24:00,-10,95,-57
11:24:00,0,88,-51
11:24:00,-3,93,-40
11:24:00,-7,93,-51
11:24:00,-8,93,-60
11:24:00,-14,98,-63
11:24:00,-3,96,-47
11:24:00,-3,94,-41
11:24:00,-3,94,-51
11:24:00,-12,93,-60
11:24:00,-13,94,-66
11:24:01,-2,91,-56
11:24:01,-7,94,-44
11:24:01,-3,95,-44
11:24:01,-7,94,-62
11:24:01,-12,94,-67
11:24:01,-13,94,-57
11:24:01,-4,96,-46
11:24:01,-5,96,-40
11:24:01,-7,95,-57
11:24:01,-9,95,-62
11:24:01,-14,90,-58
11:24:01,-6,92,-49
11:24:01,7,96,-46
11:24:01,3,93,-50
11:24:01,-8,93,-59
11:24:01,-14,92,-58
11:24:01,-9,93,-50
11:24:01,0,94,-47
11:24:01,-9,100,-49
11:24:01,-5,91,-65
11:24:02,-13,91,-62
11:24:02,-8,90,-51
11:24:02,0,91,-47
11:24:02,-3,99,-52
11:24:02,-5,94,-63
11:24:02,-14,91,-56
11:24:02,-9,91,-52
11:24:02,-10,98,-46
11:24:02,-6,97,-47
11:24:02,-2,98,-59
11:24:02,-8,92,-59
11:24:02,-11,91,-57
11:24:02,-11,93,-49
11:24:02,-2,94,-49
11:24:02,-4,96,-52
11:24:02,-6,97,-59
11:24:02,-10,90,-61
11:24:02,-16,95,-51
11:24:02,-3,100,-51
11:24:02,1,96,-51
11:24:03,-9,97,-56
11:24:03,-6,89,-60
11:24:03,-21,92,-49
11:24:03,-9,95,-49
11:24:03,5,99,-55
11:24:03,3,91,-61
11:24:03,-13,92,-53
11:24:03,-14,88,-54
11:24:03,-9,92,-52
11:24:03,4,99,-58
11:24:03,-4,94,-55
11:24:03,-10,91,-58
11:24:03,-18,95,-53
11:24:03,-9,89,-52
11:24:03,-3,94,-51
11:24:03,2,98,-54
11:24:03,-7,96,-54
11:24:03,-10,89,-53
11:24:03,-13,93,-53
11:24:03,-6,97,-52
11:24:04,4,97,-55
11:24:04,-1,99,-52
11:24:04,-10,88,-54
11:24:04,-13,93,-55
11:24:04,-13,96,-55
11:24:04,-1,95,-56
11:24:04,-5,96,-53
11:24:04,-6,88,-52
11:24:04,-14,91,-54
11:24:04,-8,95,-59
11:24:04,0,96,-57
11:24:04,0,94,-51
11:24:04,-10,95,-48
11:24:04,-13,89,-48
11:24:04,-13,94,-55
11:24:04,-7,96,-56
11:24:04,0,93,-56
11:24:04,-9,94,-54
11:24:04,-9,94,-47
11:24:05,-15,88,-57
11:24:05,-7,96,-59
11:24:05,-1,97,-53
11:24:05,2,91,-49
11:24:05,-8,94,-49
11:24:05,-11,91,-56
11:24:05,-14,93,-53
11:24:05,-6,98,-52
11:24:05,6,94,-51
11:24:05,-7,92,-47
11:24:05,-11,91,-55
11:24:05,-12,92,-55
11:24:05,-5,96,-59
11:24:05,2,98,-52
11:24:05,-9,94,-45
11:24:05,-11,92,-53
11:24:05,-18,95,-58
11:24:05,-8,93,-63
11:24:05,-3,95,-54
11:24:05,-7,95,-42
11:24:06,-7,91,-49
11:24:06,-9,93,-56
11:24:06,-11,96,-61
11:24:06,-4,95,-55
11:24:06,0,94,-45
11:24:06,0,93,-51
11:24:06,-11,89,-55
11:24:06,-13,94,-59
11:24:06,-10,95,-64
11:24:06,-1,94,-47
11:24:06,-2,94,-43
11:24:06,-10,90,-49
11:24:06,-14,91,-60
11:24:06,-9,97,-61
11:24:06,2,93,-49
11:24:06,-3,95,-39
11:24:06,-9,95,-48
11:24:06,-16,93,-59
11:24:06,-12,94,-60
11:24:06,-5,99,-49
11:24:07,2,94,-40
11:24:07,-6,90,-50
11:24:07,-4,93,-61
11:24:07,-10,92,-62
11:24:07,-7,95,-57
11:24:07,1,94,-51
11:24:07,-5,94,-43
11:24:07,-11,93,-52
11:24:07,-12,96,-65
11:24:07,-11,92,-63
11:24:07,-5,96,-45
11:24:07,0,94,-40
11:24:07,-6,89,-50
11:24:07,-13,94,-59
11:24:07,-10,91,-67
11:24:07,-1,92,-50
11:24:07,6,95,-42
11:24:07,-2,96,-51
11:24:07,-12,93,-62
11:24:08,-15,94,-63
11:24:08,-10,93,-52
11:24:08,-4,98,-43
11:24:08,-4,94,-48
11:24:08,-7,91,-55
11:24:08,-12,93,-66
11:24:08,-8,91,-58
11:24:08,-5,89,-45
11:24:08,-1,95,-44
11:24:08,-7,95,-60
11:24:08,-10,94,-66
11:24:08,-9,93,-60
11:24:08,-10,95,-48
11:24:08,4,93,-43
11:24:08,-4,96,-53
11:24:08,-5,94,-66
11:24:08,-16,91,-62
11:24:08,-7,91,-49
11:24:08,0,95,-47
11:24:08,1,94,-52
11:24:09,-12,97,-63
11:24:09,-12,91,-63
11:24:09,-15,94,-51
11:24:09,0,97,-48
11:24:09,-3,98,-48
11:24:09,-7,94,-60
11:24:09,-13,94,-57
11:24:09,-11,91,-59
11:24:09,-2,92,-45
11:24:09,-4,95,-48
11:24:09,-3,92,-56
11:24:09,-8,93,-63
11:24:09,-13,92,-58
11:24:09,-12,90,-50
11:24:09,-1,97,-49
11:24:09,0,98,-52
11:24:09,-8,91,-62
11:24:09,-14,95,-59
11:24:09,-14,87,-53
11:24:09,0,93,-45
11:24:10,-5,101,-47
11:24:10,-3,92,-60
11:24:10,-13,93,-63
11:24:10,-12,90,-58
11:24:10,-6,93,-45
11:24:10,1,100,-49
11:24:10,-4,96,-56
11:24:10,-9,90,-61
11:24:10,-16,93,-55
11:24:10,-8,93,-51
11:24:10,2,97,-55
11:24:10,-6,97,-53
11:24:10,-6,91,-62
11:24:10,-15,91,-57
11:24:10,-14,93,-52
11:24:10,-3,92,-49
11:24:10,0,98,-52
11:24:10,-4,98,-54
11:24:10,-9,89,-58
11:24:10,-17,94,-55
11:24:11,-4,93,-48
11:24:11,-3,96,-45
11:24:11,-2,96,-58
11:24:11,-8,91,-61
11:24:11,-17,89,-56
11:24:11,-7,94,-52
11:24:11,0,98,-56
11:24:11,2,94,-57
11:24:11,-7,90,-52
11:24:11,-16,93,-50
11:24:11,-10,92,-54
11:24:11,-4,98,-52
11:24:11,-4,97,-51
11:24:11,-3,89,-52
11:24:11,-12,93,-52
11:24:11,-9,94,-57
11:24:11,-5,95,-53
11:24:11,-4,99,-52
11:24:11,-2,97,-49
11:24:12,-6,87,-53
11:24:12,-14,92,-55
11:24:12,-16,96,-57
11:24:12,-1,94,-54
11:24:12,0,92,-50
11:24:12,-10,92,-49
11:24:12,-11,88,-55
11:24:12,-15,96,-60
11:24:12,1,93,-58
11:24:12,1,96,-44
11:24:12,-4,96,-49
11:24:12,-14,91,-51
11:24:12,-16,93,-61
11:24:12,-2,96,-57
11:24:12,0,93,-53
11:24:12,-3,94,-49
11:24:12,-7,91,-52
11:24:12,-11,88,-53
11:24:12,-9,96,-64
11:24:12,-1,97,-51
11:24:13,-3,91,-44
11:24:13,-12,95,-44
11:24:13,-14,94,-54
11:24:13,-12,96,-59
11:24:13,-7,98,-56
11:24:13,1,93,-43
11:24:13,-3,91,-43
11:24:13,-8,92,-57
11:24:13,-12,91,-63
11:24:13,-7,95,-55
11:24:13,3,96,-50
11:24:13,2,92,-49
11:24:13,-12,91,-53
11:24:13,-16,97,-61
11:24:13,-10,93,-61
11:24:13,-6,98,-48
11:24:13,-3,93,-44
11:24:13,-8,91,-47
11:24:13,-14,93,-62
11:24:13,-9,95,-60
11:24:14,-1,93,-58
11:24:14,-2,97,-43
11:24:14,-5,95,-46
11:24:14,-9,92,-56
11:24:14,-10,96,-64
11:24:14,-9,94,-54
11:24:14,-2,92,-42
11:24:14,-4,96,-44
11:24:14,-3,91,-58
11:24:14,-14,93,-59
11:24:14,-9,93,-61
11:24:14,1,96,-43
11:24:14,-1,94,-43
11:24:14,-7,93,-53
11:24:14,-9,93,-66
11:24:14,-16,92,-59
11:24:14,-1,92,-51
11:24:14,-7,97,-34
11:24:14,-1,92,-49
11:24:14,-12,95,-61
11:24:15,-11,92,-60
11:24:15,-6,92,-53
11:24:15,-3,95,-44
11:24:15,-5,93,-48
11:24:15,-9,94,-62
11:24:15,-11,94,-59
11:24:15,-7,92,-58
11:24:15,-4,93,-42
11:24:15,-1,96,-43
11:24:15,-5,96,-53
11:24:15,-10,95,-63
11:24:15,-14,97,-60
11:24:15,-5,93,-48
11:24:15,-3,96,-40
11:24:15,-3,96,-51
11:24:15,-14,95,-59
11:24:15,-13,94,-65
11:24:15,-9,91,-50
11:24:15,-3,93,-43
11:24:16,-1,95,-49
11:24:16,-11,93,-62
11:24:16,-14,91,-64
11:24:16,-11,92,-56
11:24:16,6,92,-52
11:24:16,-2,94,-43
11:24:16,-9,97,-60
11:24:16,-11,92,-61
11:24:16,-13,94,-60
11:24:16,-9,95,-42
11:24:16,-3,94,-42
11:24:16,-6,97,-55
11:24:16,-9,95,-62
11:24:16,-12,89,-61
11:24:16,-8,89,-51
11:24:16,-3,97,-47
11:24:16,-1,94,-51
11:24:16,-8,93,-56
11:24:16,-11,95,-64
11:24:16,-11,91,-52
11:24:17,-1,93,-47
11:24:17,-1,97,-48
11:24:17,-4,91,-60
11:24:17,-15,94,-62
11:24:17,-9,91,-59
11:24:17,-7,95,-39
11:24:17,-5,101,-43
11:24:17,-4,97,-57
11:24:17,-12,92,-59
11:24:17,-17,95,-56
11:24:17,-8,90,-51
11:24:17,-5,97,-51
11:24:17,-6,97,-55
11:24:17,-7,92,-62
11:24:17,-11,91,-56
11:24:17,-12,90,-53
11:24:17,-3,93,-51
11:24:17,0,99,-46
11:24:17,-4,95,-58
11:24:17,-14,92,-58
11:24:18,-16,92,-54
11:24:18,-6,96,-43
11:24:18,4,95,-46
11:24:18,-3,97,-59
11:24:18,-8,90,-60
11:24:18,-16,89,-53
11:24:18,-10,93,-52
11:24:18,1,94,-55
11:24:18,-7,96,-53
11:24:18,-5,95,-63
11:24:18,-11,88,-55
11:24:18,-14,94,-49
11:24:18,-2,97,-50
11:24:18,0,97,-52
11:24:18,-2,92,-58
11:24:18,-14,92,-54
11:24:18,-14,89,-55
11:24:18,-9,97,-50
11:24:18,2,96,-55
11:24:19,1,93,-56
11:24:19,-14,95,-55
11:24:19,-18,92,-55
11:24:19,-11,93,-52
11:24:19,1,97,-56
11:24:19,-5,98,-51
11:24:19,-11,91,-57
11:24:19,-16,91,-55
11:24:19,-14,90,-49
11:24:19,-2,97,-52
11:24:19,1,99,-54
11:24:19,-4,90,-53
11:24:19,-14,91,-54
11:24:19,-12,92,-51
11:24:19,-7,95,-50
11:24:19,-1,100,-57
11:24:19,-3,94,-56
11:24:19,-11,94,-55
11:24:19,-12,92,-56
11:24:19,-10,92,-53
11:24:20,-5,99,-48
11:24:20,-2,96,-51
11:24:20,-6,93,-52
11:24:20,-14,90,-54
11:24:20,-15,90,-53
11:24:20,-6,92,-54
11:24:20,-1,98,-51
11:24:20,0,93,-56
11:24:20,-10,87,-53
11:24:20,-15,95,-49
11:24:20,-3,97,-58
11:24:20,1,97,-51
11:24:20,-2,97,-52
11:24:20,-9,86,-53
11:24:20,-14,92,-53
11:24:20,-10,96,-60
11:24:20,-1,94,-56
11:24:20,-8,96,-47
11:24:20,-10,90,-50
11:24:20,-14,92,-54
11:24:21,-8,96,-59
11:24:21,-5,99,-55
11:24:21,-3,96,-48
11:24:21,-5,94,-49
11:24:21,-10,91,-50
11:24:21,-9,91,-58
11:24:21,-9,97,-53
11:24:21,2,95,-55
11:24:21,-3,96,-50
11:24:21,-6,92,-56
11:24:21,-16,91,-56
11:24:21,-5,92,-55
11:24:21,-5,100,-54
11:24:21,3,95,-50
11:24:21,-13,92,-49
11:24:21,-12,87,-55
11:24:21,-11,93,-57
11:24:21,-8,100,-55
11:24:21,3,96,-53
11:24:21,-7,91,-50
11:24:22,-14,94,-52
11:24:22,-7,90,-61
11:24:22,-8,95,-56
11:24:22,0,98,-53
11:24:22,-6,97,-49
11:24:22,-7,87,-52
11:24:22,-15,93,-55
11:24:22,-12,94,-58
11:24:22,-3,98,-58
11:24:22,-5,95,-44
11:24:22,-5,90,-49
11:24:22,-13,95,-51
11:24:22,-13,94,-64
11:24:22,-2,95,-55
11:24:22,2,96,-46
11:24:22,-3,96,-45
11:24:22,-14,91,-51
11:24:22,-12,96,-60
11:24:22,-5,94,-54
11:24:23,0,94,-47
11:24:23,-3,92,-45
11:24:23,-12,89,-52
11:24:23,-8,91,-61
11:24:23,-13,95,-61
11:24:23,0,93,-53
11:24:23,-2,93,-42
11:24:23,-8,93,-51
11:24:23,-13,91,-56
11:24:23,-10,94,-62
11:24:23,-2,97,-56
11:24:23,1,91,-47
11:24:23,-5,90,-44
11:24:23,-13,94,-55
11:24:23,-11,92,-60
11:24:23,-10,94,-57
11:24:23,4,94,-46
11:24:23,-3,93,-42
11:24:23,-7,94,-54
11:24:23,-11,93,-68
11:24:24,-9,93,-58
11:24:24,-1,96,-45
11:24:24,1,96,-41
11:24:24,-8,93,-52
11:24:24,-10,95,-61
11:24:24,-10,92,-65
11:24:24,-8,93,-46
11:24:24,-2,97,-46
11:24:24,-1,95,-48
11:24:24,-11,93,-56
11:24:24,-11,93,-66
11:24:24,-8,94,-56
11:24:24,-7,94,-42
11:24:24,-1,94,-46
11:24:24,-5,89,-54
11:24:24,-13,95,-64
11:24:24,-13,92,-60
11:24:24,0,91,-48
11:24:24,2,95,-44
11:24:24,-8,96,-58
11:24:25,-11,92,-66
11:24:25,-16,94,-60
11:24:25,-1,92,-46
11:24:25,-4,97,-39
11:24:25,0,94,-52
11:24:25,-15,93,-57
11:24:25,-12,91,-59
11:24:25,-8,94,-52
11:24:25,-1,93,-46
11:24:25,-5,94,-53
11:24:25,-9,96,-60
11:24:25,-16,94,-59
11:24:25,-8,91,-59
11:24:25,-2,96,-45
11:24:25,-3,98,-46
11:24:25,-7,95,-54
11:24:25,-7,93,-59
11:24:25,-15,91,-52
11:24:25,-6,93,-51
11:24:26,-3,103,-50
11:24:26,0,95,-59
11:24:26,-13,97,-60
11:24:26,-17,93,-56
11:24:26,-6,91,-54
11:24:26,-3,97,-50
11:24:26,-5,99,-52
11:24:26,-9,90,-61
11:24:26,-14,89,-55
11:24:26,-15,90,-50
11:24:26,-1,93,-50
11:24:26,2,96,-54
11:24:26,-7,95,-58
11:24:26,-4,90,-55
11:24:26,-9,92,-56
11:24:26,-5,97,-49
11:24:26,-1,97,-55
11:24:26,-3,95,-54
11:24:26,-6,91,-55
11:24:26,-16,89,-50
11:24:27,-7,92,-58
11:24:27,-5,98,-55
11:24:27,2,96,-54
11:24:27,-9,91,-55
11:24:27,-13,91,-54
11:24:27,-17,90,-54
11:24:27,-6,101,-52
11:24:27,1,93,-53
11:24:27,-3,93,-56
11:24:27,-15,93,-54
11:24:27,-10,89,-59
11:24:27,-8,96,-57
11:24:27,3,98,-53
11:24:27,-4,92,-52
11:24:27,-8,91,-53
11:24:27,-16,94,-56
11:24:27,-7,92,-57
11:24:27,-5,98,-57
11:24:27,-2,94,-50
11:24:27,-10,90,-50
11:24:28,-16,93,-53
11:24:28,-7,90,-59
11:24:28,-4,95,-54
11:24:28,1,99,-50
11:24:28,-7,93,-45
11:24:28,-11,90,-54
11:24:28,-14,93,-63
11:24:28,-10,95,-53
11:24:28,2,97,-55
11:24:28,-3,92,-51
11:24:28,-7,89,-52
11:24:28,-18,91,-56
11:24:28,-10,94,-59
11:24:28,1,92,-55
11:24:28,1,93,-44
11:24:28,-6,93,-50
11:24:28,-14,93,-52
11:24:28,-10,99,-60
11:24:28,-2,96,-60
11:24:28,-3,94,-48
11:24:29,-6,94,-47
11:24:29,-11,91,-53
11:24:29,-16,93,-60
11:24:29,-5,95,-59
11:24:29,-4,95,-47
11:24:29,-5,96,-45
11:24:29,-3,91,-56
11:24:29,-13,92,-54
11:24:29,-9,94,-57
11:24:29,-1,97,-52
11:24:29,-2,95,-43
11:24:29,-6,91,-49
11:24:29,-14,95,-61
11:24:29,-10,90,-69
11:24:29,-2,97,-51
11:24:29,1,94,-41
11:24:29,-3,91,-48
11:24:29,-14,94,-56
11:24:29,-13,93,-66
11:24:30,-5,94,-55
11:24:30,-2,96,-45
11:24:30,-6,94,-42
11:24:30,-9,89,-56
11:24:30,-14,97,-60
11:24:30,-7,92,-60
11:24:30,-3,94,-53
11:24:30,0,95,-37
11:24:30,-9,93,-50
11:24:30,-9,93,-60
11:24:30,-13,97,-65
11:24:30,-5,93,-55
11:24:30,-3,95,-39
11:24:30,-2,96,-46
11:24:30,-11,92,-57
11:24:30,-13,91,-63
11:24:30,-11,97,-53
11:24:30,5,90,-48
11:24:30,-4,95,-43
11:24:30,-7,94,-57
11:24:31,-14,91,-64
11:24:31,-8,97,-57
11:24:31,-2,96,-46
11:24:31,-1,93,-46
11:24:31,-11,94,-52
11:24:31,-12,94,-63
11:24:31,-12,93,-62
11:24:31,-9,95,-49
11:24:31,-2,92,-45
11:24:31,-7,93,-50
11:24:31,-6,96,-58
11:24:31,-9,91,-62
11:24:31,-13,92,-46
11:24:31,-2,96,-45
11:24:31,-2,95,-48
11:24:31,-6,90,-60
11:24:31,-12,92,-63
11:24:31,-14,91,-55
11:24:31,-2,94,-44
11:24:31,-2,98,-47
11:24:32,-7,94,-57
11:24:32,-11,92,-60
11:24:32,-14,90,-56
11:24:32,-1,93,-49
11:24:32,3,97,-44
11:24:32,-5,97,-61
11:24:32,-11,92,-61
11:24:32,-13,94,-61
11:24:32,-11,91,-47
11:24:32,-5,95,-50
11:24:32,-3,100,-56
11:24:32,-5,90,-59
11:24:32,-19,93,-57
11:24:32,-12,90,-53
11:24:32,-8,92,-43
11:24:32,1,99,-45
11:24:32,2,93,-58
11:24:32,-12,92,-59
11:24:32,-13,93,-59
11:24:32,-4,94,-46
11:24:33,2,95,-46
11:24:33,-1,99,-54
11:24:33,-9,93,-63
11:24:33,-11,87,-58
11:24:33,-9,95,-47
11:24:33,2,97,-52
11:24:33,-4,97,-53
11:24:33,-12,94,-63
11:24:33,-13,91,-55
11:24:33,-15,94,-49
11:24:33,-3,100,-49
11:24:33,-3,97,-50
11:24:33,-11,99,-53
11:24:33,-12,90,-59
11:24:33,-15,92,-57
11:24:33,-6,93,-46
11:24:33,1,93,-48
11:24:33,-1,96,-59
11:24:33,-2,93,-60
11:24:34,-15,88,-54
11:24:34,-7,92,-51
11:24:34,-2,96,-51
11:24:34,-6,97,-51
11:24:34,-6,92,-63
11:24:34,-15,91,-53
11:24:34,-16,91,-50
11:24:34,-3,97,-52
11:24:34,3,98,-52
11:24:34,-4,91,-58
11:24:34,-11,92,-56
11:24:34,-13,91,-51
11:24:34,-2,96,-54
11:24:34,4,100,-51
11:24:34,1,93,-59
11:24:34,-10,92,-54
11:24:34,-16,92,-53
11:24:34,-6,93,-52
11:24:34,-7,97,-54
11:24:34,-1,96,-54
11:24:35,-6,88,-53
11:24:35,-14,92,-52
11:24:35,-7,90,-59
11:24:35,-5,94,-54
11:24:35,0,102,-47
11:24:35,-5,94,-54
11:24:35,-10,89,-55
11:24:35,-13,93,-56
11:24:35,-7,97,-48
11:24:35,2,94,-57
11:24:35,-7,96,-50
11:24:35,-5,87,-59
11:24:35,-16,89,-51
11:24:35,-12,97,-55
11:24:35,2,93,-58
11:24:35,-1,93,-43
11:24:35,-6,92,-52
11:24:35,-13,93,-49
11:24:35,-9,93,-58
11:24:35,-4,101,-54
11:24:36,-2,95,-49
11:24:36,-9,96,-46
11:24:36,-7,91,-55
11:24:36,-14,91,-58
11:24:36,-4,96,-59
11:24:36,1,95,-52
11:24:36,-4,92,-45
11:24:36,-11,93,-52
11:24:36,-13,93,-54
11:24:36,-15,96,-60
11:24:36,1,96,-58
11:24:36,-2,95,-44
11:24:36,-13,93,-46
11:24:36,-14,91,-60
11:24:36,-12,91,-59
11:24:36,-4,98,-57
11:24:36,1,93,-46
11:24:36,-3,88,-50
11:24:36,-11,92,-54
11:24:37,-10,89,-62
11:24:37,-3,96,-56
11:24:37,-5,97,-49
11:24:37,-2,93,-48
11:24:37,-9,91,-51
11:24:37,-18,96,-56
11:24:37,-9,94,-62
11:24:37,-3,93,-53
11:24:37,-1,95,-48
11:24:37,-7,92,-48
11:24:37,-8,91,-61
11:24:37,-15,98,-63
11:24:37,3,94,-56
11:24:37,4,94,-43
11:24:37,-7,94,-45
11:24:37,-13,93,-52
11:24:37,-15,95,-63
11:24:37,-5,96,-56
11:24:37,1,93,-47
11:24:37,0,94,-45
11:24:38,-11,91,-56
11:24:38,-9,90,-64
11:24:38,-10,96,-60
11:24:38,4,96,-50
11:24:38,-3,94,-42
11:24:38,-14,97,-46
11:24:38,-8,93,-62
11:24:38,-14,94,-59
11:24:38,-1,94,-52
11:24:38,-1,94,-40
11:24:38,0,91,-49
11:24:38,-8,95,-57
11:24:38,-7,91,-63
11:24:38,-10,93,-54
11:24:38,3,94,-47
11:24:38,-6,97,-43
11:24:38,-6,90,-59
11:24:38,-13,95,-61
11:24:38,-13,90,-58
11:24:38,-4,93,-46
11:24:39,-3,95,-44
11:24:39,-5,93,-56
11:24:39,-16,95,-59
11:24:39,-7,94,-64
11:24:39,-8,94,-40
11:24:39,0,96,-40
11:24:39,-6,97,-49
11:24:39,-5,92,-60
11:24:39,-10,89,-62
11:24:39,-11,94,-50
11:24:39,-1,94,-49
11:24:39,2,95,-49
11:24:39,-3,95,-62
11:24:39,-15,91,-64
11:24:39,-12,95,-56
11:24:39,-1,96,-45
11:24:39,3,94,-43
11:24:39,-4,97,-59
11:24:39,-13,92,-60
11:24:39,-12,92,-62
11:24:40,-3,92,-47
11:24:40,1,94,-44
11:24:40,-2,93,-54
11:24:40,-16,97,-62
11:24:40,-8,89,-61
11:24:40,-13,91,-47
11:24:40,-2,98,-51
11:24:40,-4,96,-55
11:24:40,-10,95,-60
11:24:40,-14,92,-55
11:24:40,-11,89,-49
11:24:40,-8,97,-52
11:24:40,-2,98,-49
11:24:40,-6,93,-55
11:24:40,-7,88,-56
11:24:40,-15,92,-54
11:24:40,-3,95,-49
11:24:40,-1,101,-48
11:24:40,2,97,-57
11:24:41,-8,90,-56
11:24:41,-14,93,-56
11:24:41,-7,92,-49
11:24:41,-3,97,-53
11:24:41,-2,97,-53
11:24:41,-11,90,-62
11:24:41,-15,90,-57
11:24:41,-12,91,-51
11:24:41,-2,93,-50
11:24:41,-5,99,-50
11:24:41,-6,96,-57
11:24:41,-7,89,-58
11:24:41,-12,91,-58
11:24:41,-6,97,-50
11:24:41,1,93,-52
11:24:41,-3,96,-56
11:24:41,-13,91,-54
11:24:41,-8,87,-54
11:24:41,-13,96,-55
11:24:41,-5,97,-51
11:24:42,-2,95,-53
11:24:42,-3,92,-50
11:24:42,-15,91,-52
11:24:42,-15,94,-53
11:24:42,-4,100,-53
11:24:42,-3,97,-51
11:24:42,-6,95,-55
11:24:42,-13,94,-54
11:24:42,-11,91,-54
11:24:42,-3,96,-52
11:24:42,1,98,-56
11:24:42,-6,91,-54
11:24:42,-8,92,-55
11:24:42,-14,92,-52
11:24:42,-11,93,-53
11:24:42,-3,98,-55
11:24:42,-5,96,-50
11:24:42,-9,90,-49
11:24:42,-10,91,-56
11:24:42,-14,91,-52
11:24:43,-5,98,-58
11:24:43,5,95,-53
11:24:43,-4,93,-49
11:24:43,-7,88,-48
11:24:43,-13,95,-55
11:24:43,-10,95,-57
11:24:43,2,98,-53
11:24:43,-6,96,-43
11:24:43,-11,89,-51
11:24:43,-17,95,-56
11:24:43,-14,94,-54
11:24:43,1,96,-54
11:24:43,-2,95,-45
11:24:43,-6,89,-51
11:24:43,-12,93,-53
11:24:43,-9,96,-62
11:24:43,-4,96,-59
11:24:43,0,97,-42
11:24:43,-5,93,-51
11:24:44,-11,91,-52
11:24:44,-12,95,-64
11:24:44,-10,95,-57
11:24:44,-1,91,-52
11:24:44,-2,93,-47
11:24:44,-5,88,-54
11:24:44,-13,90,-58
11:24:44,-10,93,-62
11:24:44,0,95,-54
11:24:44,2,92,-46
11:24:44,-10,92,-50
11:24:44,-14,90,-55
11:24:44,-14,97,-62
11:24:44,-3,100,-60
11:24:44,3,94,-44
11:24:44,-7,96,-46
11:24:44,-8,89,-55
11:24:44,-13,93,-60
11:24:44,-5,96,-59
11:24:44,1,94,-49
11:24:45,-1,92,-46
11:24:45,-10,92,-56
11:24:45,-12,90,-58
11:24:45,-7,96,-58
11:24:45,-5,96,-53
11:24:45,1,94,-47
11:24:45,-7,92,-50
11:24:45,-15,96,-55
11:24:45,-12,92,-61
11:24:45,-4,96,-56
11:24:45,0,95,-44
11:24:45,-4,89,-46
11:24:45,-10,94,-54
11:24:45,-11,91,-62
11:24:45,-10,95,-57
11:24:45,2,96,-49
11:24:45,-2,93,-43
11:24:45,-12,93,-52
11:24:45,-15,93,-61
11:24:45,-10,95,-64
11:24:46,-2,98,-49
11:24:46,-1,95,-48
11:24:46,-9,91,-51
11:24:46,-12,95,-59
11:24:46,-7,93,-67
11:24:46,-1,94,-56
11:24:46,-2,97,-41
11:24:46,-1,94,-45
11:24:46,-11,91,-55
11:24:46,-18,96,-62
11:24:46,-10,93,-59
11:24:46,-2,97,-47
11:24:46,-4,93,-44
11:24:46,-8,90,-49
11:24:46,-13,91,-62
11:24:46,-11,94,-61
11:24:46,2,91,-50
11:24:46,5,92,-44
11:24:46,-5,94,-50
11:24:46,-14,90,-59
11:24:47,-15,98,-64
11:24:47,-3,95,-51
11:24:47,-4,93,-42
11:24:47,-8,94,-49
11:24:47,-17,92,-53
11:24:47,-8,91,-65
11:24:47,-9,96,-53
11:24:47,1,93,-43
11:24:47,-1,94,-44
11:24:47,-10,96,-55
11:24:47,-14,94,-60
11:24:47,-11,97,-59
11:24:47,-3,97,-47
11:24:47,-3,92,-43
11:24:47,-5,94,-53
11:24:47,-14,96,-59
11:24:47,-12,93,-62
11:24:47,-6,94,-52
11:24:47,4,94,-44
11:24:48,-5,92,-47
11:24:48,-14,97,-55
11:24:48,-15,91,-70
11:24:48,-9,93,-51
11:24:48,1,96,-42
11:24:48,1,94,-52
11:24:48,-11,93,-58
11:24:48,-14,94,-66
11:24:48,-9,91,-56
11:24:48,0,92,-44
11:24:48,-2,96,-46
11:24:48,-1,94,-60
11:24:48,-10,91,-61
11:24:48,-11,92,-60
11:24:48,-6,94,-45
11:24:48,-1,97,-40
11:24:48,-2,100,-51
11:24:48,-5,90,-62
11:24:48,-14,95,-62
11:24:48,-10,92,-52
11:24:49,-3,94,-41
11:24:49,-3,96,-45
11:24:49,-5,94,-63
11:24:49,-13,91,-63
11:24:49,-10,93,-60
11:24:49,-2,92,-45
11:24:49,1,95,-43
11:24:49,-2,95,-62
11:24:49,-13,92,-62
11:24:49,-13,94,-55
11:24:49,-3,93,-47
11:24:49,-5,94,-46
11:24:49,-3,96,-51
11:24:49,-8,91,-63
11:24:49,-14,88,-59
11:24:49,-5,93,-52
11:24:49,1,95,-48
11:24:49,-1,96,-50
11:24:49,-9,93,-60
11:24:49,-13,92,-59
11:24:50,-13,91,-50
11:24:50,-7,98,-42
11:24:50,2,95,-52
11:24:50,-5,94,-57
11:24:50,-11,94,-59
11:24:50,-11,88,-59
11:24:50,-6,95,-43
11:24:50,6,99,-48
11:24:50,-2,95,-57
11:24:50,-10,93,-62
11:24:50,-19,95,-54
11:24:50,-9,90,-49
11:24:50,-4,97,-48
11:24:50,-2,96,-54
11:24:50,-9,92,-56
11:24:50,-18,93,-56
11:24:50,-10,90,-53
11:24:50,0,93,-47
11:24:50,-7,101,-46
11:24:51,-1,94,-58
11:24:51,-12,91,-57
11:24:51,-14,92,-54
11:24:51,-7,93,-46
11:24:51,-1,97,-47
11:24:51,-2,96,-54
11:24:51,-3,88,-64
11:24:51,-17,91,-57
11:24:51,-7,92,-49
11:24:51,2,94,-50
11:24:51,3,95,-54
11:24:51,-10,95,-54
11:24:51,-14,91,-54
11:24:51,-16,97,-50
11:24:51,0,97,-49
11:24:51,0,97,-52
11:24:51,-4,95,-58
11:24:51,-13,92,-57
11:24:51,-14,91,-53
11:24:51,-1,93,-49
11:24:52,3,97,-53
11:24:52,-1,92,-59
11:24:52,-14,95,-59
11:24:52,-7,85,-63
11:24:52,-16,95,-48
11:24:52,2,97,-53
11:24:52,-4,95,-54
11:24:52,-6,95,-61
11:24:52,-10,92,-56
11:24:52,-14,89,-55
11:24:52,-7,96,-47
11:24:52,0,100,-52
11:24:52,-3,93,-58
11:24:52,-12,93,-52
11:24:52,-16,89,-52
11:24:52,-6,97,-47
11:24:52,0,99,-55
11:24:52,-6,96,-54
11:24:52,-12,91,-56
11:24:52,-15,94,-55
11:24:53,-7,90,-51
11:24:53,-4,96,-53
11:24:53,-3,97,-52
11:24:53,-7,89,-59
11:24:53,-15,91,-56
11:24:53,-7,91,-55
11:24:53,-2,95,-48
11:24:53,-1,98,-53
11:24:53,-2,95,-57
11:24:53,-10,89,-57
11:24:53,-12,93,-56
11:24:53,-11,96,-53
11:24:53,1,97,-53
11:24:53,-3,93,-51
11:24:53,-11,89,-50
11:24:53,-14,90,-58
11:24:53,-7,96,-56
11:24:53,0,95,-50
11:24:53,0,95,-53
11:24:53,-7,93,-51
11:24:54,-12,88,-53
11:24:54,-11,94,-56
11:24:54,-4,97,-58
11:24:54,-1,94,-53
11:24:54,-9,95,-50
11:24:54,-10,89,-54
11:24:54,-15,91,-54
11:24:54,-5,96,-54
11:24:54,0,97,-53
11:24:54,-1,94,-48
11:24:54,-9,94,-53
11:24:54,-14,90,-56
11:24:54,-12,95,-55
11:24:54,-2,98,-57
11:24:54,-2,95,-51
11:24:54,-3,89,-51
11:24:54,-21,93,-50
11:24:54,-9,92,-56
11:24:54,-4,96,-55
11:24:55,3,98,-47
11:24:55,-3,91,-50
11:24:55,-9,90,-52
11:24:55,-18,96,-61
11:24:55,-9,98,-58
11:24:55,-3,98,-47
11:24:55,-5,93,-47
11:24:55,-10,89,-51
11:24:55,-16,92,-58
11:24:55,-9,93,-61
11:24:55,-4,94,-53
11:24:55,-3,93,-46
11:24:55,-4,94,-47
11:24:55,-9,91,-55
11:24:55,-13,94,-66
11:24:55,-7,97,-58
11:24:55,0,93,-45
11:24:55,0,92,-45
11:24:55,-10,92,-55
11:24:55,-10,90,-66
11:24:56,-7,94,-56
11:24:56,2,94,-48
11:24:56,-5,94,-41
11:24:56,-12,95,-54
11:24:56,-14,92,-64
11:24:56,-10,96,-59
11:24:56,-2,98,-49
11:24:56,0,91,-42
11:24:56,-6,93,-54
11:24:56,-17,97,-55
11:24:56,-12,92,-62
11:24:56,-3,99,-53
11:24:56,2,93,-48
11:24:56,-6,91,-45
11:24:56,-13,97,-54
11:24:56,-11,91,-65
11:24:56,-8,94,-59
11:24:56,-1,97,-49
11:24:56,-2,94,-44
11:24:56,-9,92,-52
11:24:57,-9,94,-62
11:24:57,-11,92,-66
11:24:57,0,91,-43
11:24:57,0,96,-39
11:24:57,-5,94,-58
11:24:57,-11,92,-62
11:24:57,-9,93,-67
11:24:57,-5,91,-50
11:24:57,3,95,-42
11:24:57,-8,98,-49
11:24:57,-5,90,-63
11:24:57,-11,90,-61
11:24:57,-8,94,-51
11:24:57,-1,96,-46
11:24:57,0,92,-52
11:24:57,-12,97,-59
11:24:57,-5,91,-64
11:24:57,-16,93,-50
11:24:57,0,96,-46
11:24:57,2,94,-47
11:24:58,-5,92,-60
11:24:58,-12,93,-59
11:24:58,-12,88,-61
11:24:58,-5,92,-47
11:24:58,1,97,-45
11:24:58,-3,95,-57
11:24:58,-10,96,-58
11:24:58,-13,92,-62
11:24:58,-11,90,-47
11:24:58,-3,98,-48
11:24:58,-2,98,-49
11:24:58,-7,91,-64
11:24:58,-10,89,-60
11:24:58,-10,89,-53
11:24:58,-3,93,-47
11:24:58,-1,98,-53
11:24:58,-5,95,-58
11:24:58,-10,91,-60
11:24:58,-13,92,-57
11:24:59,-7,97,-39
11:24:59,-3,100,-52
11:24:59,-2,96,-52
11:24:59,-5,90,-62
11:24:59,-12,93,-62
11:24:59,-10,90,-51
11:24:59,2,91,-48
11:24:59,-4,97,-51
11:24:59,-4,90,-63
11:24:59,-14,93,-61
11:24:59,-10,91,-55
11:24:59,1,93,-45
11:24:59,-6,101,-44
11:24:59,-5,96,-63
11:24:59,-18,92,-61
11:24:59,-10,94,-55
11:24:59,-4,94,-48
11:24:59,-5,97,-47
11:24:59,-9,97,-58
11:24:59,-8,90,-59
11:25:00,-14,90,-56
11:25:00,-6,95,-53
11:25:00,2,95,-51
11:25:00,-2,95,-51
11:25:00,-12,97,-59
11:25:00,-13,92,-63
11:25:00,-10,93,-52
11:25:00,-5,95,-48
11:25:00,-2,94,-43
11:25:00,-3,96,-55
11:25:00,-9,93,-58
11:25:00,-12,90,-59
11:25:00,-5,93,-48
11:25:00,-1,98,-44
11:25:00,-3,97,-53
11:25:00,-9,93,-62
11:25:00,-15,94,-58
11:25:00,-8,89,-51
11:25:00,-2,96,-49
11:25:00,-6,101,-53
11:25:01,-5,88,-59
11:25:01,-19,95,-52
11:25:01,-8,88,-54
11:25:01,-7,96,-47
11:25:01,1,100,-51
11:25:01,-6,94,-58
11:25:01,-14,94,-57
11:25:01,-11,92,-59
11:25:01,-7,94,-45
11:25:01,-1,99,-49
11:25:01,-5,97,-55
11:25:01,-6,89,-60
11:25:01,-15,91,-57
11:25:01,-12,92,-50
11:25:01,2,93,-52
11:25:01,-1,99,-50
11:25:01,-2,93,-63
11:25:01,-17,90,-53
11:25:01,-11,91,-55
11:25:02,-4,95,-48
11:25:02,2,98,-51
11:25:02,-8,97,-57
11:25:02,-13,91,-55
11:25:02,-13,89,-54
11:25:02,-5,95,-52
11:25:02,1,97,-56
11:25:02,-4,96,-56
11:25:02,-10,90,-55
11:25:02,-10,88,-57
11:25:02,-10,96,-51
11:25:02,4,95,-53
11:25:02,0,95,-50
11:25:02,-9,95,-57
11:25:02,-13,91,-51
11:25:02,-13,95,-51
11:25:02,-5,97,-53
11:25:02,0,97,-51
11:25:02,-5,94,-54
11:25:02,-11,91,-52
11:25:03,-14,87,-53
11:25:03,-5,95,-52
11:25:03,-2,101,-52
11:25:03,1,92,-56
11:25:03,-9,94,-54
11:25:03,-9,87,-60
11:25:03,-11,92,-51
11:25:03,-7,98,-53
11:25:03,0,94,-54
11:25:03,-9,91,-53
11:25:03,-13,88,-53
11:25:03,-11,91,-53
11:25:03,0,95,-55
11:25:03,-5,99,-56
11:25:03,-5,94,-54
11:25:03,-7,92,-52
11:25:03,-15,96,-55
11:25:03,-7,95,-55
11:25:03,1,96,-57
11:25:03,-2,94,-49
11:25:04,-10,87,-56
11:25:04,-14,91,-54
11:25:04,-9,93,-54
11:25:04,0,94,-56
11:25:04,0,94,-47
11:25:04,-5,94,-49
11:25:04,-12,90,-51
11:25:04,-16,96,-59
11:25:04,-4,96,-64
11:25:04,-5,95,-46
11:25:04,-4,91,-50
11:25:04,-11,89,-50
11:25:04,-10,89,-59
11:25:04,-4,96,-60
11:25:04,-4,95,-53
11:25:04,-4,93,-50
11:25:04,-7,92,-51
11:25:04,-15,92,-54
11:25:04,-12,97,-58
11:25:04,-3,100,-54
11:25:05,0,92,-49
11:25:05,-4,91,-49
11:25:05,-15,95,-55
11:25:05,-9,93,-60
11:25:05,-5,97,-55
11:25:05,0,96,-48
11:25:05,-6,92,-44
11:25:05,-12,95,-55
11:25:05,-17,94,-58
11:25:05,-5,93,-58
11:25:05,1,96,-50
11:25:05,-4,93,-47
11:25:05,-7,88,-55
11:25:05,-12,93,-57
11:25:05,-10,92,-57
11:25:05,2,94,-56
11:25:05,-1,96,-43
11:25:05,-2,91,-53
11:25:05,-10,91,-56
11:25:06,-18,95,-61
11:25:06,-6,96,-58
11:25:06,0,93,-44
11:25:06,-9,93,-45
11:25:06,-8,87,-55
11:25:06,-14,95,-62
11:25:06,-3,94,-61
11:25:06,5,91,-47
11:25:06,-5,95,-39
11:25:06,-6,95,-60
11:25:06,-15,92,-64
11:25:06,-13,96,-59
11:25:06,-3,97,-49
11:25:06,-1,91,-43
11:25:06,-8,92,-51
11:25:06,-13,93,-61
11:25:06,-11,93,-63
11:25:06,-6,95,-50
11:25:06,4,94,-45
11:25:06,-2,91,-48
11:25:07,-10,94,-55
11:25:07,-13,92,-64
11:25:07,-6,96,-60
11:25:07,0,96,-48
11:25:07,-2,93,-44
11:25:07,-9,92,-52
11:25:07,-12,93,-65
11:25:07,-7,91,-63
11:25:07,-1,92,-49
11:25:07,-6,98,-36
11:25:07,-6,93,-54
11:25:07,-7,91,-66
11:25:07,-14,94,-64
11:25:07,-5,92,-46
11:25:07,1,93,-42
11:25:07,-1,93,-55
11:25:07,-11,93,-59
11:25:07,-14,92,-67
11:25:07,-7,93,-53
11:25:07,3,92,-43
11:25:08,-2,95,-49
11:25:08,-8,96,-64
11:25:08,-17,92,-57
11:25:08,-13,94,-57
11:25:08,-4,95,-47
11:25:08,-3,92,-45
11:25:08,-6,96,-54
11:25:08,-8,93,-60
11:25:08,-12,90,-59
11:25:08,-3,94,-47
11:25:08,-1,96,-47
11:25:08,-5,95,-51
11:25:08,-7,93,-65
11:25:08,-14,91,-61
11:25:08,-9,88,-47
11:25:08,-2,96,-46
11:25:08,2,98,-54
11:25:08,-9,91,-63
11:25:08,-12,89,-57
11:25:08,-15,91,-54
11:25:09,-6,97,-44
11:25:09,-1,100,-48
11:25:09,-5,95,-58
11:25:09,-12,94,-56
11:25:09,-13,94,-58
11:25:09,-6,93,-48
11:25:09,-3,97,-45
11:25:09,-3,96,-54
11:25:09,-4,89,-63
11:25:09,-16,92,-61
11:25:09,-8,91,-51
11:25:09,-2,92,-46
11:25:09,0,98,-49
11:25:09,-6,93,-61
11:25:09,-16,89,-56
11:25:09,-16,92,-53
11:25:09,-4,97,-52
11:25:09,-2,95,-46
11:25:09,-5,97,-58
11:25:10,-11,92,-56
11:25:10,-13,88,-57
11:25:10,-4,96,-48
11:25:10,0,97,-50
11:25:10,-2,94,-59
11:25:10,-10,94,-63
11:25:10,-13,91,-56
11:25:10,-7,93,-50
11:25:10,2,96,-50
11:25:10,-7,97,-51
11:25:10,-9,91,-56
11:25:10,-12,92,-55
11:25:10,-15,91,-48
11:25:10,-4,99,-55
11:25:10,0,98,-55
11:25:10,-3,93,-50
11:25:10,-7,90,-54
11:25:10,-13,92,-55
11:25:10,-7,94,-57
11:25:10,4,96,-53
11:25:11,-3,94,-46
11:25:11,-7,88,-56
11:25:11,-15,91,-52
11:25:11,-8,93,-59
11:25:11,-1,96,-56
11:25:11,-4,98,-50
11:25:11,-6,92,-52
11:25:11,-15,89,-53
11:25:11,-13,93,-55
11:25:11,-1,96,-55
11:25:11,-2,95,-51
11:25:11,-3,94,-51
11:25:11,-6,89,-56
11:25:11,-16,92,-53
11:25:11,-3,96,-58
11:25:11,0,95,-51
11:25:11,-2,92,-46
11:25:11,-6,92,-52
11:25:11,-14,92,-60
11:25:11,-13,95,-59
11:25:12,-6,99,-55
11:25:12,0,91,-43
11:25:12,-6,89,-50
11:25:12,-14,95,-57
11:25:12,-12,91,-62
11:25:12,-5,97,-56
11:25:12,4,94,-48
11:25:12,-4,92,-44
11:25:12,-14,95,-55
11:25:12,-8,96,-67
11:25:12,-6,91,-57
11:25:12,1,91,-48
11:25:12,-3,93,-48
11:25:12,-11,91,-57
11:25:12,-11,93,-62
11:25:12,-7,94,-61
11:25:12,2,91,-49
11:25:12,-6,99,-43
11:25:12,-4,94,-53
11:25:13,-9,92,-61
11:25:13,-13,97,-65
11:25:13,-1,93,-54
11:25:13,-3,94,-40
11:25:13,-5,95,-47
11:25:13,-8,92,-64
11:25:13,-14,90,-66
11:25:13,-6,93,-53
11:25:13,1,93,-46
11:25:13,-4,93,-46
11:25:13,-7,96,-59
11:25:13,-10,89,-66
11:25:13,-13,93,-61
11:25:13,-1,95,-47
11:25:13,0,92,-42
11:25:13,-9,92,-54
11:25:13,-10,94,-66
11:25:13,-9,90,-59
11:25:13,-5,93,-47
11:25:13,2,97,-41
11:25:14,-1,95,-55
11:25:14,-9,93,-59
11:25:14,-13,94,-65
11:25:14,-8,90,-53
11:25:14,-7,93,-45
11:25:14,-1,97,-50
11:25:14,-5,92,-59
11:25:14,-15,92,-64
11:25:14,-11,93,-59
11:25:14,0,93,-44
11:25:14,0,96,-45
11:25:14,-9,99,-55
11:25:14,-11,91,-63
11:25:14,-11,90,-58
11:25:14,-12,95,-47
11:25:14,3,92,-44
11:25:14,-8,97,-56
11:25:14,-7,91,-61
11:25:14,-13,88,-61
11:25:14,-3,93,-54
11:25:15,4,95,-45
11:25:15,-5,95,-47
11:25:15,-10,97,-60
11:25:15,-9,90,-63
11:25:15,-17,94,-55
11:25:15,-4,93,-41
11:25:15,-1,96,-46
11:25:15,1,92,-62
11:25:15,-15,96,-57
11:25:15,-11,89,-58
11:25:15,-6,94,-43
11:25:15,1,100,-46
11:25:15,-6,97,-52
11:25:15,-9,93,-64
11:25:15,-17,93,-57
11:25:15,-13,91,-49
11:25:15,1,96,-49
11:25:15,-1,95,-55
11:25:15,-7,91,-61
11:25:15,-13,89,-60
11:25:16,-8,89,-57
11:25:16,-4,95,-43
11:25:16,2,99,-50
11:25:16,-9,99,-56
11:25:16,-12,93,-60
11:25:16,-14,94,-56
11:25:16,-10,95,-43
11:25:16,-2,95,-49
11:25:16,-2,98,-51
11:25:16,-5,90,-59
11:25:16,-10,89,-59
11:25:16,-9,94,-47
11:25:16,1,95,-54
11:25:16,0,98,-55
11:25:16,-9,95,-58
11:25:16,-12,89,-57
11:25:16,-17,95,-52
11:25:16,0,95,-53
11:25:16,1,96,-51
11:25:17,-3,93,-54
11:25:17,-15,89,-58
11:25:17,-15,88,-53
11:25:17,-2,96,-47
11:25:17,4,95,-55
11:25:17,-5,96,-52
11:25:17,-7,92,-57
11:25:17,-15,90,-55
11:25:17,-13,94,-49
11:25:17,0,99,-57
11:25:17,-2,95,-51
11:25:17,-7,91,-56
11:25:17,-17,93,-53
11:25:17,-14,92,-53
11:25:17,-4,97,-53
11:25:17,5,97,-51
11:25:17,-2,93,-51
11:25:17,-6,89,-54
11:25:17,-15,94,-56
11:25:17,-8,94,-53
11:25:18,0,98,-58
11:25:18,1,94,-49
11:25:18,-10,87,-53
11:25:18,-19,93,-53
11:25:18,-6,92,-57
11:25:18,1,94,-58
11:25:18,-2,99,-51
11:25:18,-6,93,-51
11:25:18,-16,91,-50
11:25:18,-14,95,-58
11:25:18,-7,98,-55
11:25:18,1,94,-52
11:25:18,-2,91,-50
11:25:18,-6,88,-55
11:25:18,-16,91,-52
11:25:18,-4,97,-57
11:25:18,-3,98,-53
11:25:18,-6,94,-48
11:25:18,-8,92,-50
11:25:18,-17,92,-60
11:25:19,-12,94,-58
11:25:19,-3,96,-58
11:25:19,0,93,-46
11:25:19,-5,88,-49
11:25:19,-12,93,-57
11:25:19,-13,92,-60
11:25:19,-4,98,-56
11:25:19,0,95,-44
11:25:19,-7,95,-46
11:25:19,-12,93,-52
11:25:19,-13,95,-59
11:25:19,-7,92,-60
11:25:19,-2,92,-48
11:25:19,-1,94,-45
11:25:19,-8,89,-57
11:25:19,-11,94,-63
11:25:19,-5,95,-63
11:25:19,-4,94,-46
11:25:19,0,96,-42
11:25:20,-6,97,-50
11:25:20,-11,91,-61
11:25:20,-14,95,-66
11:25:20,-6,94,-53
11:25:20,3,92,-41
11:25:20,-6,96,-46
11:25:20,-10,90,-60
11:25:20,-14,93,-62
11:25:20,-5,95,-61
11:25:20,2,92,-45
11:25:20,-5,91,-46
11:25:20,-8,93,-58
11:25:20,-17,92,-64
11:25:20,-8,92,-63
11:25:20,-2,94,-45
11:25:20,-3,93,-40
11:25:20,-3,92,-57
11:25:20,-14,97,-60
11:25:20,-9,90,-60
11:25:20,-4,92,-44
11:25:21,0,100,-46
11:25:21,3,93,-50
11:25:21,-7,93,-60
11:25:21,-12,95,-61
11:25:21,-8,88,-54
11:25:21,-1,94,-46
11:25:21,-1,98,-46
11:25:21,-3,91,-61
11:25:21,-18,93,-64
11:25:21,-14,93,-59
11:25:21,-3,92,-47
11:25:21,-1,94,-39
11:25:21,-7,97,-57
11:25:21,-13,93,-65
11:25:21,-17,96,-60
11:25:21,-1,94,-45
11:25:21,2,94,-43
11:25:21,-7,99,-56
11:25:21,-12,91,-60
11:25:21,-14,90,-61
11:25:22,-6,94,-51
11:25:22,0,96,-47
11:25:22,-2,96,-52
11:25:22,-10,97,-54
11:25:22,-15,91,-60
11:25:22,-11,93,-57
11:25:22,-7,94,-46
11:25:22,1,94,-47
11:25:22,-3,94,-59
11:25:22,-13,92,-61
11:25:22,-11,90,-58
11:25:22,-5,93,-47
11:25:22,-1,95,-45
11:25:22,0,94,-57
11:25:22,-10,95,-61
11:25:22,-16,91,-60
11:25:22,-7,92,-52
11:25:22,-3,100,-38
11:25:22,-3,95,-54
11:25:22,-14,98,-58
11:25:23,-9,91,-59
11:25:23,-14,89,-51
11:25:23,-2,96,-47
11:25:23,-3,97,-46
11:25:23,3,91,-56
11:25:23,-9,94,-55
11:25:23,-13,94,-54
11:25:23,-11,93,-46
11:25:23,-2,100,-47
11:25:23,-5,95,-52
11:25:23,-14,97,-61
11:25:23,-12,90,-61
11:25:23,-10,94,-53
11:25:23,-5,96,-47
11:25:23,1,95,-52
11:25:23,-7,92,-62
11:25:23,-13,93,-61
11:25:23,-15,89,-49
11:25:23,0,95,-42
11:25:24,3,98,-54
11:25:24,-7,96,-57
11:25:24,-10,92,-65
11:25:24,-15,95,-53
11:25:24,-4,92,-46
11:25:24,-2,96,-47
11:25:24,3,94,-53
11:25:24,-8,92,-63
11:25:24,-12,91,-61
11:25:24,-5,90,-52
11:25:24,-1,94,-42
11:25:24,1,97,-53
11:25:24,-8,97,-61
11:25:24,-12,91,-62
11:25:24,-15,94,-54
11:25:24,-6,95,-44
11:25:24,-2,95,-50
11:25:24,-4,95,-57
11:25:24,-12,91,-59
11:25:24,-13,90,-53
11:25:25,-3,95,-44
11:25:25,5,94,-50
11:25:25,-2,95,-58
11:25:25,-10,92,-65
11:25:25,-11,90,-59
11:25:25,-9,93,-48
11:25:25,-2,97,-48
11:25:25,-2,95,-51
11:25:25,-10,93,-62
11:25:25,-14,93,-59
11:25:25,-14,90,-52
11:25:25,-9,96,-44
11:25:25,-4,98,-56
11:25:25,-2,94,-58
11:25:25,-6,93,-58
11:25:25,-10,91,-56
11:25:25,-3,94,-47
11:25:25,-3,101,-53
11:25:25,2,92,-60
11:25:25,-11,93,-59
11:25:26,-21,91,-52
11:25:26,-8,89,-54
11:25:26,-2,96,-46
11:25:26,-1,97,-56
11:25:26,-4,89,-59
11:25:26,-14,91,-55
11:25:26,-10,91,-51
11:25:26,-1,93,-52
11:25:26,0,99,-54
11:25:26,-8,95,-55
11:25:26,-13,91,-51
11:25:26,-13,93,-53
11:25:26,-6,93,-49
11:25:26,0,96,-55
11:25:26,-2,95,-57
11:25:26,-11,89,-53
11:25:26,-10,92,-53
11:25:26,-6,93,-54
11:25:26,-3,95,-51
11:25:26,0,97,-56
11:25:27,-4,96,-56
11:25:27,-13,87,-56
11:25:27,-12,91,-51
11:25:27,-5,94,-50
11:25:27,-1,96,-52
11:25:27,-4,95,-56
11:25:27,-8,91,-57
11:25:27,-14,87,-53
11:25:27,-3,96,-52
11:25:27,-1,99,-52
11:25:27,-5,95,-53
11:25:27,-5,91,-56
11:25:27,-12,87,-53
11:25:27,-9,90,-58
11:25:27,-6,97,-53
11:25:27,-2,94,-55
11:25:27,-5,89,-49
11:25:27,-10,92,-54
11:25:27,-13,95,-53
11:25:28,-3,95,-54
11:25:28,0,99,-51
11:25:28,-5,93,-52
11:25:28,-11,91,-51
11:25:28,-17,94,-52
11:25:28,-4,91,-55
11:25:28,0,97,-55
11:25:28,3,94,-52
11:25:28,-6,88,-54
11:25:28,-20,92,-52
11:25:28,-10,93,-59
11:25:28,-4,98,-54
11:25:28,-4,100,-50
11:25:28,-7,93,-52
11:25:28,-16,91,-50
11:25:28,-11,96,-60
11:25:28,-7,98,-55
11:25:28,2,94,-50
11:25:28,-4,91,-50
11:25:28,-8,90,-51
11:25:29,-10,91,-59
11:25:29,-8,99,-56
11:25:29,-1,95,-54
11:25:29,-1,93,-46
11:25:29,-6,92,-52
11:25:29,-19,93,-50
11:25:29,-11,95,-61
11:25:29,-3,98,-52
11:25:29,1,92,-50
11:25:29,-6,91,-51
11:25:29,-18,92,-51
11:25:29,-7,88,-61
11:25:29,-2,96,-56
11:25:29,0,97,-49
11:25:29,-2,90,-49
11:25:29,-9,90,-57
11:25:29,-19,95,-54
11:25:29,-6,91,-62
11:25:29,-2,94,-48
11:25:29,-4,94,-43
11:25:30,-6,89,-52
11:25:30,-11,94,-59
11:25:30,-11,94,-61
11:25:30,-1,93,-53
11:25:30,-5,94,-46
11:25:30,-8,96,-48
11:25:30,-8,89,-54
11:25:30,-11,95,-64
11:25:30,-3,97,-55
11:25:30,7,92,-48
11:25:30,-5,92,-46
11:25:30,-9,92,-55
11:25:30,-18,93,-61
11:25:30,-8,100,-62
11:25:30,5,95,-52
11:25:30,-3,92,-42
11:25:30,-11,95,-52
11:25:30,-16,93,-59
11:25:30,-13,97,-62
11:25:31,-4,95,-57
11:25:31,-6,93,-41
11:25:31,-9,91,-50
11:25:31,-11,90,-58
11:25:31,-11,91,-62
11:25:31,-6,98,-59
11:25:31,-4,99,-46
11:25:31,-1,91,-47
11:25:31,-6,94,-57
11:25:31,-11,92,-59
11:25:31,-8,93,-62
11:25:31,-4,98,-47
11:25:31,-1,91,-43
11:25:31,-5,88,-52
11:25:31,-13,94,-62
11:25:31,-10,94,-63
11:25:31,-5,95,-51
11:25:31,-2,96,-44
11:25:31,-4,93,-51
11:25:31,-15,92,-57
11:25:32,-12,94,-63
11:25:32,-6,93,-54
11:25:32,-3,94,-44
11:25:32,-3,93,-46
11:25:32,-11,92,-62
11:25:32,-16,96,-64
11:25:32,-6,92,-59
11:25:32,-3,92,-42
11:25:32,-5,96,-43
11:25:32,-7,94,-55
11:25:32,-10,90,-63
11:25:32,-16,97,-56
11:25:32,-3,92,-48
11:25:32,-4,93,-40
11:25:32,-2,94,-55
11:25:32,-11,91,-60
11:25:32,-14,93,-65
11:25:32,-7,97,-48
11:25:32,8,94,-47
11:25:32,-2,93,-47
11:25:33,-9,97,-61
11:25:33,-14,92,-64
11:25:33,-7,91,-53
11:25:33,-3,95,-42
11:25:33,3,91,-51
11:25:33,-5,93,-62
11:25:33,-13,91,-64
11:25:33,-7,89,-56
11:25:33,-6,95,-43
11:25:33,5,96,-51
11:25:33,-10,96,-56
11:25:33,-6,92,-62
11:25:33,-11,94,-57
11:25:33,-12,95,-43
11:25:33,-2,95,-45
11:25:33,-2,99,-58
11:25:33,-5,88,-62
11:25:33,-15,91,-60
11:25:33,-10,90,-50
11:25:33,-2,94,-43
11:25:34,-1,100,-51
11:25:34,-6,91,-56
11:25:34,-14,94,-60
11:25:34,-14,92,-53
11:25:34,-1,92,-44
11:25:34,0,96,-48
11:25:34,-10,95,-57
11:25:34,-12,91,-69
11:25:34,-16,95,-59
11:25:34,-8,92,-46
11:25:34,4,93,-47
11:25:34,-4,96,-60
11:25:34,-7,94,-60
11:25:34,-14,91,-59
11:25:34,-6,93,-48
11:25:34,-7,96,-43
11:25:34,-3,97,-51
11:25:34,-7,96,-63
11:25:34,-17,91,-55
11:25:35,-13,93,-52
11:25:35,-6,97,-44
11:25:35,0,95,-47
11:25:35,-3,95,-57
11:25:35,-11,94,-58
11:25:35,-10,89,-59
11:25:35,-7,98,-46
11:25:35,2,96,-50
11:25:35,-3,93,-57
11:25:35,-12,93,-61
11:25:35,-16,89,-57
11:25:35,-6,91,-52
11:25:35,-1,96,-47
11:25:35,-2,95,-58
11:25:35,-8,92,-58
11:25:35,-12,92,-52
11:25:35,-11,91,-57
11:25:35,-3,96,-48
11:25:35,-4,101,-51
11:25:35,-3,93,-54
11:25:36,-12,93,-54
11:25:36,-12,92,-57
11:25:36,-6,93,-49
11:25:36,-5,99,-52
11:25:36,-4,96,-52
11:25:36,-7,88,-60
11:25:36,-16,92,-54
11:25:36,-13,92,-51
11:25:36,-3,99,-50
11:25:36,0,100,-53
11:25:36,-3,91,-60
11:25:36,-15,94,-49
11:25:36,-12,93,-53
11:25:36,-1,95,-55
11:25:36,2,96,-54
11:25:36,-8,94,-54
11:25:36,-9,85,-61
11:25:36,-17,92,-51
11:25:36,-1,93,-53
11:25:36,0,94,-55
11:25:37,-3,96,-51
11:25:37,-10,89,-54
11:25:37,-10,91,-52
11:25:37,-11,95,-54
11:25:37,-3,98,-57
11:25:37,-7,97,-50
11:25:37,-10,94,-54
11:25:37,-14,89,-50
11:25:37,-15,93,-57
11:25:37,-5,98,-58
11:25:37,3,93,-53
11:25:37,-4,92,-46
11:25:37,-8,91,-54
11:25:37,-17,92,-54
11:25:37,-2,97,-58
11:25:37,1,98,-55
11:25:37,-4,92,-45
11:25:37,-11,92,-55
11:25:37,-13,89,-55
11:25:38,-10,95,-58
11:25:38,-8,97,-55
11:25:38,-3,94,-46
11:25:38,-13,91,-49
11:25:38,-7,89,-56
11:25:38,-13,92,-55
11:25:38,-9,97,-57
11:25:38,-1,96,-55
11:25:38,-4,91,-47
11:25:38,-6,89,-55
11:25:38,-14,92,-55
11:25:38,-10,95,-54
11:25:38,1,96,-56
11:25:38,-2,92,-47
11:25:38,-11,90,-51
11:25:38,-10,91,-60
11:25:38,-14,92,-58
11:25:38,-4,100,-55
11:25:38,-2,94,-53
11:25:38,-8,89,-51
11:25:39,-12,93,-54
11:25:39,-10,90,-54
11:25:39,1,96,-59
11:25:39,2,99,-55
11:25:39,-8,94,-48
11:25:39,-10,90,-51
11:25:39,-15,90,-57
11:25:39,-8,92,-54
11:25:39,-7,99,-56
11:25:39,0,94,-51
11:25:39,-5,88,-55
11:25:39,-11,90,-54
11:25:39,-12,95,-55
11:25:39,-4,97,-53
11:25:39,-2,100,-50
11:25:39,0,89,-54
11:25:39,-19,94,-52
11:25:39,-15,96,-55
11:25:39,-6,96,-56
11:25:39,1,97,-49
11:25:40,-4,93,-46
11:25:40,-12,88,-51
11:25:40,-12,94,-59
11:25:40,-7,97,-62
11:25:40,0,95,-53
11:25:40,-5,94,-45
11:25:40,-11,94,-50
11:25:40,-14,90,-54
11:25:40,-13,97,-65
11:25:40,-3,96,-56
11:25:40,-9,95,-43
11:25:40,-3,91,-52
11:25:40,-11,88,-53
11:25:40,-12,92,-60
11:25:40,-1,99,-57
11:25:40,2,95,-49
11:25:40,-5,92,-42
11:25:40,-10,92,-55
11:25:40,-13,91,-59
11:25:40,-11,99,-58
11:25:41,6,96,-57
11:25:41,-2,90,-47
11:25:41,-11,96,-51
11:25:41,-14,95,-58
11:25:41,-10,94,-60
11:25:41,-5,98,-54
11:25:41,2,92,-48
11:25:41,-11,94,-46
11:25:41,-10,90,-59
11:25:41,-11,91,-58
11:25:41,-2,97,-55
11:25:41,8,94,-49
11:25:41,-8,92,-47
11:25:41,-12,94,-52
11:25:41,-9,91,-61
11:25:41,-12,97,-62
11:25:41,-2,98,-50
11:25:41,-1,91,-46
11:25:41,-7,91,-50
11:25:42,-16,94,-60
11:25:42,-10,93,-65
11:25:42,2,95,-55
11:25:42,-2,97,-45
11:25:42,-6,91,-48
11:25:42,-12,97,-58
11:25:42,-13,94,-66
11:25:42,-2,93,-53
11:25:42,-7,99,-44
11:25:42,-2,93,-48
11:25:42,-14,95,-55
11:25:42,-10,93,-68
11:25:42,-6,91,-58
11:25:42,4,92,-48
11:25:42,0,94,-40
11:25:42,-8,92,-56
11:25:42,-8,91,-65
11:25:42,-8,94,-58
11:25:42,-5,94,-48
11:25:42,-2,92,-43
11:25:43,-10,97,-53
11:25:43,-6,90,-63
11:25:43,-17,93,-63
11:25:43,-5,94,-48
11:25:43,4,93,-43
11:25:43,1,93,-50
11:25:43,-9,94,-58
11:25:43,-9,91,-69
11:25:43,-15,93,-54
11:25:43,-2,92,-43
11:25:43,-2,93,-43
11:25:43,-4,91,-62
11:25:43,-13,93,-65
11:25:43,-3,88,-59
11:25:43,-7,94,-42
11:25:43,1,100,-47
11:25:43,-6,94,-60
11:25:43,-12,95,-62
11:25:43,-9,93,-61
11:25:43,-3,90,-51
11:25:44,-3,94,-42
11:25:44,-5,98,-55
11:25:44,-7,90,-64
11:25:44,-12,92,-60
11:25:44,-6,91,-54
11:25:44,0,94,-44
11:25:44,1,99,-52
11:25:44,-3,95,-64
11:25:44,-9,89,-64
11:25:44,-16,92,-51
11:25:44,-4,95,-44
11:25:44,4,94,-55
11:25:44,-3,95,-60
11:25:44,-13,91,-63
11:25:44,-9,88,-58
11:25:44,-3,96,-49
11:25:44,0,100,-47
11:25:44,-2,96,-55
11:25:44,-10,94,-60
11:25:45,-14,89,-54
11:25:45,-4,92,-51
11:25:45,-1,95,-48
11:25:45,1,97,-58
11:25:45,-1,89,-62
11:25:45,-16,95,-53
11:25:45,-9,90,-53
11:25:45,-4,95,-51
11:25:45,2,99,-55
11:25:45,-6,93,-60
11:25:45,-12,92,-58
11:25:45,-20,93,-53
11:25:45,-8,91,-48
11:25:45,-1,96,-52
11:25:45,-2,96,-54
11:25:45,-9,89,-59
11:25:45,-16,91,-55
11:25:45,-5,91,-51
11:25:45,-1,95,-49
11:25:45,-6,98,-53
11:25:46,-5,93,-60
11:25:46,-15,91,-50
11:25:46,-8,92,-55
11:25:46,-1,95,-56
11:25:46,1,95,-56
11:25:46,-5,95,-49
11:25:46,-7,91,-55
11:25:46,-16,93,-52
11:25:46,-4,98,-55
11:25:46,-6,102,-49
11:25:46,1,94,-51
11:25:46,-8,92,-55
11:25:46,-10,92,-54
11:25:46,-13,94,-56
11:25:46,-3,96,-61
11:25:46,3,93,-52
11:25:46,-5,89,-49
11:25:46,-14,92,-53
11:25:46,-10,89,-61
11:25:46,-4,98,-54
11:25:47,4,98,-54
11:25:47,-6,92,-46
11:25:47,-16,91,-52
11:25:47,-14,91,-57
11:25:47,-10,94,-57
11:25:47,-3,97,-55
11:25:47,1,91,-45
11:25:47,-7,88,-51
11:25:47,-10,93,-61
11:25:47,-10,93,-59
11:25:47,-5,98,-56
11:25:47,1,96,-49
11:25:47,-6,92,-47
11:25:47,-13,92,-52
11:25:47,-11,96,-65
11:25:47,-7,96,-58
11:25:47,1,97,-45
11:25:47,1,92,-49
11:25:47,-11,88,-51
11:25:47,-16,95,-68
11:25:48,-8,96,-58
11:25:48,3,93,-51
11:25:48,-2,95,-47
11:25:48,-8,95,-52
11:25:48,-18,91,-61
11:25:48,-11,95,-62
11:25:48,-1,94,-56
11:25:48,-4,94,-42
11:25:48,-5,92,-48
11:25:48,-13,92,-60
11:25:48,-11,94,-58
11:25:48,-3,96,-55
11:25:48,4,93,-44
11:25:48,-4,91,-45
11:25:48,-10,95,-57
11:25:48,-11,92,-63
11:25:48,-7,97,-60
11:25:48,-2,97,-48
11:25:48,-3,90,-41
11:25:49,-8,90,-52
11:25:49,-15,94,-63
11:25:49,-9,92,-62
11:25:49,-5,95,-48
11:25:49,0,98,-40
11:25:49,-6,91,-51
11:25:49,-11,94,-62
11:25:49,-19,95,-62
11:25:49,-2,93,-57
11:25:49,-2,97,-42
11:25:49,-4,94,-47
11:25:49,-7,90,-55
11:25:49,-11,93,-64
11:25:49,-10,96,-60
11:25:49,0,92,-46
11:25:49,3,94,-46
11:25:49,-4,94,-55
11:25:49,-13,94,-62
11:25:49,-12,94,-67
11:25:49,-4,91,-44
11:25:50,-1,96,-40
11:25:50,-7,95,-53
11:25:50,-9,92,-64
11:25:50,-8,90,-66
11:25:50,-6,95,-48
11:25:50,1,97,-43
11:25:50,-3,94,-49
11:25:50,-10,98,-63
11:25:50,-14,91,-64
11:25:50,-6,92,-52
11:25:50,-3,93,-41
11:25:50,-3,94,-46
11:25:50,-10,93,-64
11:25:50,-16,94,-61
11:25:50,-10,89,-59
11:25:50,1,90,-48
11:25:50,-2,95,-43
11:25:50,-4,94,-55
11:25:50,-7,95,-63
11:25:50,-13,93,-58
11:25:51,-11,95,-46
11:25:51,-1,96,-44
11:25:51,0,94,-56
11:25:51,-7,91,-59
11:25:51,-17,94,-56
11:25:51,-8,88,-54
11:25:51,1,94,-44
11:25:51,0,100,-53
11:25:51,0,92,-64
11:25:51,-13,93,-56
11:25:51,-12,93,-57
11:25:51,-1,92,-45
11:25:51,-1,102,-43
11:25:51,-3,95,-59
11:25:51,-15,94,-59
11:25:51,-14,92,-63
11:25:51,-6,89,-50
11:25:51,-3,95,-44
11:25:51,-5,96,-56
11:25:52,-2,90,-62
11:25:52,-11,89,-60
11:25:52,-12,93,-52
11:25:52,-4,94,-44
11:25:52,-5,100,-47
11:25:52,-6,95,-67
11:25:52,-14,93,-60
11:25:52,-9,94,-56
11:25:52,-7,96,-46
11:25:52,-4,97,-48
11:25:52,-1,95,-59
11:25:52,-15,92,-58
11:25:52,-13,89,-54
11:25:52,-9,96,-45
11:25:52,3,97,-54
11:25:52,-4,94,-55
11:25:52,-13,93,-59
11:25:52,-14,89,-54
11:25:52,-8,92,-52
11:25:52,-3,98,-51
11:25:53,-3,95,-52
11:25:53,-8,92,-57
11:25:53,-6,91,-57
11:25:53,-10,89,-55
11:25:53,-4,95,-47
11:25:53,5,97,-58
11:25:53,-6,93,-54
11:25:53,-14,93,-57
11:25:53,-15,91,-52
11:25:53,-7,90,-51
11:25:53,-2,98,-53
11:25:53,-1,96,-53
11:25:53,-7,87,-56
11:25:53,-16,90,-52
11:25:53,-12,93,-56
11:25:53,-4,98,-54
11:25:53,3,98,-49
11:25:53,-7,92,-52
11:25:53,-13,90,-56
11:25:53,-17,95,-56
11:25:54,-4,97,-53
11:25:54,-4,95,-52
11:25:54,-4,93,-53
11:25:54,-9,90,-48
11:25:54,-10,93,-57
11:25:54,-7,99,-54
11:25:54,-1,96,-59
11:25:54,-6,95,-51
11:25:54,-5,93,-52
11:25:54,-15,91,-54
11:25:54,-11,94,-60
11:25:54,-5,95,-58
11:25:54,-1,96,-48
11:25:54,-11,93,-53
11:25:54,-5,88,-59
11:25:54,-15,89,-56
11:25:54,-8,97,-52
11:25:54,4,99,-56
11:25:54,-1,93,-49
11:25:54,-10,93,-52
11:25:55,-16,91,-51
11:25:55,-6,95,-56
11:25:55,2,100,-55
11:25:55,-1,89,-54
11:25:55,-12,90,-52
11:25:55,-16,94,-52
11:25:55,-12,93,-53
11:25:55,1,99,-57
11:25:55,-3,95,-45
11:25:55,-5,93,-49
11:25:55,-11,94,-54
11:25:55,-11,92,-54
11:25:55,-4,96,-57
11:25:55,1,100,-51
11:25:55,-4,92,-52
11:25:55,-9,92,-52
11:25:55,-11,89,-54
11:25:55,-14,97,-50
11:25:55,2,97,-55
11:25:56,-1,94,-51
11:25:56,-11,88,-55
11:25:56,-15,90,-53
11:25:56,-6,90,-60
11:25:56,-1,96,-55
11:25:56,-4,98,-47
11:25:56,-5,91,-46
11:25:56,-14,91,-53
11:25:56,-13,99,-56
11:25:56,-6,95,-57
11:25:56,-2,97,-53
11:25:56,-9,93,-48
11:25:56,-6,89,-54
11:25:56,-10,90,-54
11:25:56,-14,96,-55
11:25:56,0,94,-58
11:25:56,-7,97,-48
11:25:56,-5,91,-52
11:25:56,-11,88,-54
11:25:56,-16,96,-57
11:25:57,-4,98,-55
11:25:57,1,93,-52
11:25:57,-8,94,-49
11:25:57,-13,89,-54
11:25:57,-14,91,-61
11:25:57,-4,98,-57
11:25:57,1,94,-52
11:25:57,-3,90,-44
11:25:57,-11,92,-54
11:25:57,-13,92,-56
11:25:57,-9,98,-57
11:25:57,4,95,-54
11:25:57,-8,92,-45
11:25:57,-9,88,-53
11:25:57,-14,91,-54
11:25:57,-11,93,-57
11:25:57,-1,97,-55
11:25:57,0,94,-48
11:25:57,-2,90,-53
11:25:57,-15,95,-48
11:25:58,-6,94,-61
11:25:58,-11,99,-57
11:25:58,-3,100,-50
11:25:58,-3,92,-47
11:25:58,-15,92,-52
11:25:58,-18,92,-57
11:25:58,-11,95,-58
11:25:58,1,95,-55
11:25:58,2,91,-46
11:25:58,-13,88,-53
11:25:58,-11,91,-56
11:25:58,-12,91,-58
11:25:58,3,94,-58
11:25:58,1,97,-50
11:25:58,-6,90,-53
11:25:58,-20,94,-52
11:25:58,-10,93,-58
11:25:58,-7,96,-54
11:25:58,0,99,-52
11:25:58,-7,92,-47
11:25:59,-7,88,-53
11:25:59,-13,95,-54
11:25:59,-4,94,-60
11:25:59,2,95,-52
11:25:59,-1,97,-40
11:25:59,-7,94,-50
11:25:59,-13,92,-58
11:25:59,-15,98,-62
11:25:59,-2,94,-54
11:25:59,-1,91,-43
11:25:59,-4,92,-49
11:25:59,-13,90,-58
11:25:59,-16,94,-63
11:25:59,-6,97,-55
11:25:59,3,94,-44
11:25:59,-5,92,-45
11:25:59,-10,94,-56
11:25:59,-12,91,-61
11:25:59,-10,98,-57
11:26:00,0,94,-53
11:26:00,-5,92,-44
11:26:00,-10,94,-49
11:26:00,-13,91,-58
11:26:00,-14,94,-62
11:26:00,-3,97,-55
11:26:00,8,91,-45
11:26:00,-1,91,-50
11:26:00,-13,94,-57
11:26:00,-16,95,-58
11:26:00,-3,100,-56
11:26:00,1,95,-47
11:26:00,-4,94,-41
11:26:00,-6,94,-59
11:26:00,-14,91,-67
11:26:00,-12,97,-57
11:26:00,3,92,-48
11:26:00,0,90,-41
11:26:00,-9,91,-58
11:26:00,-15,93,-62
11:26:01,-9,90,-63
11:26:01,-1,92,-52
11:26:01,1,95,-46
11:26:01,-9,92,-48
11:26:01,-9,94,-60
11:26:01,-7,94,-68
11:26:01,-5,90,-54
11:26:01,2,90,-43
11:26:01,-4,93,-45
11:26:01,-3,93,-63
11:26:01,-13,92,-68
11:26:01,-10,94,-57
11:26:01,-3,92,-43
11:26:01,-2,97,-44
11:26:01,-9,96,-56
11:26:01,-15,91,-62
11:26:01,-12,95,-61
11:26:01,-1,95,-45
11:26:01,2,92,-39
11:26:01,-8,96,-51
11:26:02,-4,92,-68
11:26:02,-17,94,-62
11:26:02,-4,95,-50
11:26:02,0,95,-45
11:26:02,-3,92,-51
11:26:02,-13,96,-62
11:26:02,-7,92,-65
11:26:02,-8,90,-52
11:26:02,0,94,-45
11:26:02,-5,96,-49
11:26:02,-7,93,-62
11:26:02,-11,96,-61
11:26:02,-11,93,-55
11:26:02,-6,94,-44
11:26:02,1,98,-45
11:26:02,-2,97,-57
11:26:02,-10,93,-60
11:26:02,-12,92,-60
11:26:02,-6,90,-50
11:26:03,-1,94,-41
11:26:03,0,96,-51
11:26:03,-7,92,-65
11:26:03,-15,92,-66
11:26:03,-12,94,-53
11:26:03,4,91,-46
11:26:03,-6,97,-43
11:26:03,-7,94,-60
11:26:03,-14,91,-64
11:26:03,-15,96,-57
11:26:03,-5,91,-44
11:26:03,-4,94,-43
11:26:03,-4,95,-55
11:26:03,-9,92,-65
11:26:03,-11,92,-56
11:26:03,-9,96,-49
11:26:03,-2,97,-48
11:26:03,-4,95,-50
11:26:03,-11,96,-60
11:26:03,-16,90,-62
11:26:04,-11,90,-56
11:26:04,-6,96,-42
11:26:04,1,95,-47
11:26:04,-5,93,-58
11:26:04,-10,93,-63
11:26:04,-7,90,-54
11:26:04,-5,97,-42
11:26:04,1,100,-48
11:26:04,-4,95,-63
11:26:04,-14,96,-60
11:26:04,-12,91,-54
11:26:04,-10,93,-44
11:26:04,-3,99,-46
11:26:04,-5,92,-53
11:26:04,-11,94,-59
11:26:04,-7,90,-63
11:26:04,-8,89,-50
11:26:04,-4,96,-43
11:26:04,1,99,-49
11:26:04,-6,93,-64
11:26:05,-12,91,-63
11:26:05,-14,94,-51
11:26:05,-6,92,-48
11:26:05,-1,98,-48
11:26:05,-6,98,-57
11:26:05,-12,90,-60
11:26:05,-14,90,-57
11:26:05,-9,96,-44
11:26:05,3,93,-50
11:26:05,-3,101,-54
11:26:05,-6,91,-57
11:26:05,-16,92,-55
11:26:05,-11,95,-53
11:26:05,-4,94,-40
11:26:05,-1,100,-53
11:26:05,-7,94,-59
11:26:05,-16,91,-55
11:26:05,-13,93,-58
11:26:05,-10,93,-44
11:26:05,-1,95,-46
11:26:06,-2,95,-59
11:26:06,-8,91,-59
11:26:06,-13,91,-54
11:26:06,-4,91,-50
11:26:06,0,95,-46
11:26:06,-4,100,-57
11:26:06,-10,95,-62
11:26:06,-14,90,-59
11:26:06,-11,93,-51
11:26:06,3,92,-48
11:26:06,-4,99,-52
11:26:06,-7,93,-63
11:26:06,-14,90,-58
11:26:06,-13,92,-52
11:26:06,0,93,-49
11:26:06,-2,94,-48
11:26:06,-2,97,-57
11:26:06,-13,93,-58
11:26:06,-7,90,-54
11:26:07,-9,97,-45
11:26:07,2,96,-53
11:26:07,-9,94,-53
11:26:07,-9,93,-59
11:26:07,-14,88,-56
11:26:07,-13,92,-48
11:26:07,-3,94,-48
11:26:07,-1,99,-53
11:26:07,-1,91,-60
11:26:07,-13,91,-57
11:26:07,-13,89,-54
11:26:07,-4,96,-46
11:26:07,-2,100,-44
11:26:07,-3,92,-59
11:26:07,-14,93,-59
11:26:07,-10,90,-57
11:26:07,-8,94,-45
11:26:07,2,97,-45
11:26:07,1,96,-59
11:26:07,-10,90,-61
11:26:08,-9,91,-56
11:26:08,-9,92,-52
11:26:08,-4,95,-53
11:26:08,-4,101,-57
11:26:08,-5,88,-55
11:26:08,-11,94,-56
11:26:08,-16,93,-49
11:26:08,-4,93,-50
11:26:08,2,98,-50
11:26:08,-3,95,-54
11:26:08,-10,89,-58
11:26:08,-14,89,-53
11:26:08,-9,94,-50
11:26:08,5,95,-55
11:26:08,-5,100,-54
11:26:08,-9,91,-65
11:26:08,-14,92,-52
11:26:08,-15,97,-47
11:26:08,-1,94,-50
11:26:08,-2,100,-51
11:26:09,-4,93,-61
11:26:09,-17,89,-55
11:26:09,-12,93,-51
11:26:09,-7,93,-44
11:26:09,6,97,-55
11:26:09,-6,96,-51
11:26:09,-11,89,-55
11:26:09,-10,91,-53
11:26:09,-7,94,-48
11:26:09,-1,96,-56
11:26:09,-5,100,-51
11:26:09,-3,90,-62
11:26:09,-14,91,-52
11:26:09,-17,93,-53
11:26:09,-3,96,-53
11:26:09,2,96,-54
11:26:09,-6,91,-57
11:26:09,-17,94,-56
11:26:09,-12,91,-50
11:26:10,-7,95,-47
11:26:10,0,99,-51
11:26:10,-2,94,-58
11:26:10,-15,96,-57
11:26:10,-11,88,-53
11:26:10,-11,97,-46
11:26:10,0,97,-50
11:26:10,-4,94,-58
11:26:10,-9,93,-56
11:26:10,-7,89,-53
11:26:10,-12,92,-53
11:26:10,-1,97,-54
11:26:10,0,96,-53
11:26:10,-4,89,-50
11:26:10,-19,93,-50
11:26:10,-12,93,-58
11:26:10,-6,97,-51
11:26:10,2,98,-56
11:26:10,-2,91,-49
11:26:10,-12,93,-53
11:26:11,-15,93,-57
11:26:11,-8,93,-55
11:26:11,-7,100,-53
11:26:11,2,94,-55
11:26:11,-7,89,-55
11:26:11,-18,93,-52
11:26:11,-6,92,-54
11:26:11,-2,96,-54
11:26:11,-4,101,-50
11:26:11,-5,91,-56
11:26:11,-12,92,-49
11:26:11,-12,94,-51
11:26:11,-7,93,-51
11:26:11,0,96,-57
11:26:11,-1,93,-51
11:26:11,-7,88,-53
11:26:11,-11,92,-55
11:26:11,-10,96,-57
11:26:11,-1,95,-59
11:26:11,-3,96,-50
11:26:12,-7,90,-55
11:26:12,-18,90,-54
11:26:12,-13,97,-57
11:26:12,-5,96,-53
11:26:12,-2,95,-50
11:26:12,-9,93,-49
11:26:12,-14,91,-54
11:26:12,-11,92,-54
11:26:12,2,97,-56
11:26:12,-1,98,-51
11:26:12,-1,94,-52
11:26:12,-10,94,-52
11:26:12,-12,88,-57
11:26:12,-7,98,-55
11:26:12,-2,97,-55
11:26:12,-6,93,-50
11:26:12,-8,90,-51
11:26:12,-15,89,-56
11:26:12,-13,91,-51
11:26:12,-3,96,-53
11:26:13,1,98,-56
11:26:13,-7,90,-48
11:26:13,-14,93,-54
11:26:13,-15,93,-56
11:26:13,-5,94,-53
11:26:13,0,98,-55
11:26:13,1,90,-50
11:26:13,-11,87,-53
11:26:13,-15,93,-55
11:26:13,-7,90,-59
11:26:13,-1,98,-55
11:26:13,-1,96,-52
11:26:13,-9,90,-52
11:26:13,-16,93,-49
11:26:13,-4,96,-60
11:26:13,0,94,-53
11:26:13,-2,94,-50
11:26:13,-8,94,-48
11:26:13,-10,89,-52
11:26:14,-12,92,-59
11:26:14,-9,99,-58
11:26:14,3,93,-54
11:26:14,-4,94,-46
11:26:14,-12,92,-54
11:26:14,-10,91,-63
11:26:14,-13,98,-64
11:26:14,2,96,-47
11:26:14,-2,92,-43
11:26:14,-6,92,-50
11:26:14,-16,90,-59
11:26:14,-12,94,-61
11:26:14,2,98,-56
11:26:14,1,93,-47
11:26:14,-7,92,-49
11:26:14,-15,94,-54
11:26:14,-11,93,-59
11:26:14,-4,99,-56
11:26:14,-2,96,-51
11:26:14,-5,91,-48
11:26:15,-12,94,-50
11:26:15,-14,91,-64
11:26:15,-4,93,-61
11:26:15,-5,97,-52
11:26:15,-2,91,-46
11:26:15,-9,91,-52
11:26:15,-15,96,-62
11:26:15,-12,94,-63
11:26:15,-3,92,-52
11:26:15,-3,98,-42
11:26:15,-7,94,-46
11:26:15,-10,94,-59
11:26:15,-16,93,-65
11:26:15,-7,93,-52
11:26:15,-2,95,-44
11:26:15,-6,96,-43
11:26:15,-5,90,-63
11:26:15,-12,92,-64
11:26:15,-10,96,-60
11:26:15,2,91,-49
11:26:16,-1,96,-39
11:26:16,-8,92,-54
11:26:16,-13,94,-61
11:26:16,-10,93,-68
11:26:16,-6,95,-46
11:26:16,2,89,-43
11:26:16,-6,96,-48
11:26:16,-5,91,-65
11:26:16,-16,92,-61
11:26:16,-5,95,-50
11:26:16,1,90,-43
11:26:16,-5,97,-47
11:26:16,-7,95,-65
11:26:16,-14,92,-59
11:26:16,-10,93,-52
11:26:16,-9,98,-42
11:26:16,-2,97,-51
11:26:16,-5,94,-61
11:26:16,-15,95,-61
11:26:16,-12,93,-55
11:26:17,-5,98,-44
11:26:17,5,98,-45
11:26:17,-7,95,-55
11:26:17,-11,96,-63
11:26:17,-15,94,-59
11:26:17,-6,93,-47
11:26:17,0,96,-43
11:26:17,-6,95,-51
11:26:17,-6,92,-66
11:26:17,-13,93,-61
11:26:17,-7,92,-52
11:26:17,-3,91,-44
11:26:17,0,96,-52
11:26:17,-6,95,-62
11:26:17,-13,91,-57
11:26:17,-18,92,-57
11:26:17,-6,93,-44
11:26:17,3,91,-48
11:26:17,-2,99,-60
11:26:18,-7,92,-59
11:26:18,-15,91,-58
11:26:18,-5,94,-47
11:26:18,4,96,-44
11:26:18,-6,95,-56
11:26:18,-6,92,-64
11:26:18,-16,90,-59
11:26:18,-9,91,-52
11:26:18,-1,94,-45
11:26:18,-2,96,-53
11:26:18,-5,92,-60
11:26:18,-12,91,-56
11:26:18,-14,91,-54
11:26:18,-6,97,-44
11:26:18,-1,98,-49
11:26:18,-4,93,-57
11:26:18,-11,95,-59
11:26:18,-14,90,-56
11:26:18,-9,91,-52
11:26:18,1,95,-47
11:26:19,-2,98,-57
11:26:19,-11,93,-58
11:26:19,-15,93,-60
11:26:19,-11,89,-53
11:26:19,-6,96,-42
11:26:19,4,99,-52
11:26:19,-7,95,-55
11:26:19,-14,92,-58
11:26:19,-9,91,-53
11:26:19,-4,90,-47
11:26:19,-1,97,-44
11:26:19,-7,97,-61
11:26:19,-8,91,-57
11:26:19,-10,88,-56
11:26:19,-7,97,-50
11:26:19,-6,95,-53
11:26:19,-7,97,-52
11:26:19,-5,88,-61
11:26:19,-18,89,-53
11:26:19,-10,91,-52
11:26:20,-2,95,-49
11:26:20,-1,95,-54
11:26:20,-1,91,-58
11:26:20,-8,91,-54
11:26:20,-14,90,-54
11:26:20,-8,99,-50
11:26:20,5,99,-57
11:26:20,-6,93,-51
11:26:20,-8,90,-56
11:26:20,-15,91,-54
11:26:20,-9,93,-54
11:26:20,-2,100,-52
11:26:20,-2,93,-55
11:26:20,-9,94,-54
11:26:20,-8,91,-55
11:26:20,-11,94,-55
11:26:20,-3,96,-58
11:26:20,-7,101,-51
11:26:20,-4,90,-53
11:26:21,-16,90,-50
11:26:21,-12,92,-57
11:26:21,-2,93,-56
11:26:21,3,96,-52
11:26:21,-3,94,-52
11:26:21,-8,87,-51
11:26:21,-14,94,-59
11:26:21,-7,97,-57
11:26:21,0,96,-56
11:26:21,1,96,-50
11:26:21,-11,90,-52
11:26:21,-14,88,-55
11:26:21,-11,95,-51
11:26:21,0,94,-53
11:26:21,2,93,-50
11:26:21,-6,94,-51
11:26:21,-16,91,-50
11:26:21,-12,91,-58
11:26:21,-4,99,-55
11:26:21,-2,97,-49
11:26:22,-4,94,-50
11:26:22,-8,93,-55
11:26:22,-13,91,-58
11:26:22,-8,95,-60
11:26:22,-4,98,-51
11:26:22,-1,90,-48
11:26:22,-9,90,-49
11:26:22,-7,92,-59
11:26:22,-13,93,-60
11:26:22,-4,100,-58
11:26:22,0,98,-50
11:26:22,-4,89,-45
11:26:22,-20,94,-52
11:26:22,-16,93,-62
11:26:22,-4,97,-59
11:26:22,2,95,-52
11:26:22,1,92,-46
11:26:22,-11,90,-51
11:26:22,-9,94,-60
11:26:22,-6,95,-59
11:26:23,1,94,-52
11:26:23,-2,94,-48
11:26:23,-8,91,-52
11:26:23,-17,92,-57
11:26:23,-7,93,-64
11:26:23,-5,95,-55
11:26:23,-2,91,-47
11:26:23,-7,94,-44
11:26:23,-4,92,-57
11:26:23,-15,93,-65
11:26:23,-3,97,-59
11:26:23,0,94,-50
11:26:23,-6,89,-46
11:26:23,-9,92,-55
11:26:23,-18,91,-60
11:26:23,-3,91,-61
11:26:23,1,98,-49
11:26:23,-4,94,-43
11:26:23,-5,91,-53
11:26:23,-14,95,-60
11:26:24,-14,97,-63
11:26:24,-6,96,-54
11:26:24,0,96,-45
11:26:24,-7,93,-45
11:26:24,-7,90,-64
11:26:24,-14,95,-61
11:26:24,-2,91,-56
11:26:24,-1,94,-47
11:26:24,-5,94,-51
11:26:24,-4,88,-55
11:26:24,-17,94,-64
11:26:24,-11,96,-61
11:26:24,-8,93,-46
11:26:24,-3,91,-44
11:26:24,-8,94,-52
11:26:24,-12,91,-63
11:26:24,-14,94,-65
11:26:24,-3,94,-50
11:26:24,0,92,-42
11:26:25,-4,98,-48
11:26:25,-6,97,-61
11:26:25,-15,94,-60
11:26:25,-7,97,-47
11:26:25,6,94,-40
11:26:25,-5,92,-48
11:26:25,-12,94,-64
11:26:25,-13,90,-66
11:26:25,-11,92,-54
11:26:25,4,91,-47
11:26:25,-2,95,-46
11:26:25,0,91,-57
11:26:25,-12,94,-63
11:26:25,-11,92,-62
11:26:25,-6,94,-50
11:26:25,-7,97,-41
11:26:25,-6,94,-48
11:26:25,-9,91,-63
11:26:25,-14,92,-60
11:26:25,-7,90,-54
11:26:26,2,93,-40
11:26:26,-4,99,-53
11:26:26,-5,94,-64
11:26:26,-19,93,-60
11:26:26,-12,95,-52
11:26:26,-1,92,-45
11:26:26,-3,98,-44
11:26:26,-3,94,-63
11:26:26,-12,92,-63
11:26:26,-15,90,-57
11:26:26,-1,92,-46
11:26:26,-5,94,-48
11:26:26,-2,98,-61
11:26:26,-12,92,-64
11:26:26,-11,92,-55
11:26:26,-7,94,-49
11:26:26,-2,94,-42
11:26:26,-1,95,-51
11:26:26,-8,95,-64
11:26:26,-13,87,-60
11:26:27,-14,91,-56
11:26:27,-3,94,-42
11:26:27,4,93,-48
11:26:27,-5,97,-60
11:26:27,-12,93,-59
11:26:27,-10,90,-51
11:26:27,0,97,-45
11:26:27,3,98,-51
11:26:27,-1,92,-60
11:26:27,-12,94,-58
11:26:27,-15,89,-56
11:26:27,-10,94,-47
11:26:27,-2,98,-50
11:26:27,-3,94,-53
11:26:27,-11,92,-62
11:26:27,-13,92,-55
11:26:27,-11,91,-51
11:26:27,-3,96,-48
11:26:27,1,96,-54
11:26:27,-1,90,-64
11:26:28,-16,91,-54
11:26:28,-12,90,-54
11:26:28,-2,95,-50
11:26:28,2,100,-50
11:26:28,-5,95,-53
11:26:28,-6,90,-59
11:26:28,-13,91,-51
11:26:28,-5,90,-50
11:26:28,-1,98,-52
11:26:28,-4,98,-52
11:26:28,-10,93,-58
11:26:28,-10,93,-59
11:26:28,-13,93,-52
11:26:28,-3,97,-49
11:26:28,1,98,-53
11:26:28,-9,93,-56
11:26:28,-12,90,-60
11:26:28,-9,91,-54
11:26:28,-5,94,-51
11:26:29,-1,99,-55
11:26:29,2,96,-54
11:26:29,-8,91,-53
11:26:29,-17,93,-48
11:26:29,-7,98,-58
11:26:29,-3,96,-53
11:26:29,3,93,-55
11:26:29,-11,91,-48
11:26:29,-11,88,-57
11:26:29,-10,92,-57
11:26:29,-7,97,-50
11:26:29,0,96,-49
11:26:29,-7,96,-51
11:26:29,-12,91,-53
11:26:29,-10,92,-57
11:26:29,-5,101,-53
11:26:29,4,96,-53
11:26:29,-5,91,-53
11:26:29,-10,93,-52
11:26:29,-14,89,-54
11:26:30,-7,95,-59
11:26:30,-4,97,-55
11:26:30,-6,93,-50
11:26:30,-3,90,-53
11:26:30,-16,90,-51
11:26:30,-13,93,-52
11:26:30,-2,99,-56
11:26:30,-3,97,-52
11:26:30,-4,91,-52
11:26:30,-11,92,-53
11:26:30,-13,91,-55
11:26:30,-8,98,-50
11:26:30,1,97,-54
11:26:30,0,91,-56
11:26:30,-10,91,-53
11:26:30,-15,89,-56
11:26:30,-6,92,-54
11:26:30,1,98,-51
11:26:30,-3,98,-49
11:26:30,-6,90,-57
11:26:31,-18,93,-53
11:26:31,-8,91,-55
11:26:31,-5,96,-56
11:26:31,-6,99,-55
11:26:31,-4,90,-51
11:26:31,-13,89,-50
11:26:31,-13,95,-58
11:26:31,1,97,-58
11:26:31,2,95,-55
11:26:31,-7,96,-52
11:26:31,-10,90,-55
11:26:31,-16,92,-52
11:26:31,-15,98,-53
11:26:31,-2,96,-53
11:26:31,-6,97,-51
11:26:31,-7,92,-55
11:26:31,-13,88,-52
11:26:31,-12,94,-53
11:26:31,1,96,-55
11:26:32,2,95,-53
11:26:32,-6,96,-52
11:26:32,-12,90,-53
11:26:32,-13,94,-55
11:26:32,-3,98,-58
11:26:32,-1,96,-51
11:26:32,-1,91,-49
11:26:32,-7,90,-54
11:26:32,-13,90,-58
11:26:32,-5,93,-58
11:26:32,-5,99,-54
11:26:32,1,94,-50
11:26:32,-7,88,-48
11:26:32,-15,98,-53
11:26:32,-7,91,-59
11:26:32,-6,96,-59
11:26:32,-1,99,-43
11:26:32,-1,88,-52
11:26:32,-8,91,-52
11:26:32,-14,95,-61
11:26:33,-3,96,-56
11:26:33,5,95,-47
11:26:33,-6,94,-40
11:26:33,-14,93,-55
11:26:33,-15,94,-56
11:26:33,-13,97,-59
11:26:33,2,91,-52
11:26:33,-5,95,-45
11:26:33,-4,94,-53
11:26:33,-10,90,-59
11:26:33,-9,96,-62
11:26:33,-3,95,-52
11:26:33,0,93,-47
11:26:33,-7,93,-48
11:26:33,-12,95,-59
11:26:33,-14,93,-64
11:26:33,-8,97,-54
11:26:33,-1,92,-46
11:26:33,-3,91,-45
11:26:33,-7,94,-56
11:26:34,-14,91,-66
11:26:34,-12,92,-58
11:26:34,3,95,-49
11:26:34,-1,94,-44
11:26:34,-9,91,-55
11:26:34,-13,96,-59
11:26:34,-12,93,-62
11:26:34,-3,96,-53
11:26:34,3,94,-43
11:26:34,-10,93,-45
11:26:34,-10,94,-60
11:26:34,-14,94,-60
11:26:34,-6,92,-51
11:26:34,1,95,-41
11:26:34,-4,91,-45
11:26:34,-10,94,-55
11:26:34,-12,94,-65
11:26:34,-9,94,-56
11:26:34,-3,94,-51
11:26:34,-7,99,-41
11:26:35,-4,93,-57
11:26:35,-13,94,-62
11:26:35,-17,93,-58
11:26:35,-5,89,-48
11:26:35,3,95,-45
11:26:35,-2,95,-50
11:26:35,-7,90,-68
11:26:35,-15,93,-60
11:26:35,-6,94,-50
11:26:35,2,91,-43
11:26:35,1,95,-50
11:26:35,-13,95,-63
11:26:35,-12,93,-64
11:26:35,-14,96,-59
11:26:35,0,91,-48
11:26:35,-5,93,-40
11:26:35,-5,96,-60
11:26:35,-11,92,-60
11:26:35,-13,95,-58
11:26:36,-2,93,-50
11:26:36,2,92,-46
11:26:36,-1,97,-51
11:26:36,-10,95,-61
11:26:36,-20,92,-62
11:26:36,-8,95,-52
11:26:36,-2,95,-41
11:26:36,-2,94,-46
11:26:36,-10,93,-62
11:26:36,-15,90,-65
11:26:36,-11,93,-53
11:26:36,5,91,-49
11:26:36,-3,94,-45
11:26:36,-8,95,-60
11:26:36,-10,94,-66
11:26:36,-14,90,-60
11:26:36,-5,95,-45
11:26:36,3,94,-43
11:26:36,-6,91,-56
11:26:36,-15,95,-63
11:26:37,-11,90,-60
11:26:37,-6,91,-48
11:26:37,-1,93,-43
11:26:37,-1,97,-46
11:26:37,-6,94,-60
11:26:37,-12,94,-63
11:26:37,-10,91,-53
11:26:37,-5,95,-40
11:26:37,-3,99,-50
11:26:37,-9,93,-61
11:26:37,-11,92,-61
11:26:37,-12,92,-56
11:26:37,-1,91,-45
11:26:37,0,97,-44
11:26:37,-2,97,-58
11:26:37,-11,91,-60
11:26:37,-14,94,-57
11:26:37,-6,93,-51
11:26:37,-2,96,-42
11:26:37,-1,96,-54
11:26:38,-11,93,-59
11:26:38,-15,89,-56
11:26:38,-13,93,-51
11:26:38,-6,94,-44
11:26:38,-4,98,-52
11:26:38,-4,96,-56
11:26:38,-13,89,-58
11:26:38,-15,92,-50
11:26:38,-2,94,-48
11:26:38,-2,98,-47
11:26:38,1,98,-61
11:26:38,-8,91,-57
11:26:38,-17,92,-53
11:26:38,-10,94,-51
11:26:38,-2,96,-48
11:26:38,-5,95,-57
11:26:38,-8,93,-59
11:26:38,-19,91,-52
11:26:38,-8,91,-52
11:26:39,1,99,-49
11:26:39,-5,99,-50
11:26:39,-11,96,-55
11:26:39,-12,94,-57
11:26:39,-13,91,-49
11:26:39,-4,97,-51
11:26:39,-2,99,-56
11:26:39,-6,95,-56
11:26:39,-7,90,-55
11:26:39,-12,91,-53
11:26:39,-3,89,-52
11:26:39,-4,98,-51
11:26:39,-1,96,-60
11:26:39,-6,89,-61
11:26:39,-16,92,-54
11:26:39,-9,90,-55
11:26:39,-2,94,-52
11:26:39,-3,96,-54
11:26:39,0,93,-54
11:26:39,-12,87,-55
11:26:40,-12,91,-54
11:26:40,-5,97,-54
11:26:40,4,96,-56
11:26:40,0,93,-56
11:26:40,-17,93,-51
11:26:40,-18,89,-54
11:26:40,-12,100,-52
11:26:40,-1,93,-57
11:26:40,-8,97,-54
11:26:40,-9,91,-53
11:26:40,-18,89,-55
11:26:40,-9,91,-57
11:26:40,-3,97,-54
11:26:40,-2,96,-54
11:26:40,-3,95,-51
11:26:40,-12,93,-56
11:26:40,-12,91,-56
11:26:40,-8,97,-56
11:26:40,-4,97,-51
11:26:40,-4,92,-55
11:26:41,-15,92,-47
11:26:41,-12,87,-57
11:26:41,-9,93,-58
11:26:41,4,96,-57
11:26:41,1,93,-52
11:26:41,-10,90,-51
11:26:41,-17,92,-54
11:26:41,-10,92,-59
11:26:41,0,99,-59
11:26:41,-4,97,-54
11:26:41,-8,89,-51
11:26:41,-11,93,-50
11:26:41,-13,93,-55
11:26:41,-7,95,-55
11:26:41,1,98,-53
11:26:41,-7,93,-47
11:26:41,-7,93,-51
11:26:41,-10,93,-53
11:26:41,-8,95,-61
11:26:41,-1,97,-56
11:26:42,-4,99,-43
11:26:42,-10,90,-45
11:26:42,-16,92,-57
11:26:42,-13,93,-64
11:26:42,-2,94,-56
11:26:42,4,93,-50
11:26:42,-6,93,-47
11:26:42,-12,89,-53
11:26:42,-11,96,-62
11:26:42,-7,96,-56
11:26:42,3,93,-50
11:26:42,-5,94,-45
11:26:42,-9,91,-52
11:26:42,-12,92,-64
11:26:42,-9,97,-61
11:26:42,-1,93,-46
11:26:42,-1,91,-44
11:26:42,-15,97,-48
11:26:42,-9,93,-65
11:26:43,-9,92,-62
11:26:43,-1,96,-50
11:26:43,-2,94,-39
11:26:43,-5,93,-49
11:26:43,-6,95,-61
11:26:43,-15,90,-63
11:26:43,-7,93,-52
11:26:43,0,94,-43
11:26:43,-6,96,-46
11:26:43,-10,92,-59
11:26:43,-13,94,-70
11:26:43,-11,92,-56
11:26:43,1,95,-45
11:26:43,0,99,-46
11:26:43,-9,93,-57
11:26:43,-13,95,-63
11:26:43,-14,93,-57
11:26:43,-3,92,-46
11:26:43,1,96,-44
11:26:43,-6,94,-51
11:26:44,-6,92,-60
11:26:44,-11,95,-62
11:26:44,-9,92,-49
11:26:44,0,93,-41
11:26:44,0,98,-47
11:26:44,-7,95,-62
11:26:44,-16,92,-62
11:26:44,-13,95,-51
11:26:44,-2,91,-46
11:26:44,-1,95,-44
11:26:44,-4,95,-60
11:26:44,-14,91,-65
11:26:44,-9,89,-56
11:26:44,-2,96,-44
11:26:44,-3,97,-49
11:26:44,-5,94,-60
11:26:44,-10,95,-61
11:26:44,-11,88,-54
11:26:44,-10,96,-49
11:26:44,-2,96,-48
11:26:45,-7,96,-49
11:26:45,-5,92,-62
11:26:45,-15,91,-62
11:26:45,-11,93,-52
11:26:45,4,92,-45
11:26:45,2,97,-49
11:26:45,-6,94,-61
11:26:45,-13,94,-63
11:26:45,-15,91,-54
11:26:45,-5,96,-44
11:26:45,3,97,-50
11:26:45,-4,95,-55
11:26:45,-15,92,-63
11:26:45,-12,90,-60
11:26:45,-7,89,-48
11:26:45,-1,96,-48
11:26:45,3,97,-54
11:26:45,-13,92,-59
11:26:45,-14,94,-57
11:26:46,-15,93,-49
11:26:46,-5,94,-45
11:26:46,-5,99,-49
11:26:46,-7,92,-61
11:26:46,-15,92,-61
11:26:46,-11,92,-53
11:26:46,-7,92,-43
11:26:46,5,96,-50
11:26:46,-4,98,-57
11:26:46,-8,91,-62
11:26:46,-17,93,-52
11:26:46,-4,96,-49
11:26:46,-7,97,-48
11:26:46,-3,97,-52
11:26:46,-9,92,-58
11:26:46,-11,88,-54
11:26:46,-12,94,-54
11:26:46,1,92,-47
11:26:46,1,97,-54
11:26:46,-7,96,-55
11:26:47,-11,91,-55
11:26:47,-11,89,-54
11:26:47,-5,96,-50
11:26:47,-5,98,-54
11:26:47,-9,94,-59
11:26:47,-6,90,-58
11:26:47,-17,88,-51
11:26:47,-5,91,-54
11:26:47,-4,101,-50
11:26:47,0,93,-51
11:26:47,-6,92,-55
11:26:47,-17,91,-54
11:26:47,-9,93,-56
11:26:47,-5,97,-51
11:26:47,-2,97,-51
11:26:47,-6,93,-57
11:26:47,-12,92,-54
11:26:47,-11,90,-55
11:26:47,-5,94,-52
11:26:47,5,97,-53
11:26:48,-2,95,-54
11:26:48,-13,93,-52
11:26:48,-12,92,-56
11:26:48,-7,95,-51
11:26:48,-1,96,-52
11:26:48,-7,97,-53
11:26:48,-13,91,-58
11:26:48,-16,92,-54
11:26:48,-11,91,-50
11:26:48,-5,94,-56
11:26:48,-1,97,-54
11:26:48,-5,91,-56
11:26:48,-8,87,-54
11:26:48,-17,93,-49
11:26:48,-5,100,-54
11:26:48,1,97,-54
11:26:48,-2,96,-52
11:26:48,-11,89,-53
11:26:48,-11,90,-55
11:26:48,-12,96,-51
11:26:49,1,96,-55
11:26:49,-3,97,-56
11:26:49,-9,94,-55
11:26:49,-16,88,-56
11:26:49,-13,95,-51
11:26:49,-4,96,-48
11:26:49,3,95,-51
11:26:49,-9,97,-57
11:26:49,-9,93,-54
11:26:49,-16,91,-51
11:26:49,-5,98,-55
11:26:49,-1,97,-54
11:26:49,-7,94,-52
11:26:49,-9,88,-51
11:26:49,-12,89,-55
11:26:49,-8,92,-55
11:26:49,-4,103,-50
11:26:49,1,92,-58
11:26:49,-6,90,-54
11:26:50,-15,94,-53
11:26:50,-9,91,-57
11:26:50,-6,95,-55
11:26:50,0,97,-50
11:26:50,-6,90,-52
11:26:50,-8,88,-53
11:26:50,-13,94,-55
11:26:50,-3,95,-58
11:26:50,4,94,-55
11:26:50,-2,95,-50
11:26:50,-10,89,-50
11:26:50,-10,95,-54
11:26:50,-6,97,-59
11:26:50,-4,95,-52
11:26:50,-6,96,-48
11:26:50,-5,92,-52
11:26:50,-9,88,-54
11:26:50,-7,93,-59
11:26:50,-4,96,-55
11:26:50,0,96,-51
11:26:51,-6,90,-51
11:26:51,-13,95,-50
11:26:51,-14,90,-55
11:26:51,-10,98,-58
11:26:51,-1,98,-50
11:26:51,-3,91,-53
11:26:51,-8,90,-48
11:26:51,-16,91,-57
11:26:51,-7,93,-61
11:26:51,-1,99,-53
11:26:51,1,96,-48
11:26:51,-4,89,-49
11:26:51,-19,97,-57
11:26:51,-14,96,-61
11:26:51,-3,96,-54
11:26:51,-4,96,-46
11:26:51,-6,90,-47
11:26:51,-12,92,-49
11:26:51,-11,94,-62
11:26:51,-7,95,-59
11:26:52,0,95,-51
11:26:52,-2,92,-49
11:26:52,-8,91,-49
11:26:52,-13,94,-57
11:26:52,-11,97,-63
11:26:52,-7,94,-54
11:26:52,-5,96,-47
11:26:52,-3,89,-52
11:26:52,-13,89,-57
11:26:52,-8,92,-69
11:26:52,-3,97,-50
11:26:52,2,93,-47
11:26:52,-6,95,-45
11:26:52,-15,92,-60
11:26:52,-13,94,-65
11:26:52,-6,98,-56
11:26:52,0,97,-45
11:26:52,-2,90,-45
11:26:52,-11,92,-50
11:26:52,-16,94,-59
11:26:53,-3,95,-60
11:26:53,-1,95,-50
11:26:53,-3,94,-45
11:26:53,-10,92,-52
11:26:53,-9,97,-61
11:26:53,-11,91,-63
11:26:53,-5,94,-52
11:26:53,-7,97,-39
11:26:53,-3,92,-50
11:26:53,-9,92,-58
11:26:53,-9,93,-65
11:26:53,-9,94,-53
11:26:53,-3,95,-43
11:26:53,-4,97,-46
11:26:53,-8,92,-59
11:26:53,-19,94,-64
11:26:53,-14,93,-62
11:26:53,0,91,-46
11:26:53,-5,95,-43
11:26:54,-7,93,-55
11:26:54,-10,91,-62
11:26:54,-8,94,-64
11:26:54,1,94,-47
11:26:54,2,93,-45
11:26:54,-7,98,-48
11:26:54,-6,93,-64
11:26:54,-16,92,-56
11:26:54,-7,93,-52
11:26:54,-6,96,-42
11:26:54,1,92,-54
11:26:54,-8,94,-59
11:26:54,-14,91,-64
11:26:54,-14,92,-52
11:26:54,-1,95,-45
11:26:54,-2,95,-45
11:26:54,-11,97,-57
11:26:54,-10,95,-64
11:26:54,-19,90,-56
11:26:54,-5,94,-45
11:26:55,1,95,-44
11:26:55,-5,95,-57
11:26:55,-6,93,-64
11:26:55,-15,91,-59
11:26:55,-5,90,-50
11:26:55,-1,97,-42
11:26:55,-1,97,-52
11:26:55,-10,91,-62
11:26:55,-13,95,-64
11:26:55,-10,90,-54
11:26:55,-2,94,-45
11:26:55,-7,100,-44
11:26:55,-3,90,-64
11:26:55,-15,94,-61
11:26:55,-13,90,-53
11:26:55,-4,89,-49
11:26:55,-2,99,-45
11:26:55,-1,97,-58
11:26:55,-5,92,-61
11:26:55,-18,93,-54
11:26:56,-7,95,-52
11:26:56,1,94,-48
11:26:56,-3,99,-48
11:26:56,-8,91,-66
11:26:56,-15,88,-61
11:26:56,-13,93,-47
11:26:56,-2,92,-46
11:26:56,0,98,-50
11:26:56,-8,98,-57
11:26:56,-13,93,-58
11:26:56,-11,94,-50
11:26:56,-5,99,-49
11:26:56,-4,99,-48
11:26:56,-4,94,-53
11:26:56,-4,91,-61
11:26:56,-13,88,-53
11:26:56,-13,93,-51
11:26:56,0,96,-52
11:26:56,-1,92,-55
11:26:57,-2,91,-60
11:26:57,-17,90,-53
11:26:57,-10,91,-52
11:26:57,-1,97,-56
11:26:57,-3,98,-51
11:26:57,-3,91,-62
11:26:57,-15,94,-52
11:26:57,-15,91,-52
11:26:57,-3,94,-57
11:26:57,0,101,-52
11:26:57,2,90,-59
11:26:57,-14,92,-57
11:26:57,-7,87,-55
11:26:57,-6,91,-50
11:26:57,-3,101,-49
11:26:57,1,96,-54
11:26:57,-10,92,-56
11:26:57,-15,93,-54
11:26:57,-13,90,-51
11:26:57,-4,98,-54
11:26:58,-4,97,-55
11:26:58,-4,90,-59
11:26:58,-13,92,-56
11:26:58,-14,91,-53
11:26:58,-7,94,-53
11:26:58,0,98,-55
11:26:58,-1,95,-59
11:26:58,-8,90,-53
11:26:58,-16,91,-56
11:26:58,-8,95,-51
11:26:58,-5,97,-50
11:26:58,-1,97,-55
11:26:58,-6,89,-59
11:26:58,-16,90,-51
11:26:58,-9,94,-56
11:26:58,-6,97,-57
11:26:58,-2,96,-52
11:26:58,-7,95,-51
11:26:58,-11,91,-50
11:26:58,-16,96,-58
11:26:59,-7,97,-58
11:26:59,-3,98,-52
11:26:59,-10,94,-48
11:26:59,-11,89,-55
11:26:59,-15,90,-50
11:26:59,-7,94,-55
11:26:59,-4,96,-57
11:26:59,-2,92,-49
11:26:59,-15,94,-49
11:26:59,-8,89,-58
11:26:59,-11,91,-59
11:26:59,-11,100,-52
11:26:59,3,95,-54
11:26:59,-11,97,-48
11:26:59,-10,90,-51
11:26:59,-14,97,-53
11:26:59,-4,98,-57
11:26:59,-3,95,-54
11:26:59,-10,98,-52
11:26:59,-10,91,-53
11:27:00,-10,87,-56
11:27:00,-10,96,-51
11:27:00,-2,95,-52
11:27:00,-2,97,-52
11:27:00,-5,92,-52
11:27:00,-11,89,-51
11:27:00,-8,93,-58
11:27:00,-1,97,-59
11:27:00,-2,95,-49
11:27:00,-6,91,-53
11:27:00,-16,93,-54
11:27:00,-14,91,-59
11:27:00,-5,96,-57
11:27:00,2,99,-51
11:27:00,-2,91,-50
11:27:00,-7,90,-52
11:27:00,-19,93,-56
11:27:00,-6,94,-63
11:27:00,1,97,-56
11:27:01,-3,95,-48
11:27:01,-11,90,-48
11:27:01,-16,93,-55
11:27:01,-15,97,-58
11:27:01,-4,93,-58
11:27:01,2,96,-52
11:27:01,-10,91,-49
11:27:01,-1,86,-54
11:27:01,-14,91,-57
11:27:01,-3,95,-57
11:27:01,-2,95,-54
11:27:01,-1,95,-48
11:27:01,-10,87,-51
11:27:01,-15,94,-57
11:27:01,-9,93,-57
11:27:01,-4,95,-53
11:27:01,-1,94,-51
11:27:01,-5,91,-49
11:27:01,-16,90,-55
11:27:01,-11,95,-60
11:27:02,-3,95,-55
11:27:02,-3,96,-48
11:27:02,-6,96,-48
11:27:02,-17,92,-50
11:27:02,-10,94,-58
11:27:02,-10,100,-55
11:27:02,6,93,-53
11:27:02,-2,96,-49
11:27:02,-9,92,-50
11:27:02,-9,88,-59
11:27:02,-10,97,-54
11:27:02,0,95,-60
11:27:02,-5,93,-51
11:27:02,-5,93,-47
11:27:02,-9,90,-55
11:27:02,-16,93,-61
11:27:02,-4,97,-59
11:27:02,3,94,-51
11:27:02,-5,91,-47
11:27:02,-11,90,-53
11:27:03,-13,91,-61
11:27:03,-12,94,-59
11:27:03,1,95,-52
11:27:03,1,92,-47
11:27:03,-10,90,-50
11:27:03,-13,91,-59
11:27:03,-7,94,-61
11:27:03,2,96,-56
11:27:03,-5,95,-48
11:27:03,-8,89,-48
11:27:03,-17,95,-52
11:27:03,-10,94,-60
11:27:03,-9,95,-53
11:27:03,1,93,-47
11:27:03,-2,91,-47
11:27:03,-12,94,-52
11:27:03,-5,94,-66
11:27:03,-10,95,-55
11:27:03,-2,96,-49
11:27:04,-5,97,-47
11:27:04,-10,88,-53
11:27:04,-15,92,-59
11:27:04,-17,97,-59
11:27:04,-4,94,-56
11:27:04,-2,94,-47
11:27:04,-6,90,-51
11:27:04,-9,90,-60
11:27:04,-9,94,-65
11:27:04,-4,97,-52
11:27:04,-4,94,-42
11:27:04,-7,94,-48
11:27:04,-11,91,-57
11:27:04,-15,91,-59
11:27:04,-6,97,-59
11:27:04,0,93,-46
11:27:04,-5,93,-44
11:27:04,-2,91,-58
11:27:04,-12,95,-62
11:27:04,-9,93,-61
11:27:05,-4,97,-48
11:27:05,-1,94,-44
11:27:05,-9,90,-50
11:27:05,-13,93,-62
11:27:05,-13,93,-60
11:27:05,-4,94,-53
11:27:05,1,95,-42
11:27:05,-3,91,-48
11:27:05,-12,94,-57
11:27:05,-5,94,-67
11:27:05,-6,94,-56
11:27:05,-5,96,-42
11:27:05,-4,96,-47
11:27:05,-11,92,-61
11:27:05,-19,94,-61
11:27:05,-15,95,-56
11:27:05,-2,92,-45
11:27:05,-6,95,-39
11:27:05,-3,93,-54
11:27:05,-17,95,-59
11:27:06,-8,94,-62
11:27:06,-8,96,-48
11:27:06,1,93,-47
11:27:06,-4,93,-47
11:27:06,-10,94,-60
11:27:06,-16,93,-66
11:27:06,-8,93,-55
11:27:06,-1,93,-45
11:27:06,-2,92,-45
11:27:06,-11,97,-60
11:27:06,-14,90,-66
11:27:06,-12,94,-55
11:27:06,0,95,-46
11:27:06,-2,94,-44
11:27:06,-10,97,-57
11:27:06,-9,94,-67
11:27:06,-13,91,-58
11:27:06,-4,96,-46
11:27:06,0,97,-43
11:27:06,-8,94,-52
11:27:07,-9,94,-63
11:27:07,-11,92,-62
11:27:07,-8,91,-47
11:27:07,-8,99,-39
11:27:07,-1,98,-51
11:27:07,-7,91,-64
11:27:07,-17,96,-61
11:27:07,-16,92,-52
11:27:07,-2,93,-45
11:27:07,3,96,-47
11:27:07,-10,92,-52
11:27:07,-7,90,-64
11:27:07,-15,92,-57
11:27:07,-4,92,-47
11:27:07,4,95,-44
11:27:07,1,94,-59
11:27:07,-13,92,-58
11:27:07,-15,93,-56
11:27:07,-3,92,-49
11:27:08,1,91,-51
11:27:08,-7,96,-52
11:27:08,-5,93,-59
11:27:08,-12,89,-57
11:27:08,-9,92,-53
11:27:08,-2,95,-48
11:27:08,0,97,-51
11:27:08,-6,96,-59
11:27:08,-11,93,-60
11:27:08,-13,91,-54
11:27:08,-7,95,-44
11:27:08,7,96,-56
11:27:08,-4,94,-55
11:27:08,-11,92,-56
11:27:08,-13,88,-58
11:27:08,-12,94,-50
11:27:08,4,97,-53
11:27:08,-1,94,-54
11:27:08,-12,93,-58
11:27:08,-16,93,-60
11:27:09,-11,91,-52
11:27:09,-1,97,-51
11:27:09,2,98,-56
11:27:09,-9,92,-57
11:27:09,-12,91,-58
11:27:09,-9,87,-55
11:27:09,-8,93,-47
11:27:09,5,97,-51
11:27:09,-3,96,-54
11:27:09,-2,89,-58
11:27:09,-12,90,-58
11:27:09,-10,92,-49
11:27:09,-2,96,-50
11:27:09,-2,97,-57
11:27:09,-6,92,-57
11:27:09,-9,86,-53
11:27:09,-11,92,-56
11:27:09,-7,95,-51
11:27:09,3,95,-54
11:27:09,-8,97,-56
11:27:10,-15,90,-54
11:27:10,-17,95,-52
11:27:10,-4,98,-54
11:27:10,0,95,-53
11:27:10,-8,96,-53
11:27:10,-8,91,-57
11:27:10,-13,90,-56
11:27:10,-11,94,-52
11:27:10,3,96,-49
11:27:10,-5,95,-54
11:27:10,-8,94,-55
11:27:10,-13,93,-51
11:27:10,-13,91,-53
11:27:10,-1,98,-54
11:27:10,-2,100,-53
11:27:10,0,92,-54
11:27:10,-17,92,-55
11:27:10,-13,88,-54
11:27:10,-7,96,-53
11:27:11,2,95,-52
11:27:11,-5,92,-50
11:27:11,-6,91,-55
11:27:11,-16,91,-57
11:27:11,-10,92,-52
11:27:11,0,100,-51
11:27:11,-7,96,-53
11:27:11,-10,96,-59
11:27:11,-11,89,-58
11:27:11,-14,91,-49
11:27:11,0,98,-51
11:27:11,1,98,-50
11:27:11,-7,92,-59
11:27:11,-9,91,-56
11:27:11,-13,89,-49
11:27:11,0,94,-57
11:27:11,0,102,-54
11:27:11,1,93,-55
11:27:11,-6,91,-50
11:27:11,-16,93,-52
11:27:12,-13,93,-55
11:27:12,-1,97,-53
11:27:12,-2,98,-53
11:27:12,-5,89,-55
11:27:12,-17,91,-52
11:27:12,-12,93,-54
11:27:12,-4,94,-54
11:27:12,-2,98,-52
11:27:12,-3,92,-60
11:27:12,-10,89,-55
11:27:12,-12,92,-53
11:27:12,-3,97,-53
11:27:12,1,95,-55
11:27:12,-6,96,-54
11:27:12,-8,90,-56
11:27:12,-17,91,-56
11:27:12,-5,95,-56
11:27:12,-3,96,-57
11:27:12,-5,98,-47
11:27:12,-7,95,-53
11:27:13,-10,91,-54
11:27:13,-16,94,-54
11:27:13,-2,99,-57
11:27:13,1,95,-49
11:27:13,-8,92,-47
11:27:13,-9,90,-56
11:27:13,-11,90,-57
11:27:13,-5,95,-56
11:27:13,4,98,-53
11:27:13,0,93,-52
11:27:13,-11,90,-54
11:27:13,-15,92,-57
11:27:13,-9,93,-57
11:27:13,5,94,-55
11:27:13,-2,95,-45
11:27:13,-8,88,-50
11:27:13,-15,92,-57
11:27:13,-8,94,-61
11:27:13,-4,95,-56
11:27:13,-1,93,-47
11:27:14,-6,94,-45
11:27:14,-13,94,-52
11:27:14,-5,93,-64
11:27:14,-9,95,-61
11:27:14,-3,92,-45
11:27:14,-2,92,-45
11:27:14,-9,94,-53
11:27:14,-16,89,-64
11:27:14,-11,96,-59
11:27:14,-1,94,-55
11:27:14,-2,92,-42
11:27:14,-5,90,-53
11:27:14,-14,94,-56
11:27:14,-15,94,-61
11:27:14,-4,98,-54
11:27:14,1,92,-45
11:27:14,-4,92,-52
11:27:14,-13,94,-57
11:27:14,-12,91,-60
11:27:15,-4,95,-55
11:27:15,0,94,-46
11:27:15,-4,93,-46
11:27:15,-12,95,-52
11:27:15,-13,94,-62
11:27:15,-10,93,-59
11:27:15,-5,95,-54
11:27:15,-2,95,-42
11:27:15,-12,93,-48
11:27:15,-9,92,-59
11:27:15,-13,92,-57
11:27:15,-5,94,-51
11:27:15,3,96,-44
11:27:15,1,93,-50
11:27:15,-9,93,-59
11:27:15,-16,95,-63
11:27:15,-7,93,-56
11:27:15,-2,93,-40
11:27:15,-6,96,-45
11:27:15,-6,90,-59
11:27:16,-14,92,-64
11:27:16,-11,95,-59
11:27:16,1,90,-47
11:27:16,-2,95,-44
11:27:16,-3,94,-58
11:27:16,-12,91,-60
11:27:16,-14,96,-65
11:27:16,-2,96,-48
11:27:16,1,93,-43
11:27:16,-8,96,-48
11:27:16,-8,95,-61
11:27:16,-14,91,-62
11:27:16,-12,95,-55
11:27:16,4,92,-48
11:27:16,-7,94,-43
11:27:16,-6,96,-64
11:27:16,-16,92,-60
11:27:16,-12,91,-59
11:27:16,-7,96,-43
11:27:16,-3,95,-45
11:27:17,-7,94,-58
11:27:17,-13,93,-64
11:27:17,-9,89,-58
11:27:17,-1,93,-45
11:27:17,2,96,-46
11:27:17,-5,95,-53
11:27:17,-9,94,-58
11:27:17,-15,92,-60
11:27:17,-10,92,-50
11:27:17,0,97,-43
11:27:17,-7,98,-50
11:27:17,-11,91,-60
11:27:17,-11,94,-59
11:27:17,-14,94,-54
11:27:17,0,92,-46
11:27:17,-4,99,-43
11:27:17,0,94,-58
11:27:17,-13,93,-60
11:27:17,-12,92,-57
11:27:17,-5,91,-48
11:27:18,-3,98,-40
11:27:18,-1,98,-60
11:27:18,-14,90,-60
11:27:18,-13,93,-59
11:27:18,-10,90,-50
11:27:18,-6,95,-47
11:27:18,-6,98,-51
11:27:18,-8,93,-57
11:27:18,-13,91,-60
11:27:18,-10,93,-53
11:27:18,-3,92,-49
11:27:18,-1,97,-48
11:27:18,-1,95,-59
11:27:18,-12,93,-57
11:27:18,-11,94,-58
11:27:18,-7,97,-45
11:27:18,-3,94,-47
11:27:18,-5,94,-58
11:27:18,-11,97,-58
11:27:19,-13,88,-61
11:27:19,-9,93,-48
11:27:19,-2,96,-44
11:27:19,1,94,-52
11:27:19,-9,94,-60
11:27:19,-12,92,-61
11:27:19,-12,90,-51
11:27:19,-5,100,-47
11:27:19,0,97,-51
11:27:19,-2,93,-58
11:27:19,-16,91,-61
11:27:19,-13,90,-54
11:27:19,-4,95,-49
11:27:19,4,95,-47
11:27:19,2,93,-58
11:27:19,-10,92,-57
11:27:19,-10,87,-60
11:27:19,-10,93,-45
11:27:19,-5,96,-47
11:27:19,0,97,-54
11:27:20,-10,96,-57
11:27:20,-10,91,-65
11:27:20,-16,91,-47
11:27:20,-6,96,-50
11:27:20,-1,99,-51
11:27:20,4,89,-60
11:27:20,-17,96,-55
11:27:20,-10,89,-56
11:27:20,-2,88,-50
11:27:20,-5,104,-44
11:27:20,0,94,-56
11:27:20,-9,92,-62
11:27:20,-17,91,-58
11:27:20,-9,94,-48
11:27:20,-2,97,-49
11:27:20,-5,96,-55
11:27:20,-3,90,-60
11:27:20,-13,89,-56
11:27:20,-9,94,-54
11:27:20,-2,94,-52
11:27:21,-7,97,-51
11:27:21,-5,95,-55
11:27:21,-10,90,-55
11:27:21,-14,93,-53
11:27:21,-7,97,-50
11:27:21,1,94,-54
11:27:21,-5,96,-54
11:27:21,-5,89,-58
11:27:21,-23,88,-54
11:27:21,-9,93,-50
11:27:21,1,97,-53
11:27:21,-1,96,-50
11:27:21,-8,93,-58
11:27:21,-17,93,-55
11:27:21,-16,91,-52
11:27:21,-1,97,-53
11:27:21,-1,98,-51
11:27:21,-5,89,-60
11:27:21,-10,92,-53
11:27:22,-13,89,-54
11:27:22,-2,95,-52
11:27:22,-8,101,-51
11:27:22,-2,94,-55
11:27:22,-4,89,-56
11:27:22,-19,93,-57
11:27:22,-8,91,-59
11:27:22,-2,98,-57
11:27:22,1,94,-54
11:27:22,-10,90,-53
11:27:22,-13,93,-56
11:27:22,-11,88,-57
11:27:22,-7,96,-53
11:27:22,2,96,-52
11:27:22,-5,94,-49
11:27:22,-8,86,-58
11:27:22,-19,96,-49
11:27:22,-4,95,-59
11:27:22,-1,97,-52
11:27:22,-6,98,-51
11:27:23,-8,87,-54
11:27:23,-15,91,-51
11:27:23,-12,94,-63
11:27:23,-4,95,-51
11:27:23,-3,96,-52
11:27:23,-8,92,-54
11:27:23,-15,91,-55
11:27:23,-10,95,-59
11:27:23,-3,99,-53
11:27:23,-1,94,-50
11:27:23,-11,95,-52
11:27:23,-11,92,-52
11:27:23,-16,93,-57
11:27:23,-8,98,-55
11:27:23,2,95,-54
11:27:23,0,94,-51
11:27:23,-10,91,-54
11:27:23,-16,90,-52
11:27:23,-6,92,-59
11:27:23,3,96,-57
11:27:24,0,94,-49
11:27:24,-4,92,-55
11:27:24,-18,92,-50
11:27:24,-11,91,-57
11:27:24,-8,100,-52
11:27:24,-3,96,-50
11:27:24,-5,90,-56
11:27:24,-11,91,-54
11:27:24,-11,89,-58
11:27:24,-4,97,-61
11:27:24,1,98,-53
11:27:24,-6,93,-47
11:27:24,-13,94,-51
11:27:24,-14,94,-58
11:27:24,-12,92,-60
11:27:24,-8,99,-52
11:27:24,2,94,-43
11:27:24,-8,90,-52
11:27:24,-17,94,-53
11:27:24,-10,88,-61
11:27:25,-4,99,-52
11:27:25,2,96,-49
11:27:25,-1,91,-51
11:27:25,-9,90,-50
11:27:25,-13,95,-56
11:27:25,-3,94,-58
11:27:25,-2,96,-54
11:27:25,-7,96,-50
11:27:25,-9,87,-53
11:27:25,-16,91,-53
11:27:25,-10,96,-61
11:27:25,-1,92,-57
11:27:25,-6,96,-42
11:27:25,-1,90,-53
11:27:25,-13,93,-52
11:27:25,-13,97,-60
11:27:25,-1,93,-58
11:27:25,-5,97,-46
11:27:25,-4,95,-49
11:27:26,-11,90,-54
11:27:26,-16,94,-56
11:27:26,-8,97,-57
11:27:26,0,94,-51
11:27:26,-5,92,-43
11:27:26,-8,93,-55
11:27:26,-14,89,-60
11:27:26,-10,96,-64
11:27:26,1,96,-50
11:27:26,-1,93,-42
11:27:26,-10,93,-48
11:27:26,-13,92,-58
11:27:26,-15,95,-60
11:27:26,-7,99,-48
11:27:26,-5,93,-44
11:27:26,-2,92,-47
11:27:26,-10,94,-56
11:27:26,-12,91,-61
11:27:26,-5,94,-60
11:27:26,0,95,-44
11:27:27,-5,93,-44
11:27:27,-9,93,-54
11:27:27,-10,96,-63
11:27:27,-14,94,-59
11:27:27,-2,97,-51
11:27:27,-1,93,-39
11:27:27,-10,91,-47
11:27:27,-15,94,-61
11:27:27,-9,92,-62
11:27:27,-5,93,-52
11:27:27,1,98,-44
11:27:27,-10,95,-44
11:27:27,-8,92,-58
11:27:27,-12,94,-62
11:27:27,-8,93,-55
11:27:27,2,93,-48
11:27:27,-6,94,-45
11:27:27,-7,88,-55
11:27:27,-15,91,-60
11:27:27,-13,92,-65
11:27:28,-3,91,-48
11:27:28,-4,94,-39
11:27:28,-6,96,-49
11:27:28,-11,93,-60
11:27:28,-16,97,-65
11:27:28,-8,95,-47
11:27:28,4,93,-39
11:27:28,-5,95,-46
11:27:28,-4,91,-66
11:27:28,-17,94,-59
11:27:28,-8,95,-51
11:27:28,-1,94,-45
11:27:28,0,95,-44
11:27:28,-9,95,-55
11:27:28,-13,96,-64
11:27:28,-8,92,-54
11:27:28,-9,96,-45
11:27:28,-5,97,-41
11:27:28,-7,92,-57
11:27:29,-8,94,-63
11:27:29,-10,92,-61
11:27:29,-7,91,-46
11:27:29,3,98,-43
11:27:29,-13,97,-48
11:27:29,-4,92,-59
11:27:29,-18,95,-62
11:27:29,-10,91,-56
11:27:29,-6,95,-43
11:27:29,-2,96,-44
11:27:29,-8,91,-58
11:27:29,-16,93,-66
11:27:29,-9,94,-56
11:27:29,-6,95,-43
11:27:29,-4,94,-46
11:27:29,-2,95,-54
11:27:29,-14,92,-63
11:27:29,-9,94,-57
11:27:29,-5,94,-43
11:27:29,0,92,-47
11:27:30,-3,96,-51
11:27:30,-11,94,-58
11:27:30,-8,87,-60
11:27:30,-13,94,-49
11:27:30,-1,94,-45
11:27:30,-2,95,-54
11:27:30,-7,94,-62
11:27:30,-18,95,-57
11:27:30,-12,90,-53
11:27:30,-6,97,-48
11:27:30,-3,99,-52
11:27:30,-3,91,-62
11:27:30,-11,91,-58
11:27:30,-14,89,-55
11:27:30,-6,95,-47
11:27:30,3,98,-56
11:27:30,-2,95,-54
11:27:30,-8,91,-58
11:27:30,-13,92,-61
11:27:30,-7,94,-52
11:27:31,1,94,-53
11:27:31,-5,97,-52
11:27:31,-8,93,-60
11:27:31,-14,89,-53
11:27:31,-9,93,-51
11:27:31,-1,95,-49
11:27:31,-3,95,-55
11:27:31,-9,99,-56
11:27:31,-6,89,-56
11:27:31,-18,93,-49
11:27:31,-6,96,-53
11:27:31,-1,96,-53
11:27:31,-3,93,-55
11:27:31,-9,92,-59
11:27:31,-11,89,-60
11:27:31,-14,93,-56
11:27:31,-1,100,-52
11:27:31,0,93,-53
11:27:31,-7,92,-56
11:27:31,-15,90,-53
11:27:32,-12,92,-51
11:27:32,-5,99,-51
11:27:32,6,93,-53
11:27:32,-9,92,-55
11:27:32,-12,93,-52
11:27:32,-12,91,-51
11:27:32,-1,94,-55
11:27:32,-1,98,-55
11:27:32,-5,93,-54
11:27:32,-8,91,-59
11:27:32,-16,94,-55
11:27:32,-10,92,-53
11:27:32,-2,99,-54
11:27:32,-4,96,-50
11:27:32,-8,89,-52
11:27:32,-13,91,-51
11:27:32,-13,89,-54
11:27:32,-6,93,-56
11:27:32,-1,101,-54
11:27:33,3,90,-56
11:27:33,-14,93,-53
11:27:33,-9,90,-57
11:27:33,-6,95,-53
11:27:33,2,98,-53
11:27:33,-4,94,-52
11:27:33,-12,90,-53
11:27:33,-11,91,-56
11:27:33,-10,93,-53
11:27:33,-3,96,-52
11:27:33,1,94,-54
11:27:33,-7,91,-52
11:27:33,-10,91,-53
11:27:33,-11,92,-55
11:27:33,-5,97,-55
11:27:33,-2,99,-52
11:27:33,-4,96,-52
11:27:33,-13,90,-54
11:27:33,-14,91,-56
11:27:33,-8,96,-56
11:27:34,-4,96,-51
11:27:34,0,94,-52
11:27:34,-6,92,-52
11:27:34,-10,88,-55
11:27:34,-8,96,-58
11:27:34,4,96,-56
11:27:34,-5,95,-47
11:27:34,-6,91,-53
11:27:34,-14,89,-58
11:27:34,-14,93,-57
11:27:34,-4,96,-56
11:27:34,-1,96,-51
11:27:34,-4,89,-46
11:27:34,-9,93,-53
11:27:34,-16,94,-60
11:27:34,-3,94,-57
11:27:34,-3,99,-45
11:27:34,-1,90,-48
11:27:34,-10,91,-48
11:27:34,-11,92,-58
11:27:35,-14,93,-58
11:27:35,-1,95,-54
11:27:35,-3,95,-47
11:27:35,-5,90,-52
11:27:35,-12,93,-54
11:27:35,-11,91,-60
11:27:35,-2,94,-57
11:27:35,6,95,-52
11:27:35,-5,95,-45
11:27:35,-12,89,-54
11:27:35,-13,98,-59
11:27:35,-5,95,-60
11:27:35,-1,92,-47
11:27:35,-7,94,-45
11:27:35,-7,90,-54
11:27:35,-16,92,-59
11:27:35,-6,97,-62
11:27:35,2,93,-51
11:27:35,-6,96,-40
11:27:36,-5,95,-51
11:27:36,-11,92,-60
11:27:36,-11,93,-64
11:27:36,-4,96,-49
11:27:36,4,90,-45
11:27:36,-3,90,-46
11:27:36,-10,94,-53
11:27:36,-11,91,-64
11:27:36,-8,92,-54
11:27:36,1,94,-45
11:27:36,-5,93,-42
11:27:36,-5,92,-56
11:27:36,-20,96,-64
11:27:36,-11,94,-59
11:27:36,-4,95,-46
11:27:36,-2,94,-43
11:27:36,-9,92,-55
11:27:36,-10,93,-63
11:27:36,-10,92,-59
11:27:36,0,93,-53
11:27:37,-1,99,-40
11:27:37,-3,95,-51
11:27:37,-8,93,-60
11:27:37,-17,97,-60
11:27:37,-9,94,-54
11:27:37,-1,92,-42
11:27:37,-5,97,-46
11:27:37,-7,92,-60
11:27:37,-14,92,-60
11:27:37,-12,97,-60
11:27:37,-1,91,-46
11:27:37,0,95,-46
11:27:37,-3,93,-58
11:27:37,-8,92,-66
11:27:37,-20,93,-59
11:27:37,-2,92,-48
11:27:37,4,92,-41
11:27:37,-3,94,-51
11:27:37,-8,95,-62
11:27:37,-14,88,-61
11:27:38,-6,92,-52
11:27:38,0,96,-45
11:27:38,-5,99,-48
11:27:38,-9,93,-59
11:27:38,-11,93,-62
11:27:38,-9,91,-52
11:27:38,-3,92,-51
11:27:38,4,98,-48
11:27:38,-2,93,-59
11:27:38,-9,91,-60
11:27:38,-16,92,-57
11:27:38,-2,91,-48
11:27:38,-1,97,-49
11:27:38,-5,99,-53
11:27:38,-10,89,-62
11:27:38,-20,91,-59
11:27:38,-7,94,-50
11:27:38,1,94,-54
11:27:38,0,98,-50
11:27:38,-5,91,-61
11:27:39,-13,91,-57
11:27:39,-10,94,-52
11:27:39,1,97,-48
11:27:39,0,95,-52
11:27:39,-10,99,-57
11:27:39,-9,94,-59
11:27:39,-11,91,-53
11:27:39,-8,96,-48
11:27:39,1,98,-52
11:27:39,-4,94,-59
11:27:39,-7,94,-62
11:27:39,-13,92,-53
11:27:39,-11,92,-51
11:27:39,-3,97,-56
11:27:39,-1,96,-51
11:27:39,-8,91,-58
11:27:39,-14,93,-55
11:27:39,-10,86,-57
11:27:39,-1,96,-49
11:27:40,-3,98,-53
11:27:40,-6,93,-60
11:27:40,-10,90,-52
11:27:40,-16,93,-52
11:27:40,-6,94,-48
11:27:40,-2,100,-53
11:27:40,-6,96,-52
11:27:40,-10,92,-57
11:27:40,-15,94,-57
11:27:40,-11,92,-49
11:27:40,-2,96,-51
11:27:40,-5,99,-51
11:27:40,-4,90,-59
11:27:40,-15,93,-57
11:27:40,-9,93,-54
11:27:40,-2,94,-52
11:27:40,0,99,-54
11:27:40,0,96,-53
11:27:40,-9,89,-53
11:27:40,-16,94,-55
11:27:41,-12,98,-48
11:27:41,7,94,-60
11:27:41,-3,94,-51
11:27:41,-12,89,-54
11:27:41,-16,91,-54
11:27:41,-9,96,-54
11:27:41,2,93,-57
11:27:41,-4,96,-46
11:27:41,-5,92,-53
11:27:41,-11,90,-54
11:27:41,-14,95,-53
11:27:41,-2,96,-54
11:27:41,-2,94,-52
11:27:41,-4,91,-56
11:27:41,-10,90,-52
11:27:41,-12,91,-53
11:27:41,-4,95,-56
11:27:41,4,96,-56
11:27:41,-3,92,-48
11:27:41,-7,92,-50
11:27:42,-19,95,-54
11:27:42,-12,94,-60
11:27:42,0,98,-53
11:27:42,-6,97,-49
11:27:42,-7,89,-53
11:27:42,-13,93,-54
11:27:42,-13,91,-58
11:27:42,0,95,-53
11:27:42,0,100,-51
11:27:42,-2,91,-52
11:27:42,-14,92,-53
11:27:42,-8,93,-57
11:27:42,-7,95,-54
11:27:42,-1,97,-51
11:27:42,-4,93,-49
11:27:42,-9,89,-48
11:27:42,-12,92,-53
11:27:42,-9,94,-60
11:27:42,-2,93,-53
11:27:42,-1,93,-43
11:27:43,-2,93,-51
11:27:43,-16,92,-57
11:27:43,-14,98,-62
11:27:43,-2,96,-55
11:27:43,-1,93,-42
